# dp_gui 3.11.0 data file - 63 header lines start with '#', then the column names
# dp_gui.py version : 3.11.0
# written           : 2026-08-29T10:29:00
# source video      : D:/Double Pendulum/elad_noam/movies/12_using_gravity_1.MOV
#
# frames processed  : 3600 (start frame 0)
# detected M1 / M2  : 3600 / 3600
# length out of tol : 0 / 0
# left empty (NaN)  : 0
# rod refs L1 / L2  : 96.30 / 96.96 px  (median over the run, tolerance 10.0%)
#   on the marking frame: 95.98 / 97.10 px (reference only)
# max angle step    : 0.80 / 1.68 deg per frame
# origin clicked    : 298.48, 257.77 px
# origin correction : +0.00, +0.00 px
# origin: circle fit skipped, the arc covers only 18 deg
# marker offsets: fit rejected (implausibly large correction)
# angle zero: subtracted +1.53 / +1.53 deg; mean angle over the run +0.27 / +0.02 deg (should be near zero for a free decay)
# time: file timestamps / x4.004 slow motion -> 120 fps
# angles: joint fit of both markers, weights from the measured scatter (M1 0.09 px, M2 0.20 px); Savitzky-Golay smoothing, 13 frames (108 ms), cubic
# energy: L=0.255/0.255 m, m=436.0/497.0 g, g=9.8; E from 0.006 to 0.044 J
#
# settings:
#   csv_dir        = C:/Users/ekolo/Downloads
#   degrees        = 1
#   equal_rods     = 1
#   fps            = 120
#   gate           = 120
#   h_margin       = 10
#   interpolate    = 1
#   joint_fit      = 1
#   len_tol        = 10.0
#   max_gap        = 5
#   min_area       = 100
#   movies_dir     = D:/Double Pendulum/elad_noam/movies
#   origin_fit     = 1
#   pend_I1        = 0
#   pend_I2        = 0
#   pend_L1        = 0.255
#   pend_L2        = 0.255
#   pend_c1        = 0.255
#   pend_c2        = 0.255
#   pend_g         = 9.8 
#   pend_m1        = 436
#   pend_m2        = 497
#   playback_fps   = 30
#   s_margin       = 75
#   scale_down     = 2
#   sg_window_ms   = 110
#   unwrap         = 0
#   use_timestamps = 1
#   v_margin       = 75
#   version        = 3.11.0
#   write_video    = 1
#   zero1_deg      = 1.53
#   zero2_deg      = 1.53
#
# columns: Time [s]; X1,Y1,X2,Y2 [px] from the origin, image axes (y down); theta1,theta2 from the downward vertical, + to the right;
#          omega1,omega2 angular velocities from the same local polynomial fit; E_J total energy, zero = both rods hanging at rest;
#          L1,L2 rod lengths [px]; L1_out,L2_out = 1 where the length left the tolerance band (mis-detected frame).
#
# read with:  pandas.read_csv(path, comment='#')
#             numpy.genfromtxt(path, delimiter=',', names=True, skip_header=63)
#             numpy.loadtxt(path, delimiter=',', skiprows=63 + 1)
Time,X1,Y1,X2,Y2,theta1_deg,theta2_deg,omega1_deg_s,omega2_deg_s,E_J,L1,L2,L1_out,L2_out
0.0,15.22122396916592,94.76756823202135,18.099925943787355,191.82104308677657,7.574874686699946,0.07299656284048282,2.618920460885588,-4.770508107759832,0.02040101878409173,95.98217359348732,97.09615804160994,0,0
0.008333333333333531,15.165289721492684,94.7824685370407,17.718927667326852,192.15525413026734,7.59141395990499,0.041313381558904815,1.389832695151392,-2.9029513131222844,0.020455650292550587,95.98803234941282,97.4062648957596,0,0
0.016666666666667062,15.163305397654824,94.704616690271,17.78235583641782,191.1313037375495,7.59869402473287,0.02345577573336454,0.39671045036001995,-1.4523699983138594,0.02048084689919749,95.91084533583104,96.46224857484181,0,0
0.02500000000000059,15.233064598735268,94.70179162414559,17.914434363620842,191.56143560279537,7.598681260524741,0.015948949698597354,-0.3604462734885272,-0.41876416333455824,0.020478044406641693,95.91910963875932,96.89675110903787,0,0
0.033333333333334124,15.18087181220443,94.50542376049975,17.992992813774208,191.11884802996735,7.593342046621786,0.01531810778936404,-0.881637476394249,0.19786619181561987,0.020451456229194864,95.71694724096781,96.6543417214127,0,0
0.04166666666666765,15.206395476460557,94.79539434970246,17.961139685393903,191.2136434657009,7.584642762365238,0.018088454340425393,-1.1668631583571463,0.3975210671366749,0.02040788159935758,96.00729791688818,96.45759367852479,0,0
0.05000000000000118,15.126811380309505,94.49970174376472,17.835280632278852,191.7599776907271,7.574549787096228,0.020785193686567643,-1.216123319377199,0.18020046262860667,0.02035658089866077,95.70273795558803,97.29798087816691,0,0
0.058333333333334715,15.131556661110722,94.68793258980025,17.701255671698277,191.1940619575244,7.573052547455488,0.03696430514829674,-1.174474291689069,-1.412224663554565,0.020375789905007657,95.88935595319724,96.54033539689473,0,0
0.06666666666666825,15.115408252002851,94.79340454811103,17.9436418759837,191.6261059469067,7.567679622543602,-0.01560944574663711,-0.380091703201465,-4.975804578817016,0.020449680803814374,95.990963702041,96.87399530121662,0,0
0.07500000000000177,15.120722308861161,94.70219771932011,17.713571590256493,191.29880271368268,7.560269757258348,-0.05073170746241795,0.20133539000007009,-4.878776008313953,0.02037672256168399,95.90173354017585,96.63139740184317,0,0
0.0833333333333353,15.14746941344265,94.7025000270358,17.326550294996196,190.95971242498916,7.567129054165135,-0.06981586685959526,1.093222581601448,-2.819963788523696,0.020326054320907616,95.90625287749437,96.28187436954612,0,0
0.09166666666666884,15.142592335582435,94.70451987541696,18.11963866691093,190.99899726934382,7.571323739272051,-0.08625304060709592,0.9651442474851584,-1.9829420551038985,0.02033820757437388,95.90747722401464,96.3404856819207,0,0
0.10000000000000236,15.183016420886815,94.70405351610663,17.42566315698167,191.17017598497716,7.5713744996358034,-0.09885575347548604,0.09066829927897684,-1.7043283071910003,0.020342497804440196,95.91340750916164,96.49218750013934,0,0
0.1083333333333359,15.170401240781075,94.71657553295637,17.270285369455564,191.6853126075988,7.568050473193905,-0.11740809248571901,-0.69332451314272,-1.6082769544611488,0.02034062367954137,95.9237757518777,96.99147118796061,0,0
0.11666666666666943,15.156489890269881,94.7164819379559,17.850773640216346,191.94134994670003,7.571532367366497,-0.1624022235064289,-0.7497097769117331,-2.0087268184724962,0.02037336402001877,95.92148422797148,97.262192676512,0,0
0.12500000000000297,15.178848129483299,94.56674742997018,17.717121520814885,191.34409231233042,7.566196837341333,-0.2080751817607702,-0.7361976678551772,-6.335320703387803,0.020556281827832645,95.77717447294887,96.81062604016378,0,0
0.1333333333333365,15.08611513792033,94.78879050278505,17.334741937148635,191.79096078480245,7.558487885400889,-0.21497438764649907,-0.6612507975684422,-5.338329050096009,0.020446232014524668,95.9817986648274,97.02822971642689,0,0
0.14166666666667002,15.093141473614196,94.7929213267874,17.309361351695145,191.2632377303899,7.555461622001949,-0.2681528605649489,-0.32821609707229144,-1.6345441164144345,0.02027553095426926,95.98698272791492,96.4957697391921,0,0
0.15000000000000355,15.142434548319784,94.75526590358317,17.24110007674244,191.0641138019668,7.552152971422312,-0.23383032071030538,0.1488991321064216,-2.1001358819866387,0.02025405834441507,95.95756218510816,96.33171118854987,0,0
0.15833333333333707,15.180808428713533,94.69914868571703,17.157343406710538,191.09853140601223,7.551301984643236,-0.2421924405659574,0.17524952011236752,-0.1863834617909755,0.02023153183737847,95.9082150097104,96.4196436384889,0,0
0.1666666666666706,15.088377485530998,94.76856744411282,17.20037143523291,191.07609805176702,7.559304007635223,-0.25399442935750466,0.9093893839778631,5.159379543137441,0.02045974585509036,95.96218271045755,96.33068550668489,0,0
0.17500000000000415,15.136721406069341,94.69855367159767,17.80064893819946,191.76152691361017,7.5703747861345105,-0.2536284747719357,1.672321404758398,3.052267526083334,0.02045607288405149,95.90065903015173,97.09952257594306,0,0
0.18333333333333768,15.181901889783035,94.68420788521888,17.385780399622092,191.82679696259225,7.583786305635957,-0.259472751764411,0.909248205137176,-0.5077741787528749,0.020411528958004244,95.89363570040685,97.16758560930467,0,0
0.1916666666666712,15.170907168582687,94.6870991831102,17.64277482299167,191.82797505552128,7.591312845920306,-0.22289254005739287,1.0424562303730343,1.1406108606841052,0.02047226909613098,95.89475051341394,97.17232062146138,0,0
0.20000000000000473,15.142700919263632,94.48222413656322,17.427036718294573,191.0674741667312,7.591891841361629,-0.1504730546802522,0.7953516234656873,4.1350277813132115,0.02056431384887558,95.68799333731498,96.6122596435504,0,0
0.20833333333333826,15.23533361663857,94.4964494860132,17.590512846582783,191.3039272745376,7.582550077020713,-0.09295142903978787,-0.5800953761911922,5.493270935462302,0.02050993614123442,95.71674020709713,96.83612252140627,0,0
0.2166666666666718,15.152164673668324,94.48285929647233,17.24462705138251,191.16712117203093,7.580906838884764,-0.0721338014734776,-1.6877912285668029,6.222486460248921,0.020494349686221547,95.6901185866908,96.70690199372403,0,0
0.22500000000000536,15.113061594011015,94.6383765870192,17.69334093652111,191.1038973939859,7.574853641571914,-0.10438271457625607,-1.4654824183847615,3.623035491898767,0.020381158614951822,95.8375028565062,96.50002355463293,0,0
0.23333333333333886,15.147456171534202,94.49285576708166,18.310504161762026,191.71776399998913,7.577732276345853,-0.07235014773857185,-0.2304862903589481,-0.0009262483639491299,0.020363369777921303,95.69924356799821,97.2763468346019,0,0
0.2416666666666724,15.066344259208051,94.61945943760196,17.88279679872653,191.58560646894688,7.584522868739305,-0.09779834507879834,0.807882954210627,-3.31967708368881,0.02043426263625614,95.81146504255622,97.00704136820049,0,0
0.25000000000000594,15.059323307669047,94.71217689559944,17.37498175741524,190.95690019399422,7.585336861039195,-0.11955069223352277,1.3963424046413937,-8.120630749434824,0.020637409804863616,95.9019273570048,96.27257676431256,0,0
0.2583333333333394,15.245191954258587,94.69290235024295,17.346425720332036,191.47394018468486,7.573514438958417,-0.2163120173574155,0.7278823026797072,-13.934263503913701,0.02120979713199178,95.91226007781715,96.80384531438493,0,0
0.266666666666673,15.266213397177182,94.69611822517669,17.219968733588246,191.73124661316024,7.576993235715034,-0.2372834281939598,0.032542243090301716,-9.696206745745936,0.020828274039686345,95.91877854937891,97.05479535389793,0,0
0.27500000000000646,15.265749759654113,94.68864641676572,17.716816406174644,191.32975337103562,7.586756780275438,-0.2897973742073912,-0.051687458123461705,-0.7711695734737298,0.020429570880346137,95.91132819413805,96.67218462956302,0,0
0.28333333333334004,15.172656283596723,94.66920793618317,17.117774277118713,192.19429833959293,7.587801298553903,-0.2701936398726249,-0.4115970187540037,10.30545330155567,0.020912718157154675,95.87736140489294,97.54448596513271,0,0
0.29166666666667357,15.094925002067043,94.7508518410275,17.176797420449873,191.92228142865184,7.589425978574009,-0.21354118738527333,-1.2148696211679046,11.342500235902001,0.0209458090675958,95.94571738966974,97.19372881451281,0,0
0.3000000000000071,15.041067608507547,94.54678286025415,17.198603951403243,191.71516576134064,7.5825589721983935,-0.16440812490212786,-0.9832113978342713,7.333585020173557,0.02059623148043821,95.73571885157465,97.1923330241798,0,0
0.3083333333333407,15.262118246597936,94.6519533318409,18.51601000497334,191.66933362820367,7.571291523324476,-0.09769867727362487,0.3368220977959288,6.176397625389565,0.020538261293638893,95.8745248901194,97.07193153092352,0,0
0.31666666666667415,15.233967502184896,94.72075400065103,17.822179945404798,191.4266573615161,7.560734023203103,-0.037801086606763075,0.18045736763917627,5.202385920921183,0.020413721822149178,95.93797477698533,96.74053229382301,0,0
0.3250000000000077,15.1215446301739,94.74933933139772,17.914043942797832,191.2148347452689,7.55240108078519,-0.0016416293305536774,-0.23722239307100967,5.007629210364008,0.020338536659768813,95.94841538940959,96.50590581852803,0,0
0.3333333333333412,15.174312476875286,94.85929134539197,17.391137476941935,191.0974975016848,7.575536109086506,0.055910685104513,0.8684584690558835,0.24440659072178647,0.020360029184911532,96.06531587256562,96.2637347980123,0,0
0.3416666666666748,15.182268124552877,94.70047862867028,17.73461227516799,191.31162712345935,7.601661216541438,0.08012630740916908,2.1625402506340854,0.08274060687557751,0.020536705645208375,95.90975924224318,96.64485746352655,0,0
0.3500000000000083,15.180956105722316,94.71038421460958,18.216746124487372,191.02092346381392,7.606442834018775,0.0738004380443957,2.4283421995337715,0.18952414869643708,0.020576433689807327,95.9193322868901,96.3583727109926,0,0
0.35833333333334183,15.175510266732545,94.70609771991474,17.94464671552828,191.2844011712877,7.635139023211152,0.047865151471018684,5.839429630261095,4.1575069031114165,0.021308612724519005,95.91423803163816,96.61799425685427,0,0
0.36666666666667536,15.367444532781349,94.51348283767629,18.055337168047117,191.2016930841562,7.6906545214851665,0.032883669773492906,8.055551956334908,-4.989489326839395,0.021302564701859872,95.75466980558099,96.72556418799643,0,0
0.3750000000000089,15.681651144905743,94.522621880467,18.287267927565154,192.15963385169584,7.782549353570155,-0.05858894985180217,11.24947167620115,-13.19166208097098,0.022055094112745977,95.81461386337818,97.67177353508004,0,0
0.3833333333333424,15.565318396758755,94.44181554988648,18.1495258154323,191.75921278291418,7.906234952779643,-0.23189508827761615,15.884267627008764,-27.62448057790379,0.02398432197742073,95.71591122248829,97.35170225627097,0,0
0.39166666666667593,15.689222198805226,94.4801185099713,17.762764561661527,192.03884771126707,8.037625829675278,-0.45753411262312743,18.111703132562894,-31.203531694886923,0.025265009485603063,95.77392383557074,97.58076255749552,0,0
0.40000000000000946,16.257461272737203,94.40744682455619,17.994088151472567,191.07515786960897,8.201737626701071,-0.6606580510211004,20.544974236697396,-27.548783006044605,0.026060674802746764,95.79703055401015,96.68330896078065,0,0
0.408333333333343,16.3959762693907,94.325361757505,17.16602957967251,191.05477838224573,8.366625313004292,-0.8713714133747308,21.121361121942538,-27.80943301039426,0.027179416345747942,95.73976137692536,96.73248173526483,0,0
0.4166666666666765,16.843956562499272,94.15635018913645,17.470241302266857,191.0469784096386,8.542369002594576,-1.1000758402549904,22.748411064394528,-25.677056704984945,0.02845266828712889,95.65112207192688,96.89265229902026,0,0
0.42500000000001004,17.08924044573905,94.1887530178833,17.219443988555383,190.74196744769893,8.728863115967654,-1.3246014474178571,22.973937066372226,-21.726492824819903,0.029699326171299223,95.72650277784153,96.5533022205482,0,0
0.4333333333333436,17.248783745625417,94.49074424802097,17.898354172974337,191.36775431967715,8.934147683896215,-1.516161050431682,20.948134579040364,-16.621803705187805,0.030766466685907545,96.05218003381424,96.87918776581407,0,0
0.44166666666667714,17.702294036906892,94.24356226867826,18.01507129440921,190.97513605290965,9.111471662772313,-1.6415103514801372,18.999712508166247,-12.641547167607571,0.031728408397216246,95.89171102477704,96.7320794586109,0,0
0.4500000000000107,17.809206290473014,94.31525225082845,17.250312401109852,190.80411870923217,9.249162387325129,-1.750663935154467,17.65188058443757,-10.937750926189121,0.03249536511160933,95.98194953132607,96.4904850895011,0,0
0.4583333333333442,18.204299153971306,94.1804123503909,17.745340076588832,190.82577126978578,9.362134333885896,-1.7510742414601193,12.358683348480577,-6.396643656043887,0.032485823906245326,95.92364973340486,96.64644868847158,0,0
0.4666666666666777,18.310326950468664,94.23781938177592,17.823788247849507,190.94108037169332,9.427419774489207,-1.7919274168294022,7.338402124263103,-1.90882069741592,0.032478060430465305,96.0001805980868,96.70448493215413,0,0
0.47500000000001125,18.410245504571208,94.20389401301156,18.061172125296594,190.6997861084143,9.486732960316044,-1.7638867555172686,2.5141900162686697,5.562262246698044,0.03282122700488754,95.9859926591026,96.49652347888873,0,0
0.4833333333333448,18.319561746557326,94.21001795640291,18.11081953441368,190.81880722774588,9.515054563382265,-1.7567899702633625,-2.499392964445929,13.441592345240023,0.03328371644734229,95.9746519969293,96.60901478529777,0,0
0.4916666666666783,18.14908340730858,94.12107060697878,18.04570699341849,190.90465062006228,9.45658192612039,-1.6352661417584504,-8.289885224028003,16.699785271656808,0.032861244071467066,95.85491724856544,96.7836352222414,0,0
0.5000000000000119,17.98141100020996,94.26157785295493,18.54434872693116,191.9773302510912,9.357413084188725,-1.4887639202196352,-15.343859751577893,15.172204437871178,0.03250245690371045,95.96132658986721,97.717373918961,0,0
0.5083333333333453,17.89913715839532,94.24618756017554,18.057180283202342,191.07322232449627,9.200130724373254,-1.3482863769186386,-20.425497687158355,18.517616666975993,0.0322197308294081,95.93082393393082,96.82716374489276,0,0
0.5166666666666788,17.711628976387203,94.1742931714291,18.689859218707113,190.72855832234967,8.999826858480434,-1.1632581490214406,-27.130064530597373,23.130919315057422,0.03231426701138318,95.82535831049877,96.55922044652839,0,0
0.5250000000000125,17.098530255404967,94.236447110575,18.00386269485142,190.99588857298176,8.714894250897705,-0.9407519165155428,-36.16205672354471,29.59766378299202,0.03309455489672297,95.77508914597364,96.76367675394954,0,0
0.533333333333346,16.351651979589747,94.51345918095626,18.053935305163463,191.06706124519093,8.391049489118409,-0.5801809360078685,-44.122025437711685,44.073524357519396,0.0336632239264949,95.91751919650501,96.56860690772704,0,0
0.5416666666666795,15.907322342675343,94.45621238011063,17.984493128607085,191.16303151356027,8.009629942906193,-0.13790673810476675,-51.10032612687273,58.2929239545739,0.034575033119680576,95.78631928052326,96.72912439065945,0,0
0.5500000000000129,15.248347233318555,94.52524938788127,18.385453898618266,192.02832354644363,7.581986822791509,0.3503941722086746,-55.59115377630226,70.10706470066944,0.035094833237417244,95.74724468719194,97.55352842721568,0,0
0.5583333333333466,14.258276791850733,94.47250908631446,18.378113961990834,191.25220957029518,7.11060706154508,0.9328143706774404,-56.96496541258076,73.41841486969523,0.03368044366403122,95.54241691592692,96.86734993834344,0,0
0.5666666666666801,13.348812116007991,94.7801539922554,18.68404263872293,192.1669589479672,6.608254807170696,1.5207274128641204,-59.00104847593209,77.73363690526064,0.03286485437344533,95.71555973667046,97.53283787633968,0,0
0.5750000000000136,12.825767436314209,94.89849645295601,19.790775934395867,191.49768824939218,6.116045880365232,2.1316667205550623,-61.24699100580697,72.71880879488523,0.031082159848992763,95.7612914457722,96.84996230821679,0,0
0.5833333333333471,11.830983130210313,94.76088817022992,19.209955853907843,191.9719338120559,5.598561727447834,2.7447464563719346,-63.88473725430542,71.83826863624596,0.030537422084525367,95.49658679051385,97.49070023973695,0,0
0.5916666666666807,11.00454385582583,94.94654843593963,19.124065117518967,191.23550590142935,5.039651269365105,3.4148958666965537,-65.40404094729132,72.01916419008242,0.0299243123483115,95.58214815211586,96.63068847581484,0,0
0.6000000000000142,10.036917664007376,95.05886267057537,19.217322017703907,191.21504780602373,4.469863315080448,4.071688089435884,-68.52840010036381,75.81375379340733,0.03076721840819774,95.58727472010786,96.59343540789918,0,0
0.6083333333333477,8.977007449475707,95.02567040683658,19.31149517146099,191.77483583377563,3.9099821253180185,4.662413384434448,-70.84700211258304,73.8718385402655,0.03126005742062743,95.44875430835481,97.29955111553743,0,0
0.6166666666666814,8.18503269867432,95.12699986415953,19.327927584847714,191.23240454925502,3.3286156921990164,5.276994836569236,-72.24491672588415,77.40481532890426,0.03189786331114153,95.47848377217862,96.74922695365727,0,0
0.6250000000000148,7.078663524742808,95.97686462655804,19.8413936724354,191.16919741769618,2.713206413283682,5.867283139742668,-71.85354954492695,77.91902377780418,0.0316787085663508,96.23754995240253,96.04409145304886,0,0
0.6333333333333483,6.0508788173206085,95.97760719358206,19.821031856596846,190.96723497477768,2.0994837523701975,6.49188064754346,-73.2458965837168,70.24060723793342,0.0328885822826428,96.16815594086971,95.98253226882056,0,0
0.6416666666666818,5.100959925124471,96.00246474095394,19.482476695227774,191.24522716044675,1.502417394614191,7.096929965817398,-71.35375581296084,65.8655480573432,0.032670657104837186,96.13788550044062,96.32243673155655,0,0
0.6500000000000155,4.287361851847834,95.9078895081334,19.043290474300306,191.1042871812674,0.9233303565046651,7.610402592017555,-69.29081426731122,58.276221644164664,0.032842601685283856,96.00367045875383,96.33323185408236,0,0
0.658333333333349,3.130691029959337,96.19574479542263,19.595574613205088,191.49390195085834,0.3592937241925371,8.112453707150085,-66.8299017786304,54.27367552168535,0.03286260789775852,96.24667549100668,96.71003644209819,0,0
0.6666666666666824,2.1104686687530716,96.2990646256182,18.905924458606762,192.17176022260998,-0.20303570546939764,8.586080339933813,-64.05074141170788,51.6214496079669,0.032791750338796,96.32218812802572,97.33273393993603,0,0
0.6750000000000159,1.313588159805363,96.27157532243365,18.75733936084714,191.02577632332958,-0.713082119888393,8.881726600519729,-61.027982058464886,42.84717848918426,0.03314268816881105,96.28053660484343,96.34647405734178,0,0
0.6833333333333496,0.7612031644129615,96.39821138813426,18.937902945805263,190.68817379874207,-1.2068636248866966,9.19250068153595,-57.21965871494138,34.29497724614889,0.03351000619173483,96.40121674070784,96.02598307925153,0,0
0.6916666666666831,-0.22862903247516897,96.432028779637,18.151046659430676,191.75776705080818,-1.6618478989587424,9.467169531576586,-51.68283038808937,23.65613716266669,0.033523574671210365,96.43229980556944,97.08145474540163,0,0
0.7000000000000166,-0.9350576290229924,96.4073521938497,18.119735848485277,190.76090943826097,-2.065847489496947,9.634546823486646,-45.100957112605975,11.683815894299483,0.03342133118674839,96.41188666237464,96.25839661632061,0,0
0.7083333333333501,-1.5832023086798586,96.43178126603544,17.092748714134245,190.43376879566387,-2.427184082646038,9.701039541847534,-41.61698692036957,6.794227717671958,0.033361654489181714,96.44477677764989,95.83926547155382,0,0
0.7166666666666837,-1.9703217138931564,96.3340408272594,16.171464190575932,191.2840934846203,-2.7426691903934755,9.749253799557048,-36.230276563993954,-2.4650912918450043,0.03362490394947537,96.35418823156739,96.6676620977212,0,0
0.7250000000000172,-2.525545398000645,96.40803942848015,16.582355584730124,190.6121611501759,-3.029200619836859,9.715576787197836,-30.544707422032495,-6.2250898345809,0.03170860104775297,96.44111387785162,96.122465788815,0,0
0.7333333333333507,-2.809679766476904,96.433032764019,15.888517054786519,190.9497434241914,-3.2660797076670987,9.615220444380425,-23.725632712841335,-11.725912385579655,0.029783210607979616,96.47395559660914,96.34848809600209,0,0
0.7416666666666842,-3.1797325491322113,96.6660495686416,15.127066301066918,191.16925719981367,-3.423992199225899,9.468192047045006,-18.208707674924575,-20.68650646221571,0.029866521928167522,96.71833248299458,96.26003914772771,0,0
0.7500000000000178,-3.560318084020423,96.52725434202858,14.653580346283832,190.8561412530736,-3.57151458683197,9.254139410703973,-14.925430806676424,-24.945944496567815,0.029388771492504517,96.59289153799092,96.07124961145325,0,0
0.7583333333333513,-3.4908154821646917,96.28071291130823,14.135289601311968,190.93114630525025,-3.668901029622319,9.034481339525389,-10.043278218655317,-34.88614480740388,0.03047420696241998,96.3439747542122,96.27764082109,0,0
0.7666666666666848,-3.710675222582381,96.36698045352074,13.415437926379695,190.70218559046924,-3.737427061610958,8.777079785772079,-4.791073143657777,-41.94037016064151,0.03030454444785846,96.43839501120253,95.87718539788914,0,0
0.7750000000000183,-3.627484543665048,96.41904347274493,12.597696423559796,190.90441784508295,-3.762659329305828,8.366680404010229,-1.2294931027764662,-44.59060950440967,0.0285729055815378,96.48725609277945,95.8683600970626,0,0
0.7833333333333519,-3.6519429944912076,96.31223003533796,12.021913077692489,191.18090552352555,-3.756905339532936,7.899362857861869,3.291909559166166,-58.745881931090715,0.03201843791108239,96.38144189632602,96.1547469085878,0,0
0.7916666666666854,-3.849465069429982,96.42395429452716,11.360723338406046,191.63194611684696,-3.722705481923326,7.363297274939369,5.821543546473575,-69.63283992434513,0.03542543431059508,96.50076343280308,96.41530759293765,0,0
0.8000000000000189,-3.407773997828201,96.3855281242225,10.74848988903426,191.93210746577375,-3.651742365289168,6.7710862770141045,9.046970051276462,-75.22109629494628,0.035415247011453044,96.44575136005506,96.58958862685893,0,0
0.8083333333333526,-3.3972667945490684,96.40617624034678,9.788472423661688,192.05659536210533,-3.541645916502148,6.1568739243666935,15.694353404651043,-80.89993534038312,0.033787225734429605,96.46601597950519,96.55499156904699,0,0
0.816666666666686,-3.181543977814954,96.55977092927407,8.178380989578159,192.40517224628172,-3.3896851443449645,5.4591157530592485,20.214786850667206,-87.67986914859893,0.034088313969931505,96.61217099308271,96.51626209547827,0,0
0.8250000000000195,-2.8258493705670844,96.49719110836526,7.076630809226913,192.33567492778042,-3.2017973940938393,4.7243764952487615,26.078039664104782,-94.34908465341694,0.03396948429841906,96.53855870308765,96.34871091257793,0,0
0.833333333333353,-2.5536998644813593,96.5463102964901,6.7805548046917465,192.62431493754286,-2.9736113443828245,3.808915651556984,29.977450624774654,-106.48253230240937,0.038793064570415314,96.58007773274986,96.5303645804528,0,0
0.8416666666666867,-1.9047799207162939,96.39726257430544,6.067107826669371,192.96501086391163,-2.683936227095983,2.894389728232165,34.88306761387052,-110.77145922733594,0.03792389531334761,96.41607966706566,96.89623833762411,0,0
0.8500000000000201,-1.3311869466255644,96.38352346376433,4.800977013151794,192.56403490463663,-2.397905569225998,1.9051346434549685,39.22486871742097,-120.07245604335786,0.04167590990270931,96.39271577239057,96.37579683643274,0,0
0.8583333333333536,-1.0100522638962843,96.45389725698817,3.120878721649433,192.9375201270048,-2.0561804640264745,0.9519585218721536,41.215826860515016,-121.22434064278926,0.0405847103675705,96.45918567786809,96.57201495739301,0,0
0.8666666666666872,-0.29379989607366497,96.37686382890195,2.103547074695882,192.88811533211242,-1.722037171129219,-0.029652499400081894,41.18204885014538,-126.25234221381186,0.04402071844467503,96.37731164477272,96.54102205391345,0,0
0.8750000000000208,0.24835903503446843,96.54893283183964,0.2696355665424335,193.62574349694563,-1.3842470981739676,-1.0137660870891279,40.63756937359656,-120.8859034406221,0.03970490721114883,96.54925226627789,97.07681299671735,0,0
0.8833333333333543,1.0347356627594877,96.41718393703746,0.5808977684146157,193.106345789903,-1.01697749117776,-2.0294368068424853,41.71252016764758,-111.34852453672123,0.03253534914082312,96.42273609600747,96.69022695517873,0,0
0.8916666666666877,1.3042689559846394,96.26032986843234,-1.4878718509554574,193.572115813602,-0.6705801539583242,-3.0078530920718674,42.51920902258152,-107.61941579811806,0.030575378326822555,96.26916548869089,97.35183477533592,0,0
0.9000000000000214,2.044688506928196,96.27666065310524,-1.390755392421113,193.81784106830872,-0.33879798656163185,-3.885271786829983,40.363360188175186,-102.6740166457253,0.029119505089419295,96.29837037875328,97.60166059845935,0,0
0.9083333333333549,2.429281510675139,96.17053748794444,-3.2392467708637582,193.66751195570214,-0.0042018637019340735,-4.752343697886735,37.7548374548249,-102.93330875059098,0.031467048615978044,96.20121459409043,97.66162113770794,0,0
0.9166666666666884,3.162881169352886,96.22364613194333,-3.340636528652624,193.14508406825712,0.31643205782214723,-5.545309774324445,37.639405015431834,-98.1840446775387,0.030198961279475967,96.27561421365692,97.1393888908665,0,0
0.9250000000000218,3.8188409723073278,96.11887269618478,-4.659536940608518,193.13507098922383,0.6123196954276419,-6.329150596192035,35.01390131301509,-97.103209419108,0.03221793845020837,96.19470481662258,97.38596214685406,0,0
0.9333333333333554,3.922067024932005,95.75550145813304,-5.8069859274909845,192.80542287007478,0.875085098796554,-7.122301413349191,31.835892984721085,-86.52279409486701,0.029216439414457174,95.83579012689664,97.53636100150096,0,0
0.941666666666689,4.340705270261537,96.14684737828861,-6.036046630592011,192.75499912469826,1.1413734375796336,-7.7955407109796635,27.424667351999542,-81.66360197204611,0.02993655764841474,96.24478158854744,97.16384082501669,0,0
0.9500000000000225,4.9713646563343445,96.16113628604626,-7.0353412746471236,192.69943924709526,1.350479032017604,-8.500989538808632,23.765968818419744,-73.69053847130104,0.029254767799315573,96.28955601917487,97.28208944051494,0,0
0.958333333333356,5.2820510068026465,96.05740073663611,-7.167291731870819,192.76315684838232,1.5387253776940262,-9.126503138913632,19.372422353650872,-74.07494444227137,0.03315751410304779,96.20251711424793,97.50379171996083,0,0
0.9666666666666895,5.2967111570529255,96.06016886240064,-8.828622232160342,193.05176681402742,1.6810565893886387,-9.729858046995268,16.795167690932526,-67.5642425448882,0.03299490558105633,96.2060870784909,98.01476988988156,0,0
0.9750000000000231,5.585922668371325,95.8422606838779,-8.972726145956301,192.73724905371898,1.7921511013929505,-10.228209953439652,12.598507515363474,-63.59960894618628,0.03453960883806584,96.0049033385974,97.98261594022973,0,0
0.9833333333333566,5.851116815633702,95.75641876141356,-9.787986766272695,192.7058133285936,1.889536742065932,-10.668024058042167,6.777071819385296,-52.30439401009567,0.03321851570669532,95.93501603690586,98.20268157127052,0,0
0.9916666666666902,5.787704753772687,95.78755832921269,-10.84911967095843,192.67458534645823,1.9311869193125526,-11.074419477624499,2.7713836479447242,-40.38183575300437,0.031476356028171004,95.96225225050298,98.30503512628331,0,0
1.0000000000000238,5.888963823628501,95.82791850515525,-11.170563785477327,192.46527370547727,1.9479730147124887,-11.359661730214453,1.3015787488176003,-30.935582083859405,0.030018658132012543,96.0086967932941,98.13157444145614,0,0
1.0083333333333573,5.822893023934228,95.77025599083873,-11.127844150570184,192.41571610137453,1.9381365317596748,-11.64556237026801,-2.996942450293712,-21.95577440887766,0.029985839544256265,95.94711051260984,98.1207034765665,0,0
1.0166666666666906,5.661634670791045,95.79620581819898,-11.598433507542211,192.3888901554015,1.8903466709465886,-11.819688168309753,-9.254985432453518,-18.04592146090185,0.03159472820182696,95.96336361501842,98.12266109817426,0,0
1.0250000000000241,5.632422011725623,95.78719823728284,-11.71452776652427,192.51070810192232,1.782319029954795,-11.942041623030612,-14.194431399676649,-9.15980184195872,0.0315263052461332,95.95265251084356,98.26674934658283,0,0
1.0333333333333576,5.424401869110511,95.86593924260319,-12.50156276682793,192.48503446976287,1.6403241983827304,-11.957761920392269,-19.047501640053763,-2.9069462277340334,0.03183000653682777,96.01928161835048,98.26794884724045,0,0
1.0416666666666914,5.208921290532885,96.09063037866537,-12.56268278850365,192.52611715024847,1.4662113339619973,-11.886680249912414,-25.129450424121323,6.102718614587505,0.03194534977385821,96.23171050947943,98.05933418300478,0,0
1.050000000000025,4.56968443571202,96.11273704233156,-13.419261232512554,192.54533894285998,1.209480268299004,-11.81003460755631,-32.593797475639406,14.78959292786076,0.033080361482844545,96.22130864631993,98.09612059383457,0,0
1.0583333333333584,4.133467709933086,96.05315745809952,-13.181613905181678,192.76710355570344,0.9195032771638532,-11.684676215665577,-38.821951192493806,25.414134404497524,0.03366517304255767,96.142054341373,98.25171459627727,0,0
1.066666666666692,3.6366530512547115,96.17812013091947,-12.978127174655924,192.6519615282947,0.584827115797118,-11.439218346081663,-44.036864913641494,35.7537079204025,0.03384465449074936,96.2468494930238,97.89409070991579,0,0
1.0750000000000255,3.0339317677307918,96.19294730032976,-13.14080329045288,192.78735836960095,0.18593614675168355,-11.11054836745854,-48.64497370903898,45.03487249400603,0.03399088943324724,96.24078060934079,97.9392786578591,0,0
1.083333333333359,2.2336441052144096,96.18202725887647,-13.246968986029856,192.79435366577047,-0.21560608865780007,-10.685923897930847,-50.24766366505843,50.80420028499681,0.032877255851595955,96.20795982462167,97.84472901200672,0,0
1.0916666666666923,1.3340237059660467,96.15598987720199,-13.895721346707546,192.80195340518412,-0.6310408652803352,-10.231498476121956,-50.81991560210421,56.92994763177196,0.03162643646059449,96.1652432457416,97.83857828393403,0,0
1.1000000000000258,0.877925216036715,96.26389641859754,-13.15232568213213,192.8585212727516,-1.0559038597593928,-9.751554048130307,-52.76316838021462,58.51583486488887,0.03087466336112321,96.26789966741474,97.60824499487903,0,0
1.1083333333333596,0.0033348462068829576,96.3362265749625,-12.865343216830922,192.9603923835234,-1.4967174947070416,-9.247313996169186,-52.42575024229715,65.5016400542003,0.02995519040307215,96.33622663268325,97.4773424611606,0,0
1.1166666666666931,-0.8113829360497675,96.25650738121215,-12.841415621745796,193.04677541327908,-1.9619023306811958,-8.674426330026481,-53.64357926990074,72.52717956199174,0.030017277945300513,96.25992704910108,97.53500741855855,0,0
1.1250000000000266,-1.258409536598549,96.58364767143541,-12.287837100727359,193.10875384379574,-2.4136240399776456,-8.07015889120447,-54.17429824981317,75.20569430828722,0.029413594944868393,96.59184537051652,97.15320063681791,0,0
1.1333333333333602,-2.2178897956889045,96.31706769990376,-12.329365949903888,193.29700898632984,-2.871752923671023,-7.382659719637777,-56.40012404208416,81.30219587989716,0.03015201366920639,96.34259995170187,97.50564579518412,0,0
1.1416666666666937,-3.09933696015878,96.67532154525401,-12.182972712386515,193.4034088407053,-3.335241993695694,-6.654610518506852,-57.9463731584081,84.39193238470607,0.030339241065480138,96.72498997400238,97.15366853760901,0,0
1.1500000000000272,-3.8236568424264874,96.48204745823585,-11.259413385583912,193.48175143743032,-3.8258460403204544,-6.0052808344972926,-57.79236693235183,85.02751780043344,0.030120063760819438,96.55778494446686,97.28428982842226,0,0
1.1583333333333607,-4.801340147626718,96.41026034870538,-11.13452067900198,193.7995654519936,-4.3105862643233435,-5.316094918409159,-59.14496784427635,86.34028988925839,0.030690975949398958,96.5297423995235,97.59500972972107,0,0
1.1666666666666943,-5.358801787483628,96.2959131639405,-10.596812075688547,193.52427202371405,-4.787714819155116,-4.58749049962142,-57.61071973333259,86.05172900341398,0.03042783660447901,96.4449047315342,97.3693510214803,0,0
1.1750000000000278,-6.3232834709162375,96.22670768797354,-9.848905485164607,194.07539729030998,-5.28474592050027,-3.8373933403837888,-55.60855695077979,86.37637664638022,0.030723094026614994,96.43424280990787,97.91218549027356,0,0
1.1833333333333613,-7.002987495745174,96.22818687969811,-9.926795674841514,193.04644631829586,-5.72411335266721,-3.113891173046119,-53.15232743095463,82.99604686989575,0.030088075709677753,96.4826709001138,96.86239732211759,0,0
1.1916666666666949,-7.859606668053857,96.53691547736702,-9.953803737995031,193.36914022474974,-6.133082062343476,-2.510575824194239,-48.63786682682825,72.9956591043138,0.027742289653062358,96.85633415972762,96.85486777078057,0,0
1.2000000000000284,-8.507498914977816,96.26376309807227,-8.786221929182432,193.53524540297934,-6.528630087339002,-1.9490940694097905,-44.42031887954285,68.33603740312216,0.027269427329597473,96.63896534830104,97.27188163242498,0,0
1.208333333333362,-8.973019598763642,96.25655707794465,-8.254508069209464,193.14824849708697,-6.878728947172276,-1.3245996979496073,-40.047569248872385,68.38969088433512,0.02812067721216538,96.67388407020488,96.89435548513855,0,0
1.2166666666666954,-9.704147149783864,96.21191919649493,-8.121687431363853,193.21098800997618,-7.201337766199062,-0.7210313474872386,-33.921973629658595,68.55221800614896,0.029508361254886317,96.700071703063,97.01197621656252,0,0
1.225000000000029,-9.840678815469118,96.31229889453903,-7.935880160942702,193.12357714390942,-7.458864537477921,-0.2403185946874641,-29.01856910598919,62.68136390777843,0.02909578040519989,96.81372773476005,96.83001525452376,0,0
1.2333333333333627,-10.308863477833881,96.08645872354077,-7.871805890810549,193.0230696423103,-7.681876466146057,0.27920635148744705,-23.571807435344567,55.55005339766079,0.028496322032373733,96.63788189025732,96.96724078831663,0,0
1.2416666666666962,-10.802972692840171,96.05767890089402,-6.478931905727393,193.02135569579906,-7.8480301482864325,0.7956034917808701,-18.45684647544304,55.83300706423786,0.030420276506654353,96.66323962515177,97.06004299563966,0,0
1.2500000000000295,-10.878541928816901,96.06732953460352,-5.5068377439855,193.0997358589937,-7.9731023560243335,1.2265496662026913,-12.696769263287743,57.25511971281519,0.033384126523501756,96.68130366522337,97.18098107629339,0,0
1.258333333333363,-11.023048489963116,96.0516928649713,-5.776618659807525,192.82332777165777,-8.058227124527107,1.6495357519014393,-6.948748737245747,51.647996177608505,0.03363010089298957,96.6821353727712,96.91374695302915,0,0
1.2666666666666966,-11.04689814794051,95.85870265640153,-5.6903410267224785,192.86314293105215,-8.11269711275011,1.9926392229602476,-3.9074166883104673,38.96332529599954,0.030222589741063732,96.4931336088707,97.15222147326911,0,0
1.27500000000003,-11.11025677503443,96.19103965274883,-4.0810650958911765,192.71760071390116,-8.152177772419698,2.3004808041788745,0.7792626413348147,25.71402365930062,0.028015854878510105,96.83054226370881,96.78216016371255,0,0
1.2833333333333636,-10.982586305216614,96.02306070491659,-3.47378594663968,192.94419301605456,-8.101106430570264,2.5268838012413517,6.270802144408024,18.182497625839325,0.02756838048851762,96.64908374677758,97.211562950598,0,0
1.2916666666666974,-10.891467638073493,96.0167279039402,-3.927047735731662,192.7384132500589,-8.018238611013143,2.640030905999174,10.897251719561837,16.93467319250694,0.02840654801403808,96.63247955367021,96.97209681537122,0,0
1.300000000000031,-10.772139417689516,95.99735674012328,-3.7453539532549485,192.5672175168919,-7.876659191015477,2.7787204221239117,19.698982185341062,13.261166501668876,0.030436455201097612,96.59985242599821,96.82517092372036,0,0
1.3083333333333644,-10.60998831143445,96.1815307527396,-3.5777834304844305,192.57425420494474,-7.66866953027598,2.8789223968723725,28.27214572362459,2.094650442904793,0.030400975862295176,96.76496633549237,96.6488956999559,0,0
1.316666666666698,-9.976031525083044,96.22992722244265,-2.4137460196278084,192.1831076627401,-7.409132048192121,2.833155953983061,36.11396374686666,-9.360651883597333,0.030193027530945216,96.74564640450784,96.2507194709437,0,0
1.3250000000000313,-9.247819649568441,96.54704501428103,-1.743032568098215,192.45095869617415,-7.102316772065566,2.6189840809734544,42.123780146449214,-16.87988572913271,0.030086840384102587,96.98893787056619,96.19710228817814,0,0
1.3333333333333648,-8.855476490175818,96.23621949710576,-1.806588755749715,192.75436807691085,-6.748095794431556,2.414883872916207,47.08453250939604,-27.485314106677976,0.028881594088864482,96.64279283507476,96.77520252402407,0,0
1.3416666666666983,-7.872407049872493,96.20064572898053,-1.1674674333519306,192.91580058754568,-6.351017578363959,2.2381858126772025,49.731499887153774,-35.83730239071053,0.027083284646750805,96.52222040251509,96.94729183725259,0,0
1.3500000000000318,-7.351021588520268,96.37669108528127,-1.7073666244170909,192.6977306810685,-5.908671135709536,1.9961176288648619,52.23493616232373,-38.05534308015003,0.02609816335076065,96.65662989646714,96.48623482221211,0,0
1.3583333333333656,-6.670741135441858,96.558086020379,-1.7663171190348521,192.63878001061926,-5.43659403952395,1.7433584057003741,55.382422459866945,-34.79400568534932,0.02654278229211071,96.78823669855228,96.20578533840312,0,0
1.3666666666666991,-5.874643131481264,96.31858604011444,-1.3740661381374366,193.28925071111587,-4.948554686838015,1.365591072295929,60.72841367723609,-35.18891434708174,0.028306613887900234,96.49757224246208,97.07504828744007,0,0
1.3750000000000326,-4.93464515077892,96.53854376049537,-0.36957818725107927,193.100181597369,-4.42688713798662,1.0562459046748336,66.0593843213445,-33.63438355417175,0.03128561739136382,96.66458065993555,96.66948711005472,0,0
1.3833333333333662,-3.9953589942693384,96.47784733825779,0.36678315433312036,193.03679630807625,-3.8736107957604187,0.6804367696457382,68.3940085490567,-40.92470965207783,0.02941406769188948,96.56054018343758,96.65743070390718,0,0
1.3916666666667,-2.8692883721789144,96.53656990329881,0.562380734361227,193.0681672999695,-3.2955471680629507,0.28545100803999407,73.36709737591208,-48.7344543307448,0.03016963754970714,96.57920140722443,96.59257553668243,0,0
1.4000000000000332,-1.877825520062288,96.38436123861084,0.6995818814079371,193.03864884250999,-2.685647603715765,-0.10456293680667438,73.8444350951877,-58.0789179166429,0.027375761766767592,96.40265203851408,96.68864639206821,0,0
1.4083333333333665,-0.8655751849680087,96.509296286128,0.15205839479284577,193.2500039831761,-2.0639413871732057,-0.5386058380137408,74.27735828893559,-62.5924588736244,0.026079187865714726,96.51317780512915,96.74605988787532,0,0
1.4166666666667003,0.13452562552441805,96.34958487680177,1.2273608736304595,193.51625619350853,-1.4366806185233227,-1.0550926115058783,74.70125425629111,-64.22293305426548,0.02558114147301005,96.34967879072535,97.17281669092662,0,0
1.4250000000000338,1.147126186026128,96.29352287635214,0.49273205302563383,193.54373007218442,-0.794973329191528,-1.5904777119847535,76.53042459015123,-58.94115774779692,0.027520687128437693,96.30035538057594,97.25240887152161,0,0
1.4333333333333673,2.4148646211365303,96.24824785963318,1.6262889577366195,193.16231538010356,-0.1350709520264394,-2.1234482712010028,78.85547831559575,-55.86723934539514,0.030337335943768196,96.27853752102698,96.91727573007404,0,0
1.4416666666667008,3.274817202988231,96.4069983377122,1.7519727315616933,193.34116377776803,0.5031982239499984,-2.5606667231471265,79.18552987498714,-51.90143364228904,0.032128055161156244,96.4626028894132,96.94612671398622,0,0
1.4500000000000344,4.518347394388684,95.88645022644016,2.169955051771126,193.2482343866729,1.1621116609788336,-3.0245413798252057,79.20875610353129,-53.13937093288715,0.03275723631839611,95.992847651291,97.3901019686221,0,0
1.458333333333368,5.635289113188151,96.15353979884935,2.2255955498697517,192.88613354954038,1.8179857272112185,-3.3888739253298055,78.13161135024754,-49.72546195448946,0.03383504950336258,96.31853248071279,96.79266864764068,0,0
1.4666666666667014,6.80513418657182,96.06613265207756,2.9941836698415614,193.04744541496575,2.457574107857138,-3.8305781224722057,75.3142848285776,-45.00072770381364,0.034136224695269224,96.30686213361855,97.05616090209888,0,0
1.4750000000000347,7.719205556211307,95.63848544959757,3.0841824394590844,192.9555988851801,3.0655591485015323,-4.1375538066609705,71.10776726772285,-41.76782540615133,0.03287508080155188,95.94949730723934,97.4274294371296,0,0
1.4833333333333685,8.50066162872207,95.87482525093952,3.790013892818081,192.52554044528398,3.633217095414784,-4.48257468718263,66.64452026195906,-32.90061685145185,0.03348482020947552,96.2509395539816,96.76544295186203,0,0
1.491666666666702,9.614335409369971,95.08672383013015,3.969510796403597,192.1889564893657,4.1792280222845894,-4.7885213009663845,60.51605993763148,-29.40905577135151,0.03132561756964636,95.57154646709085,97.26616900196831,0,0
1.5000000000000355,10.351304797202658,95.14287425703895,5.109467387549444,192.68006998078943,4.6610023145671455,-4.9578366850025395,55.62969669293014,-19.80502275552549,0.03219027108647632,95.70431564404667,97.67794740412212,0,0
1.508333333333369,10.996395678324575,94.96272235632085,4.717149556711945,192.0897649681794,5.09244328360602,-5.009647475029833,49.39712480321181,-7.612423610500152,0.03313551629078004,95.59727692375948,97.32980703968119,0,0
1.5166666666667026,11.653278100935836,94.98800350251747,5.890282425159171,192.3103223419193,5.471388908860658,-5.082071760985961,43.201072485011075,-0.173909103750772,0.03267823001381798,95.70015517172385,97.49279903376048,0,0
1.525000000000036,12.249318084421304,94.89347836471853,6.013110783594925,192.15952098040168,5.794253579521356,-5.049673058471567,35.21123458214451,7.441569890836304,0.030995313787392398,95.68081327877933,97.46575464035955,0,0
1.5333333333333696,12.750352576483351,94.83079344599378,6.721085647829739,192.24516373093303,6.079797295772543,-4.971718928418385,29.247522263039517,16.189894689750062,0.03155670806300881,95.6841202939201,97.60077662451366,0,0
1.5416666666667034,13.070561205410854,94.84820405299757,8.245619153993744,192.27232824688258,6.308749057009411,-4.837442029454854,26.248899917096157,17.566703311654937,0.030882873805434308,95.74456319971101,97.54352895371925,0,0
1.5500000000000367,13.325324101088029,94.85302383751628,8.302649827436483,192.22566401857569,6.528469787241026,-4.771339799699265,22.827014818702253,17.492204730125938,0.029598736443404494,95.78444755553726,97.50209388874306,0,0
1.5583333333333702,13.632104898502803,94.86964716136345,8.137715351511417,192.09944326438494,6.7064607295019325,-4.559116314628802,19.25124858592806,17.734420806870094,0.028152537442550862,95.84406208255876,97.38491447205374,0,0
1.5666666666667037,13.82667710325478,94.88805670474471,9.452998949797461,192.11769133426105,6.8444654972284065,-4.3569680712786525,15.508934249608814,25.637702280152705,0.029503212817404645,95.89014706903166,97.32795544333229,0,0
1.5750000000000373,14.253870695965304,94.84891443075475,9.970773275575823,192.13737987204735,6.941802738850029,-4.031656794317896,11.11935748499788,34.25122603255776,0.0307629242055536,95.91396873505931,97.38270088385376,0,0
1.5833333333333708,14.25752218037627,94.57663407344211,10.156150314936838,192.21097557211277,6.992139651306133,-3.6747287486840676,4.78703308526036,48.191838621957665,0.03376898166639952,95.64526465740838,97.72044766095611,0,0
1.5916666666667043,14.271310503430811,94.51777690832341,10.887247308208885,191.82879833179527,7.0055329846554955,-3.3662395341312927,-2.401064893155081,56.33432959586349,0.03391395594338498,95.58912310078448,97.3698453022734,0,0
1.6000000000000378,14.12710136659041,94.77034759982615,12.530155139989915,192.12017792024432,6.959754601180552,-2.8775982473693884,-10.326915190159395,61.5716611621352,0.03222463893451444,95.81750245760841,97.36292775314874,0,0
1.6083333333333716,13.922309679698628,94.5797159376661,12.958839881572374,191.89377474114394,6.8403693937764,-2.311638130516527,-18.301129622110953,66.73657927218888,0.030754018709577835,95.59891931223407,97.31882816217346,0,0
1.616666666666705,13.675085819294054,94.87810701373428,13.762881919405118,191.97954752650566,6.67921795694056,-1.6752073254989603,-23.75058174087281,80.99851883251034,0.035123900196061264,95.85855810867734,97.10148020401374,0,0
1.6250000000000384,13.294714800233294,94.83755995214494,13.982564739796544,192.50840397728064,6.4828420866734175,-1.0119954925382693,-25.50040385146301,80.78146290399819,0.03312591853321578,95.76487988451835,97.67326609733976,0,0
1.633333333333372,12.973856236269796,94.9615025256345,14.198152796988154,191.953871217774,6.254655814155184,-0.29630613232443886,-29.07729111891266,82.59900901972827,0.03180064076944111,95.84366388846726,97.0000952916053,0,0
1.6416666666667055,12.387477883969211,94.82603075422031,16.15553627188649,191.6195248229559,5.965676907735152,0.37920807421493563,-34.36732722863847,84.87297948428883,0.030446438949392363,95.63171919884198,96.86680937271086,0,0
1.650000000000039,11.903321481465582,94.81956752381853,16.82782817222352,191.90789560049296,5.657115250204971,1.1038349642847693,-38.906149843423805,95.52265817378971,0.03401563187474288,95.56379778815355,97.2131380774805,0,0
1.6583333333333725,11.64949037129469,95.2944038869598,17.861186492098625,191.48841815614162,5.332836202294923,1.9246827930917896,-41.26407141946912,98.90107124823166,0.0345679668591905,96.00382303888688,96.39436472074894,0,0
1.666666666666706,10.971073759059607,94.97195581792857,17.504596161023983,192.01489118228642,4.960389423364252,2.7273907087690477,-45.77736612589995,98.20442466625559,0.032750938686520126,95.60353995176801,97.26262498569481,0,0
1.6750000000000398,10.031882647250086,95.07578493792823,18.79907297807523,191.9395442776289,4.583503848340983,3.5617423948434217,-47.825432138779995,94.36599059214831,0.030400897628594326,95.60357499074696,97.2597115958934,0,0
1.6833333333333733,9.2985625146448,94.95045741903664,19.1532032332193,192.16565450468585,4.176045560767595,4.415871861691054,-49.58693327077264,95.68747091274284,0.03095623029867367,95.40467823394745,97.71339973664719,0,0
1.6916666666667068,9.009887734190102,95.88821917978885,20.718522612639845,191.6570368825714,3.7723079201983167,5.1424895610086825,-50.113869913075156,99.24716475207097,0.03279193459944185,96.31058433242909,96.48190801857955,0,0
1.7000000000000401,8.301752421433662,95.84721142983301,20.729840497418138,190.90018963081417,3.3631718174691554,5.9382091706450835,-48.459621094579006,96.71264291271913,0.03232768070694325,96.20606546440764,95.86201561672186,0,0
1.7083333333333737,7.305918808979698,95.55442910913649,20.950609477311673,191.17626886505604,2.952424180972734,6.738798384030598,-45.93310468429718,93.47248990085568,0.032002267337120305,95.83332078153398,96.59044373922931,0,0
1.7166666666667072,6.992084539886605,95.92002250025575,22.418015096551073,191.78003814215919,2.5621690925779266,7.565573844842078,-45.75503504462558,88.08134231945075,0.031152154891141315,96.17452865838486,97.09326409388555,0,0
1.7250000000000407,6.139764130261938,95.64498847534219,22.775650220328203,190.68321627953162,2.1821982917754923,8.304444131829317,-47.09524812954384,91.22790647814094,0.03411933976350001,95.84185163081727,96.48324958334823,0,0
1.7333333333333745,5.701477049649213,95.78352454573871,22.687388604737293,190.24466528770853,1.7988702206224834,9.064396814067296,-45.981828915585844,89.073602518897,0.035252997867490254,95.95306360378395,95.97618611734634,0,0
1.741666666666708,5.033202962187374,95.60699478702531,23.770474725120664,190.13407300464274,1.4121592767268076,9.754068719241866,-43.379342196637204,86.7541109883032,0.036440634210520795,95.73938888600061,96.36624860124824,0,0
1.7500000000000415,4.359640435207325,95.91729482481071,24.35849240385295,190.15613654674945,1.0560593414399746,10.427618616711113,-42.08282475754522,75.96185245626786,0.034625413913396574,96.01632106696212,96.3374972124376,0,0
1.758333333333375,3.786346938252507,96.15207626900383,24.763034037980276,189.58880144785905,0.7405300410285334,10.995947856763145,-39.22089534590632,64.38313965605478,0.033153097485090655,96.22659816275926,95.76243007478875,0,0
1.7666666666667086,3.325659356323399,96.31909854662871,25.052048391806466,189.4009020109657,0.4446672057984564,11.475025951248202,-32.19385064064858,54.9227104159909,0.03223583559409482,96.37649482622551,95.5837753841865,0,0
1.7750000000000419,2.965555214160702,96.22104092886423,25.139788283900486,189.1243806467847,0.20727924054663932,11.92229775336778,-26.821401850229105,45.28778849821587,0.031840905371346206,96.26672963782659,95.51296845441712,0,0
1.7833333333333754,2.477857665975648,96.29692145336566,25.312958530720152,189.8841861221661,-0.009331846913978953,12.300667490542205,-20.75776228383657,32.585499290332926,0.031214870505733128,96.32879559097844,96.33284974343468,0,0
1.791666666666709,2.287902855531968,96.34487741941876,25.325521580623786,189.25221185778486,-0.16896524595676532,12.544628264720632,-15.975810439706827,27.560192600575277,0.03152923631689841,96.37203901775234,95.72097298379863,0,0
1.800000000000043,2.2844693768805087,96.33518003041036,25.621140651800943,188.77281816674554,-0.2898096336500167,12.735663335757135,-12.524150556541025,21.863757905262542,0.03176221598177564,96.36226290320023,95.33791045758106,0,0
1.8083333333333762,2.0687839429563724,96.25833091541449,25.970207029754306,189.03273814115943,-0.3840603635247284,12.859606960982266,-9.87930501344402,15.253834590950685,0.031806960581271415,96.28055949995344,95.80380296033385,0,0
1.8166666666667097,1.8383979512632322,96.24665724471976,25.91140946765813,188.8103455089102,-0.47259974840707886,12.974231801778238,-8.728326236424932,10.216510250655999,0.032150176016356724,96.26421317296358,95.64280562874923,0,0
1.8250000000000433,1.6990223272927096,96.27086567234494,25.774565142252413,189.51022811597193,-0.5293816498595967,13.047277744275773,-6.439202491014474,3.545407827679971,0.03238946829859923,96.28585697895264,96.29751020005136,0,0
1.8333333333333768,1.7040416441970478,96.01108314350347,25.93377864932762,189.78409231726624,-0.5443889398815045,13.032473859938946,-2.986873609400533,-6.1398148420779535,0.03253972633346924,96.0262039461828,96.85276147245565,0,0
1.8416666666667103,1.6734932117272479,96.24266928866507,25.43657083158189,189.0771563607775,-0.5681378737783455,12.962228183792208,-0.16526379419183856,-14.186466037472359,0.032776476663141985,96.2572177622907,95.827583961558,0,0
1.8500000000000436,1.6507796160381076,96.17772554159956,25.319328254217567,189.40375903769558,-0.5458026793580908,12.77458189042032,5.658600108573654,-24.732113643016373,0.032814443163632134,96.1918913614655,96.18364474302834,0,0
1.8583333333333774,1.7100431102825837,96.29358548576539,25.21441394814832,188.98219569585177,-0.49108340154304636,12.528360096178561,9.404800087976854,-32.773170959331445,0.03280714815621666,96.30876830872374,95.62235047917011,0,0
1.8666666666667109,2.0977831451481848,96.2709323728946,24.846267497897315,189.35780574302908,-0.37896313352350025,12.214527325755276,14.632824182864372,-42.45809772375522,0.03304985923206427,96.29378543847217,95.82619440515585,0,0
1.8750000000000444,2.298556909054014,96.36081790175359,24.128397252451578,189.20596471026238,-0.23646023127811255,11.807992359725317,19.82072794439024,-55.39365020495301,0.03446515994424626,96.38822848542802,95.3769532712792,0,0
1.883333333333378,2.3314544102449872,96.21888298089095,23.68715367517177,189.50368138957435,-0.042721117049748965,11.317582834654226,25.958955433604316,-64.62815539042563,0.03474567886704616,96.24712526490045,95.69806427113714,0,0
1.8916666666667115,3.008732037022412,96.14426575249928,23.18004003954718,190.04043749154783,0.17032898732459167,10.760474596877378,28.5150796405547,-72.72213930034869,0.035327458134716494,96.19133175893664,96.03839197832094,0,0
1.900000000000045,3.209592627368181,96.2497583393727,22.80080433718831,190.26703276060067,0.41954069993592835,10.15562020689619,31.399197955396694,-76.28882372781344,0.034037170889002155,96.30325781208703,96.0367818382909,0,0
1.9083333333333785,3.9452987798219397,96.14524243277816,22.126005774706186,190.39059007348817,0.7162787619354058,9.44785285920708,35.958228154601386,-82.73619885308966,0.03372286011987491,96.22615561748142,95.98293420578534,0,0
1.916666666666712,4.299065871711889,96.3317480118285,21.187432699191504,190.59368261921213,1.0108512889089356,8.753864737219219,39.05466768640856,-88.41115500498263,0.0337176564597903,96.42762904055944,95.76288033484677,0,0
1.9250000000000456,4.894110539752205,96.12166294974497,20.91845802207729,191.01767198581803,1.359007410866175,7.958548910177932,41.59916706646007,-96.80524778541582,0.03535482146954294,96.24617606014115,96.23945263356788,0,0
1.933333333333379,5.216639483192466,96.11781677948676,19.881636273336255,191.41711305940208,1.7158734843976249,7.150295076769516,42.092407775445615,-98.95113465170637,0.03445255285274795,96.2592750333836,96.42104543252998,0,0
1.9416666666667126,6.1522528083201,96.13461563190788,19.42123707982364,191.30226250059678,2.0566865640221117,6.323810265676557,43.856983097387776,-103.15429984744395,0.03479563825537202,96.3312749698256,96.08822484634047,0,0
1.9500000000000461,6.809614627369513,95.97992341263802,18.146394079025754,191.434772554169,2.4266342838471266,5.496910690358487,43.649871951235625,-99.94571008412093,0.03169091038845018,96.22118555530868,96.12570308178731,0,0
1.9583333333333797,7.1147765470900595,95.71925696871517,17.604848127829882,191.81256088503483,2.799319176412247,4.651995164786896,45.870142422881635,-102.88592808436387,0.031984779162839594,95.98331209099814,96.66418498763242,0,0
1.9666666666667132,7.978058743552879,95.53832386261115,16.548794393518904,192.11174005332447,3.1844438429804636,3.7239595741005806,44.84090310822089,-108.31177744209462,0.03473661444124376,95.87085452728975,96.95298976476346,0,0
1.9750000000000467,8.392727353378291,95.89686936506286,16.160590340390172,191.9700428045149,3.556556591285906,2.8265386399423877,43.76756198202961,-105.72037388145228,0.03316916484396515,96.26342725276342,96.38669176868777,0,0
1.9833333333333805,9.054982135886632,95.8390190454736,15.027494241981401,192.05359670671237,3.9039401515357905,1.9656037718758619,39.85821839814282,-103.59860343113247,0.033022475462111345,96.26583128545599,96.39977103389818,0,0
1.991666666666714,9.699519821566867,95.58863385145924,14.501468306797562,192.07116415685493,4.213240513405091,1.1271223072031102,38.403473791789736,-100.87273091848175,0.03217358364079281,96.07948587683693,96.60195320689125,0,0
2.0000000000000475,10.247066741399351,95.11827871336897,12.901644715018676,192.7995187344468,4.516780971951928,0.324796481392027,34.99350935835625,-98.73644570380785,0.03263956907620713,95.66864335923674,97.71730366866167,0,0
2.008333333333381,10.57406367036657,95.7352443570349,11.927975328153991,192.3267419410049,4.781774337302658,-0.443667243800019,28.54665856856179,-88.49164670014028,0.029462171469863296,96.3174326620376,96.60098592815281,0,0
2.0166666666667146,11.003937195070705,95.68712007731062,11.988715412172496,192.26761311071334,5.017102670402771,-1.1477769374261169,26.376299354893472,-82.8660491535054,0.028018117782155905,96.31776358742307,96.58551352408925,0,0
2.025000000000048,11.152679758132194,94.94468850527153,10.648779204539437,192.51182433874976,5.249589638686481,-1.8867187814463917,23.366660128685872,-76.85722608556772,0.027031193901880357,95.59746932398625,97.56843706094867,0,0
2.033333333333381,11.613272615802373,94.87932286495999,10.035249726105121,192.19816869710172,5.443283484416413,-2.5376473057681745,22.177863826823703,-75.72922868521107,0.028131705924310246,95.58741553239247,97.33163879407651,0,0
2.041666666666715,11.82557710353791,95.0009092785175,9.250490858246224,192.48557565069473,5.627808228506381,-3.2072198954343833,22.09784225339532,-77.34017957613864,0.030513107294438235,95.73409548106062,97.51867127307156,0,0
2.0500000000000482,12.009055294671725,95.01777049089719,8.626349718109907,192.3303937564409,5.794455607454371,-3.834862927316446,20.188990472306248,-82.28839324827031,0.03566629426997148,95.77366087882041,97.37139900319468,0,0
2.058333333333382,12.644198644265146,95.45527519967601,7.610771673340764,192.4648186651208,5.886913613247071,-4.394598628617035,11.263780789490708,-71.5871990495838,0.03453443976191517,96.2890716686038,97.14003762839322,0,0
2.0666666666667153,12.668879403380402,95.4552253274395,6.505144413438927,192.5170233403818,5.9773295340420844,-4.994953278978575,6.707340033244385,-62.57360995221593,0.03302524162274789,96.29226629200107,97.25730955836397,0,0
2.075000000000049,12.697720680710802,95.4392938719227,5.957919374707899,192.19361737752786,6.013707158781492,-5.474155989750178,-0.5516777060864821,-55.16305685819722,0.033769853750929,96.28027277306902,96.98878305593743,0,0
2.0833333333333828,12.689310205407367,95.41664924565276,4.973967040440925,192.50358124335435,5.970150716857961,-5.810269023626753,-8.62360782425641,-37.20812601180167,0.029620563783427478,96.25671689163819,97.39301250541297,0,0
2.0916666666667165,12.283732922987213,95.4429024090494,4.499636553915536,192.55738395524997,5.872897527744192,-6.147040195540451,-17.601178388847703,-27.68496726975735,0.030705937256934934,96.23012893468764,97.42594460548139,0,0
2.10000000000005,11.69958547696939,94.87063040590527,4.251594976645038,192.2137369492055,5.675248067447674,-6.418218108832179,-27.40282780503266,-21.307582269914178,0.0340067292242181,95.58931328316356,97.6276239288513,0,0
2.108333333333383,12.173291046150837,95.30810832369912,3.0887660823182728,192.5409186263779,5.429153101770297,-6.546492651043612,-31.781539069704934,-16.084327746357463,0.03408733647935147,96.08238406251304,97.65627472505398,0,0
2.116666666666717,11.058978654225882,94.97218422653066,2.7858764665032822,192.5551460746873,5.131841169393787,-6.627037547177165,-38.85937522895497,-9.785369630682093,0.03573410179787473,95.61389431266097,97.93303152086783,0,0
2.12500000000005,10.472939956241134,95.15016417451676,2.4227505710316564,192.53009467756766,4.79374230143536,-6.624453334704166,-43.50465942665512,0.7713277382987354,0.03361577528588411,95.72479414323399,97.71210986319333,0,0
2.133333333333384,9.887666463372454,95.17750056830096,0.4319958214396138,192.5422552546009,4.423486182096269,-6.568184002695755,-47.19764730394536,8.369067168370426,0.032208613680783316,95.68972025520729,97.82282536510625,0,0
2.1416666666667172,9.065394962376104,95.17959445541038,0.5512421443192466,192.57333823248297,4.023354089801037,-6.49710635349935,-51.79212819135849,17.996781585873883,0.03108173860524932,95.61033723672489,97.76518871829221,0,0
2.150000000000051,8.778260648907974,95.87401047046933,0.9707017410430012,192.87294363585931,3.5849132467122864,-6.353092656322368,-54.24094127943163,25.933280802002468,0.02904592081443047,96.27504216416541,97.31264569069928,0,0
2.1583333333333843,7.6969967535598585,96.37910100541637,-0.02513273101322966,193.36594492480486,3.0914596544978292,-6.088218758176584,-53.85435595338634,27.711332286364538,0.02647426831668076,96.68596004403412,97.29377769015004,0,0
2.166666666666718,7.101651103541485,96.02439332963627,0.0715416084196363,192.89144408585219,2.6404592207809987,-5.88700330396057,-58.864644792506056,34.75349796654533,0.027072185868075582,96.28664270147301,97.12182021420682,0,0
2.1750000000000513,6.158330693366565,95.7559663572826,-0.8538188516827176,193.16097238838694,2.122012944814899,-5.538902099921726,-63.484802258416494,41.174881052533756,0.027480855003876314,95.9537916392359,97.65708085521298,0,0
2.1833333333333846,5.211964620320032,96.1239843023597,-1.1566749673613117,192.94935088071418,1.5934931568981598,-5.135089005639767,-65.90168559151113,38.28424061210847,0.028565488489921353,96.26518027492475,97.03458756150049,0,0
2.1916666666667184,4.332571705909402,95.83941594112736,-1.2842588464158098,193.03081713657548,1.0421524815124903,-4.811969238597966,-68.53422875341617,44.86321463374884,0.027960962486297092,95.93729632172914,97.3535682540095,0,0
2.2000000000000517,3.3028461377739973,96.22360420717041,-1.5954264421113749,193.14838369732234,0.4515779899559385,-4.455345627540759,-69.5929444294405,49.27338964476708,0.02689483151115235,96.28027211858094,97.04847218519946,0,0
2.208333333333386,2.346305732310668,95.9006190516136,-1.9852398522403973,193.1870129451798,-0.13504770177463202,-4.113315870327495,-73.10247664260879,44.89148611430687,0.030276696401062786,95.92931713022973,97.38277426714211,0,0
2.216666666666719,1.2308727647090905,96.21101327747567,-1.9363210320065605,193.57559594552293,-0.751337744672375,-3.745526288083793,-72.8841494923573,44.16852663898586,0.02989353297905062,96.21888652256116,97.41608221781946,0,0
2.225000000000053,0.4607646384535542,96.240111903497,-2.7009783986989646,193.3434081549173,-1.3556657630817586,-3.3142623968350398,-73.36972255890996,44.52030132219693,0.030090195420249266,96.24121488868307,97.15475676426801,0,0
2.2333333333333862,-0.7785007375935606,96.42307919000939,-3.116173075673373,193.08299793849284,-1.9596577763501393,-2.9079374639107773,-73.03030219478944,47.40855742666165,0.02922907512418238,96.42622186874925,96.68818234108885,0,0
2.24166666666672,-1.83031387395107,96.38021170928647,-3.7193886498727693,193.44111917094023,-2.590020355329273,-2.4723017455325396,-73.83438781822751,53.115748727603574,0.029191006115803386,96.39758948233123,97.07928904142602,0,0
2.2500000000000533,-2.819365077426994,96.44344878855037,-4.194545113281606,193.49621869018233,-3.1929831333439345,-1.9891226626890175,-72.78945106335199,60.454213112865325,0.02800499648938537,96.48464973077091,97.06251215433346,0,0
2.2583333333333866,-3.705927433473107,96.49217750146738,-3.40244357720087,193.11480500777526,-3.775567973648902,-1.5059595507136625,-69.66103339978837,63.56724786746886,0.026660531804109766,96.56331714018971,96.62310411425283,0,0
2.2666666666667203,-4.743447456294007,96.49338082790996,-3.586521696215982,193.1458081132389,-4.358693550632009,-0.9893011835432449,-68.23992072885117,68.07056034530294,0.027115666962071128,96.60990030721842,96.65935121528662,0,0
2.2750000000000536,-5.716074508649115,96.3561781259192,-3.985059087729553,193.26621374818654,-4.911828093631002,-0.4539247203262402,-63.35695812898794,61.37259603394471,0.02606977329324378,96.52557469822337,96.92549416276704,0,0
2.2833333333333874,-6.742489996059533,96.3064971428758,-3.962416380689376,193.2360528248272,-5.406511867528848,-0.020969339608726743,-59.37895577445902,50.920344334627885,0.02608116288960849,96.54223201934843,96.96941566291608,0,0
2.2916666666667207,-7.210112807870473,96.30005251174214,-3.7598272001421265,193.15912679607948,-5.899687157852886,0.34960226797835464,-56.28739400167975,36.54931895414692,0.028091428789605022,96.569590661173,96.92050733458672,0,0
2.3000000000000544,-8.081789052647594,96.2402134779274,-4.362738751189966,193.3261928738131,-6.35906309673532,0.6646079373701319,-51.974352985859724,27.458483120628586,0.029157391308992864,96.57895218197665,97.15718568589314,0,0
2.3083333333333877,-8.981913232626994,96.17340549191073,-4.476603636689731,193.31821681829246,-6.773415630248058,0.9144826600874909,-46.50202411132942,27.531053310150703,0.027654125343042235,96.59191834325439,97.24922715473654,0,0
2.3166666666667215,-9.297117675738036,96.56018112715975,-5.062236411885863,192.83011658056415,-7.137021642978635,1.1596627947046554,-41.717703525447085,24.77956088637304,0.027353437891332266,97.00672644918195,96.36303591897453,0,0
2.325000000000055,-9.97334786870806,96.15866617367413,-5.539484116227072,193.0035550586823,-7.4393793258113226,1.3171685440997205,-35.25568024823344,17.734368660070277,0.026904434343633987,96.67448861002765,96.9463338704726,0,0
2.3333333333333885,-10.655896813671461,96.16356171279432,-5.639733119399921,193.03901206689085,-7.700022654529977,1.4159014058175454,-29.07595094804628,14.035989492050373,0.026217329969753234,96.75215107786501,97.00523068122023,0,0
2.3416666666667223,-10.78525418957372,96.07478342685334,-5.121450878914061,193.05314718981907,-7.922484268831821,1.4908773534335829,-20.816450834871222,8.659371527416017,0.025296707881610647,96.67825876819717,97.14361382038422,0,0
2.3500000000000556,-11.021910161175299,96.08857253477771,-5.381759593412937,192.69488575750069,-8.08427416524723,1.5318299341300419,-16.124131404109015,1.4519674200597241,0.025799792927770238,96.7186449210919,96.77081715534848,0,0
2.3583333333333893,-11.210987370118687,95.79621250708061,-6.0619606812675215,193.00947808132406,-8.199916883224919,1.514753204814997,-11.705546572305098,-4.5697227984481446,0.026158869618329916,96.44998998711564,97.34953250761345,0,0
2.3666666666667227,-11.242064520642202,96.05120011644408,-6.496504098031323,193.03394638821857,-8.287715953462323,1.484121711408807,-5.834308895120587,-14.173880419018424,0.02687153354058358,96.70686148611932,97.09878175414993,0,0
2.3750000000000564,-11.52345171776767,96.3983559531489,-6.464558764079129,192.9608706891076,-8.310642666964949,1.3764737616609033,-2.5869671117816533,-19.012779878906876,0.0271607325076042,97.08466907788129,96.69494118126926,0,0
2.3833333333333897,-11.483624110062749,96.38995218655907,-6.770424535034749,192.9781649146143,-8.336602821005703,1.2065436350430798,-1.998978983918282,-20.13516167560451,0.027335452790868242,97.07160504096117,96.70313897818465,0,0
2.391666666666723,-11.499558123271186,96.02760368777422,-7.179348063010195,192.85168141054703,-8.323860010689017,0.9562342667432849,3.7855965224735093,-24.689471042948373,0.02695945343254147,96.71370382239903,96.92041189465886,0,0
2.4000000000000568,-11.245256450342026,96.05440654792847,-7.331467938226524,192.44902004103892,-8.243943278663881,0.6889867348393418,11.026334154282187,-33.160410427940704,0.02716306486736908,96.71041727708904,96.47403407655202,0,0
2.4083333333333905,-11.0732676101876,95.78782104783676,-7.651499531099887,192.89456251810884,-8.12177496202578,0.39471514366035604,17.992763192749088,-43.030526579513385,0.027982674957919063,96.42574301844516,97.16700950302692,0,0
2.416666666666724,-10.878782323075654,95.76845337940165,-8.017135694000501,193.0308653538799,-7.948268351583792,0.03721812075677062,25.619805608902862,-50.36437838161454,0.02837017826883592,96.38435852105616,97.30450043303664,0,0
2.425000000000057,-10.680879691699431,96.05391103003393,-8.698310575787502,193.0448684745449,-7.690113423450622,-0.3786421647235488,33.299451922049734,-51.96486475060431,0.027638054430600967,96.64592601426214,97.01121794051606,0,0
2.433333333333391,-9.652977253950667,95.76649690244415,-8.865476598200132,193.4325559992031,-7.395619377775118,-0.8498464275564441,39.843339327298935,-57.985650447354345,0.028156226878882418,96.25176309466302,97.66923393154272,0,0
2.441666666666724,-9.231619584749467,96.12534492839461,-8.882872350818161,193.1827646537987,-7.05769708174702,-1.312230382786329,43.99053975965737,-58.14513260668095,0.02746108165695471,96.56761743856151,97.05804628358452,0,0
2.450000000000058,-8.759388453512258,96.14989862543297,-9.117879592880854,193.40338539962744,-6.6983038444343395,-1.773858436406152,47.06412679785266,-56.246663468210535,0.026586156380076886,96.54807036787717,97.25414749837368,0,0
2.4583333333333917,-7.927390452946838,96.06944535678178,-9.178834942750427,193.19039162213812,-6.283750738119757,-2.2944279724820063,49.75462217710963,-59.57416590733233,0.026238537596882328,96.39596387065775,97.12900862661624,0,0
2.4666666666667254,-7.129023939592685,96.21422470842958,-9.308617281329589,193.47042318514804,-5.830067628912022,-2.9068871982561135,52.515615677757815,-69.74974372231938,0.027075772649284957,96.47797685780661,97.28061867236555,0,0
2.4750000000000587,-6.631603824670492,96.28204007237525,-10.07840449628992,193.47124001131652,-5.384402998184694,-3.504371441396633,53.54957924702718,-77.15440367966187,0.02775717291936619,96.51015184832038,97.25030087172675,0,0
2.4833333333333925,-5.84020180535839,96.34059379283951,-9.62688278287834,193.79180349388565,-4.941319063532849,-4.1368227836704055,57.57029391669926,-83.18803652017199,0.029447853157706927,96.51744904152937,97.52475185829894,0,0
2.4916666666667258,-4.957169826153006,96.2753843355103,-10.322781791573732,193.76803960716387,-4.466250349750417,-4.774981719645975,57.64649622235403,-79.47273243844292,0.028085756629846248,96.40292091858805,97.64019471345266,0,0
2.500000000000059,-3.9179303677188955,96.33633198401088,-11.10927300096398,193.65734921571436,-3.970712012805395,-5.396943607657357,58.708839624756486,-74.4529011709815,0.027219273426390522,96.415968794074,97.58635049986373,0,0
2.508333333333393,-3.1807649771860156,96.61680560409053,-11.467983507579959,194.16489749807914,-3.4571681177992075,-5.981350387771679,62.11636719416413,-67.66492503164172,0.027857502638423792,96.66914911686516,97.89948019845944,0,0
2.516666666666726,-2.5872400531970356,96.24755963539383,-10.868477148277748,193.47680420777016,-2.9671027336183817,-6.513583805063982,60.777186522343214,-59.42721900762279,0.027170302205265173,96.2823272821215,97.58127324410106,0,0
2.52500000000006,-1.5448605934880675,96.31326394214187,-10.906988285647401,193.4228043593077,-2.455603893674537,-6.995896265298136,58.82833932133574,-52.416192731982065,0.026629462214222688,96.32565289393058,97.55978820680915,0,0
2.533333333333393,-0.7962455001974149,96.29855295826843,-10.552863312991747,192.9282840185184,-1.9632630247012886,-7.52615612952349,57.9797196052606,-50.368618580683474,0.02700470800271937,96.3018447837476,97.12104054179596,0,0
2.541666666666727,0.261823296474347,96.32994869598923,-10.665668301038238,193.26899100050412,-1.5046484396562316,-7.959630467332895,55.85802252555525,-54.998598537428215,0.026437846078082305,96.33030451114797,97.5530009560456,0,0
2.55000000000006,0.9778081164901096,96.45531134950267,-10.592010546143968,193.2083710369347,-1.040616439573526,-8.46133775855298,55.70282426816122,-66.71681994233312,0.02820498431097418,96.46026744853121,97.44236893038891,0,0
2.558333333333394,1.318519324057263,96.11620085960624,-11.024757420242224,193.04261537720504,-0.569978359601303,-8.949779309840116,53.68622639214867,-65.22606636186593,0.028705821374634066,96.12524413957077,97.70919256663495,0,0
2.5666666666667273,2.459391887805964,96.1835921014005,-10.962924429638633,192.91945077905007,-0.12280572473000868,-9.445640057287397,50.302471642017466,-56.32910743667047,0.028318197245517318,96.21503000044432,97.66260763172222,0,0
2.5750000000000606,3.031056271577313,96.2649238949773,-11.657345348481499,192.85490127974202,0.2664192476273736,-9.819531313103653,47.241464154204,-45.38300727121458,0.02820086639836772,96.31263091945543,97.70042412058152,0,0
2.5833333333333948,3.592912488411514,96.11465281913729,-11.278743320929948,193.16090644773357,0.6397568748425696,-10.17095102527172,43.56347399253033,-33.07012123555174,0.02865155572155098,96.18178365310492,98.17912960429703,0,0
2.591666666666728,4.485144823347241,95.84868106023566,-11.218082850368091,192.94530772486007,0.9850416339077015,-10.45435830009385,41.22838652811699,-25.00213977514614,0.029799469210592733,95.95356264919599,98.35825470707576,0,0
2.600000000000062,4.848034637855392,96.18676206873778,-9.982954619435986,192.88468245605384,1.3069981759413971,-10.619012066081353,35.69120671032941,-10.459310981738824,0.030590529438974112,96.30886063658846,97.8286565868182,0,0
2.608333333333395,5.204571748001172,96.0863353751356,-10.240646899203512,192.75460396679716,1.595378774807034,-10.613381724573063,29.16489272648153,5.610008693971011,0.03174045602269082,96.22718645426109,97.89437640421221,0,0
2.616666666666729,5.554636004935162,95.8275485743111,-9.764723131866447,192.83218238469374,1.822468883949555,-10.596070200510013,26.768084481709344,8.272727955362617,0.03144489911288639,95.98840058522319,98.20683145814623,0,0
2.625000000000062,6.060268133258091,95.72252159276383,-9.6429336204219,192.9348900170715,2.032712312708052,-10.462394951464521,22.01550611515564,14.053172893521278,0.030540659804625392,95.914169912084,98.47250946320048,0,0
2.633333333333396,6.345638654387471,95.64262918209215,-8.901203855434062,193.0397587652892,2.2086442684479466,-10.331640432226939,18.567826752189983,20.966385645812714,0.03096024812042364,95.85290630333148,98.58330009471878,0,0
2.6416666666667292,6.381040291653676,95.66083903995997,-7.556994328016401,192.42234316358417,2.321998629777175,-10.102032105845987,14.848111562231892,28.16336773535141,0.031130886425797755,95.87342593770622,97.76020401638525,0,0
2.6500000000000625,6.667467343917849,95.61624842213263,-7.14847951965055,192.8058109509912,2.4202671413682912,-9.826369739934437,8.816870411577446,43.20083305629786,0.03386982841983377,95.84843286723675,98.16665142647912,0,0
2.6583333333333963,6.822001893546769,95.61054133645865,-7.440727341433558,192.61287567718756,2.4764986508978626,-9.440302917262501,3.1835613628202477,48.06191466270998,0.03193557519790424,95.85361403977538,98.04528705032648,0,0
2.6666666666667296,6.7433808335590015,95.61207007545272,-5.630193767966205,192.80264510237487,2.482607653974154,-9.00691534680673,-1.9963489192703636,54.66253176807239,0.031194592674390176,95.84957552947061,97.97506428925317,0,0
2.6750000000000633,6.755186164131203,95.67512066800288,-5.346817416052261,192.7062064843414,2.4733756515373497,-8.523354377028406,-3.579249786245229,57.48239381475317,0.030283666061200698,95.91330071970718,97.78287224945086,0,0
2.6833333333333966,6.46002629954063,95.61712362182817,-4.318036026260529,192.821416022241,2.420621369843819,-8.079491187470497,-7.793481120780496,60.56044553959911,0.028453846136287986,95.8350993608434,97.8000055652545,0,0
2.6916666666667304,6.450110093562444,95.60950367175519,-3.3919525978321303,192.7008696735909,2.354086818691548,-7.580458835678597,-10.961582178495448,67.74323519102248,0.02932054466824363,95.82682877241866,97.58893149391356,0,0
2.7000000000000637,6.297668966201911,95.65619276881341,-3.019520892459184,192.72599773573552,2.2275803835111176,-6.910343521932087,-14.63996506076966,74.73352918368393,0.029621776101525832,95.863276855281,97.51593235558296,0,0
2.708333333333398,6.094394979228127,95.7388936177664,-1.94422221468119,193.04846194083677,2.1005654339786117,-6.29579350122974,-16.67016230488679,70.9778252597226,0.024899296410809235,95.93267118827053,97.64103365702617,0,0
2.716666666666731,5.994986064753107,95.68350560460897,-1.2286498236468333,193.19092868311145,1.9266554794464683,-5.667596805627772,-22.138910291907784,83.06712472864027,0.0279372490871328,95.87112757605296,97.77463101877838,0,0
2.7250000000000645,5.314874018549972,96.0844882004103,-0.7684888142157433,193.17127984096345,1.7162947280896235,-4.90948813870423,-27.167371007552156,90.34801245101717,0.028599649650689063,96.23137096897167,97.27719370135662,0,0
2.7333333333333982,5.174943074491011,96.06448491848425,1.0301236417226391,193.16617613616472,1.47380374588517,-4.177678809800212,-32.86260272967395,97.07905094753157,0.02918541028152566,96.20376966875004,97.19011248817453,0,0
2.7416666666667315,4.499730941022506,95.87518158770331,1.7773707237834628,192.93393692457852,1.2213265832078561,-3.422101697658871,-33.29985629001833,96.92396516134819,0.027562165811990447,95.98071693322925,97.09692699924034,0,0
2.7500000000000653,4.283120656801884,96.22036974263494,1.8532713930388809,193.0922772612853,0.9260313015220532,-2.5063633208141716,-35.78346322782739,104.40046023606875,0.030263027481665983,96.3156512513418,96.90237682196735,0,0
2.7583333333333986,3.37921182352153,96.22830974445952,3.787358999514254,193.18959153159562,0.6041109002637433,-1.6594784144877697,-37.82026488944424,105.68424189689081,0.029527089300793286,96.28762469198142,96.96214080723301,0,0
2.7666666666667323,3.0973941554382236,96.40807518170351,4.377291924406336,192.75413841473176,0.2969005002581112,-0.7153396893956322,-36.484723216779024,109.31721772698528,0.031992488223018256,96.45781881628436,96.35456418251128,0,0
2.7750000000000656,2.604502365636506,96.32964833858921,5.004921989441584,193.12397180522078,-0.00692068773590226,0.1989398195243046,-37.69867053958856,111.33689665706385,0.03283579588130481,96.36485138061941,96.82408310814645,0,0
2.7833333333334,2.294565161592857,96.34549760884045,6.5592844399265005,193.11313920728776,-0.3002734355665235,1.0934008304279343,-33.640617590809285,114.06847437986379,0.03699618931424675,96.3728174267821,96.86157282972718,0,0
2.7916666666667327,1.3040366808122599,96.27962263514968,8.175661491582616,193.07600802161818,-0.5580504783707316,2.025185407828934,-31.08274035907982,111.47463037001096,0.03690451861390098,96.28845333907763,97.03998892943943,0,0
2.8000000000000664,1.1013149535429534,96.45188119783631,8.065467719313006,192.6095530529828,-0.821644637841628,2.9497842141988624,-28.337593431969804,103.54666027991763,0.03325752326763931,96.45816855626292,96.4095289914177,0,0
2.8083333333333997,0.9362860666490178,96.49446572202987,10.363634718977949,192.26493002760236,-1.0570035824025807,3.7865211732436714,-28.725410048295966,105.61674179717335,0.035879281113981865,96.49900800826192,96.23334523915035,0,0
2.816666666666733,0.3192430238966608,96.37568817613538,10.510373529359242,192.71148363550907,-1.304248272476159,4.670533004541385,-26.346442616773455,97.0646868781602,0.032478740343404144,96.37621691855303,96.8733432259342,0,0
2.825000000000067,0.30171515444931174,96.38417444675667,11.968245699939473,192.47950903625002,-1.5128899141513945,5.432168159265833,-23.680497244808034,85.53135577708315,0.027788484558936677,96.38464668097947,96.8009362807795,0,0
2.8333333333334005,-0.2764561135293775,96.36521968029263,12.6217322341044,192.06125632272835,-1.7017612442222625,6.100947530273101,-21.309399481483116,80.03568074255891,0.027154722331470982,96.36561623324869,96.56135195678154,0,0
2.8416666666667343,-0.6877946163512547,96.50642459688464,13.3735612097434,192.1322105100785,-1.8457797315575133,6.743080545279489,-20.76528090402617,79.07926917447732,0.028582492596362474,96.5088754981036,96.65408764860402,0,0
2.8500000000000676,-0.8913821412853622,96.31412203350584,14.35775992740389,191.66835380234176,-2.0040462086642554,7.439788321913936,-16.31277197813595,70.79135364132733,0.027793802506649534,96.31824679263455,96.56586275727021,0,0
2.8583333333334013,-0.982483613259717,96.55863668575671,14.829696922087237,191.86259192243278,-2.1312297186033233,8.00343169345302,-11.451202187770921,70.75110878947756,0.03170983280195383,96.56363493915443,96.6067747988554,0,0
2.8666666666667346,-1.0095834052850137,96.52044781465952,15.227662239341385,190.53036286860754,-2.2048634892459567,8.53956952885312,-7.32971595861627,59.54317429935958,0.029222077509067468,96.52572768435697,95.4018462849355,0,0
2.875000000000068,-1.2306671246406609,96.41842868349812,16.602513897326446,191.39311114182192,-2.2690077961986637,9.015439746111468,-2.28851068998075,54.89229953686516,0.030838669093347093,96.42628236827593,96.63442788893452,0,0
2.8833333333334017,-1.2040960310514492,96.60277812922658,17.46811228511899,191.06682583289438,-2.2691096067756877,9.450026157521702,0.3147177098287985,49.49263102618325,0.030891359536966867,96.61028200733382,96.29178403147016,0,0
2.891666666666735,-1.1625196687109565,96.4101679013188,17.78103794173859,190.30276395570388,-2.2325065211862487,9.78367740028002,4.559474873834401,39.068158201511544,0.029253135776628802,96.41717651300841,95.78453929926452,0,0
2.9000000000000687,-1.0792422709956782,96.56237584407256,18.216425320647716,190.58552208899567,-2.181443590094491,10.087703370349573,8.676288484829897,31.489152539895493,0.02909454406234291,96.56840680331965,95.98267977922578,0,0
2.908333333333402,-0.8951831412095999,96.33696462723037,18.571626146721314,190.85716608361236,-2.0742394550042156,10.336172761801238,15.350929466622373,19.767435062101203,0.02870133128681962,96.34112365155671,96.50401622320031,0,0
2.916666666666736,-0.7367106929303304,96.29124351429869,19.520214914873065,190.2834660859637,-1.9426800115484852,10.467405243794685,19.673318755375625,9.27685514749094,0.027763650979383492,96.29406170774524,96.15030389469135,0,0
2.925000000000069,-0.3069194030336462,96.26486128797126,19.65429598070523,190.17184912220978,-1.7619515790107658,10.479294799791177,23.842311071324687,2.3104286199796653,0.027627056517995463,96.26535055933836,96.00506488563941,0,0
2.933333333333403,0.11009325491818345,96.35774923208072,19.79518370632462,190.1931280954563,-1.5318097099051577,10.455860106176484,29.71215102125978,-4.787255496002959,0.02835719576825735,96.35781212541788,95.87794904206747,0,0
2.941666666666736,0.39574621654122666,96.2714771487415,20.59222916626345,190.2222569769923,-1.2713647188471342,10.416331171474297,33.81234060655742,-10.87956478195504,0.028642719939312666,96.27229054857146,96.09707047498836,0,0
2.9500000000000695,1.1119891188031943,96.19494188580762,20.59480589850608,190.1100314321081,-0.9637785418135647,10.323995767161966,38.76474832186613,-17.165741563671638,0.029349628012858897,96.20136882713386,95.9146714228908,0,0
2.9583333333334036,1.3685897726948042,96.20513961283342,20.48508328136768,190.03973580013525,-0.6191947074715464,10.16107474659786,43.32682317040772,-23.205202156128305,0.02988967607627213,96.21487372485969,95.76205806947307,0,0
2.966666666666737,2.247063689236427,96.33372451685426,21.114622889435395,190.22227738051993,-0.25322436045346786,9.904972637679673,45.97829616474439,-27.170790374396088,0.029597908879919643,96.35992826124692,95.76557392406916,0,0
2.9750000000000707,2.9620410862960966,96.22254020920064,21.66079518506791,190.3478235138263,0.13771842176529145,9.654687181489136,49.792334877706196,-34.8874436294648,0.02963255946321164,96.26812001752263,95.96464120717786,0,0
2.983333333333404,3.4898280645799105,96.31884855765873,21.833494769653555,190.60257655492882,0.5887680300706969,9.354812640889858,54.88750391425494,-40.66150029090929,0.03090255453591162,96.38204961191438,96.05160838450358,0,0
2.9916666666667378,4.444342389477072,96.14565570282275,21.856035810397657,190.3190162977761,1.0532576495733734,8.946031233497047,56.86662476856217,-46.88239829951802,0.030205786397010215,96.24832097133246,95.76945710157932,0,0
3.000000000000071,5.094837740918365,95.78130556902158,21.80487904624175,190.7392557426051,1.5409258432134407,8.536249226318837,60.367139397301834,-56.280079684052076,0.030669016239306846,95.9167131844736,96.41699944301516,0,0
3.008333333333405,5.851833882394601,95.68509603648641,21.83556699395467,191.05490505982448,2.0589215817384963,8.08350257958524,61.089028884679465,-60.35994079590894,0.030163194658033188,95.86386995786665,96.69994931399683,0,0
3.016666666666738,6.932768790934176,95.6885471226716,22.252617744055385,191.026514774207,2.5518042090771487,7.603918292875024,62.32736084916275,-60.91340918396906,0.030163125618492437,95.93936279523798,96.56099547887675,0,0
3.0250000000000714,7.901735614662925,95.79030627027748,22.277346993092692,191.2088360924123,3.0667870492969236,7.016937549387283,62.20555296983376,-66.28738103871008,0.029529076506938257,96.1156605401929,96.49535758740556,0,0
3.033333333333405,8.454692435763093,95.88907128851639,21.528605835664507,191.1311559651154,3.585675642984907,6.4553422155882085,60.43467748213161,-67.77673704253056,0.02852592533684417,96.26108152705083,96.13522718094848,0,0
3.0416666666667385,9.463852718531598,95.05645981647291,22.08002597666234,191.0933437161633,4.071967626090783,5.849663449377526,58.57292493339171,-73.86908454150074,0.028339748077244042,95.5264102807113,96.86201988830186,0,0
3.050000000000072,10.126147955471481,95.11447736250682,21.860014549512755,190.8906783598568,4.575398429929664,5.242939609147387,56.91633399587756,-75.54770911363761,0.028326315215176034,95.65198731003407,96.49230177963183,0,0
3.0583333333334055,10.85247830186779,94.95819863170226,21.355574282057262,191.53877617522193,5.046283288283264,4.649402150341149,54.86801549081768,-73.20561115152137,0.027779948891996753,95.57633479408139,97.1500024900097,0,0
3.0666666666667393,11.7064584963382,94.7387617791407,20.56112369375404,190.98497252650395,5.487474892785568,4.054792740462563,53.96847653820181,-69.77465608647938,0.027612337057258518,95.45928008303467,96.65266772823288,0,0
3.0750000000000726,12.401259337258807,94.94191991614258,21.084717809781694,190.99408466051693,5.924754596583239,3.5643000637328326,52.163392096335365,-61.35677233999468,0.02704931642777364,95.74841716975367,96.44387384963579,0,0
3.0833333333334068,13.0780305876861,94.95094142427348,20.294281590930723,191.03324841925013,6.357484900471809,3.000949074542918,48.72106244170452,-62.87686230702379,0.027329611553160493,95.84735865639838,96.352913791015,0,0
3.09166666666674,13.911126160046933,94.80367077454844,20.90423106038213,191.13739242314745,6.741149490824523,2.400463939194314,46.30225232903738,-62.635521969878724,0.02786148954866574,95.8188677838019,96.58721159044217,0,0
3.1000000000000734,14.261335477228897,94.56682724533334,20.427745887213177,191.17287495753237,7.104540657114993,1.8358811599017613,40.98585563924149,-63.988141438879275,0.028506129154128867,95.6361359782106,96.8026501285788,0,0
3.108333333333407,14.89463600501648,94.51192621013172,20.093230612127684,191.20482824878985,7.430911390553144,1.3614567431106717,36.42671398560456,-63.05440774119171,0.029278679464933788,95.67839033800327,96.83254974721375,0,0
3.1166666666667404,15.419889589812499,94.42405052008996,20.036303981945593,191.68676210234366,7.719839183488009,0.9301290903424795,32.609078976415006,-59.50329399196837,0.029581089131409666,95.67483635513838,97.37220520339754,0,0
3.125000000000074,15.815074573996924,94.43612420242835,18.253196772163733,191.23058419533305,7.971444154223975,0.46455655620593395,27.31843183735553,-50.55803049788105,0.028567538780465362,95.75123047855602,96.82516163255926,0,0
3.1333333333334075,16.08132301389753,94.42442745765146,18.59296279695178,190.84578176114633,8.180059392579329,0.10376244216776911,22.576593409216596,-43.421832034790775,0.02815932509826702,95.78403546824802,96.45406108671583,0,0
3.141666666666741,16.352874036273192,94.38162062493268,18.62391398587056,190.8383850291591,8.346154411699825,-0.2533491403479501,18.589172608747525,-31.698962025871268,0.027108671822591468,95.78782177831864,96.48349611091581,0,0
3.1500000000000745,16.685301970403145,94.25381336550134,18.93600998637453,191.22950139252936,8.500116324133744,-0.5984765703501619,13.97816789928093,-30.078856042938078,0.0278504906726873,95.71928037643356,97.00180284349679,0,0
3.1583333333334083,16.73916022392467,93.895899206747,18.377062309867426,191.22214210251627,8.596976840140085,-0.853228296508191,9.882980558480586,-26.61731420249644,0.028169886198362803,95.37630404270138,97.34002403661823,0,0
3.1666666666667416,16.794123956817486,94.18542987344341,17.77108582804442,191.23495846801876,8.636808075065666,-1.044617202972235,3.5097585668510383,-23.26144721443181,0.02863106954717365,95.67098724233108,97.05444582772667,0,0
3.175000000000075,16.816737312864063,93.9043942043395,17.740386397542693,190.622788264402,8.623981306135043,-1.1323410482898535,-4.098465275738749,-22.932555321050913,0.030259627672355904,95.3983118547381,96.72280432860268,0,0
3.1833333333334086,16.78923153197121,94.01899427663517,17.161956794498224,190.81735040492754,8.567856151219317,-1.227107615473702,-11.3027680905704,-7.749792990786787,0.028630696389677635,95.50628031822878,96.79907372109014,0,0
3.191666666666742,16.725817445529174,94.28149979517758,16.545914675356755,191.71500985147543,8.442253989956995,-1.2422311644241344,-18.81539392730174,6.615582941446039,0.027834736839124297,95.75361180054378,97.43367614381287,0,0
3.2000000000000757,16.25011698632568,94.33458909666757,17.15545669902974,191.61346519607292,8.25481467374257,-1.1496681539824227,-25.51250916082723,21.82825470536007,0.027357720308197386,95.72398342163986,97.28308884466435,0,0
3.2083333333334085,15.76201048884974,94.48241360564293,16.76743443599753,191.3009251818948,8.031510476560422,-1.0332718687894211,-31.247514752599656,23.643643559295423,0.02766306235281135,95.78813838570197,96.82373191090247,0,0
3.216666666666743,15.4123859862583,94.51579121220959,16.917156665945527,191.16918042053538,7.7614293510981005,-0.8685594966502531,-36.025636482482795,23.640716533641115,0.027956386951064616,95.76417091093833,96.66510218405894,0,0
3.2250000000000765,15.011299974353676,94.82456152014026,17.00911103345595,191.08335745123293,7.4469558333786985,-0.6557930562284315,-38.93518084950582,24.916038491162897,0.027356211872619607,96.00539877739635,96.2795255655719,0,0
3.23333333333341,14.226705168266506,94.40264051254024,16.229035393389893,191.78266434134912,7.108318162445793,-0.43269614916333027,-41.300483534629976,20.424708013735607,0.02753829248183237,95.46862141921127,97.40060763275467,0,0
3.2416666666667435,13.708544715616199,94.60122211221625,16.06095267990304,191.62470212801634,6.736342938846387,-0.21555665529608986,-44.88099114959192,19.11811703755502,0.028131940014100465,95.58930600932786,97.05199378481001,0,0
3.250000000000077,13.173093481139972,94.92684503967183,15.108015811315738,191.8731179855759,6.343633035146963,-0.04294428423735265,-49.919577404333964,25.91717317091763,0.027951635794929874,95.836508184766,96.96558029798793,0,0
3.2583333333334106,12.383215371289907,94.89840169664058,15.57277693851762,192.0613889203458,5.895224324456255,0.20823239698476817,-55.96976982322304,31.75784213674426,0.02883750102333993,95.70292925249835,97.2153248681762,0,0
3.266666666666744,11.615178136430472,94.8876508878567,15.364472606758227,191.97554761193777,5.410384880083435,0.4949773108619495,-59.936589211254535,40.92655353227814,0.027813623229144824,95.5959133758174,97.16026399372875,0,0
3.2750000000000776,10.773447179025652,95.03997622103532,14.684595836799133,192.64874533785894,4.8991024968120165,0.8881264389714452,-63.68124137805492,52.7213798446162,0.026850627079986644,95.64864998636529,97.68709685687554,0,0
3.283333333333411,9.756366571596288,95.096109494333,14.650803296760671,192.4841794104898,4.363782395738915,1.3500856685741687,-67.65711491908307,58.1674720697927,0.02736671816954095,95.59527566589017,97.51098231917716,0,0
3.2916666666667447,8.905345832434534,95.79353035831502,14.473218722168099,192.54590598717465,3.796067584132035,1.8379192021704092,-69.20905152610116,61.515994592169015,0.0267533391026622,96.20657796068147,96.9124522357379,0,0
3.300000000000078,7.870893621335483,96.12429318064807,14.39232033523399,192.65937551898304,3.2051171394895954,2.41112616062295,-70.43563413716282,63.99744788241554,0.02637776557299487,96.44599891067313,96.75510905607963,0,0
3.3083333333334117,7.004219079695304,95.23449306588265,14.60471880146298,192.6954145130482,2.6371248255427533,2.8174374232283155,-69.23156428163412,60.085931910104925,0.025079061430429483,95.49171563246739,97.75683508252078,0,0
3.316666666666745,5.9796077912568535,95.78050847163172,14.58232087973596,192.44076366483444,2.051020849862696,3.3336354658047957,-68.97105471377154,58.58072214009085,0.02467790510548351,95.96698136557998,97.04231863727166,0,0
3.3250000000000783,4.995446772876846,96.05827436774007,13.92261710019352,192.37757196820553,1.46300293694889,3.8524224888750185,-69.52379397403867,54.27339321406211,0.025615273473644784,96.1880791105045,96.73211183624575,0,0
3.333333333333412,4.064461254528055,96.06322527951204,13.854025127924956,192.12623141048488,0.8742748193135841,4.2991525302300095,-70.69285047981361,50.97444746044367,0.027322881976044933,96.14917106450706,96.56053390361221,0,0
3.341666666666746,3.071102260125315,96.18409218446345,13.635535516289735,192.24146810960445,0.2884094823803284,4.682171782152311,-70.36540989632559,43.63144744600389,0.029161185697500258,96.23310895134537,96.63657030155723,0,0
3.3500000000000796,2.3101174463561165,96.29357343233954,12.558658126155876,192.47624075716612,-0.28134047631062126,5.047369021418919,-69.03381191297008,41.09346426189581,0.02938608822786204,96.3212797204508,96.7271320767021,0,0
3.358333333333413,1.0005273225020233,96.50274577693881,13.454173944356228,192.78527364078195,-0.8481981928530068,5.357225750641303,-66.15559408439883,37.28416580409956,0.028824248289765375,96.50793230305763,97.08459448354178,0,0
3.3666666666667466,0.1677217192692524,96.384737411792,12.344151603420812,192.4722158569772,-1.3754630544025885,5.615433257245287,-62.92144973410669,31.532164632636626,0.02872288910241272,96.38488334025834,96.8559185526501,0,0
3.37500000000008,-0.6616216843470397,96.4608642208832,11.729188209688516,192.67024028962516,-1.8717313163200155,5.877896180645473,-58.18465254287134,25.13926992435808,0.027899221305609956,96.46313321416044,97.00400101731242,0,0
3.3833333333334137,-1.3449712965623917,96.41599549490581,11.19670749957811,192.05136897179528,-2.362261940026462,6.0591106337832255,-54.859716385482464,19.61668786318388,0.02814344836593774,96.42537599129327,96.45422938933106,0,0
3.391666666666747,-2.092418766056312,96.44853735989363,11.221199934910487,192.0765693934187,-2.817091373121812,6.234837188022852,-51.106796346704435,15.63324774886668,0.02773434042032763,96.47123185258569,96.5503648544097,0,0
3.4000000000000803,-2.823560145066608,96.54060933145229,10.229699795909085,192.26433778989946,-3.2331280002567393,6.378141158564073,-46.34198313326296,9.110860452156102,0.02755339678638702,96.58189137711531,96.60962573715524,0,0
3.408333333333414,-3.3609328916748495,96.40630986414902,9.87130711541289,192.16484246110753,-3.566683254686041,6.403904849416796,-41.719422364347686,11.978142500277883,0.024209681318774212,96.46487677660019,96.66844749310883,0,0
3.4166666666667473,-4.0054319941480685,96.5212399727053,9.631532447007771,192.4411799879299,-3.875975032995788,6.458328965124951,-35.23866785445671,1.0246623341243395,0.024344572141978826,96.60431279879957,96.88447600980064,0,0
3.425000000000081,-4.696857764700553,96.3641131951594,8.66564122615199,192.4561421854117,-4.154217705257523,6.348594643649334,-29.814630022775518,-15.328742894657006,0.02753646609749616,96.47850944511592,97.01667080839262,0,0
3.4333333333334144,-4.833750109728328,96.5623624637829,8.586171463585117,192.02619434066634,-4.391884029326776,6.1835043889203485,-24.238977736708982,-26.184587772784905,0.029018148504773578,96.68327148328343,96.40247658463836,0,0
3.441666666666748,-5.057678568200458,96.38701507157862,7.795730922022017,192.4263480545585,-4.5829375891022925,5.97715920459933,-19.532084941545136,-30.640358436320124,0.028145011926092867,96.51961866329538,96.89563259166549,0,0
3.4500000000000814,-5.183828093967804,96.39095749563847,7.128133452583711,192.35829161102896,-4.737519650020898,5.713800913099274,-15.791777635495087,-40.46788136756661,0.030688554954225733,96.53024790517112,96.75388164998215,0,0
3.458333333333415,-5.580647600841019,96.43065392201612,5.609587425766563,192.16486072334334,-4.850261131596384,5.395010367360843,-11.603274597938622,-42.86570489602639,0.028957952469787163,96.59200092902319,96.38599333839954,0,0
3.466666666666749,-5.83870624056317,96.4442617719468,4.638731635308034,192.3774636962841,-4.930169030194563,5.0263008877048145,-9.306919244348853,-43.40428096984626,0.027392783679272004,96.62083687952298,96.50365762963814,0,0
3.4750000000000822,-5.82522530714067,96.50418720849024,4.978988622600468,192.30435806967597,-4.971201657223496,4.657031646028878,-6.030369441942981,-44.30679213506977,0.025462934505355417,96.67983967017261,96.40748817219539,0,0
3.483333333333416,-5.858790830374176,96.33534344069398,4.153664247776192,192.4709910965218,-5.004198719086599,4.2562866858071144,-0.409349574865247,-44.490999287574844,0.022234395663656592,96.51333496377863,96.65563618795053,0,0
3.4916666666667493,-5.840434489160145,96.35052647734221,2.9083351775376514,192.58177858480838,-4.996255458477258,3.7676470617873417,4.856305765393767,-56.88198515192982,0.02499977494595207,96.52737760595797,96.62812661358825,0,0
3.500000000000083,-5.69092363312069,96.54242112641333,2.7493586059910626,192.56437858590766,-4.948915805995718,3.2635624825310994,9.581405340949688,-66.52631115811157,0.027128486669036,96.7100082139783,96.39219200033168,0,0
3.5083333333334163,-5.627967862291541,96.38328791272335,1.5626384651113767,192.44987843131764,-4.8454791985971575,2.692830571644431,13.054678368749407,-79.46203338537055,0.03223506744856719,96.54746092531853,96.33532391196367,0,0
3.51666666666675,-5.281852112466311,96.34691732752435,0.9268551740217958,192.7683920111603,-4.714852369882568,2.0464805907433514,16.85156603913209,-85.45488646714733,0.03317278891606046,96.49158740664792,96.62116137956704,0,0
3.5250000000000834,-5.150297859974614,96.74236740431701,-0.34499891443044817,193.12059265312365,-4.549619694094831,1.3287963736860577,22.118977589412662,-84.05193433294801,0.028769738190937755,96.879364258021,96.49794401988966,0,0
3.533333333333417,-4.803525011454042,96.51618804274415,-1.8171396025696254,193.2210209032587,-4.347840930509966,0.6001077269076344,26.347504183483128,-88.69155645910185,0.028992870973486795,96.635647702274,96.75093382696859,0,0
3.5416666666667505,-4.392944007300798,96.64073861753604,-1.682561546138345,192.9958873113411,-4.107514109087469,-0.09862145902043684,30.786254874562506,-88.54141449976132,0.026567885807944336,96.74053089369626,96.39326144960062,0,0
3.5500000000000838,-3.884423666257419,96.76829418218523,-2.8636957211963363,193.1729783682651,-3.8314680679701523,-0.8819687953640742,35.24901847753135,-87.46394338090337,0.024183736562592095,96.84622608108653,96.41008774270266,0,0
3.5583333333334175,-3.4003004200433224,96.56516526150159,-3.3333459142701827,193.14209735847516,-3.5282024533262644,-1.6346127420473175,37.72824912717456,-89.50439039670789,0.02428456079721064,96.62501324671403,96.57695530595943,0,0
3.566666666666751,-2.80714401260326,96.44191702098686,-4.229239618143026,193.76583821542584,-3.224124630647481,-2.380498720522287,39.04637248429903,-90.04927376774293,0.02415364561781752,96.4827622748769,97.33431045922431,0,0
3.5750000000000846,-2.3238989753048713,96.32610740095987,-5.311666898596741,193.80614741884057,-2.9071441297001464,-3.17513585488593,37.937139733945735,-97.89207499614919,0.028815747793188518,96.35413573619286,97.52581688481811,0,0
3.583333333333418,-1.6812717221082494,96.55113077284597,-5.452313340646754,193.5419468816599,-2.583267520767418,-4.002896482450153,37.75637605090269,-104.45595650855357,0.03346494134969413,96.5657678896552,97.06409822556695,0,0
3.591666666666752,-1.169565230098101,96.60464756360398,-6.999150523653896,193.44884925790757,-2.2499613509413208,-4.8763125328819115,38.32242037553303,-100.77508003982501,0.031872732014264216,96.61172710243612,97.01950044450753,0,0
3.600000000000086,-0.7628212432680925,96.63156914049591,-7.653488427278148,193.5346188218261,-1.947961772776429,-5.651281192109249,36.52322583577304,-97.16305797505656,0.03131693936706492,96.63457999496673,97.14773456845577,0,0
3.608333333333419,-0.2903087249652003,96.28865748947413,-8.56947119573141,193.32090769932,-1.643661157042582,-6.428391202979775,35.360054573076724,-89.43564642312144,0.028669311548700005,96.28909512650462,97.38481458627663,0,0
3.6166666666667524,0.2783383539001534,96.51129001851257,-9.81566179150144,193.00089334960677,-1.3723436603794017,-7.1080792950456075,32.90224918821576,-80.2152178549179,0.026037334617288632,96.51169138128652,97.0161449962184,0,0
3.6250000000000857,0.9013821376887563,96.62158250234324,-9.790513772130282,192.91371231982657,-1.1006716051867742,-7.735308403499414,31.257795241028845,-70.8448333324243,0.023810646972220795,96.62578690502482,96.88390425108531,0,0
3.6333333333334195,1.2643742434853493,96.26127280680606,-10.190245865861868,193.07843862273444,-0.8376784813017656,-8.401961747874818,30.91259317503652,-66.85132974449829,0.024240055714425335,96.26957611111585,97.49241980009744,0,0
3.6416666666667528,1.4002028754386515,96.20998435544743,-10.913207554191558,192.9208046535798,-0.5772922400174998,-8.987367702513078,29.628521394244924,-68.46215153660273,0.02679498822913251,96.2201728213363,97.49155265532588,0,0
3.6500000000000865,2.025660676035045,95.87009819516368,-11.364981709466804,192.84566179966572,-0.3285957593327964,-9.518735812354686,27.49557068281673,-62.115787513649806,0.026518668815216806,95.8914961251766,97.89570593191112,0,0
3.65833333333342,2.2227068725982804,96.14802729799243,-11.854532350579632,192.94388836451492,-0.12364301727946556,-9.960942246518,23.959694970065,-56.606032650413205,0.026648718347991984,96.17371563549467,97.81414715549128,0,0
3.6666666666667536,2.82538324062034,96.2073150240688,-12.534158361478262,192.97381042791267,0.04512886098576469,-10.364775880180893,20.487118402508838,-52.917187495637826,0.027432215844752417,96.24879352281147,97.97790644307896,0,0
3.675000000000087,3.0783701866403135,96.17675297102454,-13.510006171084854,192.87125798910785,0.1839145252439191,-10.768123204064947,16.523429917972148,-42.48081164763568,0.02650333111928793,96.2260057108029,98.10709215381767,0,0
3.6833333333334206,3.210340839290268,96.19828357604075,-13.198338351555833,193.057340153516,0.30612570500279584,-11.161752779619547,11.152209818775768,-36.85829370947176,0.027396720611331027,96.25183661250712,98.23910419922741,0,0
3.691666666666754,3.2733596215118723,96.1614550072394,-13.042340213916589,192.84278498323624,0.3930738559465397,-11.446976252444673,5.273306392343421,-28.33147340718818,0.027528225464150236,96.21715186140707,98.04836371427821,0,0
3.700000000000087,3.216048205188315,96.19192327849396,-13.871616467196134,192.93399162112837,0.4377748929433224,-11.681549587568373,3.1237280632866407,-23.2856567719934,0.02785134168664749,96.24567039651063,98.23958505188631,0,0
3.708333333333421,3.345563968208751,96.16888053119652,-14.29785992051552,192.78657448313788,0.45796642668893656,-11.824480982656064,-0.23629439358547566,-14.914466654635936,0.02755920012756441,96.22705638690672,98.21542236893457,0,0
3.7166666666667547,3.345269230959161,96.1618522175666,-14.459912861290945,192.68527253368597,0.45120401728761234,-11.860091830815414,-0.10141632014176773,-8.723980892061517,0.026969335350499613,96.22002207514153,98.15189849850297,0,0
3.7250000000000885,3.3316818210516317,95.916749524576,-14.934835111547727,192.69905304899055,0.42505302249296406,-11.86604134076017,-2.785785135468607,-2.1793125850050163,0.026757970324328806,95.97459530061576,98.49101439390725,0,0
3.7333333333334218,3.2495461700240185,96.24327953246836,-14.176369545874707,192.62174792359542,0.38958801216987143,-11.92227314871648,-5.6783699345377245,6.730030549025702,0.026998782872442284,96.29812254387913,97.94116452216139,0,0
3.7416666666667555,3.23724477751,96.16692390784277,-14.478812293432611,192.92952491312093,0.30533814810964754,-11.849726224851894,-11.460974965266708,17.760003576358667,0.027308185946500974,96.22139578932712,98.37103044823488,0,0
3.750000000000089,2.9001665228308298,96.23487009704138,-13.959965925277459,192.5852145519637,0.2015145082031177,-11.702617316372168,-16.546561297011504,20.897392770049983,0.027179885428885164,96.27856037797085,97.81438004071761,0,0
3.7583333333334226,2.797910315736658,96.25277841441203,-14.01920643277117,192.75169769084772,0.020580944077916066,-11.479325802120268,-23.134378631398718,25.888074785818368,0.027311182078719742,96.2934351585237,97.95334010258657,0,0
3.766666666666756,2.250386343979528,96.2568152531951,-14.480772359158436,192.800815950198,-0.1796344376584887,-11.235867694555823,-27.749660951983635,30.05689387773923,0.027320189849699528,96.28311753046276,97.98303803277629,0,0
3.775000000000089,1.9721766129891876,95.96893890283383,-14.36080223989245,192.54154649207481,-0.42214506676689856,-10.926106249711154,-31.896308249369042,36.26220663520198,0.027255499972938857,95.98920103182792,97.9440387915171,0,0
3.783333333333423,1.2941854828528676,96.1703181624984,-13.80601091630433,192.83186313669086,-0.7027377355073059,-10.543982805632288,-35.46815419080273,51.98866541562518,0.028189566266016097,96.1790258400458,97.83389089722922,0,0
3.7916666666667562,1.0155322890752814,96.32785836331283,-13.868326654452687,192.87106432606112,-0.985983950131587,-10.134911861975086,-35.65485378190566,56.39756714103456,0.02758438493189308,96.33321131724308,97.68377487902724,0,0
3.80000000000009,0.18492221977317058,96.10212424348435,-13.356774074421253,192.79457388481256,-1.3059533895082296,-9.642505902620929,-38.51541209649088,67.96475722419818,0.029099371855884293,96.10230215940443,97.63609658402466,0,0
3.8083333333334233,-0.002473923622289931,96.44565192928593,-12.923267574356998,193.20837420745443,-1.6342577579955304,-9.027133769323646,-38.7759740587696,75.9468370548013,0.02986613072193567,96.44565196101519,97.62157205887863,0,0
3.816666666666757,-0.7675594308713016,96.26022394955095,-12.20358746580871,193.19801599108456,-1.9561765913903775,-8.366207224303329,-40.19707249122626,80.63971206130462,0.029803277943160733,96.26328408223782,97.61003157003634,0,0
3.8250000000000903,-1.3079630745002646,96.551226816221,-11.499823330723473,193.22620257084475,-2.329522598325413,-7.59115502906355,-43.05216011254526,91.87251723566293,0.03271119221968588,96.56008578663138,97.21072447338037,0,0
3.833333333333424,-1.744458663375326,96.39319004702281,-11.58752519556765,193.47206896480571,-2.6947013672684186,-6.821663137259935,-45.84249464049995,100.0122081337624,0.035005949944591386,96.40897377044153,97.57660934204836,0,0
3.841666666666758,-2.73267288375024,96.22447000607951,-10.050917710209944,193.51631633016882,-3.0714389949691543,-5.997353739053914,-45.42420248240388,99.70421361588743,0.03361745098313218,96.26326469136853,97.56669548821571,0,0
3.850000000000091,-3.041689692263617,96.54828087836927,-9.237059133711512,193.79983091768815,-3.4099484790577055,-5.1775790080346695,-43.873843487820785,101.77155047943472,0.034028516217558646,96.59618220588486,97.44868694634204,0,0
3.858333333333425,-3.856074479868596,96.68116316323795,-8.659489703302256,193.6660844135664,-3.7694848361433633,-4.390339311181092,-40.109242208644396,94.19929914961799,0.03003853729654571,96.75803129968557,97.10379883269823,0,0
3.866666666666758,-4.6153548667122095,96.20033901687782,-7.508767541006023,193.62596277074147,-4.093071192623354,-3.669974105646347,-38.045341008005856,86.69921670481533,0.026396804461938483,96.31098965075537,97.46857955635325,0,0
3.875000000000092,-4.8040670465244375,96.47761106536643,-7.426260248823439,194.29017185538447,-4.418478036730895,-2.9110538124869554,-35.51001015164211,81.46887488466467,0.02438382878482992,96.5971453877785,97.84770281151805,0,0
3.8833333333334252,-5.2269419449349925,96.50434603202547,-6.52417362601102,193.778560911858,-4.720513548356893,-2.2797967958100913,-32.875076282423024,66.8207118038165,0.01925016463466367,96.64579517581006,97.282864321124,0,0
3.891666666666759,-5.6325985093567965,96.35738635523154,-5.727989438654504,193.38015527243937,-4.969574312747139,-1.709684695126808,-31.04262952309935,69.49957958554377,0.020792767340968243,96.52187353744729,97.0228158104644,0,0
3.9000000000000923,-6.307883688926552,96.45519781540895,-5.9568518765266845,193.19483066382412,-5.227745455194722,-1.0445727872863881,-27.819607983459917,73.5644718444767,0.023600589763977275,96.66123619239873,96.74026972765522,0,0
3.908333333333426,-6.65724890308644,96.44324913541567,-4.868318810473454,193.35407364336663,-5.438526957446794,-0.4264843522674117,-26.49570810295761,76.69634031817112,0.0260424572624669,96.67274314279854,96.92733452276053,0,0
3.9166666666667593,-7.029394656625982,96.53285533719014,-3.9684842314269417,193.0407297214951,-5.627572680955305,0.0865995255041263,-23.437482425681488,72.38943440389649,0.02548889997939341,96.78845255912236,96.5564031579878,0,0
3.9250000000000926,-7.183701263706382,96.37116786966544,-4.0657094384245624,193.02426438320964,-5.80485310294631,0.6832762949024657,-16.85865428018205,65.67586951878585,0.025071580093417367,96.63854076096872,96.70337604592207,0,0
3.9333333333334264,-7.352896367792027,96.38953817043506,-1.8033932850792667,193.32898662949106,-5.927002573876682,1.24350356781324,-11.065991953490789,64.88437069164033,0.027597324438763948,96.66958236025046,97.09816502906227,0,0
3.9416666666667597,-7.662609469738982,96.3078191972524,-1.633537128427406,192.97087265489506,-6.023491580152481,1.7196292383412044,-7.7307696564755535,56.316756327003034,0.02534858321603073,96.6121711919176,96.85089373388276,0,0
3.9500000000000934,-7.641106316958087,96.28406814101265,-1.7354280553921626,192.88525363519614,-6.077866409480271,2.2195740718860413,-5.7935659287545604,49.789290120498016,0.0237399849018054,96.5867914547855,96.78153788099658,0,0
3.9583333333334267,-7.623756825885948,96.29011839881002,-1.2671574440419704,193.03259670248605,-6.099453216784777,2.6052072001636746,-1.5100317902258638,45.307647631269965,0.023942349122402007,96.59145184433814,96.95108799821942,0,0
3.966666666666761,-7.6319706833087935,96.3165653228549,0.5128886183581471,192.7304078102194,-6.107467185607692,2.939678538505458,1.1521108825680717,38.88435124709965,0.02275831771200565,96.61846475753308,96.75726203351499,0,0
3.9750000000000942,-7.638120654559316,96.25933153621361,0.76179791309454,192.78110323518263,-6.066146116869361,3.297045676572852,6.922925159503151,34.819708730874524,0.023863313592388025,96.56189618546382,96.88658856545169,0,0
3.983333333333428,-7.646834307153824,96.26862171523857,0.5433240465342237,192.52968122054534,-5.977239638763781,3.557238751897734,12.825695510920571,40.342409373169524,0.02962322304292586,96.57184683888347,96.60885192849928,0,0
3.9916666666667617,-7.256045197025969,96.32812323589218,2.1399120694117073,192.1031878917031,-5.830164680653237,3.865960682614201,18.91030991445704,33.81057771838652,0.03002202360915307,96.60102234474807,96.2348534720009,0,0
4.000000000000095,-6.917923446393502,96.45353483657044,2.269728359557064,192.52233265819382,-5.665159157051664,4.106829016513444,24.888250000060292,20.568538087629506,0.02734953605548185,96.70130323464969,96.50713372906344,0,0
4.008333333333428,-6.742294602395532,96.50185898650665,2.9632409574362555,192.46324683173788,-5.440853910202036,4.253588968907364,31.24844291319338,12.832910333298054,0.027650456259526113,96.73710417599395,96.45094803933267,0,0
4.016666666666762,-5.925051369745631,96.40273907123782,4.466267176713416,192.32877700328908,-5.1675727075222015,4.320073595160984,36.19823383414031,11.91257656820193,0.02999855585604294,96.58464854298164,96.48722327062438,0,0
4.0250000000000945,-5.539761473945418,96.40358882116004,4.547787935794474,192.2828424018818,-4.823962582740157,4.393010182550481,42.037179492524956,2.3441206009014346,0.029221190487696447,96.56262680140543,96.4084535727562,0,0
4.033333333333429,-4.938301535773917,96.47795313661578,4.7742683193274615,192.56793526833212,-4.454196362156814,4.400692096036385,45.77385883018406,-8.259315756084558,0.02672265387730599,96.60425592844891,96.57959763461322,0,0
4.041666666666763,-4.414031812371775,96.51941354447746,5.141633089574043,192.53274317677239,-4.054396522241029,4.277791937072914,51.007011859032936,-14.356089481642973,0.027217616602915662,96.62029221550972,96.48766863593504,0,0
4.050000000000096,-3.460093013144842,96.39533974418049,6.2675921612763545,192.3346343011939,-3.611848986113253,4.091996849217926,55.1855558172058,-28.54828619058377,0.024580330863988475,96.45741945571422,96.43119878415925,0,0
4.0583333333334295,-2.7228056285766797,96.55456498378209,6.625842627740383,192.5765995582068,-3.1438695867837025,3.8351654157224466,57.35545888401679,-33.07875688924786,0.02353474774431996,96.59294844707044,96.47605064487432,0,0
4.066666666666762,-1.7134659170970394,96.63025726085084,6.804123699368404,192.1013145909522,-2.6561770903086037,3.568911179391911,62.0463820249757,-32.78890884626306,0.025868777824706868,96.6454478169938,95.85025884473146,0,0
4.075000000000097,-1.1271217343734747,96.61548301476279,6.913633034023121,192.3681471313767,-2.143208525079968,3.287031184479489,62.33551754164726,-38.48481445155909,0.0233592018281934,96.62205732429844,96.08967906427087,0,0
4.08333333333343,-0.06105046499664013,96.63846819366489,7.229907343030163,192.67599087619976,-1.597135484883624,2.9523902415414796,64.7142318894409,-44.02167516447795,0.022834164876467167,96.63848747769832,96.31388180712491,0,0
4.091666666666764,0.7853617815530924,96.37745217747852,7.3529379098019945,192.5270963977103,-1.0619777696275845,2.587623325312407,64.22477612053478,-44.088898997248826,0.021530516721118165,96.3806520072887,96.37368489311537,0,0
4.1000000000000965,1.6640470629847641,96.52078414582871,8.428928069883966,192.93596083104,-0.5189513211130172,2.2135580052114916,66.59460245239278,-40.57853227250321,0.023534238218516634,96.53512741356634,96.65221109875354,0,0
4.108333333333431,2.7360588507128796,96.082437848974,8.704205212627812,192.97979101977165,0.05772089280629233,1.8451107409608623,69.12572791038767,-41.87785435975685,0.02494690303793412,96.12138617933323,97.0809755951367,0,0
4.116666666666764,3.5006242748278282,96.20004960662612,8.315825481159777,192.69314480875,0.636856450670855,1.5286033601540576,71.15089483447775,-41.2365441748211,0.026854369220030705,96.26372065649053,96.61316465339287,0,0
4.125000000000098,4.749680947178604,96.15016055001956,9.161267769665585,192.6448745395765,1.225297367555666,1.20325425643369,70.027649431085,-40.58787722417009,0.026248458509256167,96.26740280538647,96.59550675998722,0,0
4.133333333333431,5.399519903578607,96.16172717718831,9.491961281569388,192.97979402128942,1.807802721005259,0.8028884570732598,70.99931933336994,-47.48551820734805,0.025776090777028582,96.3132004913612,96.90452076070096,0,0
4.141666666666764,6.709694807665073,95.738918890087,10.094554138858314,192.7197301112119,2.390181576121204,0.3840662680326689,69.45537895429207,-50.333109597079705,0.024708022594481793,95.97374950815805,97.0398630347314,0,0
4.150000000000098,7.635452879864715,95.89142698183804,10.205588270557428,192.5722178305869,2.9669347874897745,-0.061196688921876595,67.95871480760393,-48.1280613030179,0.025049260290055386,96.19493702526039,96.71494669939085,0,0
4.158333333333432,8.445426122602328,96.30168446175009,10.780236272041122,192.65737391055126,3.526617587046826,-0.3837119995476464,66.36428955106292,-43.843381667913896,0.026024072909744955,96.67129694259208,96.3839728771736,0,0
4.1666666666667656,9.219966794742447,95.01529670933337,10.468033688670744,192.8366688287134,4.072280464649812,-0.6706144609921597,62.650137827513575,-39.451495640517834,0.02565269891414612,95.46158597288654,97.82933360853453,0,0
4.175000000000098,10.250148246833703,95.16812197173232,10.420939851484434,192.3137170282751,4.576281482987785,-0.9898780260933119,59.974058836684094,-33.5055888439514,0.026691774569457927,95.71852996525065,97.1457451907288,0,0
4.183333333333433,10.898767826953872,94.97678290214117,11.430536793475312,192.2270019094372,5.056266114825031,-1.3001437966758462,53.99803775085546,-29.14685954650766,0.025118499997249355,95.60006501350456,97.25167286582169,0,0
4.191666666666766,11.753389380338547,94.83178250904382,12.003442982177091,192.2678769128907,5.470022990762122,-1.584820113510998,50.281145210987646,-28.431474004714502,0.024465987919236376,95.55736044789246,97.43641526389995,0,0
4.2000000000001,12.393158603176119,94.95685044014868,12.684337800017374,192.37660807400368,5.86241145295107,-1.8118315224814248,44.36327624786968,-25.189714510171648,0.02322144060995157,95.76217325059119,97.42019278755161,0,0
4.2083333333334325,12.926835322491854,94.88641416605583,12.328724689127114,192.16168739845762,6.2387972152553814,-1.9941702147419467,39.92558270299852,-19.42153976138771,0.023591962005264477,95.76290860634457,97.2771119984972,0,0
4.216666666666766,13.44196748084903,94.76349332682821,12.240127096085928,192.00261848925481,6.565642626949964,-2.1069750617984258,36.214109798439154,-19.10013044129534,0.02331377623533326,95.71210037012048,97.2465520348383,0,0
4.2250000000001,13.817276251911892,94.77333643027947,12.412050166391396,191.88567225068005,6.847447624721511,-2.1699329042521565,32.95825212024724,-12.38636118229067,0.024344686630286105,95.77527040498809,97.12250217558072,0,0
4.233333333333434,14.314825387914993,94.65786834181955,12.956348176578217,192.0937860460171,7.10373929726682,-2.2414543064763017,28.594074788256062,1.082785773323775,0.02670929205834316,95.7341436735282,97.44538736745254,0,0
4.241666666666767,14.715764009469183,94.63708834924552,13.86790808154393,191.6042021985728,7.313180245551526,-2.2610061230313563,24.75061405157286,9.077216632077254,0.028180826456413843,95.77438176049631,96.97082049742035,0,0
4.2500000000001,15.182679725058392,94.4899363079071,14.379516425842155,191.77763960381606,7.496251971343233,-2.142551864529422,19.7104744044164,22.255683505758444,0.031080699069200524,95.70194265063817,97.29101851598647,0,0
4.258333333333434,15.202321463600242,94.44811679541834,14.53034832695704,191.9058253228464,7.622803798684937,-1.9545720931928148,12.767147475662453,24.39861569552824,0.02878723344041001,95.66377237012779,97.46002513499313,0,0
4.266666666666768,15.33677365175248,94.53854467323316,15.388131028465011,191.21342009132456,7.7252799566124155,-1.7354938799742763,7.7119893211846975,26.04400632328747,0.027569690896462884,95.77449062760914,96.67488905958794,0,0
4.275000000000101,15.41574901229285,94.55923741225206,15.493202847265252,190.7598900745292,7.759975353747428,-1.445817319979282,0.3436090601018777,33.36498889946725,0.02733899184642441,95.80759206658237,96.20068384239606,0,0
4.2833333333334345,15.405945783970253,94.56247360547769,15.880749924947168,191.0927382693372,7.719826108250613,-1.0987864992683003,-6.6957952359569815,43.12723671458815,0.028120117661995625,95.80920926448196,96.53143236815173,0,0
4.291666666666768,15.320860044573521,94.53865204434828,17.120295386794623,191.59351906651892,7.670171267455536,-0.7850721421235508,-9.525416651797325,47.024350490940776,0.028338748508994094,95.77204959103551,97.07154670778694,0,0
4.300000000000102,15.105800464468985,94.84160226940321,16.6895157488608,191.23501065025727,7.568133700430438,-0.3513173940918898,-13.171822393286009,53.17178120373937,0.029024234291196382,96.03704872964403,96.40641749064281,0,0
4.308333333333436,15.038372282193222,94.48012949454483,17.971074029662134,191.34663287981226,7.457154354915616,0.08106729760561127,-17.20053066958594,55.38551020095871,0.02825340165613266,95.66947010516886,96.9108880241412,0,0
4.316666666666769,14.414666520550668,94.7478006750332,18.49544219615541,191.45971571650318,7.26683957999641,0.5854451123797274,-23.260327071036354,62.53686317692171,0.02881918891981705,95.83803182272948,96.79797126543053,0,0
4.325000000000102,14.248700535140756,94.70917996243224,18.742487325573506,191.13834964598198,7.056972550867572,1.113406900792055,-27.079262133650044,61.987958528680544,0.027150868783401894,95.77501885197674,96.53382249541708,0,0
4.333333333333436,14.23364723112644,94.97280941386447,19.00747657707325,190.61481949682184,6.826524578766684,1.6259815176080354,-30.164000474418735,62.4338111213598,0.026160448733072883,96.03349020764774,95.7610752828765,0,0
4.34166666666677,13.42652425063369,95.38386825940029,20.047755147634007,191.14003519834534,6.552788444322833,2.126717673549821,-34.575620313130074,65.10476455425709,0.025903207656035487,96.32421231227113,95.98481236857478,0,0
4.350000000000103,12.96376344795874,94.86459121408132,19.9890010244859,191.16210385898478,6.246745622587928,2.7291915659544803,-39.08801376879618,65.79918789559618,0.025409514424759916,95.7462784078284,96.55343030986518,0,0
4.358333333333436,12.104634628339284,94.74951922177058,20.670589618667805,191.15961804875212,5.8856601130004815,3.315807916535972,-43.845729659290846,74.5516724062456,0.027344675797438267,95.51959784380514,96.7898896617032,0,0
4.366666666666769,12.052839997860133,95.73968696606369,20.768771543336356,191.222787229456,5.535734638909711,3.911026855672307,-47.70444943004074,77.66476732024512,0.028026004172955865,96.49538130073316,95.88008082294496,0,0
4.375000000000105,11.20564960750886,95.39044430948638,21.369608898786055,191.84981722896077,5.106737692632025,4.607507955950373,-50.385854611704445,79.89949672955743,0.02852013061051606,96.04636093412121,96.99338478727799,0,0
4.383333333333437,10.321131444641424,95.58686640953704,21.645841860498365,191.22437071101166,4.668903205315851,5.280207003404828,-51.210800653897884,79.29630561885327,0.02821648402793908,96.14247128242671,96.3056659549042,0,0
4.3916666666667705,9.592902715874175,94.92694893710359,22.407522573674385,190.98491377044041,4.254870293282469,5.867175303895884,-53.78433624264641,79.86814936747793,0.028789078423103742,95.41042614423068,96.90896289829183,0,0
4.400000000000103,8.87029040685286,95.81860929653203,22.54132387642352,191.15331013962958,3.79095696711216,6.546942328099985,-55.18898630993084,76.77007726770351,0.028693922611978895,96.22831152744685,96.30992856901632,0,0
4.408333333333438,8.329815130500549,95.66130829084796,22.8100157665246,191.89085567449888,3.3497694427149405,7.165904892909963,-54.774798765888875,74.86630243946476,0.028716706375446766,96.02328740480078,97.3129076747881,0,0
4.416666666666772,7.262496896053108,95.94730289561113,23.111567788907564,190.6609694990808,2.8854931237932835,7.814576878004791,-51.284266817871526,68.28515289358364,0.027397314132802553,96.22176881614331,96.03057684737675,0,0
4.425000000000105,6.857417410818698,96.33762384909988,22.98329524728689,190.49612535417327,2.48403085422875,8.36647096549862,-48.287836037320425,64.90107419913072,0.02699825369551201,96.58137471809385,95.52940563867026,0,0
4.433333333333438,6.066020697401882,95.57361529662097,23.125499093250312,190.17341791141973,2.0992315314936474,8.880895482909784,-45.85894206229301,61.56100400686672,0.02694380468126978,95.76592581898747,96.12569093586431,0,0
4.441666666666771,5.294025424196207,95.76321433604443,23.816648533766568,190.48341577557835,1.7266097015086828,9.41189105443038,-42.30473560841296,62.531008376369,0.027753789306001586,95.90943605904071,96.51426903626776,0,0
4.450000000000106,4.992231715690991,95.70765344064432,23.903142269013017,190.37440630880656,1.371311247575124,9.88772759234708,-40.06229890108402,55.118935448294025,0.027402376307446463,95.83776554478735,96.53712569036561,0,0
4.458333333333439,4.326232320934139,95.88501640873278,24.032814888603752,190.3218900930264,1.0325624932690352,10.301494207168508,-37.24172662981005,45.32517489572991,0.02692678913576696,95.98256434268492,96.47109674798774,0,0
4.4666666666667725,3.993330529785055,95.928321242317,24.1142918205216,190.17683801116806,0.7529763371635697,10.54060084434484,-35.242234915050034,31.338049099082877,0.0267558996914552,96.01140299510928,96.37238191718475,0,0
4.475000000000105,3.355804016268621,96.13933860748983,24.054380570235253,189.91905374547383,0.47166438867748217,10.791782953894518,-31.060117559996854,18.260683613151105,0.027107435184469786,96.19788900220831,96.03679525432865,0,0
4.48333333333344,2.956556546772674,96.16221148431617,24.139426319399604,189.67859379836983,0.24048365299536806,10.962948367252194,-27.699660101703273,12.714553998537339,0.027165617057097968,96.20765117270358,95.88549281779972,0,0
4.491666666666773,2.5206093334726916,96.34015626611938,22.995527394657245,189.74129042467393,0.025953215650920902,11.112025329028318,-24.880393724420028,14.026998561692706,0.026601993959364023,96.37312478482936,95.61900507596033,0,0
4.500000000000107,2.314367652190697,96.33748878357522,23.127325194300454,190.0712665273632,-0.18845615520395934,11.234819034176903,-21.22710555384067,10.195215880586481,0.02640013294539889,96.36528442730291,96.01666673953802,0,0
4.508333333333439,2.163121820150593,96.23743449338684,22.681512988235966,189.9517230293577,-0.3570591292548695,11.28266536783951,-18.670406627912573,7.088646123506055,0.026240616542918982,96.26174158967692,95.93420793403031,0,0
4.516666666666773,1.8035281219565036,96.19446386168511,23.463660946996583,189.77971006535626,-0.4977118848776409,11.280095054581606,-14.565410758148634,1.2951183029487634,0.025866951671731808,96.21136934543512,96.05914668057449,0,0
4.525000000000107,1.6591487287973905,96.18321120062018,23.124766821063645,189.54744484943137,-0.5980466564358737,11.233311780712414,-12.29112139029954,-3.899984758010243,0.025853913590963895,96.19752019344041,95.80006724899954,0,0
4.533333333333441,1.3573892077614005,96.20198324872473,22.719113887786023,189.86058422047967,-0.6895238738205091,11.097511864232203,-9.836634755966742,-17.03781897622797,0.027331056509737994,96.21155900643778,96.06381637896543,0,0
4.541666666666774,1.2487940531522668,96.25924037064323,21.786061195337084,190.26365697128892,-0.7552470811955545,10.935719067273821,-6.931868071951701,-34.52429833606971,0.03137455599898509,96.2673404811853,96.22166950379325,0,0
4.550000000000107,1.3276017567122267,96.22042624595991,21.48660478536368,190.4248760788932,-0.7993704610767464,10.660974888463354,-2.277469916358986,-45.2766871646218,0.03279835978338541,96.22958460566396,96.3372397955994,0,0
4.558333333333442,1.3663864101235959,96.27854762724644,20.81978380649207,190.25047523674937,-0.7892937871005233,10.223901170610175,3.7829452804547263,-59.88899404203342,0.03553967469657593,96.28824302599841,95.96435717966695,0,0
4.566666666666775,1.3043276803916797,96.3015010726815,20.08522961479173,190.41672065007515,-0.7410576745468315,9.672998782763443,7.731303486523853,-63.003319488268,0.03322734199436139,96.3103337111315,95.97081240445227,0,0
4.5750000000001085,1.345319382234777,96.22451063570907,19.09886812151774,191.88435697262827,-0.6905588185534057,9.144983331303573,9.763655629972563,-66.93662303205176,0.032551749455924206,96.23391466277313,97.2933435238048,0,0
4.583333333333441,1.6503587258672496,96.27320071747636,18.71379277635691,190.9934408146928,-0.5524452740497106,8.52137134573752,15.614393228653269,-75.12018558855512,0.032445863137573916,96.28734527606179,96.24492020709322,0,0
4.591666666666775,1.9340803617866982,96.22143629748831,17.845415838458678,191.36845245818364,-0.4019897364869548,7.919804198032993,20.31841951569176,-79.86821851892805,0.03130970969532898,96.24087213859531,96.46826048465277,0,0
4.600000000000109,2.287252534844697,96.29260318608584,16.389055010210768,191.42217336681057,-0.2144998105225966,7.218448256998034,25.57246354584336,-84.28218667693491,0.029828282934911243,96.31976408043752,96.16910083713829,0,0
4.608333333333443,2.3989527823225103,96.30462827443046,16.11072821344203,191.45254011577777,-0.009333339739811245,6.490730987672672,27.509205151211933,-87.72517635781051,0.029229342623567245,96.33450265366008,96.13083747290591,0,0
4.6166666666667755,2.8258708382827535,96.36711695474116,15.139982019649096,191.53556608529613,0.22915512618281067,5.758388444497412,28.664724219782958,-88.94868288271425,0.027838943699741936,96.40854099177841,95.9618207627496,0,0
4.625000000000109,3.7689641288654343,96.19332506679837,14.45320680337511,192.29328887879063,0.4634272283089024,5.0395044427304025,28.591558832423377,-89.79446969664271,0.026925552021947574,96.26713290636329,96.69206837271626,0,0
4.633333333333443,3.660142343098073,96.17918829655503,13.750054247802268,192.0773783644725,0.6894883385435518,4.258552293136677,28.01553923062752,-88.91346969222428,0.02528890911552173,96.24880728277067,96.42753331153462,0,0
4.641666666666777,4.2112414729299985,96.25033425924823,12.367356194430613,192.2124230896208,0.9245461725414832,3.564374604791862,27.696970850038973,-86.67071231458259,0.023162699993086733,96.34241744818499,96.30807183221246,0,0
4.65000000000011,4.416569419639643,96.15422540918513,11.684983102312401,192.37664709653285,1.1677329658671485,2.8143974077086997,27.638355019769516,-91.34311882126667,0.025266899223654438,96.2556032108203,96.49655057482744,0,0
4.658333333333443,4.981328358333485,95.82886577425057,11.163394640417096,192.53501438558982,1.4290296274109644,2.0491641135547094,27.979575970901557,-86.75829274215558,0.02190722858381866,95.95824689828838,96.90354546018688,0,0
4.666666666666777,5.224291811558146,96.0586731380443,10.085210739486286,192.75864592701328,1.6676111274855288,1.2834544802471064,29.806758064076842,-91.3588236023832,0.023784682146596126,96.20063362563651,96.82207016073986,0,0
4.675000000000111,5.703940296405847,96.45221484619543,9.0806930153542,192.3168231678044,1.884451318785471,0.5423344053439435,31.506920733644023,-93.50085548312373,0.0245283998793977,96.62072595277685,95.92406156736912,0,0
4.683333333333445,6.215606637491021,95.9554677692052,8.767384483580486,192.65522304417357,2.148554321122033,-0.24319429047964566,28.839698994998436,-91.82947677163446,0.02479448347650237,96.15656795393126,96.73341842618076,0,0
4.6916666666667775,6.605338867047237,95.62646121633651,7.0718342986376115,192.5371506925503,2.360427103664648,-0.9768178480279608,26.342779212055405,-94.19460891939055,0.027858012893362094,95.85431960171663,96.91181224568464,0,0
4.700000000000111,7.029561606999721,96.19552810672235,6.869184262327337,192.69639215134373,2.5791387282830227,-1.8125453572335424,23.31298597685062,-95.80820718688894,0.031263713438950624,96.45203141519526,96.50099731221012,0,0
4.708333333333445,7.150602620529412,95.7570548769728,5.089011824550539,192.76591839810226,2.7741903245257937,-2.628694972953168,21.80006756008196,-95.5418034242104,0.032948956906960536,96.0236672729609,97.03076707040498,0,0
4.716666666666779,7.38470763295544,95.90954656370405,4.693465820271626,192.58548198964775,2.9526272857924054,-3.3613547219910065,18.101082883121453,-89.45807952629109,0.03180657950580201,96.1934250813409,96.71338724796878,0,0
4.7250000000001116,7.727117578965249,95.55824787341163,3.501888781556829,192.36815574127905,3.095723276802905,-4.063076140278748,15.785977850362631,-83.01804960349567,0.029949862898125623,95.87015741468005,96.90206819142422,0,0
4.733333333333445,7.790053327443218,95.21954445180279,2.2972340302883367,192.73981206188785,3.204410951036776,-4.7269229131366926,13.343092077743858,-74.11918962945211,0.02691313008870866,95.53767098089243,97.67483636317904,0,0
4.741666666666778,8.217218986443243,95.60161064164782,1.2810428511164105,192.64757787497177,3.297293964411309,-5.2859644572158775,10.56608962321607,-68.15913668551607,0.026030006369897496,95.95410697384658,97.29352648368577,0,0
4.750000000000113,8.234357213253702,95.22259633358175,1.062565162477199,192.67506562672645,3.369832037943449,-5.897825080328562,7.202928872898133,-61.5204530739905,0.025409222309466184,95.57796551100948,97.71600878336616,0,0
4.758333333333446,8.278178191576728,96.28013820648357,0.49001469312401014,193.09687759079674,3.424098653285129,-6.388041266022178,2.7788466327800645,-57.32985840854868,0.026577625755903167,96.63536230196001,97.1294832462762,0,0
4.766666666666779,8.285324997469672,95.63791476045185,-0.6491854031442585,192.63814698347915,3.4267554249601284,-6.855405573656195,-2.298844570604264,-48.094086702053644,0.025553500711804844,95.99613195353837,97.41083372715738,0,0
4.775000000000112,8.234012902251095,96.31039984111283,-1.331382521019691,192.60048902193427,3.383437879385224,-7.166240871686611,-6.904172109091366,-39.542151384488655,0.02454507329042066,96.66174054934797,96.76403290507314,0,0
4.783333333333446,8.145595642566093,95.59822945127371,-1.990347795018863,192.57131542878966,3.3071701004401644,-7.439121395974814,-12.24574657685229,-32.47490573691068,0.024759945721037457,95.94463092112329,97.50136795641701,0,0
4.791666666666781,7.96468848964372,95.92578977593695,-2.9928179608826895,192.35909090980567,3.172243355742492,-7.67374141927455,-16.771172067903667,-26.25762588658776,0.024945946657822127,96.25587466162422,97.05384338185034,0,0
4.8000000000001135,7.684040074099585,95.91289280083612,-2.939301139067709,192.7693532256955,3.0035482698653833,-7.885118745564358,-23.09950993989568,-14.625381914042913,0.024195222930958327,96.22020306196121,97.4373096127132,0,0
4.808333333333447,7.217307810262582,95.89018967193886,-3.523219937062265,192.5761264826068,2.801236898122645,-7.986712599483529,-28.425549001222095,-4.481935256679099,0.02363025609316871,96.161416417129,97.28067286592713,0,0
4.816666666666781,6.849705171222354,95.6022084412266,-3.758511626972904,192.7115706374791,2.5638462408556304,-8.021814771600106,-31.522925051640556,-2.161507195445131,0.024351304705651167,95.84727810309694,97.68706408629787,0,0
4.825000000000115,6.3789957733499705,95.6497829302528,-4.84173384751216,193.09203195860903,2.2917133648183903,-8.042051639762342,-34.9983514655921,0.4179701494785345,0.025256603500051433,95.86225827551162,98.08616961085127,0,0
4.833333333333448,5.795426561163595,95.79580613245605,-5.238477527671876,192.73440319354881,1.9675143594074338,-7.987991889573493,-38.86701720450993,4.259172392850238,0.025868456906574355,95.97095102994939,97.5645357679445,0,0
4.841666666666781,5.285625821321844,96.21821544952485,-5.483951115454033,193.05083058721232,1.618825876877105,-7.905745716020883,-42.828038569073115,7.785084800579681,0.02674515763643548,96.36328566738582,97.42966253559865,0,0
4.850000000000114,4.801194049938601,96.10989883905961,-5.775713238531239,192.93140960736594,1.241220842333536,-7.824453750813261,-46.977489331809544,17.05712294313819,0.02614492413975844,96.22974654003532,97.39751493362725,0,0
4.858333333333449,4.107922671858205,95.99958882657899,-6.550512069265153,193.12489074462445,0.8377906733087324,-7.634009370207006,-51.096847100001696,26.80910809136076,0.02558208081904567,96.08743978039064,97.70837478846055,0,0
4.866666666666782,3.2039243572953637,96.1252552304195,-6.778196442908438,193.04135085511655,0.4025845554646282,-7.368788012789434,-54.00447144675327,36.79549893743623,0.02454604981226094,96.17863496848227,97.42880645273904,0,0
4.8750000000001155,2.36634224939786,96.31728711586993,-6.8511914550246615,192.85830775425433,-0.04203589752607236,-7.034111537711588,-55.96157215713611,41.26769998545513,0.024103447549270296,96.346351114104,96.98005771030004,0,0
4.883333333333448,1.6939883321426805,96.2389674711863,-7.1974762330240765,193.00061329189333,-0.5371571523416708,-6.703397112956726,-59.85380076877057,45.33301192323784,0.02525499689603894,96.25387502012316,97.1693071090124,0,0
4.891666666666782,0.8562725383941938,96.54445020442529,-7.203132297250022,193.06196186724208,-1.0355201307653832,-6.318194140079819,-60.28726395304947,49.93965360628454,0.02427189065429447,96.54824735817198,96.85341534446155,0,0
4.900000000000116,0.039034714696583706,96.25563734124484,-7.110697784685215,193.244692946356,-1.5294032688176697,-5.887576990578614,-58.597551301225785,51.46183751166187,0.022545438452454825,96.25564525615212,97.25222661710148,0,0
4.90833333333345,-0.7988766080620735,96.23346404546686,-7.424585725087638,193.50323810613378,-2.0252248357554694,-5.4751988450354,-58.91513717357397,47.85085399508855,0.022763825532667425,96.2367799026187,97.49517407090788,0,0
4.916666666666783,-1.6688523265196409,96.67942140411145,-7.79677469072567,193.56916920667044,-2.5034839621046907,-5.061819111385755,-58.91470974087502,49.570507940083466,0.02251530963070847,96.69382395541865,97.0833387443243,0,0
4.925000000000116,-2.724015731351301,96.2864968373463,-8.088968265434914,193.6890734852924,-3.009749220412888,-4.631999629729505,-60.06341229959448,51.63175484918878,0.023212762239995133,96.32502133357121,97.55021605999643,0,0
4.933333333333451,-3.124343464724234,96.5473536614918,-7.463594761357683,193.80019916594773,-3.5143209702649405,-4.145423142726262,-59.28133482511196,55.0271790073512,0.022899825342033164,96.59789346110368,97.34960226179103,0,0
4.941666666666784,-4.059357768233724,96.65297163001452,-7.8633415683675025,193.68133424002212,-4.005277521658352,-3.7185110101591885,-58.57594167218839,55.76943423600481,0.02316448299285323,96.73817917659454,97.1029013136621,0,0
4.950000000000117,-5.062326144610267,96.5477539293941,-8.270184626606351,193.58904085688528,-4.493045308622024,-3.2193038847218634,-57.73572831728609,60.99896678635094,0.023580221949015545,96.68038029923775,97.09429295578697,0,0
4.95833333333345,-5.715289741474805,96.36769900941113,-7.573909167125748,193.7280496806951,-4.966765213263853,-2.741053191167492,-56.36768039921041,58.09667343774226,0.02393481804905706,96.53702890185436,97.37808967629626,0,0
4.966666666666785,-6.719323960922452,96.48066334548645,-7.919211676361613,193.4783942880926,-5.406118845959724,-2.307391483973045,-53.11853524903279,51.16761382154058,0.023619711528596987,96.71436146755516,97.00515212370875,0,0
4.975000000000118,-7.216830676902475,96.68250502005213,-7.556869935056113,193.2462685552265,-5.829567144965725,-1.9012148590581763,-49.999434989105715,46.23370172924982,0.023659823086062737,96.95147973069564,96.5643622397733,0,0
4.9833333333334515,-7.91692466008476,96.19628600981548,-8.13538946013091,193.23505280571754,-6.208607040833573,-1.5714280896087203,-40.86641347519633,38.26815866076708,0.021437480573757828,96.52151645180301,97.03901271209598,0,0
4.991666666666784,-8.567749939864484,96.43740081536714,-7.496416230910711,193.26368855990637,-6.54619942909004,-1.2510077336831895,-36.954228238174025,30.45245831411798,0.021649468172105113,96.8172433766621,96.83221444490593,0,0
5.000000000000118,-8.989095638151014,96.26030381660655,-8.411460142461635,193.2907228060393,-6.850346119138083,-0.9710635430523036,-34.05993671360998,26.58936169853989,0.0221541671246408,96.67910803920992,97.03213834617246,0,0
5.008333333333452,-9.335129014908205,96.30832313654315,-8.13936572217358,193.22240709408942,-7.129124755490166,-0.7862057878893042,-30.286740589986962,24.559183058249122,0.022309540416994622,96.75969067280958,96.92146057082806,0,0
5.016666666666786,-9.84425229856862,96.28303555136591,-8.032429394198516,193.26120230749683,-7.360757627255932,-0.5629699725147193,-27.604755142196232,24.47648155200086,0.022659474128601698,96.78497940436556,96.99509023459247,0,0
5.0250000000001185,-9.944380194758821,96.28922593892497,-8.176903497694298,193.233563609751,-7.569398660526323,-0.3741271821747022,-22.55184839830485,23.979867972689817,0.02259174951700249,96.80137255935605,96.96044853603868,0,0
5.033333333333452,-10.73532435191288,96.13768022810979,-8.209815462315191,193.27078611020266,-7.724197307681627,-0.1749494694049017,-18.20525253596897,22.145892989871513,0.022703189737304896,96.73520945644903,97.16593257646068,0,0
5.041666666666787,-10.737487144981742,96.08992594613346,-8.03271252819735,193.22435896628917,-7.846641424355708,-0.029408492679241185,-13.318515502188847,22.00256885997418,0.022994509950128084,96.68799045653012,97.17208387121642,0,0
5.05000000000012,-10.822707317234574,96.05248670642652,-8.188184766731126,193.07387084971145,-7.95263676060752,0.13486685798408607,-8.761848008014864,12.694735000761709,0.02284516543940196,96.66028758576485,97.05714651764687,0,0
5.0583333333334535,-10.886281302260329,96.09040326243377,-7.562593007127816,193.07520887200445,-8.022774535372985,0.22826217882153083,-4.091221596897748,9.052330982885133,0.023026870100502972,96.70510182885432,97.04174062231888,0,0
5.066666666666786,-10.865122496174706,96.07206645760158,-7.812320961192938,193.26150152371645,-8.0394430207036,0.27926278726060516,0.4912936465963806,3.895116709664797,0.023024883499511706,96.68450155164837,97.23736877190038,0,0
5.07500000000012,-10.847385015772772,96.00811448365022,-7.652948419498387,193.0807655100853,-8.013591455165427,0.26729419705965773,6.327988260762862,-6.125363433667094,0.022958296101089015,96.61896195046859,97.12519756720019,0,0
5.083333333333454,-10.825087977128192,96.08900490393057,-7.864457109116188,193.08272773606808,-7.9048482916700715,0.17053792333553308,10.695236225614995,-12.25283060914077,0.022679121257346946,96.69684272581064,97.0388973761251,0,0
5.091666666666788,-10.739322445875587,96.06725393184968,-8.012787229726086,192.9899919684538,-7.791782008419103,0.07393743034707907,17.454318960834254,-17.62261834512251,0.022871850596501098,96.6656625933065,96.96108055708275,0,0
5.10000000000012,-10.35656121797706,96.24186460505399,-7.625920145075554,193.25504680862298,-7.63111099120887,-0.08820422044446598,23.419643594335337,-24.00898953453969,0.023068799715066035,96.79749409421326,97.05160442739671,0,0
5.108333333333454,-9.900699558977465,96.32539666079708,-7.84915922543496,193.37412873592558,-7.418197640861379,-0.30258668478805667,29.50992344583208,-25.34668972141674,0.023434427641835676,96.83287609906583,97.07041369609087,0,0
5.116666666666788,-9.412133301518224,96.27980806099686,-7.943633708376581,193.27706771990165,-7.175420152980017,-0.4890354762230745,33.677170072216896,-27.673106318140558,0.023442402700733833,96.73877037438477,97.00837526931402,0,0
5.125000000000122,-8.866729981329968,96.17047727887689,-7.528767290897861,193.2435811774426,-6.857828120013567,-0.775551127560515,39.24728070153626,-32.960755272294996,0.023712559674007316,96.57835989810964,97.08232405882505,0,0
5.1333333333334545,-8.47821685506733,96.19069520288059,-7.529754680612257,193.1410647400329,-6.504323983382061,-1.1190934916240955,43.16578886236107,-41.83145310895302,0.023377531044778355,96.56360600482473,96.95500881278265,0,0
5.141666666666788,-7.824832345286893,96.30011302939761,-7.751624192545876,193.46080755761938,-6.10990549086664,-1.4985974110315878,47.51395083311013,-48.21103076326627,0.02349293867567459,96.61749205349206,97.1607221084737,0,0
5.150000000000121,-7.083885167262679,96.47416613946888,-7.388088038538967,193.4918254789289,-5.6871602456188635,-1.9436345798446588,53.072362238819146,-55.01410909003643,0.02443353171509477,96.73389355013478,97.01813625861098,0,0
5.158333333333456,-6.394234642576919,96.26144908352524,-7.62147162056101,193.82750104934047,-5.260426174164639,-2.4075565784521697,55.47476182606864,-62.62801999275499,0.024499225346339415,96.47358610689484,97.57377007575494,0,0
5.1666666666667895,-5.272062783425554,96.4190277955114,-7.998694514874387,193.81457830429576,-4.794330483214273,-2.872849773143321,57.99986683809409,-62.508088116923666,0.024364857781436378,96.56305487619983,97.4337096671789,0,0
5.175000000000122,-4.709556388425256,96.43936979826458,-8.06561295673339,193.6390897102566,-4.318875762887073,-3.40566673017297,58.17620348750698,-60.91763689737266,0.023470068467887018,96.55429544283456,97.25764065953575,0,0
5.183333333333456,-3.756990549329771,96.31560252698785,-7.6716326191065605,193.76107742320693,-3.8271713580535898,-3.8533287172502386,57.081454660905976,-52.91331563335808,0.02216241316405032,96.38884929349692,97.52407395245612,0,0
5.191666666666789,-3.034207063056499,96.44514107189372,-7.991362671837749,193.48004337455154,-3.359108617797892,-4.315465843835067,55.65406602495903,-50.74380251381963,0.02102441211183903,96.49285802005754,97.16144120285588,0,0
5.200000000000124,-2.4427406064012303,96.35805600589913,-7.873603533371181,193.53321326959326,-2.8595201106313053,-4.819113736763848,57.67386200341315,-50.472444666316306,0.021928939900583977,96.38901357990004,97.32679724184507,0,0
5.2083333333334565,-1.3318170532693898,96.47775284124884,-7.155061180192604,193.50330159529324,-2.387712030280957,-5.1590544193594265,57.14282808444329,-43.561800527665646,0.022092160754979773,96.48694486800004,97.20014034550152,0,0
5.21666666666679,-0.709502898280391,96.27327738497507,-7.707739846383561,193.48867128199072,-1.9119527998282244,-5.4604437238252785,59.64360721011562,-41.11938217631767,0.02403041342180723,96.27589175285274,97.46695917557756,0,0
5.225000000000122,0.2114028701676034,96.32126672197461,-6.810190751062237,193.7028395190133,-1.3989339676847228,-5.814156566848827,60.469524316213565,-39.04549306269069,0.025201753659858994,96.32149871186229,97.6343868593778,0,0
5.233333333333458,0.9935084888039682,96.4303207882059,-7.510544688849961,193.1058202002268,-0.8912406149383277,-6.1985220322664265,62.05903032764021,-41.020539271787264,0.02645958881229804,96.43543864385965,97.04880785981874,0,0
5.241666666666791,2.1088788159133856,96.22214308806485,-6.495804125556333,193.35572516567305,-0.4074148558190518,-6.563256704369556,58.65511276749378,-43.77624401727832,0.024290185976741707,96.24525022212906,97.51396482427873,0,0
5.250000000000124,2.4662851592360653,96.41442620801956,-5.490492203657482,193.13154154630286,0.08545216531966082,-6.89983596612716,56.33106369917153,-38.985600889320054,0.024341078003368377,96.44596488971594,97.04385969942379,0,0
5.258333333333457,3.64564699513636,96.1477373819244,-5.965229849645937,193.01107462711457,0.5261995887418677,-7.1445931995002745,53.61734284029411,-29.234664108144216,0.02522008481934579,96.21682880700574,97.33896987332986,0,0
5.266666666666792,4.315498285826607,96.09995157509479,-6.067916548849553,193.09404595386258,0.9781431115302981,-7.328622394014085,49.963839723135834,-23.02091875304181,0.024957428612784494,96.19679941760295,97.54829392657919,0,0
5.275000000000125,4.8658325162636515,96.08839582533307,-5.818841677089324,192.8437197481286,1.3742130681951468,-7.523724826443885,45.80509705686754,-15.160842166640718,0.025127737028649122,96.21151770116826,97.34348961293298,0,0
5.2833333333334584,5.263974940694766,96.10932929138585,-5.032428489112476,192.7249688579899,1.734522245519903,-7.562611730081474,41.01470613525532,-7.01531949600525,0.024862724700502437,96.25337713044827,97.16273839519597,0,0
5.291666666666792,6.214748289811723,95.70624805790538,-3.6742805826729636,192.91268163228614,2.051392187576502,-7.567852362609077,37.1581291172165,9.997528048965261,0.02916862245037022,95.90781518534887,97.70815534176937,0,0
5.300000000000125,6.4256805199390215,95.63051458175119,-3.410492300732983,192.94305606627728,2.3489462121143334,-7.570877892840267,30.810206801285535,18.320133246053217,0.02868327317729591,95.84615114502435,97.80838934332648,0,0
5.30833333333346,7.070178258105727,95.91793347336721,-3.0931618649095753,192.49977856052703,2.586160199934653,-7.387386399094671,28.91966059920257,16.9982024834532,0.02660051385823392,96.17815439278657,97.11511871431878,0,0
5.3166666666667926,7.182805643672111,95.91138871276394,-2.607662587617199,192.58407447787658,2.8119557781838185,-7.17623403763841,24.74888960391185,19.948386067788547,0.02494153877756311,96.17997287234837,97.16718294377016,0,0
5.325000000000126,7.569452616695628,95.91414033462263,-1.205275590749011,192.44572601166925,3.01612254805901,-6.991720741148022,20.893882484020533,21.90010439509663,0.02329633751533544,96.21236370158506,96.92957695378391,0,0
5.333333333333459,7.866178287884793,95.87202689281634,-0.9528313684310774,192.64113737729411,3.1782482983843727,-6.82871348417488,16.695373568632903,25.905757626040348,0.022468893717485727,96.194190580272,97.17013777532303,0,0
5.341666666666794,8.07173975861133,95.98972906873956,-1.0356019692188738,192.256276141468,3.2850289263770156,-6.631736654853501,14.529523842715706,29.941965593282823,0.02272382286854313,96.32850600637785,96.69638958437547,0,0
5.350000000000127,8.325177384007532,95.62955032507034,0.6759729203831171,192.65403854224178,3.39195472371309,-6.300350223991123,10.004197674257163,38.124183629093814,0.023366040349286354,95.99124686058803,97.3255446567363,0,0
5.35833333333346,8.344022874759332,95.58732713133458,1.1342613387214442,192.614966834455,3.4494207675658677,-5.908629585802207,6.617200058906587,44.67509169341227,0.023922681096501197,95.95081982894818,97.29513619788547,0,0
5.366666666666793,8.44039799062648,95.26349959558104,1.3508717603226614,192.43842212447294,3.5061828677141476,-5.5095664536493105,2.522154401039635,54.16848906150544,0.025932087034390428,95.63668058562803,97.4331922430252,0,0
5.375000000000127,8.368742139009214,95.62997876357878,2.161763819972748,192.69169515488898,3.526106123086862,-5.047751058652028,0.37194735947054064,65.57117475793935,0.030632968139740147,95.99546178498105,97.25997824737637,0,0
5.383333333333461,8.36566150176958,95.56566239359921,3.397002249797879,192.5496813125464,3.5202514916371763,-4.48218471876247,-2.1604981412597652,69.69905621187486,0.030684848883728577,95.93112175456707,97.11121202226295,0,0
5.3916666666667945,8.351659268863159,95.55955104719845,4.9210484333809745,192.69979330512137,3.4810545681308365,-3.909638660229596,-5.462994088559024,69.60609936245348,0.027603933946116044,95.92381356516907,97.2008012139431,0,0
5.400000000000127,8.30936834469719,96.24825387850728,5.265129749373102,192.95072526109954,3.411348807044686,-3.2949182900774567,-8.66588084080694,80.7390334840434,0.03212462493512547,96.60627296894052,96.75037653738788,0,0
5.408333333333461,8.245031470497736,95.86145614201911,6.331976261960847,192.70166412450203,3.306162997775791,-2.6351235261526136,-14.058450538651947,80.1149105638324,0.0275848407796766,96.21537983928427,96.85910211395446,0,0
5.416666666666796,8.009095366476402,96.22984023699564,7.318311654576235,193.094070809627,3.1676170222410573,-1.9179723491455214,-18.59407579591323,79.87733399054437,0.02429467416080966,96.5625587928728,96.86669369068254,0,0
5.425000000000129,7.602413642807164,95.84463798094743,7.950224900275032,192.7489753216825,3.0124907697918015,-1.2209315692690528,-22.781547474887606,83.78723185725597,0.0241153333196924,96.14567760900752,96.90496152477337,0,0
5.433333333333462,7.2349566773028755,95.98214644907011,8.791141049136058,192.493191537116,2.807947515966122,-0.5310614330045204,-26.55950233858275,88.04218588540209,0.024544435451938185,96.25443904097718,96.5235905558116,0,0
5.441666666666795,6.891297538699575,96.01101242512954,10.312885640979914,192.58044441225115,2.593208080710193,0.22046061092516558,-27.76213786561016,94.94545432702394,0.027964160172655017,96.25800999742964,96.63002876671916,0,0
5.450000000000129,6.385880216254634,95.66687362235785,10.229629561006618,192.533873884478,2.351956614895955,1.0095710878999176,-29.005683529854824,93.10338591882045,0.02602020288137874,95.87976937191986,96.94323157810898,0,0
5.458333333333463,6.17925396892349,96.34001506695017,11.97378045945328,192.7800778914139,2.11561459762188,1.73575507636741,-27.678233615082778,89.50067661141402,0.024280529145671803,96.53798051913373,96.61398581383526,0,0
5.4666666666667965,5.7242006029349,95.73794754101431,12.633627890487048,192.7691001079233,1.8661327393571698,2.5384682511042507,-28.982587000582146,93.09916334930503,0.026319268254244133,95.90892071079024,97.27684592905311,0,0
5.475000000000129,5.209126552723944,96.09965900185028,13.28708207021566,192.46302353194505,1.6074561142930222,3.3032164239862256,-30.85290379835869,90.47334333961878,0.024599975793876183,96.24073700733072,96.70135153606955,0,0
5.483333333333463,4.983540751072383,96.11516864450084,14.609565291320735,192.3744272539971,1.3494877481081131,4.069140237723039,-31.57448042101428,91.13943575329527,0.025578382283157897,96.24427942469327,96.73936745968182,0,0
5.491666666666797,4.4004114463371025,96.48208786354479,14.709029009663254,192.2859644046586,1.1010691772298304,4.844425186027916,-30.681149453945565,94.52555258496785,0.02905654155884374,96.58238400146185,96.35689054951854,0,0
5.500000000000131,4.121884678151446,96.16769459149413,15.859560212914573,192.06499982856786,0.8573875496020841,5.584798767248843,-29.683100697222297,85.47794576482076,0.02536930746846089,96.25598898947986,96.61297106854684,0,0
5.508333333333463,3.433261396976434,96.2204918952715,17.056048065924756,191.16422051043872,0.627798708419887,6.293226739094827,-26.102953078781624,86.72160272652039,0.02876272619001563,96.28172383369534,95.91606705853927,0,0
5.516666666666797,3.200948121918998,96.28542512645743,17.199401516406738,192.26058195274243,0.4128680462288198,6.96395313410209,-23.859479232846667,78.65668998156467,0.026582198572244753,96.33861718263272,96.99065638125998,0,0
5.52500000000013,3.041640299965593,96.25667363982109,18.498310707602855,190.7887523296322,0.2208933577394075,7.6043905754588685,-21.34978346842481,72.49195391335722,0.025909007497858738,96.3047184509534,95.78738205790451,0,0
5.533333333333465,2.780132560442496,96.24310921677704,19.049391155519686,190.85069370527503,0.054176857107371815,8.171599325551947,-16.76398317189956,64.86568651908432,0.025321025658959773,96.2832550798222,95.99626981285148,0,0
5.541666666666798,2.461079361909867,96.2793201675467,19.009621394739554,190.85060632978553,-0.06657052969130217,8.724735132228037,-13.597357269367844,56.16373435108287,0.024178669458391422,96.31076992502231,96.00824136391832,0,0
5.550000000000131,2.3681779022195997,96.32436843056706,20.520562310451965,190.43706689726127,-0.16741058660229757,9.137943675150108,-9.867028056965129,48.54393757144614,0.023618023140030697,96.35347539203859,95.84732167560628,0,0
5.558333333333465,2.0749268637767955,96.23140790430989,20.049599314235934,190.2863720730836,-0.22365627993396556,9.480570510654196,-7.7139240423749955,43.07339034355623,0.02343961307093201,96.25377493239264,95.75711532043248,0,0
5.5666666666668,2.1254781668410487,96.23124948638463,21.28563124741129,190.5338924511522,-0.2712516053385289,9.82890883596873,-3.2829563740110586,32.28302025503947,0.022458699790410375,96.25471954739943,96.2294130513707,0,0
5.5750000000001325,2.183260187253836,96.30046110194183,21.40373583979249,190.18966713412345,-0.30760141824956744,10.079123478693685,-0.6959153411857147,29.61290521431718,0.023322760775698725,96.32520663612334,95.83636936812287,0,0
5.583333333333465,2.127720134016556,96.3328521159591,21.867311157674862,190.1647453703556,-0.30892899503107824,10.263192911153498,1.6234405839583692,18.99769004898485,0.022005623536500263,96.35634690960396,95.88574266013562,0,0
5.591666666666799,2.1712177845039378,96.29702751341938,21.709976974768097,190.07089800317306,-0.27717651108588826,10.428599846346028,3.954735826499449,12.401287635108122,0.021919554067417746,96.32150172514959,95.78779618158164,0,0
5.600000000000133,2.2621725342530112,96.33945239825619,22.307091928436535,190.0319305088745,-0.2448908972136699,10.529170243951476,5.465570903094486,14.027787404290278,0.022920230473956416,96.36600807842254,95.81273009380332,0,0
5.608333333333467,2.3301616055118757,96.29005167653406,22.58225225242444,190.12259009834236,-0.1742826074091782,10.694252155457463,7.815360128405157,12.111453130727266,0.02378415840816217,96.31824180796389,95.99318956181679,0,0
5.6166666666667995,2.337280336771812,96.30539236820852,22.63660849071522,189.96657944461606,-0.0818399053986435,10.74493247893887,13.00638111238669,10.853971896953164,0.025286591812516246,96.33375046455555,95.83569631438638,0,0
5.625000000000133,2.751377384578177,96.26178318387139,22.58289591202248,189.64086693602485,0.04919747532463775,10.812678557791221,18.31864269748123,6.041985965932948,0.02640258520320371,96.30109542082599,95.46173269690875,0,0
5.633333333333466,2.9932963931701124,96.22519591312238,23.61748224374827,189.369281015564,0.22613868538735374,10.777253784201145,23.41783206178393,-3.3203858876295524,0.026294235217863005,96.271741190321,95.40009240860346,0,0
5.641666666666801,3.171653013977277,96.19259036067837,23.8028189107863,189.977212540352,0.4214846602844135,10.714866804967144,27.105691746277124,-14.350135506858424,0.025752995725413896,96.2448638792655,96.02708140751643,0,0
5.650000000000134,3.8329331179203336,96.15028652503094,24.028863950686343,189.52308551202896,0.6584518927948965,10.542790184453668,31.023429659499534,-23.829157157749922,0.025639541614959516,96.22665418236257,95.53195911771206,0,0
5.658333333333467,4.259502906298394,96.185760313446,23.66548859901542,189.88965587173755,0.9461676700658266,10.325783413820455,35.07871368239302,-33.05757352025134,0.02591900756641996,96.2800283136874,95.69227933070226,0,0
5.666666666666801,4.674944968693637,95.8372634608595,23.80688848902031,189.51462149090452,1.2273662451234582,10.06606074195728,35.19383091529202,-39.897180260884326,0.025274679231619412,95.95121770007148,95.61108026977945,0,0
5.675000000000134,5.193226330711639,96.048722091125,23.38690094177383,189.83214937879984,1.5403864162135996,9.7071453173294,38.65039577598295,-48.58607369734226,0.025748988226005576,96.18901504361172,95.53188488497337,0,0
5.683333333333469,5.649915313165138,96.44322149121803,23.706221628479796,190.1616664075163,1.8546942058214264,9.283138831338826,38.48692127564457,-47.004222408854986,0.02439037617470552,96.60857371191273,95.44200917458572,0,0
5.691666666666801,6.398498114213396,96.0612258389063,23.652824676082105,190.48971429572816,2.1940547247381517,8.88794841811158,39.862459262881046,-47.79701951633879,0.023922041760919832,96.27408731216802,95.99193308473244,0,0
5.700000000000135,6.931396901743881,95.77484896926518,23.641841095825498,190.49634358645352,2.552870376316659,8.456590903029406,44.44947076391196,-52.153548425766736,0.024762247772625035,96.02534018734356,96.18420082153595,0,0
5.708333333333468,7.2008391977256,95.49140960596031,23.125424112579367,190.66484615048108,2.937749694234708,7.951338390730137,46.97711835537272,-62.861729623291836,0.02588743542298877,95.76252604064281,96.49650474708558,0,0
5.716666666666803,8.289861374616805,95.95096325578157,22.9507489738956,190.5135913842832,3.32008184720281,7.401981086787687,47.066392382310674,-67.91872945962281,0.02604905965246429,96.30840644161188,95.69238352015259,0,0
5.7250000000001355,8.508347219651569,95.11591252475881,22.95029470692873,190.85450358368945,3.6996667278292037,6.844643047495651,46.398282999512396,-73.60835074639363,0.0267017955917197,95.49570036304107,96.82173136839903,0,0
5.733333333333469,9.526548626097792,94.92040605996249,22.737740483495998,191.2513730224424,4.0903831208675285,6.237985236078723,45.9780998870238,-73.58857896057832,0.026196933813903645,95.39726733671971,97.23266316531385,0,0
5.741666666666802,10.154280111634705,94.98419790133312,21.906864846998985,191.03318917613694,4.456056095545395,5.620875488365603,44.942134134356515,-75.94461587089742,0.026479262866689446,95.52542727224598,96.76534489614171,0,0
5.750000000000136,10.55001034296464,95.32193559184367,21.27775791060941,192.61824372187334,4.825013019430193,4.971136284754333,41.978411403577454,-75.82685666689258,0.026183210552026548,95.90398387560474,97.8859343501853,0,0
5.75833333333347,11.084519720187473,95.69400487410871,21.24588816639323,191.36241507483481,5.165864128270107,4.403631323102716,37.03487540162163,-69.81735275248161,0.02435158203471488,96.33384216501057,96.20653885799,0,0
5.766666666666803,11.654618210085061,94.82889592295442,20.771987657300542,191.72733229881828,5.45826258596429,3.837942533299425,35.23442529785131,-66.51284155207128,0.023542849711434943,95.54239701613817,97.32642702639585,0,0
5.775000000000136,12.230417198105101,94.8396381209692,20.346346290312226,191.61571551044278,5.754380579279578,3.2469152646026505,31.591148676490175,-62.55191166047324,0.02278923779324593,95.62499706539131,97.11579408069068,0,0
5.78333333333347,12.49815402941681,94.89513341224205,19.467474735784094,191.60944848672034,6.003882362342569,2.6747629920918596,31.430527502696872,-67.3142540361017,0.024781173658374733,95.71462897316295,96.96509769723154,0,0
5.791666666666805,12.962070430917606,94.9070637615992,19.303855030451416,191.84492845544924,6.258598171605933,2.1135477242494507,29.164195149045668,-71.21121366404228,0.027169584061666363,95.78813090202942,97.14508656288315,0,0
5.8000000000001375,13.230791043786837,94.87522674052946,19.100225799449618,191.51050903126475,6.481588448913689,1.5388033607646492,24.004172378845006,-71.34520652122006,0.028933201541739173,95.79333213074501,96.8133670923653,0,0
5.808333333333471,13.680128289876222,94.8437377491889,17.81982749164024,191.63528222523058,6.661337319622196,0.9765857153278902,19.530291767625737,-64.98288232422713,0.027797980100138897,95.82526024104705,96.880029890265,0,0
5.816666666666804,13.934684385602509,94.79999167650868,17.120865563433654,191.21167737492397,6.800759242581041,0.44669930467143787,16.06709385624304,-63.095610461198966,0.02850521624405644,95.81865085040839,96.46431925695624,0,0
5.825000000000138,14.126556377777376,94.71351348036723,16.400523835905915,191.1076865382891,6.9235432509938715,-0.0249538457372404,12.684295445381473,-55.91329731752861,0.02694656867226719,95.76120942683539,96.42099111459713,0,0
5.833333333333472,14.168667932418941,94.46594892235305,16.22338959783258,191.80317192296042,7.005427054680763,-0.4037681225509845,6.545310084314742,-44.032107679719864,0.024562598502471555,95.5225976237025,97.35890746404404,0,0
5.841666666666805,14.147824221605333,94.67379629345157,15.552389224050103,192.09818693952923,7.041047278685048,-0.7345374961148591,1.7467439766675905,-30.349895006474572,0.02173041351007221,95.72506795411225,97.4345149092745,0,0
5.850000000000138,14.256971163211006,94.52801817337394,15.250818522337227,191.58814530201403,7.057685486291595,-1.0651689969622053,-1.7165824698422354,-26.020404080079533,0.021676199091155812,95.5971100323349,97.0652152462509,0,0
5.858333333333472,14.236457952426974,94.46751776401106,14.557025285456405,192.08324314541858,7.013197711327993,-1.2760786131946684,-5.629759624473309,-26.820193897804028,0.023057113427991993,95.53422762300937,97.61625174710086,0,0
5.866666666666806,14.173415847671208,94.67623512441264,14.778830034068164,192.2624456059197,6.9661812474511615,-1.483673245171764,-7.894455486759412,-25.38376207080047,0.023326989719365088,95.73126560389811,97.58808842516638,0,0
5.875000000000139,13.850356479511277,94.8344538425028,14.13733926253957,192.2074723297938,6.855072621505382,-1.6498144056938728,-13.67461727448293,-21.72318739921081,0.024125545890851363,95.8405238415115,97.37344139160365,0,0
5.883333333333472,13.801708929719553,94.75813359394454,13.315636030752728,191.8617524652451,6.739096670718451,-1.7565200523879572,-17.6254877575481,-11.567417211616108,0.02220712545281245,95.75798165995637,97.10483543452361,0,0
5.891666666666806,13.573048884270861,94.77538870029213,12.403653817015538,191.96391398000253,6.573893826727021,-1.8401109265408087,-22.98750323610792,-6.890915377384261,0.022629618077297575,95.74237285186881,97.19556024257604,0,0
5.900000000000139,13.02018727043287,94.90750599447654,12.64461635467353,191.82876535221624,6.3628698282113065,-1.866389122131246,-27.052511024914782,0.05561182271193684,0.02176924019580806,95.79645072051856,96.92198702566415,0,0
5.9083333333334735,12.85911715857435,94.87769501424629,12.446778484101344,192.38903101986483,6.109102480257282,-1.8476046446325873,-32.66142438898423,6.420287965907845,0.021902255193937847,95.74515081879748,97.51220781411477,0,0
5.916666666666807,11.967065240373074,94.84402735790604,11.884241069157213,192.2134530235565,5.789429901408232,-1.8219082437673555,-40.559114664429785,14.637406807341536,0.022982748892235616,95.59602594216234,97.36946089150318,0,0
5.92500000000014,11.865763176525661,95.02260622051597,12.023709379165325,192.08840072934544,5.4225636343825725,-1.6595328282428559,-48.26078971884674,21.507860001726087,0.024613277954719237,95.76059747464315,97.06592301437841,0,0
5.933333333333474,10.891084232964715,95.01345610337387,10.686639665143218,192.85657822140547,5.001641873181691,-1.3861624507238384,-52.73570221759208,26.818168974406735,0.024643226314171596,95.63562388815836,97.84333571268591,0,0
5.941666666666808,10.219339895666792,95.02817409678323,10.87935052518975,192.61716650016717,4.558610708350769,-1.174449453477469,-56.34281382806815,25.56932778660477,0.026076857235745265,95.57608895572004,97.59122425883801,0,0
5.950000000000141,9.239192107310373,95.11479764390765,10.159535469402272,192.41659475948478,4.081255655867068,-0.9168748132226676,-60.44188192476126,36.264776067379366,0.024805780829255664,95.5624790471516,97.30614961977008,0,0
5.958333333333474,8.397032928246688,96.1989967665146,9.806231289908226,192.4407933286277,3.5827290823355615,-0.6815771680370343,-60.270386632338926,34.38629980861026,0.023684512201208374,96.56478209410481,96.25211294057745,0,0
5.966666666666808,7.752584617454829,96.23997663121406,10.154925935277618,192.887895769257,3.0865873682132245,-0.38409985374929706,-61.535389923662024,37.404927174401614,0.022668869585719786,96.55172536121468,96.67777157920534,0,0
5.975000000000141,6.907793872494153,95.74311071175913,9.629056759534535,193.08478903247874,2.5556708154273746,-0.07800410328883467,-59.577921945727866,36.19701041120501,0.020360626807883975,95.99198333688618,97.37970840988814,0,0
5.9833333333334755,5.989152411033956,95.72162435671174,8.489523456427946,192.60199394773718,2.02867378995828,0.26026899056640274,-63.08888764331554,33.68647440539947,0.022926284551382015,95.90880729156225,96.91263007192784,0,0
5.991666666666808,5.051467496502198,96.09991976192407,9.008602549882653,192.7404672584998,1.492139286206278,0.5459322451004519,-64.34221975867963,35.395052327396016,0.022851125430247254,96.2325927226138,96.7215298590164,0,0
6.000000000000142,4.3541137517069615,96.15050808607208,7.661107948511358,192.7944220802254,0.9591230774482461,0.8973461261101476,-66.66038022438649,38.6937876395187,0.023516715780752317,96.24904421225499,96.70047736555905,0,0
6.008333333333476,3.245660358568898,96.17924237002865,8.235683687662004,193.0562631747522,0.42324408888978815,1.1721979665373004,-66.80035931961204,37.7791535682237,0.02373985764325459,96.23399074150412,97.00545084078385,0,0
6.01666666666681,2.3003431063915514,96.33118900569792,7.226051597144817,192.83215928386323,-0.12666255323830083,1.4324345722011693,-65.04344850496628,37.21306810261386,0.022483381693319426,96.35865064257915,96.62660021320849,0,0
6.0250000000001425,1.2365914067077028,96.45369320005773,6.948707050535745,192.90549610036186,-0.6823590751051328,1.7364051790991484,-64.79595343479005,33.459529550718806,0.02371772706191111,96.46161977822064,96.62079769825739,0,0
6.033333333333476,0.6573952538716981,96.3569303414464,6.74923812634222,192.90401973868,-1.2096236782855865,2.0431280903026927,-62.811350584222915,29.324219833089085,0.02389410408514614,96.35917285524076,96.73908734663713,0,0
6.04166666666681,-0.29543846482607705,96.7709003529597,6.381192659677936,193.13761368398247,-1.7208837087125677,2.3048764902954577,-60.19015245483676,32.275266221978036,0.021582986969622464,96.77135133400253,96.59772689559635,0,0
6.050000000000143,-1.0533453740283107,96.5660642021005,5.154336378164544,192.50498264323545,-2.2253329459530713,2.54560537473595,-57.141202255608796,21.86213451300039,0.023251927228606473,96.57180899186461,96.13954121167447,0,0
6.0583333333334775,-2.0026829202857925,96.45982936796054,5.110055319566698,192.49268524604958,-2.684089464635602,2.68679564149621,-55.185301465694735,22.36748644376656,0.022428263788509373,96.48061681278404,96.2959005013738,0,0
6.06666666666681,-2.8495311617710968,96.64036779730611,4.786950299691512,192.78310743436106,-3.1402997960341565,2.8621381883658383,-53.61614609453192,16.097644903155736,0.024438889599265767,96.6823692088713,96.44554024956156,0,0
6.075000000000144,-3.2740951354197705,96.40301062901062,4.568711753407001,192.66884909480723,-3.5412573018393383,2.9310741418392463,-48.85051554408765,9.870366061589994,0.02389067377177101,96.45859296761961,96.58478801249332,0,0
6.083333333333477,-4.08521310370088,96.47476143342277,3.800803731909525,192.96091750595508,-3.9474370826280896,2.978370603165489,-43.948839502038936,2.922700672360513,0.0238434561563885,96.5612166438394,96.80789004613516,0,0
6.091666666666812,-4.743977850336819,96.6758577683093,2.495624105253512,192.61318419329643,-4.309478543829441,3.021499174188129,-40.88290362837106,-0.313988036220921,0.023888795282939412,96.79218357430963,96.2100953021559,0,0
6.100000000000144,-5.201999202519801,96.42389612344988,2.7418443075399637,192.75977587197514,-4.641672326684198,3.1244358763132336,-37.28029324874207,-0.17086717053764752,0.02239774782054349,96.5641162095365,96.6628489991612,0,0
6.108333333333478,-5.748485812433785,96.36611685869241,1.7699932477963216,192.3702128888704,-4.929543409559592,3.064241154919159,-34.10974730048626,-1.351644754067158,0.02160929537289835,96.53742055575606,96.29804765388943,0,0
6.116666666666811,-5.911595466390452,96.37370404149124,1.3673024684856045,192.39435517757,-5.183537592813281,3.0091750531610235,-29.33570273294196,-2.9508277115460793,0.020086132335859652,96.55484343954576,96.29614633900407,0,0
6.125000000000145,-6.733954861515713,96.48080677293001,0.9462309030260485,192.60233617502092,-5.404028084692592,2.971201634236556,-22.716496776000422,-5.086884555575765,0.01805380519788846,96.71552214423696,96.42786769380986,0,0
6.1333333333334785,-6.8983561129740565,96.45266890605632,0.9688097925548504,192.6254635134996,-5.571787632673751,2.8315452198055175,-18.441646918912443,-17.702437763817613,0.020396682914318287,96.6990416506944,96.49403464458612,0,0
6.141666666666812,-7.063838620533431,96.54491123785743,0.4844615785877977,192.6630039477737,-5.705465765614938,2.580073651725349,-13.725932022391557,-36.525788921928964,0.02600120250640492,96.80298395185301,96.4140268948876,0,0
6.150000000000145,-7.179633213556144,96.35357625554792,-1.1528431210223289,193.02377364815078,-5.80681528513367,2.2542504407769908,-8.767727356938838,-43.987719245460504,0.02691883140984519,96.62069545555386,96.85788177915241,0,0
6.158333333333479,-7.235394136997968,96.36734363178647,-1.0207290250349388,192.86130629225607,-5.861010662438235,1.97488137133428,-4.194692714620342,-48.01244478390631,0.02639930351219144,96.63858363492565,96.69388239373758,0,0
6.1666666666668135,-7.322020876345675,96.31849312087365,-1.9511881014199162,193.06810431098887,-5.899445085347598,1.560209869461024,-0.6613019015088258,-53.93735861143259,0.027481007814438296,96.596398001113,96.89857124919172,0,0
6.175000000000146,-7.403855614704867,96.27152137354466,-3.6779529903723187,193.21629013234912,-5.887596126478142,1.1144476339628746,-0.30587612436905204,-50.3103010738382,0.025143846285413662,96.55580202939781,97.01634161348322,0,0
6.18333333333348,-7.287980425600892,96.32349076013145,-3.8342664473710784,192.9130450063269,-5.8818819604401105,0.7417974931124965,2.3982643110447732,-40.99587985014786,0.01974346543012384,96.59880708839562,96.65128105577368,0,0
6.191666666666813,-7.225449077592032,96.35115139187599,-3.5001197057637796,193.1196099631968,-5.85061818723192,0.3323759372636204,5.466859788214668,-43.11702380414113,0.019285909632345888,96.62169264152374,96.84013967977349,0,0
6.200000000000147,-7.120238278784086,96.5890120345801,-4.2376602633099765,193.3331114451948,-5.779334344456779,-0.005132760623430914,10.070305093986638,-46.22330469410491,0.018745837034999546,96.85109725224036,96.78703439400442,0,0
6.2083333333334805,-7.087546103995976,96.55234566598847,-5.829874691860255,193.07520750805458,-5.653132170974327,-0.47247235653974706,16.604974632170205,-49.723113546368324,0.018004410639956614,96.81213128209085,96.53105508365422,0,0
6.216666666666814,-6.76845750333041,96.47409759177589,-5.321799368110533,193.51753845856626,-5.494844994368955,-1.0073896474095587,21.65286110189233,-66.93941258994957,0.023069058876272308,96.71123783264221,97.05422316945531,0,0
6.225000000000147,-6.4465312160972985,96.57756770080482,-5.920344560945182,193.6547670446796,-5.299940538748273,-1.5275356316612436,26.329198966532317,-79.28192222480821,0.027249115731161844,96.79248084290255,97.07862537575645,0,0
6.233333333333481,-5.972549930829757,96.29371334381597,-7.511365822467383,193.33016020971343,-5.056496068841252,-2.2325873422848463,32.41861185041741,-86.74831958069294,0.029117398695869046,96.47875715522694,97.04864746459116,0,0
6.241666666666815,-5.3812594620897585,96.32812563438205,-7.217573891968755,193.37517787403044,-4.783604770713623,-2.9420952655842894,35.89308690778267,-84.57183246663868,0.02700075519355538,96.47831746890917,97.06442396208008,0,0
6.250000000000148,-4.868817246159608,96.54865284893731,-8.882258514528132,193.4159666271081,-4.475989329841961,-3.622769092654658,38.29827710801508,-85.57698187490776,0.02693258555682343,96.67133881518923,96.95042129569754,0,0
6.258333333333481,-4.554590992698024,96.4244292383031,-9.827811708144509,193.63596123040065,-4.160985293219964,-4.261049094101305,37.68013892903732,-81.86595940611402,0.025319715970226753,96.53193695893235,97.35444935371171,0,0
6.266666666666815,-3.8667923477354407,96.40015624869443,-9.184035376222539,193.5924018997032,-3.8293252505174773,-4.952546207948088,38.95468390645304,-70.10541801006478,0.02117648006665096,96.47767725144094,97.33758620445663,0,0
6.275000000000148,-3.2073351836407937,96.45530909999098,-10.426744535227272,193.59735464118415,-3.5137529873166256,-5.503874970900717,37.79099168004931,-60.866232839374604,0.018910562405874298,96.50861957646593,97.4099424253655,0,0
6.283333333333482,-2.8754250210536725,96.45963445337759,-10.288702122228415,193.79949138934984,-3.2019321025629757,-6.022485383692917,37.33937591955415,-60.8539597946689,0.019263897173962707,96.50248259983226,97.62174156249388,0,0
6.291666666666815,-2.231108065974013,96.41642562914882,-10.889824879258128,193.49063152135523,-2.8774801677351096,-6.598667718684083,38.597967864891224,-59.52287333758208,0.019803437724424278,96.44223646464883,97.45960612712905,0,0
6.300000000000149,-1.8201817850083444,96.34206542304486,-10.94518093314582,193.42767277878426,-2.5620459632233654,-7.067113324668912,37.47779318540671,-64.40912399536457,0.02147509608135767,96.3592581525446,97.51349016975195,0,0
6.308333333333483,-1.1021866266395364,96.48749933290952,-11.382596842281544,193.42608836682535,-2.260446078016558,-7.580009871580856,34.529460796531886,-63.9783369833962,0.022178156134435856,96.49379432314888,97.4821874912966,0,0
6.3166666666668165,-0.9069171216245877,96.42703831896097,-11.812776525473453,193.1477436749438,-1.9845247295204478,-8.089238969613056,33.425140651780374,-57.26017473768604,0.02148378450787547,96.43130310035151,97.33361502531056,0,0
6.32500000000015,-0.1943936450442152,96.38064013973349,-12.607963584296499,193.21779071182527,-1.7378946264921113,-8.481900041208043,30.140251326330816,-54.29831281687535,0.02156371920282396,96.38083617936732,97.62955725372663,0,0
6.333333333333483,0.2776387734545551,96.326812274502,-12.664004808534173,193.07632134404997,-1.4755032196175948,-8.973307957937116,27.822356365143392,-50.194199136027535,0.021897504609154073,96.32721238702838,97.61123728240399,0,0
6.341666666666817,0.3876002704790835,96.39132510488236,-12.831310625642686,193.0962493634778,-1.245982430130876,-9.42841190651335,26.39257950634774,-51.426377735007144,0.0235580260838546,96.39210439369398,97.60421087811882,0,0
6.35000000000015,0.7854496850982855,96.58722388086579,-13.13480221664571,192.8324095107722,-1.0181686901846614,-9.913451795668374,25.09626027255856,-50.896575172930554,0.025059935219774232,96.59041747616745,97.246640918559,0,0
6.358333333333484,1.196744013888349,96.24115998730457,-13.26655721473304,192.98289010940942,-0.8169838091158892,-10.279820241733603,24.459520192071583,-46.31395539099906,0.02525977731403639,96.24860036352077,97.81691791018571,0,0
6.366666666666817,1.3970524138953238,96.2181706629753,-13.886173388728139,193.0040391289424,-0.6245998836165658,-10.615794587962235,21.265871468962875,-39.916254723028146,0.025187577274874418,96.22831247183238,97.98510767277577,0,0
6.375000000000151,2.0200276004085254,96.34530476822852,-14.55381351711037,192.85961418812087,-0.49216962888710425,-10.794632524019294,18.32728133599782,-28.376874699330823,0.02409357252962563,96.36647893530845,97.92703473600884,0,0
6.383333333333484,2.0607471922819514,96.313061609018,-14.600599402701107,192.8760228129902,-0.3487387840129128,-10.973221083510825,15.633218917581168,-14.562903119926489,0.023851044420333256,96.33510531209791,97.98982573123594,0,0
6.3916666666668185,2.318448223044186,96.53642003706472,-14.251334917433212,192.67019493761387,-0.2192411078856747,-11.11730952017625,11.052098873007651,-3.2641631894646075,0.02415632765780895,96.56425630498858,97.55132182575439,0,0
6.400000000000151,2.339012555240515,96.39250489619826,-13.586578399394455,192.89222675934275,-0.14042579786495793,-11.199832960657472,7.1967359901892305,2.024345648430285,0.024299565610676144,96.42087937732771,97.8050140172711,0,0
6.408333333333485,2.3541872726468114,96.25436869319736,-13.855827236156983,192.94392875410858,-0.0885061536019779,-11.209699224435276,4.0916556640193775,6.534466745132811,0.024320530990793454,96.28315371985208,98.03894937803132,0,0
6.416666666666817,2.3892489026699195,96.34332165833376,-13.190530927040982,192.91468222916183,-0.06403873747265297,-11.041255239304986,0.9188984836718962,14.763560806309727,0.0242032767618241,96.37294297924119,97.82002464752884,0,0
6.425000000000152,2.682536275419295,96.30161386804059,-13.697270901231832,192.83931183952603,-0.0760067635887421,-10.842384044750963,-0.16339170450471419,16.270140446812732,0.02345136748675536,96.33896841080522,97.91744079977794,0,0
6.433333333333486,2.4472890448107023,96.25584737825722,-13.763456331607017,192.80519060924553,-0.07733008714533811,-10.774692197768616,-2.6003188797464616,14.278031376522327,0.02260552138525851,96.28695331235274,97.9007862276613,0,0
6.441666666666819,2.3478314661517743,96.31694295933272,-13.34400439057157,193.10112602631972,-0.12670787419537613,-10.556994765299242,-6.0756679792648525,27.301848352025647,0.02343300089453315,96.34555419750724,98.04800765185595,0,0
6.450000000000153,2.2969010351260977,96.35709675246886,-12.284911373174793,193.05362242315653,-0.19879794124815078,-10.28762050335835,-10.910539532648205,42.2002415945539,0.02538410633243826,96.38446891968545,97.78981199436288,0,0
6.458333333333486,2.09750920781579,96.37101097862762,-11.4414429892783,193.01747467008892,-0.2986757945109908,-9.898636430199481,-14.877468006315704,52.6558170013516,0.02660963636130287,96.39383435635102,97.59017456004545,0,0
6.46666666666682,1.9346135496528518,96.02076851790116,-12.168997146530728,192.94321436736482,-0.4397094059883831,-9.45775742002897,-18.35072676723328,62.17461676809876,0.0279974330819881,96.04025570746289,97.94320979073393,0,0
6.475000000000153,1.6715919396012282,96.22428978226287,-11.706175598247114,192.9772068463664,-0.590799754369779,-8.883442172971545,-18.685430636682177,64.943187650316,0.027187380966180452,96.23880799196048,97.67339261390487,0,0
6.483333333333487,1.1528372615538842,96.28122298232302,-9.396814873302674,193.12867527408156,-0.7486707870395147,-8.302418891428779,-21.598190273140368,70.51429567577495,0.02713786284459241,96.2881245674846,97.42034785182678,0,0
6.49166666666682,0.9484417299966594,96.26395652080288,-9.66425147210117,193.15382081065462,-0.9525315013667878,-7.686889458680227,-24.857688111473145,78.12030096298332,0.02824699748758519,96.26862867390511,97.46935446132667,0,0
6.500000000000154,0.6810113797780559,96.61061335324189,-8.822869031881737,193.60287224529725,-1.161776859033575,-7.090831196030837,-25.637256342742262,81.5214065974162,0.028299008082171895,96.61301355919392,97.45677004632681,0,0
6.508333333333487,0.2610016342193262,96.33650537617473,-8.083398115144462,193.53887659015658,-1.387724286421542,-6.4142018942367685,-27.22998947563222,82.73176562354845,0.0269081483276552,96.33685893751574,97.55987892980346,0,0
6.516666666666821,0.030418084466930395,96.58927342223978,-6.94117687435795,193.38828810177648,-1.6180898949093139,-5.702387371148442,-27.75061703331806,74.04572904626305,0.02100206848156594,96.58927821190123,97.04974177811641,0,0
6.525000000000154,-0.6473859521744885,96.22797626357806,-6.575351428457566,193.8837141149598,-1.859725794543874,-5.077174132589676,-29.500265685967438,73.66059667288826,0.019491825800800555,96.23015392461355,97.8354941214373,0,0
6.533333333333488,-1.075085852669531,96.5880764853095,-5.922323539023978,193.724769626002,-2.10570651677832,-4.418094329624799,-31.50587561164852,87.59821445822804,0.025060452148882195,96.59405948981856,97.25755943625704,0,0
6.5416666666668215,-1.2523554856031183,96.54283503644604,-5.349666815633384,193.55979299042338,-2.359439686606365,-3.7102131625972588,-30.285717247087838,81.3371610664077,0.021375707454914128,96.55095748430853,97.10344015934245,0,0
6.550000000000155,-1.862628784583137,96.50719940912614,-4.267281645104617,193.45798537382439,-2.6025967237536918,-3.012319676090636,-28.354230296345566,83.73440603625156,0.022689574406728585,96.52517248770911,96.98060246540203,0,0
6.558333333333489,-2.162023471868224,96.2824377251755,-3.722100983487394,193.48655938648312,-2.8372908882234538,-2.2897485211761284,-26.791629218587797,87.35106491296831,0.025002389781670242,96.30670879951825,97.2166400869139,0,0
6.566666666666822,-2.670050350493227,96.50027696139944,-2.5861379817776537,193.55576368087537,-3.063834015365853,-1.5999488759138947,-24.63364455602576,87.36702795944804,0.025815442091012386,96.53720848719921,97.05552299400583,0,0
6.575000000000156,-2.902752762136288,96.53081375556786,-1.294285152720306,193.34722460772508,-3.2296309161990444,-0.8753263983967252,-21.705728745883405,86.53422041574727,0.02658484667018879,96.57444785195626,96.82977113648595,0,0
6.583333333333489,-3.1044761351323586,96.50925542223786,-1.5261892266478299,193.46074876487694,-3.392403470047895,-0.2262405243953053,-18.038035357414113,78.19826295171895,0.02333628332539117,96.5591743659211,96.9643390682022,0,0
6.591666666666823,-3.4558445212315405,96.55881281642127,0.40921204359301555,193.23543854029936,-3.5568770829157628,0.5057347252640424,-15.577161456512956,78.303319667049,0.02498446310259972,96.62063544539338,96.7538558591031,0,0
6.600000000000156,-3.72024078608581,96.56189283608018,0.8743686719734001,193.02337366079695,-3.7035640705283113,1.1573715783531477,-16.46752870131684,78.30827461662588,0.02516321703080493,96.63353113486586,96.57084300641311,0,0
6.60833333333349,-3.807088320666594,96.57866646864937,1.4473198509033978,192.9711773691376,-3.8377696809416157,1.7565756635712975,-15.329696567254432,70.88590102894162,0.022070143657965335,96.65367421026464,96.53561499744124,0,0
6.6166666666668235,-3.800202445496211,96.58338655781341,2.806301132840531,192.83847583250542,-3.9640499105833022,2.3271016669600217,-15.457991747888347,70.07882335238939,0.02238343509219165,96.65811966722076,96.48154279865919,0,0
6.625000000000157,-4.28451243605906,96.59600469436043,2.900923191531774,192.84482052753418,-4.0592813086123085,2.882023103099037,-11.310581984244525,66.26667423913996,0.022892469645422242,96.6909777059248,96.51665677201241,0,0
6.63333333333349,-4.558123443287968,96.52396026484143,4.749344332926569,192.90764044949464,-4.11351263147083,3.4667984079673047,-5.56240305552083,59.421174056451825,0.022719490572397305,96.63152381357203,96.8320337612651,0,0
6.641666666666824,-4.563183977231631,96.48524410655045,4.303707037045854,192.84286901695447,-4.12374566928389,3.928193547169844,0.16682570712031022,60.46472417001106,0.02704827504943408,96.59308970268366,96.7647334240796,0,0
6.650000000000157,-4.330282461989498,96.59301498339312,5.19528327602427,192.27567170307987,-4.097898324322009,4.390139431947413,6.702275962439712,51.47055838096163,0.026418953726508487,96.69002993991997,96.1556404979273,0,0
6.658333333333491,-4.328566488082231,96.55299473944154,6.632821068399039,192.41499255832082,-4.044134862414056,4.8075220862305414,12.907274905665023,43.533417517900766,0.02650859372826231,96.6499730004948,96.48665525859106,0,0
6.666666666666824,-3.823707335791312,96.67820992510673,7.439753655237951,192.50384313865788,-3.9356306679510182,5.140438428471897,18.403760557946327,38.10367657637938,0.027586774950921544,96.7537958537689,96.48532289563256,0,0
6.675000000000158,-3.700562257410752,96.65297182107594,8.270771894103802,192.39821761203314,-3.7749436453300134,5.417269815072997,19.605253730947247,29.43303951567335,0.024029528510269405,96.7237877818413,96.49075050458477,0,0
6.683333333333492,-3.459205844307803,96.44105452355882,8.564675317981653,192.22591544153272,-3.576546613230446,5.569563147170078,22.49642866832132,23.050264090965197,0.02273605648166699,96.50307302199936,96.53659046848746,0,0
6.691666666666825,-3.1428095497994377,96.68537074999318,8.966809671282817,192.32000286146734,-3.370610013382516,5.770329633037147,25.47476567626215,9.085030026379485,0.018979034243366666,96.73643661480378,96.39826625399759,0,0
6.700000000000159,-2.8170038681533924,96.61168737439112,9.838660622113878,192.53724495630695,-3.149914587871029,5.850074491757752,28.90887311410932,3.141981102827602,0.0186450285526365,96.65274775256147,96.75680049015502,0,0
6.708333333333492,-2.2551382729544116,96.73356155699645,10.187875749403986,192.30031490649816,-2.868841520252817,5.816538921254273,34.12103352689472,-1.267092521080121,0.019661708967698477,96.75984487446931,96.37340371557448,0,0
6.716666666666826,-1.8261374324999906,96.61656918332045,10.434674999924027,192.62468331624365,-2.5859026849142794,5.848228928203876,39.21338608072175,-2.3955298208306406,0.022160722491107343,96.6338254374612,96.78783756683217,0,0
6.725000000000159,-1.0779766657782375,96.49541414328587,11.077529929201376,192.5390411904067,-2.2482470930716834,5.762701313252898,42.33683050796332,-7.780837332782104,0.02172061586064178,96.5014351415367,96.80978585322369,0,0
6.733333333333493,-0.6872581522113705,96.63189614196762,11.633148441270578,192.3353145250153,-1.8880177110830025,5.717895613556959,44.88645721382494,-10.397509374910461,0.022040736868332633,96.63434004410541,96.49319514260775,0,0
6.741666666666826,0.0580085939857895,96.66091720711188,12.073704225530435,192.42595635475448,-1.4948494164277568,5.5582987359084965,48.07600414418328,-18.861624679740405,0.020882174190977043,96.66093461330236,96.51590368669528,0,0
6.75000000000016,0.9425203302987484,96.52831881672842,12.434777638648256,192.24096731284226,-1.0602834385759565,5.367593660166637,52.18903693212709,-22.837478563571874,0.02192084123802074,96.53292017833601,96.40011960667869,0,0
6.758333333333493,1.3507700055525902,96.26344081129884,13.127913797294639,192.3096191947604,-0.6161053128809655,5.167119561944031,55.54408342915659,-29.433148687211485,0.021941716538411704,96.27291735705496,96.76553879330744,0,0
6.766666666666827,2.3023531151231396,96.39545291604315,12.667719070781061,192.24495347596792,-0.1425714940928388,4.896711415162228,58.0562379133709,-37.28563101730716,0.021300425128467193,96.42294422364321,96.40833765282818,0,0
6.77500000000016,3.112986648776598,96.29837353951734,13.765773991763467,192.2357486465978,0.3210153748233807,4.58324589482148,58.95090747834518,-41.188499684928786,0.020633513800752734,96.34867633876387,96.52700047453854,0,0
6.783333333333494,4.088161420658423,96.30727865502149,13.25114645513247,192.09828113993427,0.8318136463365903,4.219716362075835,59.88093268370455,-43.066729537363514,0.020531961438465363,96.3940090759655,96.22825183804683,0,0
6.791666666666828,4.938651368480009,96.14004934772669,14.281184921339559,192.03519257620388,1.3333157754542402,3.8726106150464568,61.18094288441746,-43.85691910569668,0.021133444809433133,96.26681341938514,96.34916412712911,0,0
6.800000000000161,5.581729773672009,96.11272956036049,14.021570133730165,192.16614397698055,1.8463765012570543,3.490934648002486,62.12605764338732,-45.17131456854035,0.021607772978516238,96.27467211478464,96.42348949500956,0,0
6.808333333333495,6.496282553762285,96.08574460311928,14.16537796991571,192.0915399931959,2.3828942456235236,3.112755056093344,61.13993130440325,-41.24311226417932,0.02194062964515986,96.30509853042145,96.31161805817263,0,0
6.816666666666828,7.248619940555727,96.06825047798998,14.601417702686035,192.39998397180733,2.8786194643769463,2.810849366319191,60.464861784019405,-41.52036685655791,0.021989845293033383,96.34132675515967,96.61193773470565,0,0
6.825000000000162,8.38390357740849,95.68049963972686,15.003383438593175,191.93223923311882,3.3658091742094753,2.4403124928446958,58.72767595739595,-37.81437305847231,0.02219670274052543,96.04711266093871,96.47909042060236,0,0
6.833333333333495,8.98974857770395,95.4624678487005,15.307056442637759,193.0571329952203,3.842411971418503,2.1464174783543033,57.56523327063706,-39.15673754007029,0.02209928018093743,95.88481812703462,97.79891126041066,0,0
6.841666666666829,9.79474610751447,95.07556642922464,15.384600292185553,192.43179650763727,4.314336720377678,1.7954128877069748,55.06622339462866,-34.91820094437017,0.022326725750381193,95.57876533597081,97.51657297550351,0,0
6.850000000000162,10.506971116602017,95.08203330109802,15.996141356951568,192.5612311255934,4.77585110472937,1.525560850211407,51.44359466458919,-33.59613545601139,0.021558173602838515,95.66080440136504,97.63362637142309,0,0
6.858333333333496,11.019223203616718,94.89658596099804,15.882537875174194,191.88776806785694,5.174070239615505,1.2619668334377503,46.539120681369,-31.375035406285797,0.020319516310981722,95.53421013995047,97.11303329667163,0,0
6.866666666666829,11.785412500480504,94.93264024178836,16.008615363617537,192.21568375773683,5.541057112710403,1.0619919613111213,41.84113398357402,-23.007488028049885,0.02044262647268935,95.66139310653645,97.37466815424395,0,0
6.8750000000001625,12.462352648318017,94.93259209262578,16.534673308780782,191.98770937323997,5.876244207235706,0.9026794624171585,40.082030793729224,-17.769714353322552,0.021819889511126345,95.74710060861328,97.14051464716154,0,0
6.883333333333496,12.932745244453884,94.86858075120449,16.68170885167723,191.59861603104213,6.208862737247358,0.7361045955899003,36.672126752415394,-14.593282161878719,0.022009535738376496,95.74603654097517,96.80265726397658,0,0
6.89166666666683,13.363966086108064,94.8512970201694,17.128646171350113,191.75822339924963,6.510273261150294,0.6267119491810849,34.58495715779882,-11.314931902513237,0.022959908573340737,95.788121058715,96.98002472872801,0,0
6.900000000000163,13.670718884594521,95.18956660682232,17.24953014934505,192.19863267943992,6.784814924312027,0.5107419775473464,31.186314697596444,-8.384413475421596,0.023151978002328377,96.1662214377599,97.07505750886884,0,0
6.908333333333497,14.228705761671279,94.68684899314349,18.07459399088441,191.29370240229463,7.017333866579231,0.4641311643800942,26.23281915818503,-7.141913282736683,0.022283524041813774,95.74996313264343,96.68337489914602,0,0
6.91666666666683,14.675405775193951,94.53474683742712,17.85649024465755,191.51722516506572,7.238473683477563,0.4084547431516836,25.035146133256525,-8.548359053274671,0.022672689795989243,95.66705751868317,97.03463505868795,0,0
6.925000000000164,14.95498026075876,94.83428950909706,17.95026571140926,191.51375753838062,7.418681357834357,0.34275810939649515,21.343544275767634,-7.626945156618304,0.022444891319489457,96.00621803453629,96.7258562813281,0,0
6.933333333333498,15.148813748149905,94.55168340781086,18.484032638632243,191.50156115503944,7.558131809009275,0.30185615746920336,15.040056783674286,-5.631866550075725,0.021693206590413627,95.75754483708857,97.007229010265,0,0
6.941666666666831,15.224191934401915,94.66009797899022,18.27964716848095,190.9898267658345,7.660564203034625,0.2569093643201735,8.54827140304739,-2.060113514254996,0.021345476049174472,95.87653607347075,96.37817416217447,0,0
6.9500000000001645,15.352346159499916,94.5407751663057,18.64596424605429,191.19764933328122,7.7325714828196155,0.24685673576213718,3.2693964605095553,2.3693365841011467,0.02141477624751653,95.77918720498246,96.71297350319975,0,0
6.958333333333498,15.647074996946913,94.46669030157057,18.68441348215481,190.89354296766533,7.746856409397271,0.2869251589687397,0.3531982624441541,9.388945674442315,0.021762526131961835,95.75378077388343,96.4746771964668,0,0
6.966666666666832,15.189580367517124,94.4834215238597,18.576608508250615,191.19959497983882,7.732453010658657,0.44164988023388096,-3.151434463269389,15.905840020550102,0.022085085651908365,95.69660544970557,96.77546263177025,0,0
6.975000000000165,15.194970513395049,94.67422864856394,18.811413253162243,191.33985597418808,7.672644488134055,0.6298629497625324,-8.869625743993582,25.539866213759982,0.02267383475085083,95.8858524449958,96.73325262982976,0,0
6.983333333333499,15.221204437117365,94.6556917669734,19.08596478990995,191.27384061331662,7.574349508100514,0.8479956128592585,-14.0055818399382,34.389873410166636,0.023404702318605253,95.87171140853175,96.69541384718643,0,0
6.991666666666832,15.050476478901828,94.51288092041813,19.583751190390842,191.13365558261978,7.429057002117138,1.1574966500499093,-19.904541731956133,40.74628523101218,0.02372194831824137,95.70371728474873,96.72706278975794,0,0
7.000000000000166,14.648287109471369,94.53460468468006,19.956457310633425,191.15200453809115,7.258317421273646,1.4955087546787906,-22.830218614134935,45.646792146995274,0.023971801807828097,95.66276076995813,96.76310570314713,0,0
7.008333333333499,14.243527245288874,94.61133990470995,20.309378291559938,191.32682986060286,7.069948225378472,1.8587781407934756,-24.19984596899092,44.36311543878632,0.022954958064473008,95.67749843590104,96.90552381739634,0,0
7.016666666666833,13.761578215540112,94.8120626411175,20.212477670065937,191.17965262253313,6.860434998183772,2.2412398198741,-30.006289097908176,45.97077727858403,0.02283048707319013,95.80557529311965,96.5832620209042,0,0
7.025000000000166,13.461875188985061,94.74690819015586,20.41790498694013,191.1489394678536,6.582777909042207,2.6106344916803232,-34.018568697419546,43.41969542456519,0.022127555101644436,95.69847801923308,96.65266672480514,0,0
7.0333333333335,12.971978704020955,94.95016067601341,20.75215367965302,191.03974598388908,6.2622349611130375,3.007872035597505,-37.651665247382816,43.795833324100094,0.021956892387410054,95.83217227997254,96.40404310655735,0,0
7.041666666666833,12.726819942860459,95.34838270006247,20.89332963165782,190.92994571978977,5.912705065278083,3.396729517993211,-42.31383262327721,46.83987558614679,0.022436883758758963,96.19400204469905,95.92980282368625,0,0
7.050000000000167,11.986014531612966,95.36692356566778,20.732772460445233,190.8998472062612,5.551926386853785,3.7979956141328746,-46.81861961160861,51.062506272125596,0.02323011444143752,96.11719229530145,95.93250373874875,0,0
7.0583333333335005,10.993957726444194,94.98170200643409,20.816525287884815,190.90308473436045,5.1589059521317715,4.276506903008113,-50.85872033785491,58.43363362062514,0.024357942374273023,95.6158502682996,96.42299776472619,0,0
7.066666666666834,10.344390638153754,94.90264548733234,20.60302549325297,191.26583082540986,4.741802830649752,4.739288988195331,-53.387379206899475,57.79203550064707,0.02462957983058267,95.46475023886568,96.90770391249055,0,0
7.075000000000168,9.68796313951151,95.55266631879607,21.1049802619483,191.01565354942858,4.289516102412494,5.171066507855883,-53.92257570651212,54.01782697321926,0.02414490864018104,96.04253573507792,96.14327959337521,0,0
7.083333333333501,8.933695330347803,95.11718101377681,20.954744412010257,190.87559018316608,3.8419854994076448,5.558814954161038,-52.903019128751794,48.71184078188566,0.023263678480490935,95.53579976251343,96.50999195770308,0,0
7.091666666666835,8.431714200603096,96.42694195381392,21.161329872140243,191.07713943375427,3.4072343306889326,5.965844315798815,-49.26282005988106,43.66489897806139,0.021502691916527983,96.79488074751087,95.50237168854369,0,0
7.1000000000001675,7.5679866937999805,95.87071654246023,21.141499007828145,190.9875470646748,3.0061337317802073,6.3482083433356875,-47.80441922270933,40.741735796467744,0.020970133916550004,96.16895919662586,96.08044382251137,0,0
7.108333333333502,6.893605778044446,95.93865915531933,20.26117183226779,191.56548390937985,2.5981491572658597,6.7353663207206305,-49.05211178436926,43.34862209545405,0.02157298545354136,96.18600792809536,96.55662294611295,0,0
7.116666666666835,6.227642084323122,96.44846019523123,20.22980785022031,190.67175047246525,2.177453039025123,7.1565009874855035,-49.06291549270555,46.38570841964704,0.021873452825337925,96.64930936101683,95.25801318946121,0,0
7.125000000000169,5.690307368620267,96.1291212558711,20.538659238881223,191.0499333054226,1.7757046140766402,7.582470213144727,-48.055838462607554,54.815106859421896,0.022309755197940095,96.29739119714169,96.07514826118856,0,0
7.133333333333502,5.072971382843718,96.06582524895356,20.95730323295072,190.9202106303066,1.3999300945035846,7.961226903170334,-45.19554710789058,51.56196442950531,0.021836378863294925,96.19967681553631,96.17518611574695,0,0
7.141666666666836,4.238732345417532,95.8982459601691,20.92185214836917,191.72650572928,1.038667364489081,8.276131558978962,-42.13185945060895,43.64649585209471,0.021138059486651706,95.99187689660609,97.2696348134187,0,0
7.150000000000169,3.53092445904457,96.1545227309532,20.88705238678864,190.96126364700723,0.6984998699897943,8.582007309547405,-40.22311265214762,33.8360785435589,0.021393262690546866,96.21933105750048,96.38232877331824,0,0
7.158333333333503,3.1731287370790255,96.23227556965793,20.842130901280655,190.96690765104745,0.36875132826023976,8.868066067221653,-37.74602127799392,18.74573415507606,0.022900992306591483,96.28457616511929,96.36827358147907,0,0
7.166666666666836,2.809770663945585,96.32546589030301,20.54132289749259,190.90525977559253,0.05395622169584745,9.028731076494216,-35.45716941557938,8.758521585712048,0.02436456147024435,96.36643705236744,96.22757066451825,0,0
7.1750000000001695,2.373471279270177,96.39853000147292,19.258872528959557,190.89955317631495,-0.2286945769405201,9.003285005507358,-31.064753011390277,-7.228042389837763,0.026676884693696667,96.42774472297066,95.99770912086936,0,0
7.183333333333504,1.7833168309653047,96.39947010428466,19.11293424115462,190.8319314012743,-0.47617849035934373,8.902159483068644,-27.966466116097834,-15.626406301031414,0.027715315502116145,96.41596369536778,96.00940259261579,0,0
7.191666666666837,1.3526219139340014,96.30189115986082,19.000606243366747,190.98797638378147,-0.6782604217383433,8.788212002021782,-25.244681593678294,-18.33160235842445,0.02678131320260091,96.31138991317556,96.31669681796335,0,0
7.200000000000172,1.0544268174692775,96.55287688041926,18.20467196359965,190.90267575367307,-0.8662418855302312,8.644933297633138,-22.447630872458667,-16.945830443517092,0.024140023432468016,96.55863425814803,95.89585734532963,0,0
7.208333333333504,0.7975402201780071,96.47828561387735,17.31398572979697,190.88011788387394,-1.0529905758058657,8.474180234489495,-18.548982616860368,-19.75380536632691,0.02261083103244177,96.48158200089638,95.83579137360312,0,0
7.216666666666838,0.7237943017710222,96.26999266524297,16.2041815313475,190.8442401973876,-1.2049016853034984,8.319414493346004,-14.49756765639957,-22.140095167553945,0.021056571024984372,96.27271350677309,95.83282676123562,0,0
7.225000000000171,0.4104359265248263,96.46456051422189,16.713907983297474,191.16634769703876,-1.3074140333659507,8.11098346475336,-10.491557166853472,-30.860651592155232,0.021880572177350732,96.46543366849993,96.09490983775106,0,0
7.233333333333505,0.33852399066188354,96.57233821244404,16.343749422645317,191.38421150217943,-1.3692338867758822,7.778209339975054,-7.501355107207691,-35.18544980781067,0.02127197108044543,96.57293154042146,96.15330757616947,0,0
7.241666666666838,0.10607970865595462,96.39225279946817,15.355266973216544,191.58003055567525,-1.4150296884005031,7.428578438927127,-4.649192083860439,-39.8158253246373,0.020938991285916586,96.39231116982914,96.40150800892437,0,0
7.250000000000171,0.07081672531609229,96.4387837070276,14.332842643336846,191.14869276355256,-1.4494879479655882,7.116599057082028,-2.249083080576406,-45.17647313509608,0.021396022236312984,96.43880970801867,95.77772317601585,0,0
7.258333333333505,0.1649201790372672,96.42605142000411,14.20943710908648,192.19164933213898,-1.457038867399706,6.728805214958115,0.8952715341807023,-55.16845630598295,0.023816158028691525,96.42619245370383,96.78996951785412,0,0
7.266666666666839,0.27623456829297766,96.35838252907519,12.933299311494238,192.07323548949722,-1.4423622487828225,6.253206668457481,4.360926263608419,-65.12812942329664,0.02641173877072145,96.35877847480376,96.5480935345116,0,0
7.275000000000172,0.2670774886364029,96.37190878303039,12.291651667448889,192.0159491325192,-1.3913629382722632,5.666814814349501,6.661984936116379,-64.54757451076937,0.02347402396635001,96.37227886103797,96.39695450872091,0,0
7.2833333333335055,0.2934121453392322,96.62151236789134,11.705128675542937,192.11138701237763,-1.3281820857671742,5.1011935079187545,8.932549282085663,-67.26314016233042,0.022675139730025773,96.6219578716226,96.16934768306079,0,0
7.291666666666839,0.40798589439083344,96.37084088269506,11.010023533799142,192.6059765661633,-1.249619197001998,4.585059201171736,9.544705939683935,-66.98168940092778,0.021193668092925666,96.37170448283953,96.8173772735193,0,0
7.300000000000173,0.7034571975738686,96.35682688235926,9.593215928396546,192.4149943814827,-1.1485691717941706,4.004480615360601,12.445465416314319,-71.05973951992051,0.02111567059272179,96.35939465804967,96.46864440626236,0,0
7.308333333333507,0.8585327981874116,96.32161443621771,8.923095583877,192.6727484093882,-1.036044158609878,3.4040623559518512,15.790550231754109,-72.20893839678787,0.019350513092679655,96.32544049297127,96.6880457494109,0,0
7.31666666666684,1.08530617971644,96.53095944653182,8.333744167263944,192.408625507929,-0.8908635640243752,2.7775648308126026,19.117928217939557,-79.45405372625332,0.02126893440446631,96.5370603507881,96.15126989613873,0,0
7.325000000000173,1.2919491064290014,96.5621008810096,7.452086809256286,192.53769680168352,-0.7198287367985068,2.0389515987088602,21.090279306152205,-86.18818606480636,0.023770875741673247,96.57074328722895,96.17308515819941,0,0
7.333333333333507,1.5787395523721557,96.33861672329681,6.872995657668753,192.8457423652606,-0.541781660756277,1.2601186333473462,21.999283339771683,-92.23986894875313,0.0267892795888498,96.35155157407952,96.65223457004114,0,0
7.341666666666841,2.085557279116699,96.28790512180848,5.368064438410443,193.23963432327253,-0.3536999277587159,0.49449447594477125,23.252987840787206,-96.47500121039364,0.028818229247670857,96.31048863914495,97.00728141951423,0,0
7.350000000000174,2.289784770422955,96.32971000048343,4.610377043046412,193.11776020310265,-0.1741794716023175,-0.19946985927842295,23.41770609667088,-95.98927740152084,0.028309848924696457,96.35692057694713,96.81586548970421,0,0
7.3583333333335075,2.68863246982869,96.38534156676889,3.142137971019963,193.04237419002555,0.03020645534835863,-1.052501980708695,23.691833731099024,-99.02225256845887,0.030569764632071283,96.42283346542209,96.65809651949967,0,0
7.366666666666841,2.948826212184599,96.53222705576422,2.0274069325064943,193.74145778649614,0.23991439784355115,-1.8276485490947267,23.84551563428983,-91.37094706139509,0.025565321684308806,96.57725631004065,97.21359757127414,0,0
7.375000000000175,3.224811125578242,96.20689676687317,1.4230686493485223,193.29881129124487,0.4335623657309517,-2.6350140075089774,22.323388516629763,-89.35279411970697,0.025675244106190043,96.26092869023987,97.10863062549359,0,0
7.383333333333508,3.5959904017951203,96.2070045593884,0.9133653009624823,192.98368838486346,0.6153087945446791,-3.3409278312924395,21.290079391852586,-80.84793640349096,0.02170274595890387,96.27418591325497,96.81385752921729,0,0
7.391666666666842,3.8141313392648613,96.18146334681859,-0.04971332850345789,193.28062816498635,0.7738231388577047,-4.0124048326529,19.995117738527828,-81.28120286928487,0.023526869755678526,96.2570594263536,97.17601094921703,0,0
7.400000000000174,4.27877399491058,96.00245015064297,-1.878682852520285,192.9115980584965,0.9256934443796303,-4.773746269825778,16.804602569458584,-84.46403572449526,0.02843412300343262,96.0977540935594,97.104568497338,0,0
7.408333333333509,4.3864191608350325,95.87999831200534,-1.5068056431584296,193.11800432811992,1.0512984679349127,-5.402573098758071,13.996230420546953,-82.25538938289404,0.029761680701472226,95.98028312817527,97.41642527100007,0,0
7.416666666666842,4.435355295249224,95.83131131920135,-3.546567314556455,193.0150108983271,1.167545376237473,-5.9868758214097655,11.024021160828942,-72.70185721983238,0.026569298114777595,95.93389706330493,97.51093555306856,0,0
7.425000000000176,4.678894905048594,95.88052819164375,-3.3779843858499703,192.94421450080648,1.2597760798229434,-6.558288854682876,8.474307439867648,-61.81969198534897,0.023056371298718847,95.99462351528382,97.39749742078415,0,0
7.433333333333509,4.705338721599958,95.91862902970792,-5.317737611563928,193.03735292313775,1.3107577625562905,-7.072669890043763,5.210745108178793,-52.36308122238422,0.021150507167520427,96.03397111139222,97.6345665728521,0,0
7.441666666666843,4.8073778251959425,96.15913996079883,-5.868072058400685,192.964845138545,1.3304423349987264,-7.486477775417201,1.2741325595319084,-45.17886377191659,0.020717752989942273,96.27923493440673,97.39255508085768,0,0
7.450000000000177,4.873694699521934,96.15103786841502,-5.109751270054005,193.05717193633132,1.3186264442168834,-7.831357047354712,-1.1667166680723886,-43.22951682191771,0.02190247881632157,96.2744773197836,97.41903311682174,0,0
7.45833333333351,4.874812578490719,96.14061958203581,-6.12861000413659,192.91011206020397,1.2997100375532356,-8.234124091420764,-4.851048650765005,-34.89146223012836,0.02125662463153377,96.26412899566037,97.39306948142725,0,0
7.4666666666668435,4.709940770985895,96.08193205257663,-7.318293474707843,192.96542138559892,1.2742717749138945,-8.544912356722476,-6.831256805226521,-39.119217184259924,0.024919199000863035,96.19730354340577,97.62729600071448,0,0
7.475000000000176,4.452726877434998,96.1880025431106,-7.929803952845532,193.03276437900485,1.1944692561817096,-8.821501232843872,-10.052069305096603,-30.877914664881008,0.023834197674764024,96.29101001588093,97.63316529138,0,0
7.483333333333511,4.362707860522676,96.32531042542752,-8.237563391155902,192.9457203580401,1.0972481680943926,-8.944521741514993,-13.582436743908813,-25.47005428250334,0.023782408846113157,96.42405637822567,97.43854704972759,0,0
7.491666666666844,4.250932043511739,95.94015558585187,-8.87601587002547,192.90601655399655,0.9715777251026703,-9.106965576203155,-16.23995788940749,-14.194646067521003,0.021654293236891053,96.0342849042779,97.85037023342467,0,0
7.500000000000178,4.042782798346877,96.13725602320278,-9.400567824494544,193.2314901864081,0.8093503209651671,-9.232112940403118,-19.877623468470166,2.211241488597149,0.019569923724324756,96.22222242510016,98.020477369313,0,0
7.5083333333335105,3.7758920200255943,95.89712434648425,-9.524128547834493,192.93602192019637,0.6250152227587932,-9.15200839810478,-23.796619108064466,13.002221863431926,0.01901263946772902,95.97143230395154,97.94609838797507,0,0
7.516666666666845,3.095114103573337,96.18574028567423,-9.143039199773511,193.13307200544602,0.3858118301858662,-9.013726932332329,-30.980423310405396,19.842049965957695,0.02022692397495085,96.23552548626373,97.71672079976737,0,0
7.525000000000178,2.866002022608086,96.14237989506859,-9.412183805813584,192.95288195083504,0.12388075805637085,-8.869191981103148,-36.12256720545336,24.19969959330831,0.021296109016154308,96.18508813470663,97.58599876789094,0,0
7.533333333333512,2.3552531226974907,96.35129997531845,-10.038727330684253,193.07678874199507,-0.1915747243151253,-8.682878437369347,-39.96172699710896,25.563567921063587,0.022273953594166507,96.38008209275286,97.51631109015196,0,0
7.541666666666845,1.6730507869862095,95.98290856565262,-10.034085992099563,193.20289173161189,-0.5287697722035228,-8.456061970579801,-41.678743005223396,23.660391891268567,0.022793054079699893,95.99748869453964,97.92232727194359,0,0
7.550000000000178,1.117729930118685,96.29141065925347,-9.960506485714461,193.30484409546875,-0.8707593093828289,-8.233297430501745,-42.02960182091744,22.868298370004645,0.022583445092528187,96.297897624744,97.64391219716703,0,0
7.558333333333513,0.3019798243270202,96.60457822765164,-10.821038565665958,193.0144102026116,-1.2332833100356655,-8.012207791994792,-43.06627723316875,26.113513810280136,0.022164859625061428,96.60505021144996,97.04935465805085,0,0
7.566666666666846,0.035493800662663944,96.45116935997254,-10.842360987813151,193.64283990305944,-1.5964688710144974,-7.774704263830471,-44.969928396088974,34.85623758676274,0.02164749754837869,96.45117589078939,97.7985099464972,0,0
7.57500000000018,-0.7801708356250856,96.28754137248688,-10.918454543843438,193.0426427410821,-1.9637174950809644,-7.485415312187019,-42.685295672310396,35.503480426183906,0.02014436320793145,96.29070199189086,97.28481092850754,0,0
7.5833333333335124,-1.2676729767956658,96.5579514363206,-10.83692177532538,193.15912335716143,-2.3299388058680215,-7.170901198408229,-43.03241499093037,37.702738148722396,0.01983518171788301,96.56627247830862,97.07397663147427,0,0
7.591666666666847,-1.9124806579235383,96.44183679726586,-10.924227524151206,193.84226299716408,-2.6893884147323033,-6.834141653999389,-43.86557827114414,45.395080113373425,0.019764341138496455,96.46079756614806,97.81643320783469,0,0
7.60000000000018,-2.6910928920793253,96.3535677130501,-10.94918403892268,193.7438063915481,-3.0675868186249895,-6.446268570360914,-45.41829000766864,51.251174926605955,0.020308100924562478,96.39114063017996,97.73972917521505,0,0
7.608333333333513,-3.1916972567821063,96.56948944604653,-10.771973589053573,193.71875225474997,-3.4456440448481023,-5.942107152701837,-47.000247860792825,56.8437121421843,0.020928784059435213,96.62221909710541,97.44454758244878,0,0
7.6166666666668466,-3.6924740355654535,96.52228685073567,-10.860217588897683,193.65619780775165,-3.851765138118866,-5.4586255508052535,-46.55433673838505,59.33401596501607,0.021072089264122074,96.59288909334384,97.39801438146388,0,0
7.62500000000018,-4.614536685651785,96.4255795585903,-10.519310684447532,193.81258895397627,-4.210480849893835,-5.0238047837545965,-45.126616769011676,57.18806649644101,0.02057607270602313,96.53593290600787,97.56585445202563,0,0
7.633333333333514,-5.1435985383624825,96.61521343709785,-10.070533202360082,193.88818931238666,-4.583408143873953,-4.544111889569281,-43.13199668331947,56.97122227483412,0.02033625113370663,96.75203394978224,97.39767205030016,0,0
7.641666666666848,-5.842655538570966,96.33117387526607,-10.06872595476807,193.63034996226463,-4.911737425263542,-4.122693807340077,-39.62518154514029,51.062627366084904,0.019201717972169074,96.50819490555783,97.39090993707477,0,0
7.650000000000181,-6.299015182717085,96.25031246881156,-9.533781281418044,193.63412157202828,-5.243801436600946,-3.7115920808054095,-38.27879214809441,45.998342526675835,0.01898974398145503,96.45620893761046,97.43751837544437,0,0
7.658333333333514,-6.833326028225201,96.52804157555448,-10.153048277767823,193.52587136569184,-5.577764381393515,-3.352288738139399,-35.98323473556354,38.120385070676654,0.018788445006764576,96.76960863318605,97.05462142428132,0,0
7.666666666666848,-7.087637860189886,96.20891510111556,-9.874672502841406,194.0302963270086,-5.881396431188652,-3.0203379224278524,-33.58155519887984,32.61958058872331,0.018885909577452953,96.46963229623537,97.8610759548496,0,0
7.675000000000182,-7.7875480663549865,96.1855365922234,-9.436100740426753,193.58644645212712,-6.131570386394647,-2.730085882687421,-31.387836680672528,34.96148929230077,0.019084062942333446,96.50027644737467,97.41486009565624,0,0
7.683333333333516,-8.016203436467038,96.17693838761005,-9.846420981171889,193.49565524624478,-6.3626220780101495,-2.3739943292979877,-26.910779173094998,42.14685922486451,0.019724225297211184,96.51042946308428,97.33592526540271,0,0
7.6916666666668485,-8.766157296159292,96.32810007987382,-9.600011548260909,193.35892674737244,-6.555254459426835,-2.014499577582807,-22.758339121432293,46.11267106273061,0.02096451766282037,96.72615147280075,97.03440954987002,0,0
7.700000000000182,-8.877854467704083,96.24396373223306,-9.448042986318626,192.9827385909486,-6.72787345104736,-1.698952516405239,-17.612683382312348,44.38611784007,0.021499138438676013,96.65255741490301,96.7404552196857,0,0
7.708333333333516,-8.97421308782424,96.27284881298874,-8.565888659804216,193.21928075232927,-6.861177158171048,-1.3567120100265517,-12.431471654409647,37.030062112934075,0.02071226973799689,96.69021625332246,96.94729183740876,0,0
7.71666666666685,-9.02118022273055,96.18160071981481,-7.895797877124835,193.1958709409726,-6.970571939044895,-1.1040767054413214,-7.997924484813541,29.66746824659016,0.020063868370847615,96.60373703763672,97.02079731669714,0,0
7.725000000000183,-9.187238312571594,96.15468228945485,-7.51483065689564,193.20429855811653,-7.029202964047518,-0.9665802574492905,-5.952228816387179,18.4030020972418,0.01862307342082703,96.59258912565699,97.0640250827321,0,0
7.733333333333516,-9.314927547092623,96.23619932152167,-8.067935912605435,192.9682464161845,-7.060780017611442,-0.7925607731019018,-2.351632607045381,8.340813949913448,0.01800229502878814,96.68595521097794,96.74008436661894,0,0
7.74166666666685,-9.368746400096086,96.26101449957571,-8.11685117814443,193.25014244789372,-7.076955847096479,-0.6176777274649015,-3.087074897861799,12.392479294715201,0.018304812884950117,96.71585351738793,96.99720708258536,0,0
7.750000000000184,-9.335345553264858,96.2720240430753,-7.606828949481667,193.3340633743822,-7.0809909589802,-0.40124009021678253,1.0448956743012685,18.60083024449976,0.01971674226667064,96.72358187096532,97.0774291419057,0,0
7.758333333333517,-9.327622416043994,96.22480810144987,-7.7516307500869175,193.18855198747207,-7.027416090452284,-0.3357260054485955,8.259263599735716,18.29747657140638,0.02129257370002202,96.67584100537806,96.97655066110195,0,0
7.7666666666668505,-9.112051396746779,96.31319997815075,-7.369294210882117,193.19526489672444,-6.918563042043772,-0.2277094559375623,16.23009676489025,20.29508003397755,0.024669476784771938,96.74327868481723,96.89773839205748,0,0
7.775000000000183,-8.878591550063447,96.3143473904264,-5.800052002924019,193.24838319060183,-6.766888152280603,-0.1422772367920288,22.076051159034627,15.215214120279658,0.025173450780489937,96.7227114030443,96.98290933073204,0,0
7.783333333333518,-8.781173940128099,96.29902088187265,-5.318730068265552,193.1811307563255,-6.576705597260942,-0.07354947567758369,26.872751994109674,1.9231949290577843,0.022540656609770338,96.69855448027198,96.943961809343,0,0
7.791666666666851,-7.933895306958959,96.29083181258596,-5.2936748339776045,193.1864517993351,-6.323917963601692,-0.1106607120987461,32.893890127555636,-12.057434622507104,0.021021925294264054,96.61713608828148,96.93158379373797,0,0
7.800000000000185,-7.4117136076965835,96.27926938920405,-5.947084705774387,193.1434265712614,-6.057747434949073,-0.19825058575014962,35.56237472799113,-20.306179448644514,0.019670626796917112,96.56413005211324,96.8752294676542,0,0
7.808333333333518,-7.0735795829975245,96.3613296264138,-4.691565159530285,193.32530545130408,-5.741512072545346,-0.28931840830704836,38.631214251985284,-24.943960716190553,0.019121732505751776,96.62060533596018,96.99322966312397,0,0
7.816666666666852,-6.666236028835726,96.45338574395981,-5.263671250529171,193.4149428315638,-5.410083811298628,-0.47238747095129086,41.08248772990438,-25.257839003781935,0.018986917683940785,96.68347492857949,96.97170072144775,0,0
7.825000000000186,-5.94291447996693,96.53596216623549,-4.830755858677719,193.1292705717491,-5.035906602708,-0.8310464471606333,44.30383740169736,-27.343442045803215,0.019054444213011834,96.71871702973034,96.59971079419219,0,0
7.833333333333519,-5.133534107872322,96.33849831058524,-4.31165858925209,193.16034650692683,-4.618675827134155,-1.081963626614243,48.76186371433967,-27.041426047996243,0.02040689678854868,96.47517519639611,96.82533639251413,0,0
7.841666666666852,-4.767507996185259,96.29589679915688,-3.900786734280757,193.44210600345832,-4.221604018781225,-1.3361368330011705,53.71004706194559,-36.53742994824462,0.020596468980607963,96.41384170775254,97.1500754941124,0,0
7.850000000000185,-3.6867582720848873,96.33155618536478,-3.4794811595439796,193.44453328433855,-3.7855059111810356,-1.6745614235750943,55.69802895905128,-47.9205918250514,0.019328876791001814,96.40207935335667,97.11319830397507,0,0
7.85833333333352,-3.0445873504731935,96.57946350499844,-4.082539341509289,193.58989242742388,-3.327283188416712,-1.9988258805779748,55.42523554294643,-39.55040316874224,0.01919728104009133,96.62744063177907,97.01598148783866,0,0
7.866666666666853,-2.0357651494951483,96.42474523913825,-4.143332817967519,193.57842634770623,-2.8512804978226307,-2.2784352723742356,55.973732543473496,-40.11486567286537,0.018636222938837044,96.44623286669425,97.1765382920307,0,0
7.8750000000001865,-1.2947409339390674,96.73387993567826,-2.7149675237296833,193.7930176152118,-2.3503005639957233,-2.6626052425534334,59.43530022679356,-41.4369806014718,0.020150973534627248,96.74254431994352,97.06952792025412,0,0
7.883333333333519,-0.7981694916877018,96.44878143087897,-3.66797510297215,193.75956522840272,-1.865214382894706,-2.9979565874509184,59.41129229266275,-35.44675284933177,0.021007606704937842,96.4520840316005,97.35309151503598,0,0
7.891666666666854,0.16229874760040275,96.35385966827522,-2.8135134219385236,193.7339097169854,-1.3655759995664312,-3.287760055053541,57.87790776669275,-26.65915749493487,0.02197717468030369,96.35399635644153,97.42550798203557,0,0
7.900000000000187,1.0753986399661812,96.44911456101448,-1.3346555729197576,193.91098754216176,-0.8913363620689873,-3.476846247780282,59.121281628053296,-21.360857927564563,0.024692312748313405,96.45510967200512,97.49166654797904,0,0
7.908333333333521,2.0825002857228014,96.32691463228355,-2.068443803786522,193.4878113070427,-0.40440967816527784,-3.6319177219431156,58.31782387104033,-22.052234687132753,0.023731965774775432,96.34942288366483,97.24952534319875,0,0
7.9166666666668535,2.89904204809028,96.40410634785218,-1.585308576985767,193.4123354272072,0.0749689236160532,-3.7731660650926155,58.654632796144526,-19.27695697674007,0.02520747555684144,96.44768615951648,97.11182167811107,0,0
7.925000000000187,3.2486496820945376,96.2406017217175,-0.45138739978057174,193.0418386013709,0.5718180764139488,-3.9982728309498,57.29907305779443,-15.55418212626916,0.025921581458623777,96.29541600987675,96.87192439421248,0,0
7.933333333333522,4.2888516217429355,96.2046396138469,0.14792522954257947,193.17500777553676,1.0330249339125408,-4.029826708628604,52.17067618362507,-11.683662392418151,0.0232944773741397,96.30019175195596,97.05874289727483,0,0
7.941666666666855,5.052150004631869,96.35086771248854,0.6739994338739166,193.02087955445904,1.4571011075051892,-4.199012354879401,49.9317404191087,-11.56908781266245,0.022125244969998903,96.48323133383732,96.76910349872497,0,0
7.9500000000001885,5.722685197697558,96.06021260103881,0.9231635474349105,193.23369741378235,1.855891771315118,-4.336048252431472,47.53942012287405,-9.393311435855491,0.021724913568799575,96.2305230726131,97.29193984459268,0,0
7.958333333333521,6.436563877403216,95.82375628160338,1.771765789022254,193.10953507867896,2.23305965773092,-4.347710821890049,45.42735679479927,-13.891807389746345,0.019191680820127566,96.03968774659783,97.39755180372289,0,0
7.966666666666856,6.980944916201736,96.01571271610567,1.813598089277093,193.08669372122796,2.5949029619388257,-4.396253701732445,41.33909840031333,-8.072209962492288,0.018896103745307702,96.26915747166782,97.20841952488756,0,0
7.975000000000189,7.294399785880671,95.97818017140156,2.922774687560434,192.9244466214716,2.954119666107304,-4.475279998293456,37.13943350579823,0.5158542023444458,0.01981896225405455,96.25497045477847,97.04478185151554,0,0
7.9833333333335235,8.051448317561551,95.6042297229074,2.268596722311031,192.83618895849588,3.251150358731296,-4.436697874021487,35.39642982509409,6.617296524814935,0.02155227772301016,95.9426628821653,97.40377441025493,0,0
7.991666666666855,8.406513173101303,95.63563378557626,3.78695448558193,192.48360439334567,3.5114934786890117,-4.379351360171239,30.989100787019556,11.004187733237206,0.020798683952625296,96.00439528114524,96.95808235165752,0,0
8.00000000000019,8.81447922350526,95.1695765322828,4.52747939999324,192.38491878396394,3.7476997477148766,-4.285208991418507,27.064994420549425,14.157695819230584,0.01994845274144108,95.57689752924416,97.30982035025185,0,0
8.008333333333523,9.150771050604988,95.06106354277443,5.049260717799086,192.46227467176067,3.941513502712455,-4.091304980174757,22.432307072860933,24.790038860005943,0.021775363708117723,95.5004838349209,97.48752903014552,0,0
8.016666666666856,9.590052818369372,95.14096339462407,5.364847156437293,192.90388401446216,4.121422110622132,-3.915540776286539,17.97834384499499,24.98620717140067,0.019367023343646927,95.6230726797477,97.8541823889321,0,0
8.02500000000019,9.622069818667285,95.28934569387633,6.126274453943438,192.8385009114018,4.276558341572226,-3.713821376844579,14.078625848714118,30.094930567584328,0.019520036140102448,95.7739193641065,97.61177320838354,0,0
8.033333333333523,9.681498127334294,95.06798387972106,6.374543671312722,192.8021604975765,4.390022805566811,-3.3828323998895833,13.001520483836131,29.98090651187277,0.018793144268189454,95.5596827377764,97.79010802194851,0,0
8.041666666666856,10.014143676905292,95.10891416913995,7.504991959891015,192.34176068874115,4.48205488423156,-3.139332494726719,9.70046482526523,38.86076100518309,0.020975223087158934,95.63466227270598,97.26521621136365,0,0
8.050000000000189,10.049995872374268,95.15232318096537,8.463683777392816,192.54171207195787,4.545433829152239,-2.7627519016264337,7.3263468445928925,47.81399946591055,0.023946412603962575,95.68159187518579,97.40230723460128,0,0
8.058333333333524,10.295750786650558,95.10387707676904,8.2187200447421,192.40261098934985,4.590203237025528,-2.377920710335947,4.86828669516473,50.34642000366914,0.023638547600320248,95.65955215917548,97.32090051830612,0,0
8.066666666666858,10.297148123442526,95.1700928138813,9.90368196180816,192.22764616107185,4.614311190520357,-1.935303888922703,2.2458756975421803,53.32348216057212,0.023479169885756157,95.72553382289857,97.05835088936495,0,0
8.075000000000191,10.234227385469012,95.13012835454583,10.626028258422423,192.19582153595218,4.612753400880357,-1.4217957470610614,-3.579853317628861,63.64787731141489,0.02576230453580708,95.67905063769105,97.06648392061476,0,0
8.083333333333526,10.035058412224885,95.10520142956722,11.058071575861106,192.21858107430756,4.550127923510122,-0.8835998913481372,-10.145606835718894,66.99933243916384,0.023880950719235017,95.63316232508114,97.1187678152706,0,0
8.091666666666859,10.04273682616622,95.10056966624546,12.328218064208556,192.41601349665984,4.459450488355562,-0.3569245005705583,-13.209659024270058,69.88928674477683,0.02368127987315294,95.62936219490352,97.34227772350502,0,0
8.100000000000191,9.912949776555877,95.75859840023338,12.505645059181802,192.49326003160007,4.338437769128565,0.28416357988339186,-17.241003306585956,76.85007609868384,0.025502185693706547,96.27032637760038,96.76940027593206,0,0
8.108333333333524,9.620890626737378,95.86490276229887,13.929383293892556,192.32782669151715,4.179334551864284,0.9235964886862871,-19.50786574474726,71.61783186256442,0.021392927049473265,96.34646396249663,96.55909486960347,0,0
8.116666666666859,9.109290068469193,95.17532337765203,14.70499089354422,192.32453450429887,4.014779155594309,1.455253756707971,-21.44743434089368,72.49758258214919,0.020951658616716884,95.61025753334287,97.31023116945897,0,0
8.125000000000192,8.882965891412937,95.80231240118582,14.65550561363682,192.03653039008276,3.8252607331125374,2.1078683622741736,-23.67175489886647,75.42143344292944,0.021644182813506774,96.21325347602796,96.40719333524439,0,0
8.133333333333525,8.805948798672432,95.82667804269113,15.984322617572445,191.96758123659595,3.632467888816654,2.783860498823236,-24.50422688969094,77.43895506490458,0.02253726134606593,96.23043675959505,96.40851786861805,0,0
8.14166666666686,8.272092802319435,96.36829304773528,16.99311781086601,192.34821209067672,3.4103983355723226,3.3960471078524415,-24.937438105749877,76.15740695057248,0.021908853823176866,96.722672751865,96.37531393821392,0,0
8.150000000000194,7.938852874801,95.72206509315748,16.650510950236423,192.1084037255102,3.2063823640120894,4.074402286478949,-24.668447279013563,76.21019963131698,0.02249495053294659,96.05071124497941,96.77922949359468,0,0
8.158333333333527,7.602650164837428,95.66869935342794,17.995928580340944,192.15333847588784,3.0008359750597844,4.669190824927535,-25.322077453216963,78.09758325405228,0.023805636101859484,95.97030960409312,97.04280407538464,0,0
8.16666666666686,7.15118098426376,95.65758695830323,19.252488378508815,191.74852690480964,2.7866000876017587,5.256845561978997,-26.829104994801067,73.11451119047467,0.021652060071919,95.92451893105871,96.84993743133298,0,0
8.175000000000193,6.9377414491455625,95.95675493112299,19.34373522372988,191.34799642590582,2.5505820827163856,5.897786137020294,-27.46354063942951,68.19812192849052,0.02033984725047633,96.20722983916951,96.19458215227614,0,0
8.183333333333527,6.41943069915402,95.65147050252108,19.492901316413565,191.4339523578564,2.324522153782186,6.426078690027237,-25.809223328017378,64.60460906253181,0.0200487287618345,95.86664122517229,96.67057186314763,0,0
8.19166666666686,6.255083184476689,95.7522695297165,20.775323833853804,190.76417471400305,2.128269306660172,6.9318414318242185,-25.274523274769233,60.30614295507472,0.01953857834633821,95.9563608404164,96.1150327225855,0,0
8.200000000000193,5.737102223240242,95.75369048779487,20.397849534704108,190.59848420344474,1.923738649863125,7.496302410251149,-23.507661433886213,55.28560269287331,0.019346467879157725,95.92540635281316,95.97120613337509,0,0
8.208333333333528,5.380959863533064,95.87880363478183,21.032093145139356,191.04919230705224,1.7277151898453673,7.979723928728874,-22.18521023450276,60.30984534830894,0.022443966963407114,96.02968142970177,96.44874728595296,0,0
8.216666666666862,5.179990627740949,96.39960834307476,21.98759468095875,190.3472032612189,1.546257912999736,8.46573379839793,-20.892281842511593,63.91174948124791,0.02547173450331508,96.53868028723872,95.4392274953724,0,0
8.225000000000195,5.050384303185581,96.02843233875512,22.100702340530063,190.7166141813559,1.3833818571464598,8.95301525619881,-17.721068306467803,56.60527440301808,0.0246961817641429,96.1611470348016,96.21104471853545,0,0
8.233333333333528,4.723556357250175,96.03436125018806,22.90058104549979,190.53005749835324,1.252348748472677,9.40294064442045,-15.101553238320502,51.225065676709626,0.024729511840017704,96.15045774925744,96.2280667785794,0,0
8.241666666666863,4.449602290683572,96.14055865864077,23.66722053296195,190.29412308387845,1.1443319617338408,9.739235181719854,-10.888848448989146,43.344647665509264,0.024114062825907112,96.24347240068182,96.09479978065063,0,0
8.250000000000195,4.279672972014794,96.24986130304427,23.842118648072983,190.36556771704443,1.0597736878101944,10.074213707741025,-9.635401136157311,30.36719138583968,0.022100105032666573,96.34496043697695,96.12728787724637,0,0
8.258333333333528,4.2369352207784345,96.2706446977383,23.94474498278049,190.46634637646156,0.9970336174266149,10.289670741272403,-6.804382123153286,20.42775886087047,0.02145925208861499,96.36383476482887,96.23527409615608,0,0
8.266666666666861,4.256712145314168,96.30877745338256,24.01463685002375,190.40892425502312,0.9371085390066756,10.464723842968318,-4.656350874522107,15.80617756020516,0.021685723811226687,96.40280189316717,96.15203178678689,0,0
8.275000000000196,4.191000338781521,96.2777249570421,24.320353797290124,189.56554335416945,0.8997864330140356,10.613608925125211,-1.9717729111122984,8.578706905869822,0.021770189601098,96.36889958250802,95.434836050328,0,0
8.283333333333529,4.170956192310541,95.96734531622292,23.9541632060496,189.58771202721658,0.8756949413486343,10.71799936599403,-2.10288456739707,11.892717446820358,0.022434243964563283,96.05794211100583,95.68776485449634,0,0
8.291666666666863,4.007553376347687,95.92151473897735,24.311213885329664,189.67331751423092,0.8849270802917161,10.764744895327183,-0.1141797963098181,11.001310987972152,0.022718072067460238,96.00519503591524,95.92517476488659,0,0
8.300000000000196,4.202620306056929,96.26560750338672,24.587444021941565,190.04776591844046,0.9081871364602239,10.778518913920998,2.77897474817601,2.945512308910101,0.022398471240126394,96.35729969977878,95.97204944625246,0,0
8.30833333333353,4.097280493137475,96.25627364576047,24.705106958549777,189.6367213532617,0.9461164900909868,10.74135736870106,6.485918964052262,-7.484167470241341,0.0222731206864899,96.34343736657401,95.62735239293158,0,0
8.316666666666864,4.292973664012493,96.2135349890687,24.686869348628818,190.0934200351773,1.0182355631127085,10.661730087149177,11.128509794346856,-16.032517507531896,0.02248734806881414,96.30926195321327,96.06947380654053,0,0
8.325000000000196,4.359484285141946,96.20246539377052,24.712106719099552,189.80241779722184,1.10344201329396,10.562889933747678,13.293154085976852,-18.826427241882243,0.022426245042884485,96.3011913273767,95.78716161296138,0,0
8.333333333333531,4.839939338662418,96.05133374319212,24.14425776882257,190.3941728567856,1.2255799830491991,10.356262058381544,16.52203320299987,-31.668459164012944,0.023140106897514556,96.17319650842437,96.29760122695895,0,0
8.341666666666864,4.935966587002326,96.12451253806563,23.808664293733102,190.03586096833465,1.387333562861112,10.04251012604687,19.617694658167743,-39.26526901463569,0.023360932393470257,96.25115935316697,95.78893507457441,0,0
8.350000000000197,5.176044826935481,95.83301838043246,23.971060829490114,190.55522045156295,1.5613737154800638,9.672775072461931,23.038219400574047,-46.99520679424371,0.02374626848841288,95.97269847177765,96.56887796666358,0,0
8.35833333333353,5.530822143444539,95.84869846328507,23.95936382370212,190.49323653097235,1.7720826101270057,9.248456451405017,24.890849148229197,-50.931661577394785,0.023379521765896527,96.00814023137914,96.42198781661212,0,0
8.366666666666866,5.734495494380951,96.0966526030578,23.401303975175722,190.798555181202,1.9827602965483297,8.803530705575472,26.953773933059882,-56.22442467811965,0.023487971438530764,96.26760140404379,96.335696778595,0,0
8.375000000000197,6.378816055222103,95.66227739219511,22.365292283578242,191.68321261720973,2.2162941423220532,8.3384905996101,28.637932680719405,-58.36795853568328,0.022859710184875315,95.87471309019728,97.34262901569,0,0
8.383333333333532,6.75731985744693,95.57329430245136,22.38120247051961,190.78319721970087,2.4526772610331866,7.911801078504499,31.325377312942656,-61.75793779704783,0.022840698261779036,95.81187794568494,96.48332146759434,0,0
8.391666666666865,7.147946338566271,96.27986760483213,21.764539293555742,190.70178712113415,2.7171317644371706,7.337137906633553,31.216037991126594,-66.39781514505188,0.02315749451806237,96.54483954548284,95.54655239596488,0,0
8.4000000000002,7.572095791048014,95.86758467747842,21.46847774506898,190.7588722360909,2.984771065601844,6.741102336487642,31.526492479834154,-67.18857625624514,0.022345962716582513,96.16616050650198,95.90341957377392,0,0
8.408333333333532,7.983210569148923,96.1687319103853,20.93549334899683,191.19154179662354,3.2409844106822274,6.143028048764634,30.47582137668846,-68.43071603329312,0.021988605997735444,96.49951631092733,95.9014912703933,0,0
8.416666666666865,8.490749450049577,96.09241420440554,20.643820421142266,191.20505633252048,3.4883428856313494,5.539360529632276,28.55483287828695,-74.48045221040205,0.024035998814937454,96.46680721291939,95.88593132790274,0,0
8.425000000000198,8.858709918813645,95.78310162620994,19.868105284458807,191.6139507971585,3.7227743418139823,4.983626405213411,29.442279963190813,-79.02227079022953,0.02546354393942618,96.19188790413955,96.46117581256297,0,0
8.433333333333533,9.168910628045126,95.09413356008724,18.4860979257561,192.06140661966754,3.985928868657382,4.323815695532102,29.943926784425923,-77.30882911388787,0.024089444677817706,95.53514096733615,97.41386977095117,0,0
8.441666666666867,9.578132735116924,95.01802617489199,18.497097296086224,191.6767956899875,4.238719023678252,3.657096596943901,29.08674247277116,-78.82304423070842,0.024737082039391733,95.4995598150273,97.06938576612187,0,0
8.4500000000002,9.824684274722472,95.02706448831793,17.587451865252262,192.28777768226274,4.438343733914663,3.027514360491937,25.123905248968605,-74.1541920482266,0.023289474457855786,95.5335930778536,97.57001020630965,0,0
8.458333333333535,10.28182799824367,95.07295890224145,16.931202517074382,191.92212429593008,4.653187707267066,2.4203419674685547,23.851439886495218,-70.02942851373837,0.021758028522968154,95.62731566562329,97.07716013020638,0,0
8.466666666666868,10.766189764467356,95.0011435869306,16.852975198183458,192.13678997366463,4.844452009154476,1.8160537873242306,22.27754288928405,-67.47769419878567,0.021173088406461815,95.60924706778694,97.32616686115166,0,0
8.4750000000002,11.06432686090568,95.35357674151254,15.54935307947187,191.81730222996237,5.005139739831887,1.2738658553496112,18.49558630955917,-66.31090863840213,0.021953974193975156,95.99335355265217,96.56793357679469,0,0
8.483333333333533,11.015288721073091,94.99581901934914,14.682212861155108,192.1308405969799,5.167126886477655,0.7047211550472042,16.616458015704527,-70.70646681276884,0.025197299352853086,95.63232830358956,97.2042115833255,0,0
8.491666666666868,11.10608854416057,95.0496230039214,14.405558449342834,192.0494734448319,5.299102710963395,0.13046600200774672,13.891100763847318,-64.96507890218749,0.023677230521331083,95.69626970754042,97.05595029267505,0,0
8.5000000000002,11.781604476597238,94.92836657510026,13.77740304750563,192.14438135683696,5.415877199892952,-0.4257831037875458,11.13546544292169,-64.97662046213127,0.025284081193541752,95.65668290642105,97.23649902160447,0,0
8.508333333333534,11.572281404236548,94.91170372984061,12.64855955861384,192.0112182472045,5.474325795868919,-0.8980159010520913,7.550512421037455,-57.046176182256055,0.023117658824798326,95.6145867626895,97.10547921808198,0,0
8.516666666666868,11.6260754662581,94.88105181237836,12.102540909913841,192.0928175376945,5.494855559754419,-1.3203574174620827,3.166590345698638,-46.57685094007637,0.020373035752933255,95.59068795531475,97.21293337181399,0,0
8.525000000000203,12.0007384755138,95.37157018723258,11.335755646500616,192.04637690869242,5.506887852898046,-1.6415365328876546,-1.683031677091046,-39.02980919536831,0.019436625996550827,96.12363977677867,96.67709375438682,0,0
8.533333333333536,11.626252603116825,94.85303687966598,11.128097821483948,191.96252492333167,5.485188908104385,-1.9362165394101718,-8.107799156011122,-28.72126879937351,0.0183265532728476,95.5629026081081,97.11076575894823,0,0
8.541666666666869,11.560267207095762,94.89435131249735,10.185256395717374,192.35952786466942,5.408079862229399,-2.218287136006889,-13.060437553593214,-21.95572807396852,0.018056168739061906,95.59590832728732,97.47487519908645,0,0
8.550000000000201,11.16539464427973,95.0070671442407,10.342739524225806,192.29212275081358,5.266158585621846,-2.420035859346348,-15.992056151898996,-21.691485244503625,0.019012516632464838,95.66090552003347,97.28853378389732,0,0
8.558333333333536,11.051783854280302,94.9560729899876,9.515335304014684,192.59319942376442,5.135593925931185,-2.547158278471713,-20.678063086850266,-16.816214645604962,0.01932222677622608,95.5970591809266,97.64921470443545,0,0
8.566666666666869,10.88936684502545,95.02619826459409,9.076133477284486,192.6466477857955,4.935866842426254,-2.700169565993106,-24.962788558248782,-17.095973537320535,0.021385903957643837,95.64808762807276,97.6372878564707,0,0
8.575000000000202,10.3778433280699,95.09049025570738,8.215648397851965,192.461142328442,4.700233501772264,-2.79068048658751,-27.61627955933151,-15.71385788018648,0.02181211646867487,95.65511470492702,97.39465576706867,0,0
8.583333333333536,9.975049581083226,95.09770906751112,7.362399867472504,192.6922301806506,4.455247703730305,-2.897255727171218,-32.67179881162375,-9.491173388853156,0.021967369815562687,95.61943256490312,97.6294857603432,0,0
8.591666666666871,9.467609237993258,95.17717144805107,7.148364213567049,192.6318595406579,4.166572809436539,-2.9624520426342364,-36.87420424972091,-6.760131611832663,0.02304610005956631,95.64690057463986,97.48228110128841,0,0
8.600000000000204,9.065070390005644,95.44749146946987,7.0463052345151596,192.67026137561328,3.8425699970806577,-2.971017067947711,-42.2536399571499,6.564364621782892,0.02090910372657273,95.87699999994932,97.24372679497597,0,0
8.608333333333537,8.295580719492932,95.87813932088102,5.52557104026954,192.6165681866114,3.4835420022601253,-2.9142354477220005,-44.33406467232916,9.554663687622849,0.020381435955891813,96.23634583206022,96.77807899019781,0,0
8.616666666666871,7.832951005790335,95.98993515624613,5.82646771651747,192.88088306476487,3.107923288516019,-2.8272423839488643,-45.87538742633185,13.11938076778883,0.019341809330776005,96.30899632308214,96.9117214881741,0,0
8.625000000000204,7.099086651423761,96.1384333972398,5.00814428721003,192.72063747748274,2.7038314875443197,-2.7231920102713185,-49.838854030633186,13.128480187649242,0.021386311376888845,96.4001836479575,96.60483520491177,0,0
8.633333333333537,6.382014673971639,96.08311086208346,4.517586571671416,193.04066354912783,2.2834685506369476,-2.6528642553727804,-51.65828193905208,9.351790626817493,0.023533277227160365,96.29483010127912,96.9754768753917,0,0
8.64166666666687,5.603821373408721,95.86040172816575,4.499685327028942,193.00068180704574,1.8365449191719432,-2.486580497801296,-54.146363200111324,18.674580183788375,0.02124872718859594,96.02405653517454,97.14655490655426,0,0
8.650000000000205,5.016110448127563,96.17628893683514,3.304637802467255,192.83724818371036,1.3751494667177437,-2.3409575938222305,-55.6218250035055,20.666832803791987,0.021105291250822944,96.3070086633855,96.67610967112256,0,0
8.658333333333537,4.103274043053034,96.16343240714161,3.022603491262032,192.9692907555364,0.920598532171368,-2.15624801820569,-57.13018923019526,18.656817357276033,0.022575008220862447,96.25093552893544,96.811890072506,0,0
8.666666666666872,3.1658252683407113,96.20402857578091,2.160855419129234,193.04792112316215,0.4231602628845242,-1.9947420187345875,-58.49244954569422,24.388599323992285,0.021327385070049498,96.25610403418234,96.84910680087116,0,0
8.675000000000205,2.5772777070936286,96.46841820654026,2.03657834681718,193.17965705377662,-0.05145001862291619,-1.7652509237067802,-58.370835448686535,27.71775759850729,0.019934860058033355,96.50283970770721,96.71275032365382,0,0
8.68333333333354,1.588371133898761,96.29517613154172,2.4511232453147613,193.80024827577557,-0.537050716209523,-1.462706150879304,-58.236161727150986,36.99119611931509,0.017376120179885213,96.30827518476097,97.50888900535172,0,0
8.691666666666872,0.8997545663910955,96.54138703581066,0.775738587555054,193.3320114004311,-1.0179474021510508,-1.186558808435837,-57.219954480040805,39.95381417337888,0.01623975825998425,96.5455797490384,96.79070381424067,0,0
8.700000000000205,0.08421195089078992,96.74724808796293,1.0066846085020416,193.37280170906672,-1.5107623929408323,-0.8587435745052603,-56.56530147820484,35.02322309012872,0.017051750597750548,96.74728473836628,96.62995688909751,0,0
8.70833333333354,-0.8627340057173569,96.5510000868556,0.8468380177712902,193.70192204187958,-1.968805741344002,-0.6585570923191147,-55.643642218712564,27.441296691088002,0.018747075642206568,96.55485450114152,97.16596252399631,0,0
8.716666666666873,-1.3452116245221646,96.57763638289674,0.8400374668261748,193.60393337401763,-2.416155387348014,-0.44829539699365345,-54.032606357399814,20.194546006533198,0.020359931313224333,96.587004527637,97.05090221837422,0,0
8.725000000000206,-2.3112149111741473,96.71568955387647,0.42557299044210595,193.27305359526406,-2.861291859718246,-0.2789474765119411,-51.03789832939889,17.08371025151714,0.01985299629795101,96.7433011647186,96.59614153080588,0,0
8.733333333333539,-2.961888290736681,96.52847720160008,-0.9557859008023684,193.49361388084282,-3.251769471146556,-0.14412450429011267,-47.5404423339916,16.526933623486613,0.01826298249134739,96.57390793121417,96.98588648882436,0,0
8.741666666666875,-3.719338508831811,96.52757693660516,-1.2932463867046522,193.05791038914015,-3.6673522091919395,0.022714996272106346,-46.2027656607117,6.760281547962149,0.02165634950513473,96.5992059397773,96.56081606657352,0,0
8.75000000000021,-4.129108671652887,96.61261667505852,-1.8666919001345263,193.02508068786858,-4.056216208724513,0.09775067983613621,-45.063111187915894,10.25189199350464,0.020587562070975007,96.70081302256003,96.43900531771075,0,0
8.75833333333354,-4.823633614318055,96.6216839581877,-1.6224517094136104,193.33418063538488,-4.407720274331719,0.2033989766571893,-42.51024490831844,16.1367470329541,0.01815253182234544,96.74201389345316,96.76546170574068,0,0
8.766666666666874,-5.384557680061107,96.39025141469608,-2.1338551236352714,193.21568218386568,-4.768472685734864,0.3352791431344651,-39.88996696953151,20.191142194893484,0.016903853963790905,96.54053049987982,96.87998302407783,0,0
8.775000000000208,-5.874696335074589,96.42805958253098,-2.581268677985406,193.71394237983162,-5.0745707049553594,0.38812186203095284,-37.72891839300975,13.360249385190087,0.018259444758480736,96.60684619570955,97.34161318461184,0,0
8.783333333333541,-6.77909402133497,96.45448488787798,-3.436954757855176,193.21078835777837,-5.367943057579292,0.48396936783683825,-34.03519330730515,3.046638076772499,0.020003618991851546,96.69241837256932,96.81400805676806,0,0
8.791666666666874,-6.88751493644844,96.68707424172078,-2.9808828250381794,193.19987416536617,-5.6264431947141045,0.5014190927586201,-29.620787902237442,-2.312653819023383,0.02008466270883691,96.93208028007975,96.59183362767013,0,0
8.800000000000207,-7.1812600198690575,96.32994162021424,-3.463225418735476,193.16110751198102,-5.852799373152819,0.5125104158923784,-22.954903946702224,-6.635789336126193,0.018779793252305055,96.59724710377027,96.90252044840776,0,0
8.808333333333541,-7.732115230234626,96.30796416529768,-4.489384799869356,193.29759939013456,-6.027067247749497,0.47316834639408695,-17.816757336430282,-4.668403068846608,0.01678436038017317,96.61785325496467,97.04382845751161,0,0
8.816666666666876,-7.709333085302092,96.08438637093838,-5.22130489126522,193.2713319848694,-6.146226116871606,0.37661366448514144,-11.56406863132205,-11.976681407727199,0.016725298271666578,96.39316947221884,97.21878770103805,0,0
8.825000000000209,-7.974999919967445,96.24798326574927,-4.632080458369501,193.1791830220123,-6.232409920996352,0.2614265910609481,-7.449330744297928,-16.593100553287858,0.016870206334921534,96.57781787992226,96.98882717465602,0,0
8.833333333333544,-8.030998397955159,96.3459007805306,-5.006011656607086,193.21058604267915,-6.286328632433147,0.0916719551097175,-6.470123237786077,-20.526091224231763,0.017781013614422747,96.68003688704201,96.9119073990417,0,0
8.841666666666876,-8.03167396420929,96.19127653231595,-5.254105321394604,193.44154781902392,-6.341082570998612,-0.077264913234005,-2.4133272083444575,-19.305362017326303,0.016609847138385536,96.5260041003658,97.28992832202027,0,0
8.85000000000021,-8.071255101504391,96.1948674481689,-5.888761836983008,193.21543077279063,-6.34678646490145,-0.2994673924713752,0.4897503064753466,-28.14094602123508,0.018072366286572272,96.53288394264592,97.04510798941187,0,0
8.858333333333542,-7.933361727947954,96.15694097862183,-6.809440805716633,193.18112225768056,-6.308528218511837,-0.578316508378051,3.293787633266608,-40.06142150291382,0.020889304138641762,96.48365419423455,97.03069076900915,0,0
8.866666666666877,-8.115490200698162,96.19345866210023,-6.7386574018488545,193.33697809539717,-6.269743162334639,-0.8413698410014976,7.35323811309064,-42.88453036161103,0.020541136127675053,96.5351887685253,97.15327599439624,0,0
8.87500000000021,-7.966248494380125,96.12786513197852,-7.374966726052548,193.24844444005333,-6.192124875359738,-1.2630058435707547,10.474680358596066,-43.736538918005046,0.019840741630837044,96.45738732676759,97.1223791886587,0,0
8.883333333333542,-7.656318848141154,96.31471586837364,-7.50304931333676,193.49421058989077,-6.087923680561487,-1.6420092263128565,14.865256884422312,-45.956462719248755,0.01939185502191476,96.6185474487686,97.17961558824811,0,0
8.891666666666877,-7.4001247889273145,96.39082803808782,-8.763727572006815,193.51982357662848,-5.951097873553616,-1.9934362174077334,19.158072293267722,-44.24825045798721,0.018020439297790514,96.67447220833385,97.13856693855368,0,0
8.900000000000212,-7.113943795532123,96.52727479093528,-8.597197984611512,193.63692602486879,-5.769492419042709,-2.3909656825192522,23.614899467378134,-49.04658230981484,0.018503511711795095,96.78906433523737,97.12097819609122,0,0
8.908333333333545,-6.911265791130575,96.42996874119291,-8.53217863910794,193.70664965985986,-5.578644784302232,-2.8132133821031737,25.91198898782755,-54.19003920111672,0.01939124840704487,96.67732136474973,97.29018454609326,0,0
8.916666666666877,-6.4602236689440815,96.5165078744958,-9.897127920001822,193.73153976623593,-5.353167808324768,-3.281163820281431,26.583762458051062,-51.82187649827252,0.018400753008100068,96.73247015423722,97.27576644027529,0,0
8.92500000000021,-5.990583663900225,96.54371881702696,-9.421620438552566,193.67647294247018,-5.101547651859286,-3.7659544073359292,30.25540220122402,-57.408945327535335,0.01950461998083064,96.72939954148042,97.19333278236128,0,0
8.933333333333545,-5.58107053531279,96.78091460301272,-9.79102388256348,193.77388646954762,-4.829995073413446,-4.242837695368041,34.35762633019445,-59.260301944579126,0.01983418202464282,96.94170299574779,97.08429480965734,0,0
8.941666666666878,-5.069138902399288,96.56031830442612,-10.85294203357438,193.58555117571393,-4.552281070510794,-4.64713957463051,35.69780212396256,-58.68637922309283,0.01954232830993652,96.6932843596902,97.19747009252772,0,0
8.95000000000021,-4.753350452612551,96.38073806711361,-10.962564860890893,193.99335984798591,-4.245484814357868,-5.142269923496978,37.46527963118308,-54.159585037791324,0.018831909816361847,96.49788086215631,97.80990887688014,0,0
8.958333333333545,-3.9963148985032717,96.44410422313689,-10.91875518830983,193.81044907205592,-3.9246082578068187,-5.604489503290639,38.09659001596646,-49.99195489088759,0.018376278567010296,96.52686554618506,97.6121165061211,0,0
8.96666666666688,-3.308533765862194,96.61732657320806,-11.411622128329157,193.81351700162497,-3.6028479153509054,-6.026731686776136,39.38157433844766,-53.54190127924311,0.01917513389131109,96.67395817816599,97.53337620941373,0,0
8.975000000000213,-2.9752396794826836,96.72749826650653,-11.028553486112514,193.9012197018156,-3.296019407097394,-6.500540861103985,38.238715061951275,-49.07403277626924,0.01876263075166129,96.77324512512429,97.5068613014238,0,0
8.983333333333546,-2.555767635727193,96.52651673629975,-11.256732446448382,193.6460566590111,-2.966322258003929,-6.917743805974676,38.22645647473987,-49.17824518167827,0.019109912570108634,96.5603458022546,97.5085217990537,0,0
8.99166666666688,-1.756385988784814,96.40526714407264,-11.859914410241288,193.504487909031,-2.64393963454266,-7.305798195614243,37.382772727507785,-51.821711167212136,0.019688785211322557,96.42126541827592,97.62346008888079,0,0
9.000000000000213,-1.3603148845567148,96.53967322505667,-11.891484518991604,193.36469383936281,-2.3291523043738294,-7.675401130322886,35.603859912756825,-44.52277634120525,0.018986987392959342,96.54925666718451,97.3960479220284,0,0
9.008333333333546,-0.8703500455343942,96.64662374927252,-12.184149748251343,193.17961647025692,-2.0537369294492596,-8.025765609294744,34.77983117319623,-40.74552412983953,0.019136824066970703,96.65054263342348,97.19372792203633,0,0
9.016666666666879,-0.5052384647224244,96.48908877660068,-12.100802847495629,193.2286529387722,-1.7812943968097101,-8.31436485838616,33.22697890707591,-34.81279937898626,0.019034325506171346,96.49041153837496,97.43202957776225,0,0
9.025000000000214,0.26709473766464953,96.4093175410074,-11.934445932301571,193.344041135584,-1.50260790265087,-8.671382011346656,30.417360934669073,-29.651575390000602,0.01906615407496348,96.4096875232032,97.69963271721039,0,0
9.033333333333546,0.4605488430861442,96.51875453151342,-11.966739763393662,193.17758989206544,-1.2508306687654858,-8.907363884162432,28.064612961558346,-25.018674671994933,0.019042492688865043,96.51985330257921,97.45444040867017,0,0
9.041666666666881,0.8348188215417167,96.57209000856318,-11.62451517425228,193.26551678568825,-1.019667042833567,-9.090819391705258,27.82281975695939,-24.795054816690474,0.019424913348558448,96.57569824281276,97.49283966282854,0,0
9.050000000000214,1.1520862797314635,96.4437763711091,-12.241762305145983,193.1874510729799,-0.8135868187969663,-9.287735803367715,23.724425860630838,-21.424508138951513,0.019028457203293936,96.45065735139625,97.66644139486205,0,0
9.058333333333549,1.5757356826233604,96.22895467924599,-11.773475774667645,193.20484792901863,-0.6347355083884928,-9.411948262071133,20.265445540642418,-15.958926510259433,0.01876477799530818,96.24185504031949,97.89037398091178,0,0
9.066666666666881,1.9114749881371154,96.37708394701292,-12.163836558101593,193.07589621767818,-0.4595422295829379,-9.44321652087872,18.615634329488895,-2.7033608738845105,0.019654547519376564,96.39603750549009,97.71783199437574,0,0
9.075000000000214,2.0969917210748577,96.11164747664304,-11.195188267504761,192.96622711790906,-0.30997852277954996,-9.453722278987831,18.57934373361603,4.4678444389047955,0.020997014114387813,96.13452114070554,97.76242451133838,0,0
9.083333333333549,2.32641125069307,96.08308011830866,-11.328980867736334,193.17709408190456,-0.16164213316233803,-9.476884181500226,15.37589867549104,8.397437716446735,0.02074601414465782,96.11124010399966,98.0495654323415,0,0
9.091666666666882,2.276569265413798,96.25980764735272,-11.020720354404318,193.10060277767133,-0.046379514642733335,-9.376589373108045,12.519656699141109,17.792544526107758,0.02176589782427918,96.28672460898008,97.74946297911649,0,0
9.100000000000215,2.7020314093041975,96.3354280417164,-9.921517465867964,192.97202791955687,0.04412377349824263,-9.164337509930483,9.606729253421157,23.614506344054437,0.021656277257648515,96.37331409533235,97.45761346428351,0,0
9.108333333333547,2.955087411656109,96.2222859977104,-9.276272060167969,193.09148653627898,0.11500201126661955,-8.944241664140609,7.8965988534468465,30.169439610587,0.02247974073963155,96.26765222147938,97.63835397788307,0,0
9.116666666666884,2.8808783797703086,96.26635187323194,-9.88828523749197,192.92363038525315,0.15389936942314447,-8.60302016834206,4.25081859494291,38.054583781143364,0.02285181162574501,96.30944898201804,97.49708215549249,0,0
9.125000000000217,2.827743442431995,96.52676766223152,-9.112809472668232,193.14847948882107,0.16309634607436665,-8.241238584823176,-0.6636442399454838,50.90494446827991,0.025265313401329426,96.56817803135068,97.35672550070089,0,0
9.13333333333355,2.8567215980352216,96.48743469650537,-7.40750831371804,193.35090992134928,0.14636399011772674,-7.815551377806501,-4.945060997022034,54.94685667675808,0.02398243857375615,96.52971517932221,97.40578652377526,0,0
9.141666666666882,2.8076479654626496,96.49204747126191,-7.074311605506011,193.1457527210033,0.12034218140527339,-7.361597902270571,-7.7878764892823185,61.249729482116805,0.024613078346523487,96.53288616991739,97.15756204982783,0,0
9.150000000000217,2.7127784751444324,96.2526484490046,-6.401057246056894,193.30294957681048,0.039352148837089415,-6.893968696246314,-8.726798598000913,63.90971038959615,0.024338189133555233,96.29086924783094,97.4772945385275,0,0
9.15833333333355,2.3705600587210824,96.26071277851344,-5.345447926276563,193.1742958637255,-0.03793357935476992,-6.304282567111755,-9.121097491401649,67.28840385471534,0.02456058518088744,96.28989759896655,97.22026211463765,0,0
9.166666666666883,2.2985913723826457,96.31924146306125,-4.91771036678449,193.20909820603777,-0.125698367164865,-5.7574176090589075,-11.571892023807413,58.33351290608939,0.017644331008658032,96.34666469741798,97.15821813138207,0,0
9.175000000000216,2.2540686807988664,96.27492515739794,-4.39593613353594,193.37673541098417,-0.2354429975201919,-5.2575529156466745,-13.809176466692433,59.74035413237624,0.016483864707454554,96.30130860834828,97.32925623138266,0,0
9.18333333333355,2.1073873079092778,96.24609073447311,-3.2317182186714604,193.52056869863287,-0.34946869978539863,-4.724586045776225,-14.081972051452668,68.00210172452073,0.01945806628232738,96.26915945895637,97.4208915532175,0,0
9.191666666666883,1.7039471652669818,96.1747743658679,-2.8733965562385038,193.7405231490838,-0.47241289147392296,-4.171046505906619,-14.955351702261021,66.14415366385289,0.017252624597563937,96.18986776302182,97.67306389775229,0,0
9.200000000000218,1.600303044725763,96.28090108579045,-1.5367925672078968,193.4991549858849,-0.620158459110881,-3.620483361848404,-17.743209081883478,67.8591841163255,0.016353734300034173,96.29419963698085,97.26885555131017,0,0
9.208333333333552,1.208367907928391,96.2423849624696,-1.9978082093033436,193.78819148466374,-0.7532578876038145,-3.057256442397195,-19.04320359966986,72.25003039192957,0.017480719695015967,96.24997047409991,97.59848326362476,0,0
9.216666666666885,1.0511324672964406,96.52108835081356,-0.1136930217827512,193.82921169040935,-0.9068648270688554,-2.4268565103428856,-18.60024862840468,73.24758047779777,0.017604045797728674,96.5268116944166,97.31509485323434,0,0
9.225000000000218,0.8862557125928561,96.43798965367188,0.6409881116162524,193.46594051558702,-1.0711322067482243,-1.8161081141684718,-18.248677477909087,73.01881003131639,0.017235919040738512,96.44206186944484,97.02826085557912,0,0
9.233333333333551,0.44043746822035246,96.33201536722282,0.5711520497555966,193.9080619230876,-1.235314084663561,-1.15175081346676,-18.70607981800692,81.23064395507603,0.02154636757375261,96.33302221914491,97.57613410959728,0,0
9.241666666666886,0.1330360712026959,96.29496727690679,1.9725725604366744,193.31021991654632,-1.3862250760084371,-0.4473351034234137,-19.18594339802441,85.56217447818646,0.023998242733107134,96.29505917468866,97.03269108516113,0,0
9.250000000000218,0.17955131731395113,96.65447611654741,3.162908718846438,193.2128284342072,-1.5415290735491016,0.21770346599725202,-17.86983662568975,85.80067237656401,0.024952893322035763,96.65464288920519,96.6044296276656,0,0
9.25833333333355,-0.2599734620226286,96.43509027421817,3.8689864794829987,192.9568624440074,-1.673719466682199,0.9589707971480073,-16.59277196123081,82.95214237488226,0.02404719621448148,96.4354406968598,96.61004509364054,0,0
9.266666666666886,-0.5570355123379613,96.33500763406954,4.714967658955459,193.05739585052225,-1.8092619261371616,1.6137257866673245,-14.303544918094069,85.65214418131941,0.027617090549001855,96.3366180868845,96.86596099627731,0,0
9.27500000000022,-0.7137599624402355,96.4816727568151,6.322130025291358,193.0784232870979,-1.918680978341729,2.2973397102000965,-11.438591655616628,79.6879254687732,0.025822289959414935,96.48431287643157,96.85265076872781,0,0
9.283333333333553,-0.7634971537302135,96.46471191165699,6.656241687598822,193.02173796738822,-1.9947294219096878,2.965960346189661,-9.267922630621799,71.81235993565667,0.02272681082019412,96.46773332105784,96.84168423360204,0,0
9.291666666666886,-0.8850372520711858,96.54928568564907,7.392280478471264,192.81352772466812,-2.060432529746956,3.5530761317866477,-6.223629298932083,69.74594503342871,0.023944148495962825,96.55334203095526,96.61945085829869,0,0
9.30000000000022,-0.9576629854238377,96.5802821510897,8.84331271960491,192.5792192000099,-2.1164576180574017,4.124440294005002,-2.655879327365588,65.0346612820259,0.024000546509622467,96.58502999315033,96.4979535497676,0,0
9.308333333333554,-1.053194775318218,96.55483873482939,9.279624185152102,192.50674544196744,-2.134807967988606,4.678246790280563,-1.9607743898461012,62.40371502916959,0.02376377110176886,96.5605825497323,96.50666064269957,0,0
9.316666666666887,-0.9582689315426478,96.52447871268618,10.108495786033131,192.33012439143147,-2.139273715558159,5.151818284903527,-0.42650557020025276,56.77306424320009,0.022272829065307587,96.52923531294013,96.44270332811844,0,0
9.32500000000022,-0.983354187189434,96.574012712968,11.20049066432324,193.08992174971985,-2.138304816674975,5.55979482818098,1.5011495625528735,51.428140739935074,0.021258919258257514,96.57901903074999,97.2818933438093,0,0
9.333333333333554,-0.947920560759826,96.5725805205953,11.777927767664153,192.22330046449684,-2.107562359982176,5.977826028406616,5.216122901488059,40.914054057975356,0.01890192772895105,96.57723262651697,96.4935616580958,0,0
9.341666666666889,-0.8906350584530855,96.54931516295301,12.28332739562694,192.12644861408972,-2.0251439200344286,6.252602800343306,10.489775572281712,29.11229323817349,0.017007915944957652,96.55342298045457,96.48078422918165,0,0
9.350000000000222,-0.7354620116119577,96.47786398206063,12.956838335126122,192.06796990546314,-1.902893502115285,6.404423461547966,16.22797999983608,18.5850273378478,0.01610819312840661,96.48066719769052,96.56576742941877,0,0
9.358333333333555,-0.43726965282803576,96.3201817168503,13.023254291477087,191.87339662387495,-1.782034582202792,6.590660188444467,18.59962808795071,11.897677145955674,0.015384128272580178,96.3211742594345,96.49664545425011,0,0
9.36666666666689,-0.19071622112517161,96.35683997770474,13.748632936867068,192.27038560451604,-1.6148508996930124,6.736948170069736,23.36902914949554,10.696354274051671,0.01754582986696107,96.35702871698565,96.92117255612847,0,0
9.375000000000222,0.3517632320266557,96.43668371154695,14.347078623506775,192.03845766968544,-1.4023263735066587,6.852229269789651,27.40871279227637,12.96527997180585,0.020800924760338457,96.4373252566264,96.6207433052034,0,0
9.383333333333555,0.7996678781256037,96.59845021265801,14.35472492723926,191.61280923614328,-1.1499758973274319,6.886470469066235,31.036625154744836,8.574653872614501,0.02128681185360115,96.60176008853396,95.97639289037947,0,0
9.391666666666888,1.0278883715794223,96.52254700433826,15.098155088733733,191.92360135447518,-0.8890306318348227,6.93105006811479,32.45828058970351,6.736009380135471,0.021447863570635217,96.5280199460712,96.43305230370777,0,0
9.400000000000222,1.281142257158649,96.25463196611457,16.074403958443668,191.21808953061702,-0.6086144572120922,6.965653402928429,34.23931060149698,4.686449650453357,0.021805399354209776,96.2631575443858,96.10878661375226,0,0
9.408333333333555,2.2760231797962547,96.37512670761203,16.69948151983715,191.1484578949043,-0.31293286734881004,7.025742411116517,36.46435105915141,0.9780985925387574,0.021999923546028644,96.40199857587623,95.86459437572917,0,0
9.41666666666689,2.6655391981207686,96.22826653514949,16.770958656472658,191.5353767898515,0.0027138656741519727,6.955141504731075,38.85937759341217,-8.150067148877088,0.02032499999558901,96.26517739856136,96.34525480374205,0,0
9.425000000000223,3.1706889356619286,96.12494988028584,16.74157102817668,192.20940620119,0.3352004742700464,6.842643963883381,42.48410033084038,-19.04148031940988,0.019436617955203683,96.17722837457,97.03809348525289,0,0
9.433333333333557,3.6008601106155993,96.1391122746627,17.734326599570693,191.68208710366355,0.6954683831634587,6.661391218059487,44.53291546656123,-30.347887173848807,0.018182504226035068,96.2065231805849,96.58268433922049,0,0
9.44166666666689,4.389914401320368,95.97033346558783,18.004886114743215,191.68252845461996,1.0908272511986783,6.399155529848453,45.84556433443137,-32.943963613618806,0.018119671392955894,96.07068363422344,96.67570389904493,0,0
9.450000000000223,5.04788715139108,96.16791451879823,18.028714053090425,191.14461386390798,1.4809710349561604,6.112647158019406,46.50978348784034,-31.363870586238434,0.018357045718735865,96.30030606175696,95.85966453907113,0,0
9.458333333333558,5.724920319831426,95.96544496417533,17.450795182829495,191.10084609622976,1.8535752614191026,5.8721613069176355,49.40164840383621,-33.05495393412841,0.01963042734135234,96.13605639842204,95.85531122405055,0,0
9.46666666666689,6.451436518628157,96.45196204106543,18.32756093725527,192.02370366596523,2.2698607802994157,5.635591456960852,49.601000190335135,-32.778352220399334,0.01987675543138412,96.6674816819235,96.30680208803174,0,0
9.475000000000223,7.079270813531252,96.18912272476024,18.444149342401147,191.57730026406642,2.665163545654837,5.385451540773349,47.46963373396966,-31.46772618126888,0.01901159340564229,96.44927892841035,96.06281735534392,0,0
9.483333333333556,7.768773137280448,95.49053210136503,18.992868648727494,191.41941152078783,3.0703527386787663,5.032670868436732,46.16750950403052,-29.951947047852897,0.018641039372346846,95.80603090129742,96.58328130021388,0,0
9.491666666666893,8.354317804275809,96.33211816391213,18.96730177911121,191.10764276861056,3.474151986749548,4.726874593126164,47.66434375745382,-34.06215111938839,0.019233861882197445,96.69369998050944,95.36789550444065,0,0
9.500000000000226,9.024484462276632,95.7989372948972,19.22895903959369,191.17054122119578,3.8670014869362936,4.439393680818309,46.8750225309724,-37.87153759538439,0.018922487569277724,96.22306223895349,95.9159743571105,0,0
9.508333333333558,9.660333644908576,95.5942549932538,19.439750212484057,191.61344996304769,4.239181298830068,4.200351467616912,45.186394672273835,-39.693733259651545,0.01868000087836963,96.08113047756142,96.51591988397283,0,0
9.516666666666891,10.091075710886571,95.09025738018539,19.050390029666914,191.18851923834234,4.609411415159004,3.9065192290949087,44.113620309599355,-35.0844285760818,0.019232247515620582,95.62419598424212,96.51500010475887,0,0
9.525000000000226,10.990688381411815,94.97360416197779,19.063857103890314,191.17006951060705,4.970285397413059,3.6241139087207386,42.43206842003966,-32.58193670934181,0.019506951941301587,95.60743024793285,96.53463626487456,0,0
9.533333333333559,11.517694264941554,94.94989960667516,19.652169910992086,191.0527500341317,5.318605740057575,3.335076508063501,40.82491490016898,-29.28329407822909,0.020001263812600367,95.64591322423745,96.4465009957244,0,0
9.541666666666892,11.766393602048595,94.80397290534552,19.879365423288505,191.89784710821584,5.6444180181144485,3.042814227993504,36.92939540086295,-29.966900938542313,0.019194522853817286,95.53136289740567,97.43223655184684,0,0
9.550000000000225,12.3536296666245,94.86965129524549,20.143204988380035,191.13664073027468,5.940329501273702,2.8098366149706453,33.961401477473636,-26.992845756880676,0.019246102274939503,95.67059581094695,96.58162733448492,0,0
9.55833333333356,12.989030198217677,94.92071668157143,20.014602330474304,191.93271346992327,6.202242652408639,2.5569543050581798,29.793932512709432,-29.353552314571044,0.018735302487733918,95.80530966931512,97.26605874943596,0,0
9.566666666666892,13.313349670331604,94.8551760213025,19.719299471549732,191.3953007888934,6.44498543684987,2.3328768773148454,26.40320925871406,-32.26900972426547,0.018965875320098302,95.78491372589318,96.75242572151741,0,0
9.575000000000227,13.671921592961269,94.88073530134687,19.696242717753535,191.3372693963011,6.649816106650974,2.10250069356876,25.014393410067353,-32.8850815465398,0.019554166529345274,95.8607081726832,96.64447948344328,0,0
9.583333333333561,13.84083009543724,94.60535642991351,19.52520822212324,192.23012928651553,6.84500847155709,1.8603151381641707,21.24172994392475,-25.37428010777907,0.019326075287684485,95.61245757202217,97.79012439909403,0,0
9.591666666666894,14.215462031177424,94.7732546201438,20.010081385223373,191.4823554940266,7.02285234044922,1.6628435512112894,16.995533390772387,-17.270199483414313,0.019275962052532236,95.83344485123372,96.88254644306745,0,0
9.600000000000227,14.352335543430229,94.79476150887001,19.2189744064421,191.32220515798633,7.135057475329048,1.5483072191758174,12.951188664063748,-8.778017026785637,0.019324146860666858,95.87510805769531,96.65004682490488,0,0
9.60833333333356,14.640858358505056,94.5842106369467,19.82166971423436,191.0784792356307,7.2134810375687195,1.5046191297868876,9.160381120576211,-4.2165882514200295,0.019366683907982907,95.71064536031562,96.63324830874014,0,0
9.616666666666895,14.691282870741361,94.59918642386248,19.778914024866708,191.14125388916267,7.281205502050466,1.423433979267037,5.191447533460836,-5.33683017374213,0.019302764864565614,95.73317013681739,96.67603002417404,0,0
9.625000000000227,14.67071545468076,94.6440721622505,19.852732619012727,190.9219968771838,7.281650692187719,1.4153459135434734,-1.4841212085444262,-0.7868370409824201,0.019217648516962615,95.77437176721907,96.41728107194164,0,0
9.633333333333562,14.664953305563358,94.56187993069688,19.774130791849075,191.0618029038721,7.248698122621857,1.4162164265822406,-7.437438655592871,1.516541759608616,0.019425689728998385,95.69226714568887,96.63508073373312,0,0
9.641666666666895,14.41592812198462,94.59298269909317,19.700285448560805,191.4079546513649,7.209067835322012,1.4289103853589344,-8.59575804090741,4.70631763392372,0.01921313740299091,95.68516791817406,96.9590801651609,0,0
9.65000000000023,14.393586938027966,94.54147279215061,19.449836881615113,191.28653884931902,7.149080282226559,1.5111590701636066,-9.988116965234045,5.048747725699827,0.019111545507851435,95.63088111406024,96.87710498305522,0,0
9.658333333333562,14.230956165087946,94.70526520936079,19.111591938645745,191.32696841837821,7.038622458635213,1.5840095594333385,-12.211053194238673,11.869823322493342,0.018696724797485853,95.76850929062235,96.74489204379516,0,0
9.666666666666895,13.810427967010469,95.18216850773723,19.700866305657428,191.53602334848227,6.892829966490488,1.7182188690640707,-17.164444608313946,18.109476752831434,0.018699196529218476,96.17886006013624,96.53373817734797,0,0
9.675000000000228,13.89445260025235,94.81790731350031,19.439773293409758,191.29002919130153,6.740114501335243,1.8420494284945277,-20.459801479192883,20.90211907510804,0.01857983226949944,95.83053459295839,96.63136592843595,0,0
9.683333333333563,13.793008082363315,94.84684879395974,19.824338955974554,191.20369364768044,6.537092937040774,2.0195683081864853,-25.806364828269054,23.74159246109835,0.018845913373473966,95.84451887356106,96.5454219643323,0,0
9.691666666666896,13.04289886799927,94.98964548155396,19.555576450341334,191.46682124192392,6.30288018985487,2.1995859205861623,-32.020343200577116,24.579633019063383,0.019728139470724937,95.88091551290154,96.69674457803043,0,0
9.700000000000228,12.40269601200663,94.95636513632792,19.341758238547527,191.64040435267157,6.001934115757124,2.4919185765812313,-38.12037619830035,29.414492716805086,0.02062394082741381,95.76292679461022,96.93272937337153,0,0
9.708333333333563,11.929512480312212,94.86452789287705,19.095824929840774,191.2626686918419,5.6708658203755204,2.7544173307114974,-43.58981055541669,31.116111817037243,0.021833561399776436,95.6116725110296,96.66414838822777,0,0
9.716666666666898,11.683455948316066,95.42737734071943,18.92225722529031,191.69601332667065,5.352004101162309,2.9663985494690137,-44.33663962949282,33.793403141038624,0.02087696816470208,96.13993701383569,96.54040873397578,0,0
9.72500000000023,10.654889259673041,95.00290155961511,18.91431054538333,192.14272583115525,4.95403711363662,3.264186163579172,-44.08737899142265,32.210807199355386,0.019818501122718768,95.59852493570084,97.49032515834863,0,0
9.733333333333563,10.169260102529336,95.56156459826997,18.72371321656476,191.6726148361929,4.562614276193696,3.520108373747036,-44.430961330965346,33.10303213620907,0.0188904275173174,96.1011263175527,96.49099774547248,0,0
9.741666666666898,9.45615616110166,95.76125934240127,19.02262571831494,191.50554828491596,4.202158960565275,3.811923050356234,-46.228363655184516,35.760841592927406,0.01878337414060427,96.22701117766141,96.2210278727931,0,0
9.750000000000231,9.040519149775946,95.83474096787859,18.196492491928495,192.45444716739536,3.7920481478896093,4.177762565561602,-49.42880130938504,41.00774461291427,0.019304308147866323,96.26021277182932,97.05256036768503,0,0
9.758333333333564,8.585044989946482,96.11529619040454,18.34957444368996,192.26604329157647,3.3757608767296903,4.448217653727623,-49.51834041173284,34.11864103343229,0.019545248412098815,96.49794380839728,96.64529064349978,0,0
9.766666666666897,7.297701275704242,96.04442896229688,17.939285047285807,192.0852729925931,2.9818816453179555,4.697490476269755,-47.25021328239641,28.318477804698357,0.018739353173184536,96.32127895020449,96.6286035665386,0,0
9.775000000000231,6.900490959078525,96.0259582055138,17.914616199970396,192.0432778621921,2.5786309059066728,4.96789652305369,-50.429036605233215,32.413733816902194,0.019619420931616283,96.27357594253684,96.64696906201866,0,0
9.783333333333564,6.236859918960988,96.09343901716676,18.055753129747472,192.38520432253034,2.1457205726207964,5.305697334054914,-51.40925976886222,37.589862191488855,0.019337445879643145,96.29562525782097,97.01438193562436,0,0
9.791666666666899,5.300866711806577,96.06162057095207,17.37824715615318,192.23679691375105,1.7347866754042087,5.566519869417635,-49.990691521555995,35.7553840173816,0.01875361162601763,96.20776545899973,96.9305300870988,0,0
9.800000000000232,5.017655909914538,96.08841435537556,16.26628363767162,191.88297983039996,1.3326769534638987,5.808742977094929,-45.745010609752626,22.806997789417856,0.01866523812900267,96.21933404550587,96.45273661387945,0,0
9.808333333333566,4.310137986878544,96.32372933506991,17.081122693918758,191.6461816284442,0.9411878264970861,5.948702223456224,-44.02370738998974,15.459202915867245,0.01941325091333601,96.4201126450376,96.17415433270038,0,0
9.8166666666669,3.23976431275139,96.33069327087662,16.842984161007394,191.79944001949343,0.6048924229767443,6.062596017149235,-43.670749845904815,12.015437092618658,0.020267281152837047,96.38515725385258,96.43302959044436,0,0
9.825000000000232,2.965767218554447,96.31896399784853,16.262478737859226,192.09140999978933,0.2348668459276403,6.1526433681192225,-40.80829463758709,6.778916409292674,0.02007909381694173,96.36461280373358,96.69107482297566,0,0
9.833333333333567,2.6081638828754308,96.22574677409807,14.882119487010584,191.69261379014745,-0.09878353117091711,6.174645327757527,-38.63816572867665,1.2294483692262035,0.020546279703005155,96.26108695144046,96.25265027017353,0,0
9.8416666666669,1.9474869175193703,96.40488000088061,14.569653075329768,192.36947505841647,-0.3916247788431471,6.180646260487333,-35.75300942210642,-6.3725314773934985,0.02151351269199475,96.42454870663434,96.79112863828074,0,0
9.850000000000232,1.269167612136016,96.45433988726631,14.28804538715599,192.16860491913917,-0.7047510624978125,6.193880563636268,-32.67269013087475,-10.827527620594122,0.021325117639654056,96.46268952043577,96.5956091606265,0,0
9.858333333333567,1.053612483684617,96.53550198706489,14.066581182766129,192.08347309112162,-0.9717902216242763,6.062093310577207,-31.855245627420857,-5.4240687626354385,0.01849025706537999,96.5412515102243,96.4300375218476,0,0
9.866666666666902,0.4319305416921111,96.54544712390435,13.00524829617774,192.23386954666586,-1.2127514939085284,5.922714128301497,-31.506075031243657,-7.748952611862629,0.019004703841782877,96.54641331684702,96.51094500165311,0,0
9.875000000000234,0.1989445773969578,96.31627465127798,12.504014072368818,192.28479837249301,-1.460738880986704,5.879023426150304,-26.643667019702644,-12.107430311190948,0.017720926440095486,96.31648011449177,96.75418482166805,0,0
9.883333333333567,-0.13168920732607603,96.34798424640115,12.178538660919514,192.3048915754186,-1.6722379801136378,5.734697636493822,-22.31478606635527,-25.664201843513073,0.02064292723069805,96.34807424329814,96.74331901644564,0,0
9.8916666666669,-0.7183063815257924,96.52695124896621,11.49152975974988,192.21080778885954,-1.8284463466705634,5.518363439208193,-18.60482434344849,-28.845314747086697,0.019477042765063235,96.52962385443155,96.45973512789514,0,0
9.900000000000235,-0.776561750710755,96.52750436928778,10.501029453221577,192.26655469158612,-1.9784271293799194,5.275408813430435,-16.80503232856792,-29.039020246914564,0.01817661397280368,96.53062803025544,96.40098453842982,0,0
9.908333333333568,-0.9476719501611797,96.56762741886757,9.81467229723114,192.28567848298025,-2.123096509917644,5.0141988098551,-13.781318358155946,-32.094285595434634,0.01749912983194246,96.57227732343453,96.32119887756517,0,0
9.9166666666669,-1.0830710012897953,96.58017566833422,9.814908454027659,192.24760433116666,-2.241085086964587,4.808051065485926,-13.1696351085857,-31.36233647080175,0.016633274305948298,96.58624837377282,96.28615094169386,0,0
9.925000000000233,-1.2817863753190295,96.58084066143158,8.209467927436265,192.35876014257326,-2.3361396146168567,4.489969157994644,-9.728186358238688,-36.4697813430531,0.01663861061291172,96.58934599209579,96.24704550465759,0,0
9.93333333333357,-1.3655719745621582,96.6842981560589,8.548916450141348,192.4352460312458,-2.3954850273988124,4.18134884089859,-6.963385983197744,-36.140030402362704,0.014681476175342212,96.69394136525517,96.2628749815854,0,0
9.941666666666904,-1.7013196479709904,96.63014904940792,7.403341564236939,192.78272939397613,-2.4207504102448287,3.809257507378297,-4.575629341213716,-42.78420261648135,0.01594393901241986,96.645125039266,96.58267734282234,0,0
9.950000000000236,-1.613976409358429,96.63442782303866,6.7284042338384324,192.71340039451923,-2.4447817963233884,3.370859341108313,-0.018402000903809865,-57.4452674220456,0.02052453633323026,96.6479051016422,96.44047016262053,0,0
9.95833333333357,-1.5972798356236808,96.6439343004588,6.358599810668409,192.46913981470357,-2.4293765669405407,2.8637218582849258,4.475478485582094,-66.82292422263485,0.022879309760057698,96.65713289739503,96.15490644160354,0,0
9.966666666666903,-1.3194034808422543,96.6387790865358,4.793528776183905,192.89078317875664,-2.402611402697989,2.302332830663857,6.960912152561288,-71.22939405626863,0.023608849986294977,96.64778553532166,96.44592387731005,0,0
9.975000000000236,-1.323780622955951,96.62362547228457,4.638283825607061,193.16539173112483,-2.3432524385974127,1.7768377708074303,8.990543331700602,-75.28631907854232,0.024546875817442526,96.63269319720958,96.72568865025136,0,0
9.983333333333569,-1.1676266192873754,96.54289815373801,2.8053171623897697,192.89785076827053,-2.2542021353600177,1.156572170193045,11.211360442231848,-70.14191082886555,0.01970773243066537,96.54995875630966,96.43682479033191,0,0
9.991666666666903,-1.0469229010151366,96.51644794560502,2.046535177625003,193.04200682847676,-2.1282311006964094,0.5951505883498915,12.832327959808719,-67.56389550232475,0.01714071693493846,96.5221258137084,96.57511584530998,0,0
10.000000000000236,-0.8536918076807751,96.65810398490402,1.8693122740730814,193.23410481312965,-2.0132774090818826,0.01021043510877603,14.849551708300378,-65.88791709516263,0.015219427904361815,96.66187384723628,96.61438136842095,0,0
10.008333333333571,-0.7758645909644883,96.21138605662145,0.9589192350606481,193.30134527644708,-1.8840349771264286,-0.6905279283077623,16.51995890204043,-73.63006852710518,0.018585807722669045,96.21451435620182,97.1054563669336,0,0
10.016666666666904,-0.31668190611480895,96.34411195502486,0.505820410522233,193.3307366621592,-1.7589898001001725,-1.2549059631939934,17.935036500325175,-77.11562399312308,0.020025375742421136,96.3446324183762,96.99011229060103,0,0
10.025000000000238,-0.017448788444994534,96.42174846782729,-0.5317175887440158,193.67348623443246,-1.6073294253315318,-1.970802936075939,18.08385798388453,-82.36898035469615,0.02340595460389938,96.4217500466216,97.2530974880672,0,0
10.033333333333571,0.20695818416999145,96.42217160723419,-1.4892530487999238,193.49698396162904,-1.4553514939218473,-2.563557126759976,18.067621630582533,-85.6594257785279,0.02589546397704412,96.42239371196358,97.08963037414358,0,0
10.041666666666904,0.29326599000705755,96.3382924051977,-3.0171738879410555,193.84726983921314,-1.3190441557745665,-3.2391539919316608,15.910305216171409,-83.18986423397371,0.02598311044535606,96.33873877361209,97.56515613892513,0,0
10.050000000000237,0.5870260174465898,96.59263140539929,-4.258430972040912,193.82567715597014,-1.1866982509301152,-3.899434039185846,14.320635070448239,-74.22197027851837,0.021934439310223652,96.59441516653273,97.35370377838524,0,0
10.058333333333572,0.7600828045012236,96.57123112545014,-3.6077475101579353,193.54313059164718,-1.0615520773083327,-4.53101894139849,12.888978737656144,-69.01825179727479,0.0205226305930859,96.57422226947939,97.07021802664235,0,0
10.066666666666904,1.066657091395939,96.47369853866758,-5.609193430758694,193.74250126878206,-0.9486253921869208,-5.113906599028836,14.231936524370967,-63.12594333556707,0.017928572981077195,96.47959508144888,97.49762543131028,0,0
10.075000000000237,1.1677668007470743,96.43076786215079,-5.202205634009317,193.61841109576181,-0.8242022728014669,-5.685761417447633,15.121396448433268,-63.94410060130545,0.019106109733831644,96.43783837159012,97.3961731595406,0,0
10.083333333333574,1.2454717497932393,96.27812603926026,-6.815463643489522,193.97959973353363,-0.7201796971390139,-6.214611411148837,13.221568389475856,-63.68143459558337,0.020808837679181735,96.28618152939298,98.03344654477608,0,0
10.091666666666907,1.592468919992939,96.24810967384394,-7.020359634214287,193.1562226417837,-0.6108597503644244,-6.701014143422742,11.625696529420603,-64.29375591561033,0.022896179157350094,96.2612828350497,97.29009803012401,0,0
10.10000000000024,1.755891514335758,96.25470042771309,-8.136655366210675,193.55264094442003,-0.5189780109526831,-7.16768376604686,10.677356356551902,-59.602865913678684,0.02211838794856913,96.27071470306485,97.79954863176236,0,0
10.108333333333572,1.9459950200672438,96.23055261676961,-8.454238837347532,193.24607469773554,-0.44021444636138946,-7.656038999592094,8.66042667186805,-47.404821954983795,0.018885161354802005,96.25022677140555,97.5713912421633,0,0
10.116666666666907,1.9604022390826117,96.25328739559194,-9.527626627188567,193.65099352209234,-0.3774620928834094,-7.948656284965174,6.828445450068706,-40.16664380915215,0.01767889887660079,96.27324919933584,98.07287069284968,0,0
10.12500000000024,1.8606678655719406,96.41903444867808,-9.549205062033707,193.08872595671096,-0.3409544674017062,-8.328182497147163,2.5780654253858053,-29.548494335320996,0.016755042909196938,96.43698610450942,97.34071325238148,0,0
10.133333333333573,2.174725006570725,96.35455730821428,-9.756601880007508,193.2432848080586,-0.3084354382209726,-8.566079200721212,0.5524594731580504,-26.819020299095158,0.01728748510628808,96.37909598515725,97.62060273227918,0,0
10.141666666666906,2.0784505194875464,96.24083203862125,-10.092845211724011,193.2834742218007,-0.32023995751943063,-8.80565423133915,-1.257845982940852,-23.23949610747272,0.01763316770205492,96.2632728928747,97.80293881918482,0,0
10.15000000000024,1.9832307863816823,96.2686030482385,-10.585372826921287,193.11385684013578,-0.35281170678130835,-8.968870674678227,-4.408024784465076,-21.386405793053314,0.018578387301879662,96.28902916330274,97.65742664439468,0,0
10.158333333333575,1.9296171487317224,96.28772121950419,-10.673786643841595,193.06398574216433,-0.39700466405664975,-9.10525012989822,-6.561758619035879,-16.39653927239085,0.018474201411204483,96.30705415485221,97.59349958946312,0,0
10.166666666666908,1.7290964299842813,96.30561311990118,-11.80168142614798,192.81405353352812,-0.4662829909228557,-9.17399579530992,-10.539890997594728,-10.932280740368109,0.018700039944108404,96.32113419631366,97.45235256504884,0,0
10.17500000000024,1.8240010363034003,95.92398955576948,-11.352329958890778,193.11411789426478,-0.5658471177704245,-9.237182676335221,-14.259086192194768,-1.5749607390477276,0.018329142415186794,95.94132973893893,98.0792370736442,0,0
10.183333333333575,1.3398265428576224,96.26639098036031,-11.92916819392343,193.1042154616282,-0.7026074029409208,-9.214525731086844,-15.877236288077412,6.549772360841879,0.0177305340522369,96.27571431855775,97.74267477202355,0,0
10.191666666666908,1.1669326247210847,96.23416366307373,-11.76106943663757,193.1880145447742,-0.8230849565532515,-9.207554978915734,-17.17614764974102,9.313612013856494,0.01783861311176116,96.24123849827525,97.81197492173189,0,0
10.20000000000024,1.0121409189127348,96.40860546009156,-11.721665873787458,193.14783306772995,-0.9565033489538248,-9.156473260169998,-18.04434523448516,10.53395281385349,0.017853924323369963,96.41391826909295,97.57370544135486,0,0
10.208333333333576,0.5437528556588518,96.45979061482745,-11.961016572686958,193.06530262709134,-1.1477456578126184,-9.008736339589694,-22.032755737032197,16.995755249697066,0.018044254252543634,96.461323195488,97.4114685733038,0,0
10.216666666666908,0.32892225684730647,96.37784888615488,-12.126095604429793,193.27848091636218,-1.3443628337669284,-8.835959416216912,-24.628141771344346,16.33898219710109,0.018372796379261924,96.37841016417295,97.69779914500822,0,0
10.225000000000241,0.053654763175075004,96.18245214735214,-12.1406959183999,193.19160625899002,-1.5701861441606018,-8.607033588511973,-26.531985289013132,27.811691897999147,0.01796538061953301,96.18246711283348,97.77258393844737,0,0
10.233333333333576,-0.22719766477996473,96.27460705299882,-12.51966011891966,193.21008374146447,-1.8042743812530837,-8.335136166384759,-31.171877245984664,34.87938239786245,0.018608081416256805,96.27487513358929,97.71177653694821,0,0
10.24166666666691,-0.8761982466328391,96.4392704713456,-12.050365115362979,193.38974516433746,-2.0584275832512757,-8.121700155541346,-32.382196557900286,35.785072906889134,0.01861032218464853,96.44325073540789,97.59229758749755,0,0
10.250000000000243,-1.6223948325369406,96.5502520428389,-11.774851725872566,193.1740058903972,-2.329673303038504,-7.837689532392481,-33.35352389104448,38.46194966238545,0.0185199006710266,96.56388214300604,97.1556595807191,0,0
10.258333333333576,-1.6670563427729235,96.32023838477784,-11.94685334087933,193.68800745346618,-2.599808238198427,-7.47216794044988,-34.24743908371623,43.42170210662253,0.018478557793028205,96.33466353992425,97.90892032769894,0,0
10.266666666666909,-2.310566622545309,96.50642740047806,-11.207227409516747,193.64806742588428,-2.877628917537492,-7.118626627535502,-32.368250927016746,41.691893178275315,0.017502097266097305,96.53408334739065,97.54818706661871,0,0
10.275000000000244,-2.780437153529647,96.47857695316623,-12.117413876879993,193.54262484337244,-3.1534129866550966,-6.752336021510181,-30.559923039992952,40.253889043390394,0.0166644969719143,96.51863365005093,97.51209426099221,0,0
10.283333333333577,-3.0424830904806868,96.46127202768213,-12.007066462991475,193.43253175422456,-3.403637147958408,-6.400014164210016,-28.313267174923155,37.79768032134692,0.0157717743108865,96.50924154999018,97.38474710135694,0,0
10.29166666666691,-3.636277466357967,96.54325297248795,-10.948209258406564,193.86013673969467,-3.643715270205204,-6.106497857603689,-29.54268930051297,41.19677723730916,0.016208750984568088,96.61170844324278,97.59118921650455,0,0
10.300000000000242,-3.971010289039839,96.4011731367874,-10.704590491676868,193.64152836811576,-3.8868019951570973,-5.730313537561745,-30.731881839208587,48.23955138710555,0.017163745043740075,96.48292649409284,97.47321574596927,0,0
10.308333333333579,-4.325481431532467,96.20331333226056,-11.186400699634476,194.1222317966894,-4.163162643413036,-5.338793378919513,-30.178882197134346,47.659968994805034,0.01697998725314731,96.30050511663806,98.15898739517883,0,0
10.316666666666912,-4.836601658610732,96.46263178083774,-10.58298665116763,194.12787354248513,-4.421348532387061,-4.929088780560998,-32.011361187207534,54.0879613761982,0.018356197956631792,96.58380840332174,97.83414735583746,0,0
10.325000000000244,-5.177079179672717,96.58012052732295,-10.333751948078714,193.81655716520174,-4.669715612077833,-4.429238672078525,-30.761212298343512,52.63298945864739,0.017889589499625824,96.71877702858337,97.37307576569941,0,0
10.333333333333579,-5.7844676246315885,96.39162672457923,-9.98922196372564,193.4600550882614,-4.907178730967633,-3.9337746175410224,-27.620685793062425,58.229305509487574,0.019380438630765884,96.56503388033903,97.15945524779063,0,0
10.341666666666912,-6.070902584049918,96.30142828571547,-9.134714076309933,193.50326128699055,-5.105723478670728,-3.491951431879929,-24.236786310940833,64.60302164091635,0.022120273596261786,96.49259530168014,97.25010683628,0,0
10.350000000000245,-6.501743665125446,96.51136930184344,-9.299159235361685,193.4750987112439,-5.29504620905705,-2.993637950543597,-19.74132233125239,62.15702647241753,0.02219257670376562,96.73012496220507,97.00407390853248,0,0
10.358333333333578,-6.671424660385355,96.24892437320523,-7.953013551227343,193.55024976204692,-5.4578702195573445,-2.417949736517698,-15.742988115359125,60.65139572932568,0.022686584458690984,96.47985981539452,97.30976514466767,0,0
10.366666666666912,-6.691286771742,96.48299416420343,-7.400252002031493,193.49015909082152,-5.573259124824986,-2.02416768810526,-11.508526166205243,51.22987707804048,0.020145952708250814,96.71474283454103,97.00975558570305,0,0
10.375000000000245,-6.9398136274786,96.464015116339,-6.724732583013406,193.8188544273305,-5.673569004308195,-1.5834671053462024,-8.729590471939598,45.93698902063436,0.019049374310339928,96.71332496377846,97.35507689445203,0,0
10.383333333333578,-7.046047417239379,96.47299616281799,-6.719448788041348,193.63355968597875,-5.72800884267487,-1.2468455731473695,-6.794252955427927,38.28964385101165,0.017025631752821013,96.72996315949408,97.16111244115494,0,0
10.391666666666913,-7.221531675715994,96.55142181359918,-6.082346717520068,193.19593878309502,-5.758359360067336,-0.940328830244734,-3.19376128408885,33.421616701808084,0.016477914291612272,96.82111119983557,96.65123073523766,0,0
10.400000000000247,-7.216696441962597,96.34005647008343,-5.2751246230846505,193.51856816510417,-5.774470343911152,-0.6235782785038839,-1.3783911066786292,29.58216710719336,0.015829995298072053,96.60997457920325,97.19790551440471,0,0
10.40833333333358,-7.086055838979917,96.26056202816835,-5.986075181355602,193.16416482038983,-5.776492694016439,-0.365543620231915,1.9519361416507541,33.00795029746392,0.01789431094855276,96.52102356135677,96.90984568948492,0,0
10.416666666666913,-7.216177776853897,96.56452273783339,-4.303939404056678,193.45337399104443,-5.752726010975015,-0.1279396234851878,6.156136809160952,29.41332646916701,0.01812804804674295,96.83377651053738,96.93260870061657,0,0
10.425000000000246,-6.9051328890488435,96.46535872317418,-4.49900626776207,193.2415490072791,-5.689153890206097,0.09977110115540862,9.177908965774298,28.455453214597732,0.018808176377990815,96.71218275794472,96.80609717999663,0,0
10.43333333333358,-6.788991045698424,96.42585058423703,-3.436840758584026,193.4098997135149,-5.590519972544514,0.35254510205310013,13.209028365664455,25.622508382554606,0.01927120595012788,96.66454913934155,97.04196358822088,0,0
10.441666666666913,-6.777294829363541,96.56482724063227,-3.0674129348013253,193.11097226050327,-5.445545655428312,0.4899506424680771,17.80383948144618,19.34265342399427,0.018710691668894608,96.80236353115184,96.61739668335906,0,0
10.450000000000244,-6.36635110540027,96.50667727628286,-2.627723294555551,193.30424347401095,-5.297149941584435,0.540788400210751,20.997177051707595,6.679164434237094,0.01567969496145505,96.71643699654078,96.86973810076897,0,0
10.458333333333583,-6.043858419732658,96.6415737135739,-2.5535120947132555,193.32754291860755,-5.1022433752560925,0.6249935951618898,25.84782823571199,-4.793398072430029,0.014385546135641913,96.83037743618432,96.74894913426859,0,0
10.466666666666915,-5.646189035003147,96.56809356193662,-1.623015817162468,193.22554484913155,-4.8778080580075525,0.5959725071611631,28.78549440778668,-2.7261268739436915,0.01543556103514021,96.73301476127959,96.74114332628704,0,0
10.475000000000248,-5.114933594585466,96.57298873903454,-1.4133356073597838,193.28176646377938,-4.614519867960166,0.6055758959487396,34.446105946831295,-7.867363008305811,0.016238924074981398,96.70834865546362,96.77959245973882,0,0
10.483333333333581,-4.674818722490329,96.63707034593864,-1.783642613010386,193.7621142229882,-4.312820401676721,0.5197515377465333,37.75588596414386,-6.357727691357096,0.017669740898239805,96.75007646061081,97.16806598576936,0,0
10.491666666666916,-4.335694920761853,96.5889883117556,-1.3436090999852581,193.23446446035405,-3.963749667068621,0.46609217814209314,41.452973095745996,-4.837980896597492,0.019643139744666804,96.68624986798474,96.69178164429593,0,0
10.500000000000249,-3.451465202224938,96.73991088740064,0.36193673229126944,193.2742383243147,-3.6114718863374566,0.3991992529143127,45.00846798991217,-6.7198797022845325,0.020631093951443802,96.80146161367806,96.6096186102166,0,0
10.508333333333582,-2.962923315367732,96.47494346499138,0.4300947850083503,193.16157451004636,-3.2324131407510728,0.3124095266182446,47.30596083018132,-9.935835625171762,0.02027404906871988,96.5204311591387,96.74614821620585,0,0
10.516666666666914,-2.063704220851548,96.41016418193442,0.8175813631447113,193.25346805222335,-2.849292215444057,0.23612346270228446,48.00276441523958,-7.298839781183591,0.0210031784271143,96.43224892482135,96.8861564472947,0,0
10.525000000000249,-1.5562047732711335,96.55663120188893,1.2184616390902079,193.16597083764503,-2.4563697771842543,0.14209260193317275,48.44572116825095,-14.615277234705488,0.01792133634012716,96.5691710762495,96.64917629528334,0,0
10.533333333333584,-0.7164033067780906,96.50274539454068,1.9872180783401063,193.61641962414996,-2.0431829510899044,0.03045684201113542,48.32204322621831,-22.311272443216193,0.014902448243161004,96.50540452421049,97.15130102561028,0,0
10.541666666666917,-0.2349525668911383,96.60593844374381,1.9275378058162573,193.10518154252213,-1.6222299360497976,-0.11696536556420412,48.151969500909075,-19.79367122843867,0.014910695717152311,96.60622415406321,96.5234701160768,0,0
10.55000000000025,0.5019432999881133,96.54793442619791,2.5855534524427526,193.1647828008878,-1.2097332903839695,-0.35701288354040134,50.73824744605506,-19.9721213295002,0.016320407753465105,96.54923919452611,96.6393130207641,0,0
10.558333333333584,1.1493037372700883,96.51720636077755,3.1907400884107915,193.2783033304064,-0.7662314172310262,-0.5450023478056636,52.58312627840076,-23.84302269787391,0.01626994848857155,96.5240489348091,96.78262937708232,0,0
10.566666666666917,2.003657263738887,96.39754755082191,3.0024154438754636,193.19726338979154,-0.3362473813395743,-0.7222123787530969,54.738775861733245,-25.19938359211611,0.017372574610342806,96.4183686661598,96.80486818547742,0,0
10.57500000000025,2.803542948402594,96.27356486355075,4.039217364294586,193.1481128538246,0.12318573985688071,-0.8711664861755192,55.42327399929485,-19.996167901884657,0.019592423855328,96.31437662467556,96.8824284356145,0,0
10.583333333333584,3.555761621713316,96.22838957737719,4.562111103272514,192.9283941412137,0.5689035220176751,-1.0363391513415179,55.426717756230204,-17.660136400284504,0.02060820985302758,96.29406212932302,96.70524092273921,0,0
10.591666666666917,4.348949643921969,96.20682854786685,4.253035566633912,192.9319646634766,1.0225403897551248,-1.2164595100301294,52.80682227081226,-19.437369389566236,0.01818117752628723,96.30507370976888,96.72518367050773,0,0
10.60000000000025,5.0650364944442,96.13093413969546,5.452238077829463,193.2127532842353,1.4623261408151627,-1.380604891841387,51.104152035370824,-16.310242798648748,0.018366185815866132,96.26427734762525,97.08259129977588,0,0
10.608333333333585,5.669883286271897,96.20223961072412,6.050112135078734,193.15068367041494,1.899148739052946,-1.5300105042393077,49.512453646150256,-14.76036121895043,0.018266727249306225,96.36917807369285,96.94918967981353,0,0
10.61666666666692,6.440803264773706,96.12082817549953,6.656048397844756,192.76035210404393,2.2796093105683575,-1.5897088248069031,45.9379008536499,-12.676333292620948,0.016894303926568544,96.33637711601689,96.63976363590206,0,0
10.625000000000252,6.962393598831454,95.96173737768339,6.295878024103558,192.85594297186208,2.6574093835307706,-1.7278453094282236,43.77693983021266,-10.093533763841032,0.016944666453606594,96.21398009212864,96.89649797974292,0,0
10.633333333333585,7.627828747047317,95.89698618142,6.926642813190142,192.82174051372533,2.999090302909037,-1.7454541578026934,40.125886180876286,-4.089265127983263,0.017119892715121043,96.19987385684944,96.92729060533766,0,0
10.641666666666918,8.239203554160497,95.58599888667425,8.012274512312729,192.58895283871948,3.33351808951156,-1.7736651426299699,38.26357615631667,-5.416929574387477,0.0161809530124728,95.94043807680983,97.00321939096992,0,0
10.650000000000253,8.647136344216506,95.15596220519535,8.221779463986309,193.08312614407174,3.635450704417675,-1.7764887739360216,34.756785463390536,6.071022568740431,0.01870083745653872,95.54805131530436,97.92808772557102,0,0
10.658333333333585,8.867345986004864,95.38649789075538,8.809228145641669,192.40249760870688,3.919751108676213,-1.7773294985396715,31.639089998116546,8.685577476146362,0.01836468768393651,95.79777557281065,97.0160171258176,0,0
10.666666666666918,9.609557163776174,95.09109308340135,9.129863751581809,192.36876037222163,4.175282066971633,-1.6669909212626546,29.5462867966006,13.700866336114911,0.019668696358088766,95.5754130133895,97.2788500082321,0,0
10.675000000000251,9.782660955896802,95.06842702192893,10.26130969204479,192.4164057724431,4.410385085101848,-1.5064408389583706,26.39020317702307,14.169235753921267,0.018418518759652613,95.57042571738316,97.34915547360016,0,0
10.683333333333588,10.356895162765738,95.08689269029855,10.220275415893127,192.3915027398354,4.609165174443297,-1.433936710169647,23.638451415615013,12.843504868794923,0.016876533742840483,95.64926784303617,97.30470595941217,0,0
10.69166666666692,10.433090343496417,95.08271151693054,11.366022292046864,192.53048435175918,4.783367357526954,-1.2902325169089348,20.400890322510406,19.685720967268942,0.018120172922185596,95.65339201265888,97.45223851964097,0,0
10.700000000000253,10.845331880905405,95.04001310475337,11.183834794847144,192.32224138634217,4.927261305889448,-1.0617183168122373,15.174635853307826,25.66782060897036,0.018013631347870263,95.65681007935962,97.28281720660594,0,0
10.708333333333588,11.001433610945128,94.93865840813072,12.643712336425835,192.47382274592724,5.061483469261075,-0.8759510027834089,11.666665993387271,27.496930390461255,0.017357304004872454,95.57395252803853,97.54898954788378,0,0
10.71666666666692,11.09160762624316,94.90971813808716,12.469783689059796,192.46605867549636,5.163563804192642,-0.6544344350513437,11.709825246736006,26.302695619146093,0.017231760070141267,95.55562964465089,97.56607478171432,0,0
10.725000000000254,11.207138433694467,94.93107663081776,12.804606551124323,192.39294256634332,5.263368446461878,-0.4410333224731937,9.371578555716678,31.487312778525165,0.01844998944917453,95.59031991869357,97.47495686595897,0,0
10.733333333333587,11.29118385705442,94.91614901499878,14.40141982928742,192.1647752199641,5.304128746576499,-0.15332072395871033,6.356262443903132,31.142645643320215,0.017075227608441157,95.58538683675063,97.29834976275826,0,0
10.741666666666921,11.34543587933939,94.88343156128076,14.404181688812855,192.04429534820753,5.339632008793846,0.16030791966024396,2.007210139370015,41.417769947253696,0.019418579581623963,95.5593245064889,97.20899844020978,0,0
10.750000000000254,11.643380789331673,94.91292190874276,14.625663625940831,192.28906719699575,5.317756869064971,0.5735137510799099,-2.288041269516272,45.78947261445117,0.019438063626108004,95.62442711703154,97.42180290939235,0,0
10.758333333333587,11.490962856263991,94.83363934509231,15.60647291400744,192.0015675339606,5.287995836189491,0.9592523066289163,-6.508754171436639,55.415435731526664,0.022063493868425432,95.52728080919648,97.25504455580932,0,0
10.766666666666922,11.178936734081276,94.8228637979355,16.24762470569624,191.8820233488467,5.228359416125994,1.4295095818620778,-10.827160726336343,56.02516963693794,0.020661959275357855,95.47954820455749,97.19141963405428,0,0
10.775000000000256,10.905154876263168,94.95109952233804,16.728518439006052,191.8263751808235,5.142733728553024,1.8487552543658023,-13.85291592778992,55.33155506269069,0.01934195319705756,95.57527767878172,97.05014475564386,0,0
10.783333333333589,10.883982333704978,94.91186982140283,18.018092678975393,192.35248785637475,5.006944922944804,2.28186454198657,-17.75395727298797,60.405791276352055,0.020209236120755314,95.53388982154615,97.70143076463,0,0
10.791666666666922,10.537439594900832,95.00386031402098,17.967002431316132,191.7531660255009,4.85208884085117,2.8203370927830007,-19.361136864159008,57.955460468225134,0.018817216051697727,95.58645880971946,97.03415151169015,0,0
10.800000000000255,10.46592889228998,95.06493450682188,18.59677770382308,191.74801967663558,4.6489582240405545,3.3726570058965613,-21.463357570352276,57.01604747803058,0.01803590606748484,95.63930907511202,97.02437662953294,0,0
10.80833333333359,10.044571501954692,94.9708036442633,18.862356945569843,192.200961824462,4.460330036838619,3.849542905162795,-23.94480255913656,59.02181614393346,0.01839643637218069,95.50050765045752,97.62918108780845,0,0
10.816666666666922,9.706710331430145,95.02247106249274,19.316106616434467,191.87841698957993,4.274498587010183,4.310449628144136,-25.708313580307287,58.70430318259429,0.018211452264486727,95.51696306039344,97.33146848986249,0,0
10.825000000000257,9.165688810880056,95.11938483818568,20.113226571455755,191.06111330935653,4.081110595670884,4.7704738257252215,-25.745371038581577,58.092687047027276,0.018228204626257405,95.55996663547324,96.56429901912563,0,0
10.833333333333591,8.980865493405929,94.99297978523163,20.654359726918017,191.12132850176027,3.862648484666384,5.2335939234194875,-24.987067375222228,59.45408690833964,0.019021857767747452,95.41657169217552,96.8345490751435,0,0
10.841666666666924,8.418547842059183,95.05441311068927,20.851074419079623,191.15422841139917,3.6572038549567973,5.75978594241984,-24.45316274489586,57.90133485486686,0.019116831169649462,95.42648164732165,96.9006822366018,0,0
10.850000000000257,8.391529772619606,95.13955794454267,21.08198451263428,190.6680046258661,3.42214285554047,6.268707153770322,-24.688179435874808,56.85756894520004,0.01932664530889383,95.50891716383217,96.36769047172821,0,0
10.85833333333359,8.051367952734097,95.08045196341357,21.517179422037316,190.58793953548513,3.206156439737506,6.7499127413112125,-25.76297656856704,54.15709619396558,0.019118975249210912,95.42073606652438,96.45210345480405,0,0
10.866666666666925,7.668579651232619,95.72644368180448,22.333125247543933,192.0621914609768,2.9861618609043257,7.196459784946344,-26.857675689641656,52.94779730221093,0.0194529757428481,96.03311477731515,97.4454986016214,0,0
10.875000000000258,7.140280228836957,95.22633850742261,22.552256994057075,190.86213763197054,2.7877377087902624,7.561974739431059,-26.734681038131708,49.80833169128442,0.019313196860081927,95.49366024651353,96.86968102560557,0,0
10.88333333333359,6.884368161882321,95.82497947344223,22.940242150954816,190.69303605496583,2.5913706905562455,7.862314521015272,-23.889652061465235,37.50032109334853,0.017473081201826002,96.07195853147765,96.21714633633727,0,0
10.891666666666923,6.395561110430606,96.01742365805364,22.75559328705168,190.52615380233954,2.4010557226836267,8.18095953123861,-22.96587202978717,30.833483116681425,0.017303748364035698,96.23018678069482,95.91428843663248,0,0
10.900000000000258,6.291687522562881,95.71243426397348,22.96762782404437,190.6364192997326,2.2008884405801443,8.452626958953303,-19.535343762874174,22.266709331918214,0.016921010459102437,95.91900439754896,96.37764222062914,0,0
10.908333333333593,6.049843269536609,96.04835660495962,22.937086273759178,190.3066276070112,2.035446949555219,8.68961832519656,-17.241220275569063,21.20947090492957,0.01711307583407118,96.23870016838053,95.75907595930455,0,0
10.916666666666925,5.98339744607523,96.39137760763236,22.676960252670426,190.2396518732042,1.8992798641387256,8.869000158196792,-15.38507756733062,21.782627849142955,0.01737891999189145,96.57690573887149,95.3214226803384,0,0
10.925000000000258,5.638875740572473,96.09666329086895,22.688104980091055,190.28002662464093,1.7766044706715836,9.004417979643803,-14.827612463602138,20.96749059546397,0.017586126262366886,96.26196349159027,95.7140645178281,0,0
10.933333333333593,5.2451505396797415,96.08198340557345,23.569565374432955,190.21332157700044,1.6709834693490264,9.167082304130139,-12.905498424104046,22.055239438146028,0.018009610922674835,96.22504424178143,95.89834724842588,0,0
10.941666666666926,5.216317319062,96.08507196528325,23.16848285716469,189.98449008762952,1.5765208343300847,9.327997357025938,-12.05264217393436,19.6286491797851,0.018237093121086456,96.22656089119472,95.60010968206393,0,0
10.950000000000259,5.110845339256059,96.09608434998398,23.603538687308117,190.11685620279434,1.484080443905956,9.47062421839571,-8.791848357504367,14.90348466663876,0.018240627964718925,96.23189786905915,95.8221542601882,0,0
10.958333333333593,5.024829303479919,96.04840576427688,23.147351961785375,190.056090693609,1.4148951612985032,9.554271634221925,-6.307953302534484,6.101325369687441,0.018114772860133854,96.1797544153045,95.7385536410143,0,0
10.966666666666926,4.878829868933849,96.01200369554425,23.109086549209167,190.11213920967595,1.371536490324878,9.5845276790627,-2.7977287819580243,-4.877803444248811,0.01832746827590892,96.1358821383733,95.8497666267721,0,0
10.975000000000259,4.935324459983349,96.02806677461791,23.59608058872749,190.12251977492326,1.3564788567780839,9.589636243041348,-1.4368930843718635,-6.161210023563861,0.018301100375530677,96.15480765929381,95.92700300083983,0,0
10.983333333333594,4.794426592465243,96.0779974627576,23.02186514020343,190.2612831086031,1.356931928775089,9.424563350465652,-0.5153673732823161,-12.720724827086775,0.018281181466336616,96.19754738455754,95.93086474674614,0,0
10.991666666666928,4.892569684614216,96.09190703963753,22.954238615226643,190.63581551452785,1.347331249883992,9.311987271072976,0.9899399955736089,-20.684331231778316,0.01892723041640032,96.21638029271912,96.25369870434844,0,0
11.000000000000261,4.894718158832973,96.0982304787654,22.45632837651334,190.6338957074217,1.3598395578061293,9.091747635317153,2.7166179823134775,-27.929077450005703,0.01942801042965625,96.22280481779943,96.15301427236854,0,0
11.008333333333594,5.0279081121886975,96.03151477822513,22.459166850426925,190.73524757306615,1.4159975042455328,8.846932160630036,6.536064616105468,-36.91675126367519,0.02023599476422966,96.16304742771564,96.29457817798493,0,0
11.016666666666927,4.998296881455076,96.13558335405236,22.241978265350497,190.91036535404737,1.4912979521478185,8.512486668510675,9.432432840753671,-42.523886696351795,0.020275944435334203,96.26543179427968,96.33070045845136,0,0
11.025000000000261,5.148787241600871,96.11445045168875,20.570670797959792,190.768566132285,1.5573755445955966,8.158241518883775,10.661849872459047,-42.951028711070556,0.019083038757720328,96.25226021080962,95.90222159940608,0,0
11.033333333333594,5.245476863726083,96.08328661675273,21.270267531659215,191.62214816005803,1.6510627296434925,7.8502166641416835,11.572064476766377,-43.02499254508303,0.01808380262020215,96.22636330343643,96.87346376042274,0,0
11.041666666666927,5.578158927001994,96.00098266914551,20.5231344403835,192.63919998183474,1.7352071944129552,7.40963109647812,12.092728194515345,-50.49299265004688,0.019359629767805586,96.16290620845685,97.78699984389601,0,0
11.05000000000026,5.918310388555767,96.04380178143168,20.176320437306174,191.52168775640507,1.8447832183555815,6.9601517666862796,13.043723882488232,-54.97892842843635,0.019779999595893383,96.22597496770935,96.53661254052935,0,0
11.058333333333596,5.808943712594669,95.83623476688444,19.292486775996792,191.25702875252477,1.9667671046324067,6.463206359304703,14.51399395684476,-57.74898963560816,0.019403233469483805,96.0121227832688,96.36873901007854,0,0
11.06666666666693,5.90768996270117,96.08872184162408,18.923960486875217,191.66661460574898,2.098786834967337,5.984132264702541,14.645354310524858,-59.66970744964293,0.01925624351734667,96.27015771178733,96.4601310572873,0,0
11.075000000000262,6.318271933664107,95.94488767893472,18.291088797396355,192.1533811053739,2.214440234741845,5.515874195130117,14.474131790833432,-66.7601854153981,0.021869118630977624,96.15270163625735,96.9506191369486,0,0
11.083333333333597,6.464851239321945,96.25534259592155,16.530495092339095,192.0166986354273,2.3649063378366764,4.954673543599773,17.45457686018068,-63.651047520171055,0.018458083476488696,96.47219951781338,96.2889115978614,0,0
11.09166666666693,6.875165951101565,95.92821021416131,17.06325461677625,192.30781910923747,2.498303154281079,4.4144109639982245,19.369257554292002,-68.46779001290352,0.019393769935463823,96.17426590178637,96.91659383938074,0,0
11.100000000000263,7.053701683016072,95.94920893536147,16.078189130440876,192.10885694437354,2.651189619686483,3.8121801760733303,20.266970384312778,-69.86915060718914,0.0191307629738402,96.20813584492026,96.58218924266434,0,0
11.108333333333595,7.214947214477775,95.95258224622648,15.481849672322824,192.39025774815838,2.828736521678794,3.1982718206501413,18.87602178490892,-71.64105520289186,0.020018510648341703,96.22345609583226,96.79135773643966,0,0
11.11666666666693,7.46827258808969,95.58499018984219,14.505541104687666,192.36089664860668,2.9873122227976516,2.5599523083873525,17.567357162460045,-73.82183596722174,0.021317523347994527,95.87630283361077,97.03143418032239,0,0
11.125000000000263,8.024986527347437,95.88686717425986,14.082581318157622,192.50472238878962,3.123429391884952,1.958301770519706,16.827517642237847,-77.37056207253968,0.02345658810216511,96.2220957226471,96.80756375875536,0,0
11.1333333333336,7.853730610116202,95.87127375729006,12.482754958953194,192.32490473534608,3.2448633190110283,1.3793546534447365,13.619251874256301,-78.85382293101348,0.025851295942474817,96.19242286345391,96.56464567984048,0,0
11.14166666666693,8.243902064759084,95.89102382726975,12.001434587650976,192.45756704830984,3.3447080233642135,0.6970041767783771,11.800929291093098,-73.3001145591225,0.023290531049203977,96.2447420480483,96.63962086184732,0,0
11.150000000000265,8.369512834425677,95.58760676429756,11.153349789407457,192.42986249270433,3.438842189718271,0.17291980640292764,8.723344981258743,-63.17944887212187,0.019137993844201784,95.95331840020751,96.88225969060618,0,0
11.158333333333598,8.38590994750706,95.26702539560813,10.296510721014727,192.77734236521155,3.5056431777479027,-0.3364665075009075,5.477997380370461,-54.208793158508996,0.016209199488203208,95.63539937374206,97.52903316873522,0,0
11.16666666666693,8.414061141513741,95.14708661036241,9.788846953309474,192.5645836583651,3.539036169284324,-0.7252283296840762,3.175125451011153,-44.202614364868815,0.01287856893736139,95.51839883149704,97.42719726609162,0,0
11.175000000000264,8.396797288709422,95.17079292936182,9.093314143258738,192.6424610343381,3.5612596266032392,-1.1027193941729567,2.76249486296335,-39.450596048266064,0.011394281180268084,95.54049419754507,97.47415667188572,0,0
11.183333333333598,8.551529411385218,95.13755443496524,8.426156808366613,192.7337041497139,3.578146974236624,-1.525579654950462,-1.0708801057090573,-46.43377964222625,0.016096349063285498,95.52111242620533,97.59623024191674,0,0
11.191666666666931,8.468139577644365,95.12898944733945,8.592295315825595,192.68662925569282,3.5528189897259024,-1.9626943982833278,-2.3268540465137053,-51.2909141728659,0.019378357162973536,95.50515180438428,97.55771881109018,0,0
11.200000000000266,8.390205418109645,95.15363230197664,7.137739698925259,192.8238667610711,3.5450358415975103,-2.3993285223707566,-2.6989720995864714,-56.02179060234748,0.022546195141349035,95.52282076665162,97.678264571358,0,0
11.2083333333336,8.368946900873937,95.49543360868563,6.80335282619842,192.61881066403078,3.494357604563842,-2.7842934054440915,-6.696462434987468,-53.11688698831027,0.02358359715145575,95.86144747676478,97.13599464380546,0,0
11.216666666666933,8.33936527524861,95.58488066082862,5.173807804270609,192.6678074891206,3.417274590808821,-3.124808852159363,-10.813804895708408,-43.80806399417354,0.02115269494596994,95.94797769697321,97.13452236794888,0,0
11.225000000000266,8.005929652988812,95.47878190981066,3.908409478932583,192.7586205590252,3.306478948817821,-3.391893926794624,-15.318185842736492,-31.670975312687883,0.017905893979973442,95.81384401322073,97.36609614847465,0,0
11.233333333333599,7.954688864600428,95.54090965385734,4.220072026015998,192.9533813160882,3.169772347567016,-3.6991419039939806,-18.160355705483678,-26.32468118067309,0.01728573266422284,95.8714894659467,97.48403458144297,0,0
11.241666666666934,7.767338664845795,95.90527380790178,3.7943013253996014,192.92613132636507,2.996743552594444,-3.9553460621898973,-23.189597779840316,-15.421682903474737,0.015781117373258713,96.21929689050435,97.1021720628256,0,0
11.250000000000266,7.0236747732921,95.87262737102805,3.3276878096821747,193.32664585863535,2.8023775385968226,-4.103485133337008,-26.50880038559893,-14.186309345134497,0.017131449404822696,96.12956197936708,97.52407927798181,0,0
11.2583333333336,6.879386505808952,95.87006989606391,2.745206084487222,193.1551363912659,2.559583245013494,-4.216779924185405,-30.39209969304834,-10.956086326939875,0.01806930184539679,96.11657640892379,97.3728689663189,0,0
11.266666666666932,6.409431151063416,95.68309182187471,1.7557491476974292,193.02663136074779,2.2874667891715332,-4.279296967013329,-33.66056331788457,-17.168346888103144,0.02289258265538585,95.89752274315292,97.45471484820321,0,0
11.275000000000267,6.02851406857252,96.13344405861545,0.4199230000764942,193.07693691035746,2.000942021593587,-4.384134563833994,-36.71137856595823,-18.873247901920717,0.02604106336923806,96.32228220119124,97.10559767628934,0,0
11.283333333333601,5.322062450626049,96.12421469535337,0.5225650212434516,193.266766679652,1.6782018027626464,-4.505595066837536,-38.37660807866573,-10.642315681158912,0.023001796705320654,96.27143397460512,97.261043494283,0,0
11.291666666666934,4.941754068285263,96.12826736252998,-0.2197220003140501,193.1412486895843,1.3458333853178681,-4.57884798401702,-40.817694315225296,-3.150538620405396,0.021310349309936694,96.25520619370914,97.15018981540959,0,0
11.300000000000267,4.123234962438062,96.05973907097507,-0.8316982302384304,193.20086363927612,1.014565845555269,-4.561204392477571,-44.020151389199036,10.40718486002344,0.018249113581372267,96.14819050267813,97.26741204194788,0,0
11.308333333333602,3.6446794441576458,96.18041488965628,-1.5852872206845632,193.06503704400302,0.6242057520686404,-4.43978128625537,-45.408962835867165,18.469870959831983,0.01637345651633293,96.24944621449559,97.02567990643455,0,0
11.316666666666935,3.040850320752952,96.37958361545572,-1.7048364755029866,193.02588692460472,0.24309477122047204,-4.278726434495284,-46.26886155841707,21.252497976947723,0.015837315511058048,96.42754227170703,96.76274844428606,0,0
11.325000000000268,2.3253905967998776,96.29573717505036,-1.92492002144985,193.0546551788836,-0.14293237942778927,-4.039625299154497,-46.41719798136434,25.603842006148533,0.014555826466409183,96.32381034569833,96.85222430912017,0,0
11.333333333333602,1.6823400493905751,96.26741251365041,-2.3571007901464895,193.7403995009821,-0.5258199006145399,-3.8627936224432937,-47.22583341603809,31.20092494229543,0.013838878336043692,96.28211142322918,97.55665161601567,0,0
11.341666666666935,1.0358753307520487,96.51216040945184,-2.1436470479841887,193.71022886458297,-0.920176778783879,-3.631206743470522,-46.45961835896689,28.601025850383163,0.013699210979789544,96.51771932966828,97.25005847795282,0,0
11.350000000000268,0.24331152470949746,96.51443552653672,-2.957950675822019,193.5662796441631,-1.3224288196219462,-3.3704081180468,-48.652050675764684,29.322825155522363,0.014838289789732784,96.51474221850292,97.1046266987758,0,0
11.358333333333603,-0.20457511908568904,96.38768674729863,-3.068837284951087,194.15566189559553,-1.7072185306813628,-3.130366288495246,-46.12415516374067,24.199272788562823,0.014444150682800139,96.3879038441791,97.80992261704743,0,0
11.366666666666937,-0.9257066319092928,96.4202076315126,-3.010158872944089,193.84773349542212,-2.097159060442457,-2.9446684924061532,-45.73725877915322,21.840610219958236,0.015046497195219999,96.42465126964349,97.44982163712724,0,0
11.37500000000027,-1.6121381068894038,96.58450284906382,-3.985748212238491,193.70544281261954,-2.478987716814191,-2.7611638950822828,-45.62796453122394,20.94055515612958,0.015613867552433991,96.59795639596369,97.14994083547765,0,0
11.383333333333603,-2.2566229005944365,96.37596856500852,-4.07381214851506,193.78854728085656,-2.8547524333980414,-2.577104045694435,-44.851221222902126,20.561607984623326,0.01574016825475688,96.40238411864614,97.42952667869248,0,0
11.391666666666936,-2.9746570339607388,96.45096112974454,-4.1355884406228824,193.58474991871367,-3.2309435883467055,-2.3764980799097564,-44.643609747061554,25.10384864443261,0.01526103034202242,96.4968211254712,97.14072619777474,0,0
11.40000000000027,-3.227782720373,96.66805869102865,-4.693892466887121,193.62157508576246,-3.5975265239742154,-2.1803437145146365,-44.24460357740965,22.056849138052748,0.016372832020384642,96.72193211667195,96.96460085563567,0,0
11.408333333333603,-4.235585056587865,96.56725776341074,-5.130765281127253,193.3573191684975,-3.964962089379602,-2.05477446418895,-42.02746005809782,17.571936195304303,0.01695411564068161,96.66010269349295,96.79420093391376,0,0
11.416666666666936,-4.658801334325915,96.46451317823704,-5.13127429618288,194.05781808017542,-4.302918896472108,-1.9342153421934427,-40.287833250018174,15.846183843727848,0.017234214642914747,96.57694721095189,97.59444857358638,0,0
11.425000000000269,-5.205538455774217,96.53806903243293,-5.423851445539981,193.46591515120684,-4.629975696194917,-1.76596256423384,-38.400332193750565,12.690884242046668,0.01782515876155344,96.67831402711433,96.92809197434052,0,0
11.433333333333605,-5.800109295310506,96.40192713127584,-5.766786982150961,193.73881139888897,-4.926342798401169,-1.684504580251562,-34.797092360843166,10.544646756891968,0.01727917844512694,96.57625392642522,97.33688997139403,0,0
11.441666666666938,-6.187722014724045,96.35631204083154,-6.695711937518354,193.6361482140248,-5.198067491395594,-1.5779496227853134,-30.76075398628808,11.38630292912398,0.016000070401220423,96.55478638494104,97.28116251178837,0,0
11.450000000000271,-6.5942230927381615,96.42381794545003,-6.8226952291747125,193.28661088763857,-5.438058823419321,-1.469851267182477,-24.41046994483502,7.40210938422182,0.014903718005368827,96.64903747774258,96.86306239262942,0,0
11.458333333333606,-6.954543663838933,96.49263776367445,-6.558474869288659,193.7802084573387,-5.613657142377417,-1.4740631166647757,-21.345624786817094,3.264916482443903,0.015171348011822072,96.74293162895124,97.288376910938,0,0
11.466666666666939,-7.256520198767589,96.38973691214397,-6.825500472743215,193.8324092013478,-5.779184535084817,-1.4833631586004452,-16.572557806178242,0.6134130859101763,0.01470664421840695,96.66249772992343,97.4436255527543,0,0
11.475000000000271,-7.334188965535702,96.22988195963978,-7.285370886662918,193.26283525368422,-5.926735183845758,-1.462294090257168,-14.894677494668569,0.5870001424521561,0.014833161013801277,96.50896595523336,97.03296557443267,0,0
11.483333333333604,-7.592914894388457,96.23157626152158,-7.149253648795025,193.23410981224993,-6.051877658137954,-1.4408604531596074,-13.994637297838887,-0.6084693381039921,0.015281987568626754,96.53066158672316,97.00354813387509,0,0
11.491666666666939,-7.658410352541637,96.20742929334335,-7.825872297864123,193.0548446617409,-6.16848667004915,-1.431065813806669,-12.777652452081673,-6.055073414590536,0.01633483770873756,96.51176456972269,96.8475601501765,0,0
11.500000000000272,-7.909526908775831,96.27985996759895,-8.31103133853776,193.34383292765244,-6.245902376093515,-1.5155340193232762,-9.974263410906524,-9.032985219249497,0.01647920940526104,96.60420307264644,97.06480336660202,0,0
11.508333333333606,-8.078462624860663,96.35764191935488,-7.958832869818593,193.30907153691908,-6.307467525793345,-1.6312250755590731,-7.1822469755277565,-9.88875448683277,0.016271974835917913,96.69569129304516,96.95150342396862,0,0
11.51666666666694,-8.314021598678153,96.27758621041352,-8.179035493904735,193.4325960983357,-6.3527564910134915,-1.7364776993145443,-3.993307852218948,-13.196486493483055,0.016409005893379902,96.63589685850125,97.15510366198338,0,0
11.525000000000274,-8.168942040421086,96.23179954181194,-8.615982280756441,193.50226825198757,-6.361398206968635,-1.8377957764314836,1.6716175485657092,-16.543944347485503,0.01609644015781031,96.5779004592419,97.2714959691365,0,0
11.533333333333607,-8.09643734891415,96.31040882495927,-9.014640937166746,193.45078841056858,-6.324532079967104,-2.0089112976237846,7.018860087406589,-19.96521221538851,0.01599519204252564,96.65012750004878,97.14471907348202,0,0
11.54166666666694,-7.858748324123553,96.39077224169824,-9.117239174267809,193.54463126394023,-6.261963373954753,-2.1587172031028516,11.792287015082591,-25.57644369555178,0.016335838509365264,96.71060385796824,97.1620096649589,0,0
11.550000000000272,-7.879655484748298,96.34890175981855,-9.254778758389705,193.6077158082456,-6.155541954578783,-2.3531740349381,14.972614952038992,-26.721034228484363,0.01614617351139147,96.670573810656,97.2685348616099,0,0
11.558333333333607,-7.590708800653033,96.22670315445214,-9.32085036946603,193.42594061476552,-6.014561206872769,-2.60524277129589,17.867892655142732,-24.828264524266217,0.01574309212345737,96.52563006824333,97.21463445754719,0,0
11.56666666666694,-7.188562933435833,96.52619203385632,-9.246325253913255,193.57285270563983,-5.846626511469944,-2.827607857829902,20.040632035194314,-24.713753208836504,0.015489161532311613,96.79349764113742,97.06847445649834,0,0
11.575000000000273,-6.988088582522948,96.52289682882366,-9.738955648078331,193.60345304845453,-5.656963989404996,-3.030891810439557,24.34697386053408,-27.767697559132746,0.015716577510922036,96.77552890201595,97.11952257669549,0,0
11.58333333333361,-6.702554224806022,96.43668112467202,-9.585762894268328,193.9026426793397,-5.458465922623015,-3.3009697326543965,26.284563996472702,-34.26397166851039,0.015936327049068222,96.66932139762923,97.50859733381267,0,0
11.591666666666942,-6.226262521483193,96.29265149312334,-9.647505199082502,194.0040401647749,-5.226668143975197,-3.6105306804025403,29.444474328464693,-39.223114489296805,0.016378450650657683,96.4937359446847,97.77126560294482,0,0
11.600000000000275,-5.754376516721663,96.33385866889131,-9.861196273801738,193.62883711635578,-4.960938752584646,-3.970564012343095,31.311973209173182,-43.30912228248331,0.016659512205931648,96.50557069482633,97.38161427913238,0,0
11.608333333333608,-5.336006896989829,96.54873446177481,-9.903679926966731,194.1976469700965,-4.691302101708613,-4.328347931448072,33.86862336797327,-45.49749225636957,0.016972630393604415,96.69607590680724,97.7556839829104,0,0
11.616666666666942,-4.809717942625809,96.55081897810186,-10.15316215512155,193.87719858150274,-4.419286591540023,-4.6860712591647244,35.24168560161248,-45.48558345271918,0.016963383144661393,96.67054376608115,97.4729529805953,0,0
11.625000000000275,-4.495239213468949,96.36141659503983,-10.831943937396375,194.07047890896388,-4.114425575505813,-5.042364876116738,35.98950302693303,-44.85017009090697,0.01679711953052232,96.46621058064386,97.91432318626595,0,0
11.633333333333608,-3.705373532702083,96.56228444125287,-10.35621729486894,194.15476465232922,-3.794696194980431,-5.40060916405264,37.427030671726186,-39.421764698334805,0.01669902042617144,96.6333512278772,97.8188423387748,0,0
11.64166666666694,-3.2875600503192004,96.56015398353884,-10.564074860728226,194.03035619603298,-3.492480658380108,-5.702765730467351,37.57147580637923,-33.85090715024038,0.01665006950994119,96.61610315267941,97.74143434148385,0,0
11.650000000000276,-2.810078833193245,96.44105645349163,-10.322472549728843,193.72392699334176,-3.1875069240534635,-6.0121742802126725,37.289946160910915,-32.4125151169509,0.01657460370564312,96.4819875049966,97.57250104320113,0,0
11.65833333333361,-2.3208844172321506,96.49078574194158,-10.35929713228353,193.9829168224603,-2.877212213431496,-6.28272784815723,36.7947337585694,-28.73848639981336,0.016582560648608524,96.5186937208302,97.8229610142657,0,0
11.666666666666943,-1.6180490319922,96.62829073656286,-10.089765027339979,193.52754029993258,-2.5664584429653745,-6.508527880004372,36.513826117730545,-27.356579036520944,0.01653653518908227,96.64183697208807,97.26887753978679,0,0
11.675000000000276,-1.1773672312565964,96.43532027754361,-9.85779959300487,193.05012630345777,-2.264845520060215,-6.686275697087075,34.760385356269914,-24.70408149701609,0.016009167379392064,96.44250717722788,97.00397233831151,0,0
11.68333333333361,-0.8885603198958734,96.45593483772882,-10.031814042158544,193.31272419840246,-1.983452273564205,-6.916105904460971,35.12473964117441,-23.824285806547962,0.016420829175281426,96.46002749772717,97.28739247141725,0,0
11.691666666666944,-0.25372453480230206,96.33293291338225,-10.016071474213618,193.12397156887033,-1.6900508028678416,-7.116850781116778,33.881757478810336,-22.923807590055247,0.01616556534589675,96.33326704640389,97.28210823051494,0,0
11.700000000000276,0.2613840557481808,96.57482612829062,-9.2948947534245,193.5044057862719,-1.387321170607225,-7.299789221896546,34.32890830501033,-19.026388973886917,0.017025577240130207,96.57517985142023,97.39951682298828,0,0
11.708333333333611,0.6904432757607424,96.45948576873246,-9.184051870504902,193.15509612233137,-1.106681953347463,-7.415519717406614,33.44797433610753,-13.346484546858674,0.01766920414849471,96.46195678445126,97.19849132599049,0,0
11.716666666666944,1.0440397864669535,96.38470217750904,-8.96473740607513,193.15911970929938,-0.8820761001838454,-7.5105757584085815,29.70151954857819,-8.429050478930778,0.016984952029584388,96.39035653488808,97.2906136762804,0,0
11.725000000000277,1.578636866969532,96.18634666679395,-9.072138027767835,193.21462580017072,-0.6514017332923806,-7.50664167405777,25.78152676782452,2.43709145091257,0.017580268669379784,96.19930030651169,97.61109546277434,0,0
11.733333333333611,1.959537766839901,96.20941862150579,-8.190927371373277,193.1500148594082,-0.43092785172636144,-7.4441021817988835,22.331284907154146,10.562378960953758,0.017995692593240076,96.2293719180782,97.47056551329791,0,0
11.741666666666946,2.344803692275036,96.20090537965575,-7.526894718197582,193.00137592051283,-0.25601705382402856,-7.349646051302144,19.968738849400555,15.76270113217539,0.018210112955701074,96.22947729371072,97.30252579680892,0,0
11.750000000000279,2.278000848469162,96.2442579126473,-7.288751352831127,193.4270877083514,-0.08430864824264706,-7.21098218113012,18.572427378464315,25.012992913334955,0.020630773597664298,96.27121308585343,97.65257372328635,0,0
11.758333333333612,2.3895509636893735,96.16721812581068,-6.93387885962278,192.90922184570036,0.07566537455499814,-6.962447960240278,17.42720439137159,31.510073256086955,0.02221952421025275,96.19690117600109,97.19023421830701,0,0
11.766666666666945,3.0529204036129727,96.15338502015152,-5.388065448450334,193.2982729213532,0.20626296303858999,-6.72885972421676,15.42316333330082,30.66196247652885,0.020017439308437357,96.20183872371824,97.510919837174,0,0
11.77500000000028,3.2055075763640843,96.21244069138879,-5.377951631148676,193.0605630374248,0.3210437805558856,-6.495897570703275,15.154185962390097,25.085939816822997,0.01694590188061751,96.2658247906085,97.22774590578449,0,0
11.783333333333612,3.2882156765861623,96.1847252206802,-4.83857992349283,193.28574284344188,0.4357501109898953,-6.244982868696604,14.431400998978445,29.11203112829173,0.017641553161716228,96.24091504195864,97.44050713179472,0,0
11.791666666666945,3.592133519303104,96.16595303365312,-3.683037145545711,193.1983287196125,0.5453891394166659,-6.05162001902137,12.723148179970858,25.674215196592588,0.014961749962305149,96.23301900123097,97.30472773439037,0,0
11.800000000000278,3.624855395232032,96.14842481217346,-3.3788629708286635,193.18335117466034,0.6545025999321525,-5.783753868150341,8.644779783184708,30.122785105061123,0.014179021163027716,96.21673020061799,97.28735275011007,0,0
11.808333333333614,3.651426851687461,96.16152486779924,-3.538649692191541,193.19716217290022,0.7240082375850703,-5.477998341226432,5.993734937815377,36.132185885778796,0.01473605709070025,96.23082553399195,97.30165521672252,0,0
11.816666666666947,3.9201681456365804,96.21894576989513,-2.3813164000614506,193.38502980602203,0.7480937093216264,-5.163480668129432,5.1042845246613595,44.10549659215631,0.01725921955897647,96.29877072611094,97.37020383256547,0,0
11.82500000000028,3.9347869273123024,96.10790147280915,-1.2622308560364672,193.1169211987845,0.7790845537290167,-4.715263700244107,2.5024131249625996,52.00444904829029,0.019064150248421008,96.18841548580856,97.14812865946064,0,0
11.833333333333615,3.9308234707339693,95.94479523150733,-1.4597895188036318,193.46029743834936,0.8142803235560497,-4.334253995533063,1.5612827675248167,54.921299401454185,0.019497832678800453,96.02528367661272,97.6643838820252,0,0
11.841666666666947,3.906220521662192,96.22781541638221,0.5553002947051482,193.09221149237487,0.8093367223352352,-3.8872679014176375,-0.3463867459144327,61.06432031743629,0.021237824150380558,96.30706629616117,96.92233949680647,0,0
11.85000000000028,3.8581990794871786,96.21406867533642,0.8563541980366267,193.05909785740465,0.7855315188570552,-3.3530851812411404,-4.23229434777887,63.676868030855935,0.019823089939059013,96.29139479309306,96.89154116829775,0,0
11.858333333333613,3.774466146241309,96.13469528128019,1.5986299309655578,193.34307498417752,0.7428457407483685,-2.7568809241167633,-6.934575711723977,65.45077736330751,0.018703830882921935,96.20876379786675,97.2327277602473,0,0
11.866666666666948,3.7984819544747097,96.18393355968766,2.780132548633901,193.2791976051352,0.6724664678875971,-2.247840096782774,-8.27973454016193,65.65073164106018,0.01762042646904316,96.25890888729666,97.10060419774717,0,0
11.87500000000028,3.756008986062625,96.23215230924836,2.8300158886015083,193.3063294767329,0.5977766666660908,-1.7001069699553983,-10.11360308123142,67.55974409285618,0.01736433844728591,96.30542425831351,97.07859360312511,0,0
11.883333333333615,3.269504501955737,96.18979404732204,4.332551617230308,193.09874718429904,0.5216427408287372,-1.063086494478571,-10.801831469405073,69.59460004665138,0.017831189663789715,96.24534346426604,96.91478353313337,0,0
11.891666666666948,3.1935080802079483,96.35706645760382,5.101559254733445,192.897796531589,0.4240885416670173,-0.5335091042331888,-12.207761938883188,74.7415553341799,0.020010728403260014,96.40997225481102,96.55958379416656,0,0
11.900000000000283,3.1631944347888634,96.39483432476379,5.986743737646464,192.71031486524356,0.3146906895028074,0.11150188563277862,-13.202107275506496,74.97076284691794,0.019570299607935215,96.4467204394786,96.3568587201202,0,0
11.908333333333616,2.9390653031931606,96.4146374995517,6.24709801593275,192.81021343957815,0.2016486909751383,0.7367139044166872,-13.192256350756097,75.14029596003863,0.01975836870585823,96.45942374400956,96.45232055911335,0,0
11.916666666666949,2.7829730543705296,96.26994780253023,7.89381806697952,192.9488068506044,0.0941508346213047,1.370422220000449,-11.495434342536377,75.4147038798055,0.021041733295755094,96.31016451508765,96.81385501869195,0,0
11.925000000000281,2.65343818585319,96.44816195865849,8.818390672078408,192.85327442125606,0.011464380333768849,1.9986885837928532,-9.56543211718648,69.99803166253226,0.019131162643410082,96.48465514997586,96.60203076583586,0,0
11.933333333333616,2.3250124330360222,96.51690788081453,8.845077065583212,192.51081790398882,-0.0635588074074885,2.5500635512085115,-10.419026255377242,72.1267734401444,0.020450883883069704,96.54490763208285,96.2150820004321,0,0
11.941666666666949,2.287117234103107,96.32295817908283,10.40298366850783,192.72841167432227,-0.145430460362402,3.111847938681923,-8.5119531684594,66.26042134924216,0.01857577426488577,96.35010730462044,96.7464663520269,0,0
11.950000000000282,2.260778870223362,96.47039611300914,11.01898179637675,192.66349527015348,-0.20923959815186166,3.6893496897394598,-5.651600883710654,63.06599227853508,0.018961204939380583,96.49688309629974,96.59098531411657,0,0
11.958333333333618,2.2404250701849264,96.21188367009069,11.88802603544292,192.28885891042955,-0.23903201169673127,4.181570088997766,-2.843322017929165,54.112344987481876,0.016304069694892398,96.23796581309361,96.56014382610215,0,0
11.966666666666951,2.1530400139915855,96.2745822016251,12.37947492596328,192.53172559306796,-0.2537189117621084,4.573457141256729,-0.3133646733194304,50.58523345577027,0.01641821598577131,96.29865398539751,96.79885136141641,0,0
11.975000000000284,1.9788480443023673,96.256446779778,13.132502023350867,192.45440955130312,-0.25636482223766643,4.973097241969937,0.9063440844012547,45.197663617535675,0.01516329523463078,96.27678529246121,96.84240826454119,0,0
11.983333333333617,2.19105988866761,96.24398116168095,13.735518436839811,192.11620153944534,-0.25876903537782037,5.432244120226505,-0.24299773922830853,45.28909999678346,0.015590534903598297,96.2689184175543,96.56478221035394,0,0
11.991666666666951,2.2368509525800846,96.2942440302304,14.75198924903367,192.0175498366815,-0.2609482056367447,5.76885355511482,0.6508347220144046,44.8766524801938,0.016517100559366504,96.32022080299454,96.53797160234264,0,0
12.000000000000284,2.2868253001746552,96.3900890595529,14.607873830879896,192.05523159521664,-0.24975184561851818,6.142809947265403,2.0339814041888027,43.12301998438538,0.017203072988753565,96.4172123578672,96.45531469683178,0,0
12.008333333333617,2.2203614038347155,96.25919193015693,15.569767344967147,191.869184403995,-0.21679879690440948,6.502461475451006,4.155254011117204,42.855769070424216,0.018947319168675314,96.28479649358162,96.53743988644258,0,0
12.016666666666952,2.2115956933035363,96.307281868389,16.32940684718733,191.5575200399033,-0.17049919090200957,6.829649212634883,5.597115725396669,38.371971425644865,0.018459005681436658,96.3326720089709,96.290811937105,0,0
12.025000000000285,2.2609764479091154,96.27878533418607,17.281908164002857,191.82127856109264,-0.09909184264756979,7.120540777080257,8.278071940278767,34.60090324069994,0.018905940745283623,96.3053296548238,96.71606072226598,0,0
12.03333333333362,2.6230367562521337,96.37518301943248,16.949129999703302,191.24043385911506,-0.01479700940106871,7.3005145012369965,13.31578009338107,20.783406081795107,0.016535425944293358,96.4108719172986,95.94088161204249,0,0
12.041666666666952,2.7706972083026358,96.3138343543472,18.180792130793066,191.7291714554396,0.09553879257642497,7.422744988074381,16.731619336541883,10.569193576253298,0.015274605745863035,96.35367897001508,96.65173345385621,0,0
12.050000000000285,3.039532224106779,96.30271565944304,18.425781770797016,191.33988490939777,0.25557708781949223,7.5286788006052845,21.09444421129031,-0.5293239039504558,0.014734059293090684,96.35067098637622,96.27460835629282,0,0
12.05833333333362,3.2337596484836126,96.29406379448358,18.480624240293082,192.01510564492384,0.4366006780172778,7.552043812771411,22.866293143104265,-0.8175107172546947,0.015493101044315782,96.34834676070075,96.92772943185406,0,0
12.066666666666952,3.716053732986552,96.24193900689295,18.76854465137967,190.9304578385033,0.6245064193230495,7.6096353721520895,23.367928863543597,4.715444865914084,0.01730838936362966,96.31365364865432,95.87748996178682,0,0
12.075000000000285,4.026510328211316,96.30756923382734,18.4405490805147,191.01997490274306,0.8457206697896471,7.578465754933404,26.136234648514666,2.1034869814443278,0.017974018027917982,96.39170440007604,95.8029451569531,0,0
12.08333333333362,4.334706604087614,96.24043521424181,19.649075076545955,190.96827011848353,1.0644206219737082,7.60710131748009,28.540638997279867,-1.1391167793068857,0.01854831011316449,96.33800419133767,95.95776460170121,0,0
12.091666666666953,4.9223847245522165,96.18195535500303,20.2729646311505,191.0129680138499,1.3135058194725464,7.542519087153382,30.345508008107284,-0.24447336062599534,0.01979544338856387,96.30783149509857,96.0654009795995,0,0
12.100000000000286,5.096133288958356,96.13042902450263,20.529166630256896,190.78646090036057,1.5657811171417255,7.50399168825717,31.345070285796997,-4.890595113210428,0.019202827839238434,96.26541413682158,95.90590643227907,0,0
12.10833333333362,5.637524416520307,96.16849548528972,20.862728608917678,191.01335391863745,1.8523625170926852,7.439166923493268,33.890367232890824,-13.113811372237501,0.018777578632011238,96.33359333820707,96.05911728691851,0,0
12.116666666666955,6.330886568999574,95.99364182299342,20.324090815468082,190.66114140194372,2.1297956579419313,7.310565856064585,35.49285339559886,-22.11546483250823,0.018058993354621578,96.2021797839877,95.69610881124655,0,0
12.125000000000288,6.517510193809414,95.52566675700336,21.34724293667017,191.23455203510764,2.43488808495108,7.1289029497997305,36.803658807637824,-31.571597845859827,0.01772841824397986,95.74774644082474,96.8509767343727,0,0
12.13333333333362,7.1541969871593665,95.50810546649916,21.14512706899933,191.1306185780487,2.7395756186161875,6.835608747407343,37.03314547688894,-32.382359397196794,0.0175519248862277,95.77567929454224,96.64062881792213,0,0
12.141666666666953,7.667646502736602,96.15109252192354,21.247783931368588,191.21869519159162,3.045864147947364,6.552979899864766,37.80205460415152,-34.120553646855804,0.017669088159938173,96.45633932536747,96.03264658405709,0,0
12.150000000000288,8.347883120515633,95.75420644355779,21.351030402912954,190.98555426908968,3.368040604280306,6.2451523738736014,36.4903540655319,-35.2418999089928,0.017171164837630037,96.11740323286556,96.11499075542355,0,0
12.158333333333621,8.59872719791258,95.747201558283,21.00992987186055,190.76617008422915,3.6657779907203105,5.952582131323161,36.16617890288434,-37.30488293061017,0.017132212813148584,96.13253723722572,95.82610464559518,0,0
12.166666666666954,9.276266018499143,95.71893905673028,21.231938771217074,190.98184794588803,3.953637729735131,5.68411756616247,35.43618607442382,-39.01883063834204,0.01714729721084618,96.16737703292114,96.01020737918472,0,0
12.175000000000287,9.55718985316662,94.86913641172708,21.127405742360338,190.92123234269155,4.255003258131377,5.345258832412584,33.14617338102883,-32.84857645410234,0.01657394737849094,95.34932050830962,96.74644711023632,0,0
12.183333333333623,10.113111829121237,95.00010708591918,21.171700744877512,190.79032822627016,4.511603867131443,5.112145567145311,31.017049164715598,-29.960863894680813,0.016325222297989495,95.53687967065088,96.42644271632669,0,0
12.191666666666956,10.495366445789386,94.95882469779343,21.08187938283936,191.0107878541528,4.772184229911859,4.8234799125384615,29.655781361725637,-30.52570698602164,0.016282602170952565,95.53706665382639,96.63360638182218,0,0
12.200000000000289,10.868221481512535,94.94043522079846,21.194250497468943,191.2009836476393,4.996680385235496,4.557868398133656,27.563626697180087,-31.25880076869809,0.016136420901573523,95.56047550156832,96.81280937290552,0,0
12.208333333333623,11.24489556852211,94.92708669048272,21.223580280722217,190.94480230664868,5.227923427501088,4.308040261517417,24.815140307911687,-31.11016579222426,0.01606329028390041,95.59079173167983,96.53484272910178,0,0
12.216666666666956,11.615850028839304,94.80537929817496,21.079539231772344,191.0512518517068,5.438115546290413,4.039936041781119,24.805449003952255,-32.48124015291657,0.01652953617235653,95.51433356184455,96.710027385584,0,0
12.22500000000029,11.822781131285126,94.87467852801876,20.918454344646307,191.11951340254063,5.644575343426197,3.751555644483975,23.419862913988258,-34.95826256843546,0.016994923015162477,95.60848696362251,96.6736753787102,0,0
12.233333333333622,12.303016204845449,94.80219530027563,20.431703444425636,191.5908255816891,5.839429152090868,3.47436690024931,23.204106698619928,-35.46118222460127,0.017452840163501016,95.59717799960568,97.12936995569909,0,0
12.241666666666957,12.399906950808827,94.86353398236798,20.533447006858637,190.98007770952552,6.01180042120218,3.203076973057835,20.56714094183985,-34.24694317344067,0.01751915592546549,95.67051673327893,96.46006661773541,0,0
12.25000000000029,12.91022680661024,94.9475406223064,20.591845280393443,191.95068370311463,6.172871393817351,2.889043173796327,18.144418577777856,-34.32288174135534,0.01781704488407998,95.821236823695,97.3068190310038,0,0
12.258333333333624,13.145201119466094,94.96123423638397,20.07186745649915,191.55672640504184,6.29314959880079,2.6084019179146747,13.75263306951869,-31.65524241864161,0.01773984493314318,95.86674251359851,96.84352231228391,0,0
12.266666666666957,13.211094932732522,94.96950501576265,19.752073925949333,190.98296679861153,6.394040986192865,2.364482506686704,9.781235909045039,-28.473729617686548,0.017700713433925763,95.88399194996335,96.23600807242725,0,0
12.275000000000292,13.362331535672013,94.8340746853786,19.79146154302515,191.27118870075594,6.455688440217193,2.1530262934560653,4.205854144117769,-23.98960809992808,0.017666730213742543,95.77083911870659,96.65118039768754,0,0
12.283333333333625,13.248376461737337,94.77836879582685,19.214435568370163,191.78324229087968,6.487327957445092,2.0130336635553423,1.2501732563677586,-19.007951856908704,0.017255447268511137,95.6998363137037,97.18816462437718,0,0
12.291666666666957,13.395729255847357,94.81533980532907,18.82237768796432,191.8090341208084,6.484962571954931,1.863359462913028,-3.566027550723671,-10.826682335526597,0.016648525343979426,95.7569539234409,97.14538203214009,0,0
12.30000000000029,13.175689003825255,94.93494386111638,18.909722006766515,191.60400142171466,6.440939399285134,1.7532457368336323,-5.5201970575247605,-8.471510938655433,0.01639189841346056,95.84488690920784,96.83896852059651,0,0
12.308333333333625,13.248924143925137,94.89540581530724,18.81509629914558,191.51702045363368,6.376018553789546,1.7353717760084333,-8.574051139714639,-3.21340116891131,0.015992040186478818,95.81582351482103,96.78180969468802,0,0
12.316666666666958,12.97907068129632,94.91967748823578,18.55410254523838,191.6459479859368,6.296778900647845,1.7045157403561721,-11.346737440328027,-0.4676229004418716,0.01585843917715879,95.80293027992818,96.88680191170724,0,0
12.32500000000029,12.97066365942294,94.97324678905312,18.590571615976444,191.58496244355388,6.20917912242836,1.650607048248106,-12.4019045876649,-1.9996885261165371,0.015877422649490214,95.8548680110732,96.77503276747696,0,0
12.333333333333627,12.531715446455735,94.86944909518348,17.896631274956633,192.01928450271504,6.0744942709899385,1.6565542321042714,-17.37994237589903,-2.680671366687844,0.016894283853853942,95.69355392948131,97.29785630504595,0,0
12.34166666666696,12.422573676527236,94.88927280323304,17.77445601036129,192.1336495207329,5.892322485944697,1.6758948036122998,-21.916787178228798,-1.8877112926452662,0.017712178007582846,95.69897820705887,97.39153683811665,0,0
12.350000000000293,12.034608704007496,94.83353708791009,17.936513455673662,192.12946477200194,5.709860180690016,1.667315593754031,-25.676181526016126,1.9218940004376075,0.017719418808912035,95.59409795203149,97.47476608643784,0,0
12.358333333333626,11.795988557504188,94.9563895269307,16.940644524502943,191.69926503916065,5.482313145708081,1.671244002594117,-28.48231360127872,2.2405587205571464,0.01808751334632186,95.68626473030999,96.87957187866593,0,0
12.36666666666696,11.344437082667753,94.86956265936101,16.626956541630875,192.19874747637954,5.23945804197841,1.7018553921614534,-32.10698971560963,5.386704695148418,0.0182586507320166,95.54543511806848,97.47243317461442,0,0
12.375000000000293,10.507392062878466,95.09017574277152,16.462598459369815,191.83454161781378,4.952944912474991,1.7567907663065572,-35.178105594807626,8.519196272207925,0.01813642969820961,95.66894381540027,96.92748223176362,0,0
12.383333333333626,10.264434663755196,95.10479838410794,16.122535359790504,192.05347773816356,4.636908734159019,1.8583455203842982,-40.2669980648729,11.43314233768484,0.019383528737656697,95.65710268792546,97.12550526128747,0,0
12.39166666666696,9.889400862870218,95.0449978887982,15.716923727300127,192.26032126934228,4.277611419527511,1.9626197674652288,-43.21586454871588,15.174099747120955,0.019163820877376114,95.55810731229555,97.38983069458132,0,0
12.400000000000293,9.162773527359775,95.80672067932863,15.07014797015637,192.1930448061986,3.9239951898114382,2.088554404046374,-44.47316913696361,19.885121072857846,0.01781184095609767,96.24387848606571,96.56718154475381,0,0
12.408333333333628,8.535097212164601,95.84832778478727,15.063666742101645,192.3177432753173,3.553065521757747,2.309235229240806,-44.763872548060256,20.990310909153617,0.016927023157918164,96.22759387806143,96.69007366421714,0,0
12.416666666666961,7.7176833478774824,95.15045598114017,14.464721691127295,192.06163087819294,3.156232331424376,2.453912964922606,-47.966340216837715,21.194333908147495,0.018139294438023423,95.46293474263715,97.14575825187858,0,0
12.425000000000294,7.105911318864514,96.27489494589463,14.190010453456239,192.3591068178277,2.779953392198241,2.6074493270350443,-49.14516391868874,24.22765763612296,0.017515181274980307,96.5367773054115,96.34500626186728,0,0
12.433333333333628,6.5844711920073,96.04955966505577,13.895628486639168,192.22515783276026,2.3614930029489147,2.8329431280713804,-47.61752815112889,24.419472551816494,0.01593820028317694,96.27498726423951,96.45309069129206,0,0
12.441666666666961,6.04183914854525,96.04930848336585,13.790023041848201,192.22264569461157,1.9665773531058997,3.0526947329197993,-45.38536809147868,23.207879589825012,0.014453037369997368,96.23914733843847,96.48494775866556,0,0
12.450000000000294,5.169603807869009,96.01477900714679,13.275106860393919,192.37860553060796,1.5933298440829906,3.280194439136364,-45.23827883676697,24.522887586623852,0.013890280959450774,96.1538485517952,96.70411698567031,0,0
12.458333333333629,4.40934987546666,96.3089331789734,12.330042020924338,192.4564887928861,1.2031249015249557,3.406208364742077,-45.918982069896245,19.887332018133257,0.015155239793673836,96.40981784235588,96.47325958312774,0,0
12.466666666666962,4.15639187154693,96.2787104024074,12.963842306775462,192.76758605610587,0.8183982788972181,3.5566062100143636,-46.76742052604538,16.12879446980276,0.016703530641620112,96.36838522119425,96.890011394797,0,0
12.475000000000295,3.2860357204832553,96.39858111918471,12.335539943331128,192.43030119042243,0.43694058715404244,3.7172058647375414,-46.004959372147106,15.915725437372151,0.01628798303127521,96.4545720665865,96.45716555300545,0,0
12.48333333333363,2.799784617659668,96.2249122865336,11.816961562892743,192.29350033835283,0.0847186221400056,3.793298417264201,-41.665160001159144,8.61779619784637,0.015602756062554235,96.26563529347516,96.4908445933177,0,0
12.491666666666964,2.0475385105233386,96.18696741709738,11.229353389325752,192.56880826563724,-0.26853309642676865,3.8433254005233914,-40.08979381977272,4.098778197246094,0.016138967434929263,96.2087579945289,96.8182057767126,0,0
12.500000000000297,1.4018956947575134,96.30020349787952,10.001810080910445,192.9204214448805,-0.6012462746061946,3.915749390761112,-40.194782585362695,3.0139436595899842,0.016812427369033323,96.31040704551084,97.0021909215206,0,0
12.50833333333363,1.0327695704928601,96.53713310966998,10.53717463774501,192.5449156196077,-0.9316727023998166,3.9387189975942105,-38.93911672811656,-1.7639541876102105,0.017941471486437433,96.54265731799532,96.47708545638137,0,0
12.516666666666962,0.6317398397940792,96.82763904168252,9.948115145269867,192.4615349765457,-1.2488868840151193,3.906451532413809,-34.47667517773583,-0.7500268734162525,0.014679233447926432,96.82969987360048,96.0866114529632,0,0
12.525000000000297,0.21406017484338236,96.40173136059656,8.719157256700669,192.4637759831316,-1.5146541444434793,3.9007045039645347,-32.19752848199258,-1.4945173655528485,0.013753676839828533,96.40196902075745,96.43781982932697,0,0
12.53333333333363,-0.6540267826463264,96.4688212413655,8.55387941170568,192.5972485172927,-1.7562336673890024,3.757277403038685,-27.761374643610598,-14.960106097890845,0.01605746168481481,96.4710382588005,96.56842168652862,0,0
12.541666666666963,-0.8709674248477199,96.43851967591752,8.256517814607207,192.7430364528318,-1.9772717615562643,3.578234517787936,-26.219185716211104,-25.36423814679663,0.019844507754372742,96.44245258980858,96.73608912102779,0,0
12.550000000000296,-1.1308982959623108,96.54816697937798,7.121764467513515,192.67561187870598,-2.2030413692367805,3.4298722295279784,-25.44223890742612,-30.043434152782485,0.021860678138929668,96.55479003153424,96.4810453175182,0,0
12.558333333333632,-1.3547306192506312,96.59294229844676,6.824495368853604,192.74860603890613,-2.4274918225885407,3.1726446085793967,-23.64633617815219,-29.297655034600172,0.020175140620263043,96.60244198218697,96.5029088014075,0,0
12.566666666666965,-1.7114568253140305,96.58221629401856,5.693401841627065,192.92179935514667,-2.6151416688317073,2.972720206518897,-20.86498040991432,-30.29839942959086,0.018834694478327307,96.59737878808875,96.62374033470954,0,0
12.575000000000298,-1.9701823952178756,96.66386908089265,4.028977625442451,192.6488446389502,-2.78163130104654,2.630233561001801,-19.525843013648284,-41.81299356507404,0.024185756023609173,96.68394491516355,96.17226967184665,0,0
12.58333333333363,-2.5091639387008513,96.67592133410545,4.382703688634649,192.9278055151625,-2.9133361278552012,2.2810626367186884,-19.077190735604358,-37.30488070848652,0.021187780129051426,96.70847775386304,96.4983059322615,0,0
12.591666666666965,-2.7134500175341145,96.5043457411216,3.912648141297268,193.2080444009792,-3.045714781780964,1.9284651829723936,-14.456575516023179,-39.300144883858714,0.019102434835999826,96.54248576621379,96.93044161308156,0,0
12.600000000000298,-2.745616122179513,96.52875574974775,2.5310493705734984,192.80259529894107,-3.151789377257608,1.619849887969738,-9.673110008207434,-41.36073632795439,0.017233195641188637,96.5677953278671,96.41833529088869,0,0
12.608333333333631,-2.75359176597658,96.46745905304135,1.9822496274467198,193.08211695112993,-3.2176935948893095,1.2686169514437433,-4.235641206669437,-41.9588933470531,0.014556016027580387,96.5067506642093,96.73065860660907,0,0
12.616666666666966,-2.9647015770931944,96.57156433405987,0.2695305041577285,192.86698866878697,-3.2444337796485536,0.9555709864373616,-0.33549392704537007,-44.46991331492409,0.013791405184847338,96.61706108844693,96.34972239171499,0,0
12.625000000000298,-2.8623345723050306,96.46594707084608,1.3307735483236343,193.03714833918332,-3.2473281672323906,0.6127618603408699,1.8767208915599578,-47.344382176438515,0.014007743766478509,96.50840327908803,96.66219048894443,0,0
12.633333333333633,-2.811704440698179,96.60499918826315,-0.17825489334290978,192.994948794329,-3.228459995398368,0.1542805803992142,1.4512301527488891,-41.888786582456554,0.01176384148829479,96.6459080873379,96.42591685630154,0,0
12.641666666666966,-2.8413647548024983,96.49019067511915,-0.2950773639963131,193.24884449572102,-3.218941523331179,-0.18950144926823356,1.6606813783110934,-38.86604760538157,0.010511744476933593,96.53201671047117,96.79215189596546,0,0
12.6500000000003,-2.70313763797418,96.46040106751627,-1.080056907417486,193.42315225241873,-3.190371191624599,-0.5511102429375639,3.7998318111005944,-47.01508555539465,0.012927832454499022,96.49826903730413,96.97633478536508,0,0
12.658333333333633,-2.729835436334895,96.47822326534663,-1.640023845334099,193.55421259833656,-3.1479789062040235,-0.9723125937472432,5.617328115026119,-53.80740714399525,0.015266289285892132,96.51683566066357,97.08210645779506,0,0
12.666666666666966,-2.6883149906022368,96.27515601526892,-2.558050031367884,193.3926769637203,-3.076715953163868,-1.3666000333304396,7.493084266455701,-57.73768129146702,0.016384671209051405,96.31268194403616,97.11760831143083,0,0
12.6750000000003,-2.59153033949093,96.46387327609659,-3.207195870123428,193.4450343799927,-3.0071849526189256,-1.9155643865055076,10.17820028218339,-56.65327861043472,0.014984759739034015,96.49867810974057,96.98311529903265,0,0
12.683333333333634,-2.3837848031515705,96.49429616835766,-3.51293134721908,193.47763413312367,-2.933423317861143,-2.3543445012244852,11.220305598613004,-60.93148547149225,0.0168112918589709,96.5237360601757,96.98991089131901,0,0
12.691666666666967,-2.0692346478429045,96.52252564551208,-4.833364424867682,194.00803410636047,-2.834354942461599,-2.8640132058459984,12.665351453753747,-59.26474145449473,0.015784920788306955,96.54470306037702,97.52468801946704,0,0
12.7000000000003,-1.9964964625505104,96.45530238450698,-5.1084667856030705,194.0362916016412,-2.724844287763715,-3.3945514122297564,14.305753836375644,-63.83079225930373,0.017772532222299464,96.47596258245706,97.63059876844977,0,0
12.708333333333634,-1.7417114172156403,96.52301095614143,-5.509588002448766,194.12829966673172,-2.59373470161171,-4.007090120388625,14.870455825905003,-69.95850065752845,0.021320239125043994,96.53872385058888,97.67798768524683,0,0
12.716666666666969,-1.6654986329217536,96.38290023920155,-7.020251887115933,193.95684875639307,-2.4671840676941716,-4.544983507688058,14.498745488587094,-68.89814358792032,0.02154733776035389,96.39728909163442,97.72076960221325,0,0
12.725000000000302,-1.4944663048661369,96.37657772734656,-7.148302214710327,193.655278795966,-2.3581730825306186,-5.0786151313243995,13.21922040921292,-64.72716692726281,0.020673482875072757,96.38816402428075,97.44286296129269,0,0
12.733333333333634,-1.076328163678852,96.4411921362784,-8.087269939709188,193.86537198998104,-2.253629302488827,-5.547332675071837,13.007273850590423,-55.90439054941116,0.017420148551855696,96.44719810851167,97.67611849758102,0,0
12.74166666666697,-0.9384487369172234,96.43805512768654,-9.219019447571554,193.89311896816628,-2.138219586323653,-5.976580456838664,14.14199137116567,-52.70801227467565,0.016575337722762207,96.44262109069065,97.80622331654632,0,0
12.750000000000302,-0.7814968558522537,96.44101967019452,-9.536381798106959,193.61120671920145,-2.0132650016659097,-6.443408248199568,13.913750745254852,-45.58244522774148,0.015075868217087951,96.44418599564492,97.5637907294049,0,0
12.758333333333635,-0.7219008971134144,96.21691176436474,-9.05691267956746,193.2595721302938,-1.9063123560462327,-6.831363793617401,13.072335500118433,-39.61450583580561,0.014332299832703121,96.21961988272871,97.39995047386168,0,0
12.766666666666968,-0.5610294722907838,96.26261673220893,-9.9437563541847,193.1026889053132,-1.7920804380016875,-7.157514153068295,12.017736449076796,-38.64658139260522,0.014952866843218615,96.26425159009406,97.29355139078982,0,0
12.775000000000302,-0.2114948407165116,96.34810083418853,-10.015424003058797,193.33113063611933,-1.6932508200750565,-7.507359812143245,11.46248614086229,-35.85367133310145,0.015180965140487945,96.34833296130562,97.4773055463805,0,0
12.783333333333637,-0.00968342207573869,96.35712314391674,-10.864559427825611,193.0376937664323,-1.6154490575196145,-7.689420965891508,11.003760871338445,-30.605905292079996,0.014527663621080489,96.35712363048515,97.28803147867382,0,0
12.79166666666697,-0.007844308386893317,96.39829717344742,-11.189891933790818,193.24103106038496,-1.5403911920652495,-7.920121132990605,8.494311244674131,-30.843481010121582,0.015475990900708947,96.39829749260852,97.48616976675719,0,0
12.800000000000303,0.05395185158624827,96.29154641426248,-11.244615398750284,193.05974106167548,-1.4698266064767507,-8.17930781818447,6.448582591256209,-26.417479584530067,0.015555028816614414,96.29156152878795,97.42556706137249,0,0
12.808333333333637,0.269510124998817,96.5600244549766,-11.544319622819046,193.442812814136,-1.4193952362259667,-8.445189757685164,3.4473444691623327,-20.138675830395353,0.015610473819934967,96.56040057110965,97.60041625708418,0,0
12.81666666666697,0.2294526858048016,96.24074539195863,-11.664257477658055,193.26320204324725,-1.3934912782959672,-8.601378705363192,1.5082387201480556,-18.729562352094586,0.016130442667490197,96.2410189167531,97.74874646819589,0,0
12.825000000000303,0.19056398849420475,96.27863495037388,-11.345542977877301,193.1417438769506,-1.388658427345537,-8.769292797379677,0.7512693267396694,-17.92956119459696,0.016659547798674623,96.27882354152997,97.54764802321701,0,0
12.833333333333634,0.21609795532373255,96.24167596712607,-12.828333778261879,193.1670697142173,-1.403578004714004,-8.87504154595612,-1.8498577372065694,-17.63093206703791,0.017449896142990973,96.24191857651005,97.79922879185115,0,0
12.84166666666697,0.27484235414556224,96.31190798509806,-12.47022768582957,193.20598874140563,-1.439190787682397,-8.975019550128152,-5.8847669956664985,-11.517286464202272,0.017576410878329174,96.31230013892113,97.72870456490112,0,0
12.850000000000303,0.07893341760234307,96.38354162517123,-12.828974120892497,193.2857096889818,-1.4994906961287686,-8.99628166655391,-8.781691500232979,-0.3952709195222486,0.01682418286329579,96.38357394647456,97.75809047076011,0,0
12.858333333333638,0.01503424815945209,96.40118567278284,-12.667483181247746,193.186469156211,-1.577141669231117,-8.952274018409724,-10.207014099193152,9.641490245670454,0.016472420223358597,96.40118684511602,97.61269050341133,0,0
12.866666666666973,-0.1813270843010173,96.36989882363997,-12.940942981717,193.17402709965563,-1.6653267191999654,-8.843992185196543,-12.43717378700056,21.512944874861322,0.016845446766513117,96.37006941364163,97.6414207656202,0,0
12.875000000000306,-0.4950402883053471,96.41769973853741,-12.635713742323787,193.2323157581684,-1.7546595022488123,-8.704059069064485,-12.644692638082597,27.48353075880382,0.017196577632213383,96.41897058026393,97.57287444236589,0,0
12.883333333333638,-0.6270646013755936,96.29257433389677,-12.339945793707557,193.1683588694944,-1.8639153142157965,-8.504567332150081,-12.714816624558036,20.6648494113536,0.01591714752237028,96.29461605854884,97.58129541676121,0,0
12.891666666666971,-0.7105993208358541,96.27697558298217,-11.892233298705605,193.22691058944213,-1.9798352465094127,-8.348500051035499,-12.517540106194877,21.058843008486843,0.015604749338189006,96.27959793643157,97.59261670931802,0,0
12.900000000000306,-0.8925605567381467,96.2401828273691,-12.015405865233276,193.07094129195383,-2.0713781509900926,-8.161018434222996,-11.84980353264261,19.760676902931802,0.015028606903904063,96.24432167662087,97.46749957079776,0,0
12.908333333333639,-1.1379970421798475,96.4719328693023,-11.89874969847233,193.11522008838182,-2.1995888238193246,-7.948660862420336,-13.75071336229599,22.488292582952095,0.01485819008540945,96.47864462567443,97.24052016643785,0,0
12.916666666666972,-1.222477884970374,96.47614422267361,-12.119491905837606,193.1303031395779,-2.3332771722235384,-7.661133849879588,-16.728846690011935,29.761406980427832,0.01508499150990028,96.48388910203279,97.26649654688487,0,0
12.925000000000304,-1.6278336325112832,96.56823643522159,-12.021924116080868,193.13421122971397,-2.487015776260655,-7.360146710974468,-20.511565640713766,40.523248222782925,0.01624711456887562,96.58195551211413,97.12375921982822,0,0
12.93333333333364,-1.7920924372717195,96.35121828578963,-11.177345168332465,193.43045771935937,-2.649278568142109,-7.096771515401784,-21.320266121436635,42.5852689294849,0.016222671854997817,96.36788293025643,97.53184965859228,0,0
12.941666666666974,-2.0255123251906184,96.6140799872469,-10.835284819221556,193.57703206109858,-2.8052362576836503,-6.747279307174426,-19.973893281124234,48.40637109673557,0.01712046014915103,96.63531006811972,97.36234470406227,0,0
12.950000000000307,-2.6889577176027046,96.51393038351614,-10.509050261952439,193.57561083312766,-2.974505251020337,-6.366005673087801,-19.9189879533662,48.045624659964496,0.016423386241414928,96.55138140742086,97.3761965734167,0,0
12.95833333333364,-2.7517519597374758,96.42330443902517,-9.804575661622664,193.65680121610723,-3.142969111131855,-5.928972591649345,-19.310109426213764,50.14608931007795,0.016452632223812547,96.46256153445673,97.48894920794201,0,0
12.966666666666974,-3.0046204218064645,96.66748871653601,-9.928613157374343,193.50628311492,-3.2724253425812813,-5.485799451842569,-14.894684560424217,47.454957320561874,0.01567188046931589,96.7141722739783,97.08601225683688,0,0
12.975000000000307,-3.0353665534717607,96.5044912610582,-9.782463532288887,193.52010186040093,-3.4101514836254028,-5.055228753689786,-14.913738032222334,49.85299593829899,0.015931868190521836,96.55221532243367,97.24994610592266,0,0
12.98333333333364,-3.3336762186044098,96.45231680982994,-8.234831141595748,193.92911625068848,-3.5595596483366263,-4.562414187660181,-15.178355636493974,60.22260060605168,0.01941693647473519,96.5099104502449,97.59993723774889,0,0
12.991666666666974,-3.7648408854915942,96.3724502218206,-8.366156940286203,193.88981959190784,-3.7007081334625367,-4.109846693052993,-16.592182105211915,60.876864335529916,0.018897734413255485,96.44595993949336,97.62586459693016,0,0
13.000000000000307,-3.773519009512029,96.59327605092778,-7.06754060791684,194.33194973743554,-3.8277380353097072,-3.657087838899881,-18.975937804749655,61.974627890120594,0.01838580706751758,96.66695621548186,97.79416604424009,0,0
13.008333333333642,-3.8234110201810267,96.38338242503067,-6.677661190317792,193.92677235833997,-3.968297069032938,-3.129823408310497,-17.113478901312874,63.089252624827424,0.019112774621251827,96.45918763663187,97.58514058869491,0,0
13.016666666666975,-4.601723358677361,96.24861492095681,-6.163472708548284,193.64175705497053,-4.089931285048061,-2.5803440426015745,-14.520152717544148,58.339036358323696,0.017561463143426437,96.35855816725584,97.40566305799689,0,0
13.02500000000031,-4.594926526235042,96.267373944584,-5.260283795970054,194.2446456271988,-4.196479964914429,-2.096286480252147,-10.359637236133914,52.256545628534916,0.016189418638508535,96.376971502366,97.97953085550728,0,0
13.033333333333642,-4.675195300323367,96.48076802116469,-5.6806686832738365,193.53919364328925,-4.263029669988227,-1.715692585028794,-6.899431139417528,50.85721352615159,0.01672763884123496,96.59397522128366,97.06363356566304,0,0
13.041666666666975,-4.697669252069375,96.55778960362102,-4.138444834658742,193.25885773485288,-4.317533022842542,-1.2862414728251954,-4.751048144822659,45.67742394109206,0.015274634093012107,96.67199609783063,96.70268512130455,0,0
13.050000000000308,-4.675896486912791,96.46118405633194,-3.1663036438898757,193.67892170083553,-4.378153231863894,-0.9289777405586919,-2.0211211692805904,43.6330797457001,0.015509234011185313,96.57444816050399,97.22945738441224,0,0
13.058333333333643,-4.760236397494168,96.61086928389096,-3.1380331897221936,193.37654781827814,-4.401419877465312,-0.5805352630960104,-0.4014272027335287,38.60180559211649,0.014123777476950483,96.72807200781526,96.77927508236289,0,0
13.066666666666976,-4.760335555544259,96.64425982172008,-2.7302719205360404,193.7741119121397,-4.367090263780806,-0.24843411470220184,-0.3846846529965415,40.556610101174435,0.014725463439241082,96.76142697939876,97.15106445875399,0,0
13.075000000000308,-4.752549291980472,96.4880086519359,-2.1303722549397435,193.3371387127603,-4.361932088019728,0.17089519880201218,2.143983723229263,44.64740526788015,0.01755268588927006,96.60498195429034,96.88462110134954,0,0
13.083333333333643,-4.830453248418053,96.56424018448752,-1.4724802030947899,193.20099731351928,-4.310321934119555,0.420290375846453,6.923085054805179,28.623700269328438,0.013047908762397142,96.68498208611587,96.69508162977364,0,0
13.091666666666978,-4.6650865385111615,96.4243970647633,-1.0313800667386204,193.0937594698579,-4.220693479569922,0.5970144919088748,12.97902376892279,26.86490081081648,0.014920222766208635,96.53718134332973,96.73763202875352,0,0
13.10000000000031,-4.339589556720682,96.53338936630138,-0.14445380055911983,193.34254562303198,-4.098210177774326,0.8196560296770824,18.458803385138975,25.464868986239914,0.017039518587641744,96.63088171007624,96.90000979954908,0,0
13.108333333333643,-4.008860278842064,96.50048142096523,0.8893729416600991,192.80700996751108,-3.9481866857563532,1.077061167476576,21.678555580563064,22.16701306168132,0.017226688514861976,96.58371433742509,96.43101228012222,0,0
13.116666666666978,-3.8454587888098786,96.61349238956507,0.9931349475403408,192.8441711562857,-3.7680010942195086,1.2544251125923374,24.40120071217459,17.026956759621097,0.01634109114091098,96.68999154516968,96.35224712091166,0,0
13.12500000000031,-3.218536252361389,96.49429393402721,0.15693122272023174,192.81129940448506,-3.5545398279755482,1.358393469974407,26.24677434771508,11.948601319466714,0.014978759636308236,96.54795563570575,96.37613461574158,0,0
13.133333333333644,-2.9651977050390883,96.4869311168045,2.6719685255084755,193.13715249072357,-3.328983056546848,1.4305736881250544,26.406979574097573,9.084522412914335,0.013524723590097931,96.53248299805068,96.81447688614749,0,0
13.141666666666977,-2.688001273893974,96.4853300929604,2.8956141418609036,192.9910322876546,-3.09863042713436,1.5134234418664019,27.788765425985233,7.776908532084283,0.013395905964817434,96.52276557370278,96.66709531791085,0,0
13.150000000000311,-2.3009956157790157,96.49886345613612,3.1093616171898475,192.7178591509799,-2.830186299948799,1.5429519687674866,32.33768769456732,6.310933561875026,0.015156320576341198,96.5262929421297,96.37098680574306,0,0
13.158333333333646,-1.7199464575551815,96.56677847168652,3.237304141664481,193.1043605681292,-2.5507356890559505,1.5952241180336133,35.18631773424597,7.13321381103443,0.01694654174694321,96.58209420082294,96.66477688657268,0,0
13.166666666666979,-1.229725311077857,96.56555105532732,3.881992684853003,193.1407431951696,-2.255009721267537,1.659783338526516,37.07925175689437,0.6726823298210276,0.01527810419497877,96.57338077834767,96.71037895550495,0,0
13.175000000000312,-0.7777056202887138,96.53585944845958,4.662116119572829,193.70812154118488,-1.9503858538184555,1.682487921599671,40.571286986941104,-9.575449159556529,0.013730566128197008,96.53899204717528,97.32440691203195,0,0
13.183333333333646,-0.04751906589024202,96.55164749888644,5.401348464400428,193.2435831347497,-1.6090204034917768,1.5171811227794922,41.750346002581715,-4.990622730198441,0.015535896889918632,96.55165919242842,96.84534358642433,0,0
13.191666666666979,0.679435195215774,96.28561310685257,5.741463134391381,192.91663553237623,-1.237783154541713,1.4312743397883887,43.60002384624137,-9.921160879385766,0.014727811504223087,96.28801027930216,96.7635190650849,0,0
13.200000000000312,0.9519993076847868,96.58684238999462,6.189541483417884,192.74491796542526,-0.8571367363817861,1.3447588068931635,45.49276932629663,-14.513711607644876,0.0142683169569926,96.59153392275896,96.30060927332087,0,0
13.208333333333647,1.680748772239724,96.30497647231454,6.251280221863851,192.58982681455092,-0.47663367354552044,1.3146000506010125,47.11564086976869,-13.160413937615886,0.015671329707652948,96.31964186897936,96.39326824607029,0,0
13.21666666666698,2.4294021784297115,96.22797794686772,6.762922534086101,192.26754324095396,-0.08541080919279102,1.2499568033807624,47.4791687770636,-8.167936413747977,0.017639988964076814,96.2586397924229,96.13728465350964,0,0
13.225000000000312,3.1084265282431147,96.37978603159877,7.373394881430215,192.74064429029085,0.31634453385315386,1.1860903658077941,48.01184236712924,-2.6831037752731293,0.020369254108635992,96.42989925836409,96.45519664282186,0,0
13.233333333333647,3.8926402408077365,96.20209959808227,8.162559871886117,192.4299871467352,0.709639431277087,1.1485586166496082,48.75577225012445,0.3864844424651486,0.02257998770797931,96.28082163714484,96.32257552480654,0,0
13.241666666666982,4.4160965489921296,96.13251856744694,9.022634458803338,192.64086087311313,1.083430495131282,1.0747302194722017,46.16735294497046,-4.314624656925441,0.01846102457953913,96.23389753538278,96.61821943144142,0,0
13.250000000000314,5.010893270765052,96.1740108798424,9.918878668495722,192.3313184627658,1.482728824226072,0.9772575546235821,43.39038740101217,-8.637017978897404,0.015036303124877914,96.30446209852919,96.28248086885422,0,0
13.258333333333647,5.658479354513361,95.96334827422464,9.854643445860347,192.3077833449653,1.8415222909247264,0.9156519161924117,41.97022897702831,-15.307063036973279,0.012469242562898941,96.1300296504978,96.4357711753355,0,0
13.26666666666698,6.3216808966475355,96.11192123639216,10.254051096104206,192.51199687986184,2.1868200134109865,0.8342091227250875,40.9785458288639,-17.685628337230725,0.011753376653533376,96.31959848914181,96.48024730198536,0,0
13.275000000000315,6.782139196740786,96.26031438570118,10.356201503011391,192.72679711765426,2.5306684049552097,0.6987320813353387,40.68951358364457,-19.918282054439146,0.01164319027458216,96.49894060412268,96.53266914388779,0,0
13.283333333333648,7.204600440068134,95.89145755080733,10.222334067131612,192.7403115131703,2.857368258227021,0.5173804752988497,40.119330981370084,-20.17059255332292,0.01186509480326059,96.16172782723548,96.89585765174391,0,0
13.29166666666698,8.060402429877115,95.53607417003826,11.448424572526392,192.75820944372276,3.2046309796272197,0.36113442759202435,39.92410558516226,-13.177742409098446,0.014080989673716626,95.87550028633291,97.28115069844564,0,0
13.300000000000313,8.397163213202987,95.80565219251486,11.76261913324953,192.38944622052372,3.5415558154830755,0.29245652735560795,39.7101801395212,-2.678910208909163,0.018029662703578087,96.17294495887238,96.64241078529973,0,0
13.30833333333365,8.91907786884724,95.08575266869894,12.152629791144989,192.39360993070898,3.8565513649784102,0.3171933472986079,38.343052496679654,2.8030151905064624,0.01997841774443021,95.50314293573562,97.36156810034396,0,0
13.316666666666983,9.45581104281871,94.95194346555786,12.24071574533292,192.3270080918403,4.143609076001077,0.28381841079516607,34.742718140105936,2.0895417901842386,0.01799790022812875,95.42161144292203,97.4148803067312,0,0
13.325000000000315,9.8819137075306,95.03407710892276,12.91878289679903,192.56408495982947,4.398788439736134,0.3478370772348602,28.66250098471642,6.350384277386818,0.016467979303459668,95.5464705285745,97.57727709805522,0,0
13.333333333333648,10.580529733926028,95.94174166893293,14.183723163763716,192.35919988229028,4.646386644517601,0.44739966546223253,25.590720617898175,10.176004970475159,0.016818043254340775,96.52339303981577,96.48476175654545,0,0
13.341666666666983,10.723643514799676,95.66768658842614,14.489705558264745,192.1213379962424,4.846205329588806,0.523610196610993,23.3955193944304,15.398328628469537,0.018148272995367698,96.26683119025907,96.52714692362851,0,0
13.350000000000316,10.815943187568791,94.94477747492351,14.393138967540267,192.39046061818215,5.038564531503066,0.5984558856861218,19.24311457045076,13.96254647715275,0.016095731174584404,95.55885828534925,97.51131981931434,0,0
13.358333333333649,11.023478570092209,95.01337978253287,14.431448366162215,191.9980707317884,5.190877963935913,0.758296614980154,16.86824894236417,15.506827004319703,0.01605112494049976,95.65071571862443,97.04454923721133,0,0
13.366666666666983,11.334828676127131,94.9149194319699,16.126230180616574,192.10989464349092,5.321878069081516,0.9238026511117953,15.086875820367794,15.01484926459984,0.01564838008189806,95.58933137068432,97.3130039344455,0,0
13.375000000000316,11.814499432589685,94.80140973262087,16.262062039837133,192.0119130200103,5.431194951700133,1.0289893680183533,12.981367952644607,15.879129162167834,0.015489214936871498,95.53475641950904,97.3121922604405,0,0
13.38333333333365,11.668271288822268,94.8754244739792,16.094257930786682,191.57095352505127,5.524489500221969,1.1438379134578864,11.884680544035575,19.53355029388623,0.01653928183910036,95.59024387450471,96.79677007122484,0,0
13.391666666666984,11.85223018988421,94.89746089614414,16.525237853123542,192.06673312426858,5.598277798693756,1.3339973633579372,7.045265227534949,22.398220912436983,0.01593461837577692,95.63473973932909,97.28157310592817,0,0
13.400000000000318,11.969322217915476,94.87038621756443,17.74447583438871,192.64292863465573,5.659053934752528,1.545871059931054,3.5626123282507125,22.292553807802783,0.015158650990869216,95.6224599946379,97.94295508098467,0,0
13.408333333333651,11.98565494220378,94.81127730215877,17.431511016668708,191.62128850865759,5.663976512669437,1.7830476753006153,-1.089191710411473,27.155377644987137,0.015334675507770346,95.56586329888106,96.96306316420812,0,0
13.416666666666984,11.95042697897145,94.77438815328986,17.691415421988495,191.5847010525207,5.669873672328635,1.961036610829959,-1.1461572854257722,33.464708270383404,0.017281907406441643,95.52485202715667,96.98038787275414,0,0
13.425000000000317,11.955116387540954,94.75463171159925,18.534912047129524,191.9471377850506,5.645991508694384,2.271566400450353,-1.8375542895980286,34.60041392780026,0.017586203978866788,95.50583772021719,97.41497291361229,0,0
13.433333333333652,11.730865990761345,94.8279310660115,18.865662414625945,191.52967804056993,5.635548387295186,2.5619661394161604,-4.517411840108105,34.71805906026899,0.01709047346969239,95.55077041632596,96.96459760109104,0,0
13.441666666666984,11.861667807882384,94.82915187894582,19.298555550663252,191.51068174022447,5.562471827991419,2.9007911273465554,-8.28616096614218,40.519565588240205,0.017984742815544852,95.56812862698906,96.9671362659331,0,0
13.450000000000317,11.542676419329553,94.89424741890213,19.79125025777114,191.92907380704565,5.4705665048801455,3.196652058498082,-11.73361441247041,43.398904017592976,0.018086026161969304,95.5936795615754,97.38478578579603,0,0
13.458333333333652,11.763904755929445,94.79906726414396,20.04921835645149,190.8868587562747,5.347247920039081,3.5899071552417996,-16.041450698198698,42.383843107013625,0.01711358487336545,95.52618808085178,96.44433677149836,0,0
13.466666666666987,11.165353638890053,94.8552378374203,20.58743985772918,190.9572847570377,5.214376013622018,3.9718738345446325,-18.947356467329882,44.415162693637654,0.01737672296517978,95.51011081071495,96.56282478705552,0,0
13.47500000000032,10.970042118990023,94.89419558305678,20.7318326051319,190.93795861991032,5.049257198231918,4.313889671405954,-22.09441752301321,45.5304880907541,0.01737883549153807,95.52617536281795,96.53857763492584,0,0
13.483333333333652,10.425478790840998,94.9523020248563,21.315116452147436,191.8305633162684,4.8635641625283785,4.690525825465975,-25.142956760812236,46.188492251621625,0.01746450962965218,95.5229305865236,97.48836709701143,0,0
13.491666666666987,10.318887580693229,94.98451819127365,21.033363692191813,190.7230745667539,4.639403598662599,5.077017548170305,-26.206775813019725,44.85971815412492,0.017190809613433,95.54338353298662,96.33624019653705,0,0
13.50000000000032,9.906481802686642,95.05645825925757,21.869775350153986,190.85047532444162,4.426734650777178,5.473758951838483,-26.61351439386374,46.410603398929105,0.017608553181916342,95.57127517460954,96.53814840770278,0,0
13.508333333333653,9.667518520937108,94.89711269900226,22.05397605141559,190.86271133547075,4.200804113338243,5.859745161252851,-24.129466185765857,42.901849077020834,0.017006598713954713,95.38827450457315,96.7616682979893,0,0
13.516666666666985,9.179368693548156,95.81154943095805,21.94934374331723,191.92351193337316,3.9925444974568323,6.183411396304974,-26.326711888223553,42.038423106205414,0.01710007597049934,96.25026656572443,96.95659646892197,0,0
13.52500000000032,8.854183782113353,95.76878840461666,22.450124637301144,191.08343827561941,3.763892276432379,6.518797064109934,-26.928428119812228,37.89780530892113,0.016794182534869417,96.17721873154618,96.2794478991732,0,0
13.533333333333655,8.452797542563928,95.17862792589631,22.495162170825495,190.74722685015325,3.5650343031302847,6.797985374624031,-26.35945830865963,34.20770436122111,0.016561205672132928,95.55323647136073,96.59474677589117,0,0
13.541666666666988,8.216898760738275,95.13580167948192,22.879914819711416,190.89956977960645,3.340749166841523,7.077435234501816,-24.871208232699082,26.854383506987844,0.016130009860664263,95.4899899803217,96.87983959875314,0,0
13.55000000000032,7.769058905634154,95.10748193037568,22.561080359643142,191.90728293442652,3.1355505654169207,7.2502229942698095,-24.18851625731292,23.07165752816782,0.01596776728709326,95.42427047358524,97.92346691738248,0,0
13.558333333333655,7.323167442691158,95.84774387296062,22.499138978406904,191.73241172479533,2.918780503290802,7.480750155532769,-24.041654319148577,21.314161851962613,0.016144266035250876,96.12709704828474,97.07821403955431,0,0
13.566666666666988,7.135813823343824,95.18048357943252,22.64662483019174,191.51487188746677,2.7282371029257866,7.68881200639662,-24.23565978428794,20.816760301365537,0.016421605881556278,95.44759972537837,97.57509738029104,0,0
13.57500000000032,6.963865722963703,95.50995109832326,22.627321433371492,191.5743744685371,2.5446048596507067,7.920825650259363,-22.223823932879196,27.782750902998494,0.01645996101815017,95.76349087523684,97.33302256810681,0,0
13.583333333333655,6.397126347034828,95.5976091653452,22.387406069564463,191.6038910031586,2.3590673836879503,8.082917459624184,-21.096935461096734,23.90249814498569,0.016299941865987932,95.81140904730512,97.32879942712948,0,0
13.591666666666988,6.2190174925681845,96.07334292311646,22.446925800413908,191.53645059121396,2.1804689078878683,8.184801399864806,-19.605265986484834,16.067815197569086,0.01607752543153751,96.27441715739234,96.83258714760555,0,0
13.600000000000321,5.9013964523177265,96.11030939901349,22.809001677034587,190.810995920057,2.022699755814101,8.276974108857118,-18.96631550303229,6.1759773353158876,0.016755207399442806,96.29131867858871,96.19816600118645,0,0
13.608333333333656,5.846751560490532,96.0996713720524,22.57018566948733,190.88012682056166,1.8810987521794025,8.284273350645844,-17.53795171325775,-2.8729266920198024,0.017592000217131254,96.27736671526993,96.24452183591961,0,0
13.61666666666699,5.592731684289333,96.0792821220926,22.42777454476976,191.00661968808436,1.7424378352325507,8.279438423073197,-14.134358450783232,-8.89165412301292,0.017487200558431226,96.24191966492104,96.40859964485514,0,0
13.625000000000323,5.217337246418424,96.13796939183908,20.656134039041433,190.84832831060032,1.6441101714860602,8.21764571537598,-10.444819761954157,-14.931585282482352,0.017343130493094883,96.27943584550677,95.96045296331445,0,0
13.633333333333656,5.150627536131424,96.0366788174511,20.8778814808486,190.6192364005991,1.5628426962072326,8.136899792517822,-10.09680474913974,-14.913875020573785,0.016880401821809166,96.17469855581673,95.88121148385189,0,0
13.641666666666989,5.05069356053707,96.09539225778008,20.913151927620675,190.69465951841823,1.469593703286367,7.979161552026844,-9.389307712380036,-16.261122590271643,0.01640075065540758,96.22803083623332,95.91996117439324,0,0
13.650000000000324,4.979765693280058,96.10177998191847,20.719403930406827,191.87395020904916,1.388798714642796,7.821762084927392,-8.99903102781901,-12.28469219304827,0.014812815425972126,96.23071329909715,97.05691527062933,0,0
13.658333333333657,4.887681703225155,96.08201412897773,20.544250604203455,191.1666733184125,1.313904238795752,7.646462856336372,-7.298668198862687,-18.186416395232822,0.015075952602031428,96.20625172780154,96.36503807357752,0,0
13.66666666666699,4.825732217536483,96.42086040633552,19.83246320977554,191.14653682328998,1.263147931647898,7.43937406666299,-6.675584667504898,-26.035978701632672,0.016470750743437623,96.5415455279923,95.90701615483087,0,0
13.675000000000322,4.473557014719631,96.44709989755637,19.51447846245435,192.16963360574448,1.2085824779353285,7.2457139303858575,-7.590303613945071,-37.44133627606772,0.020651634597548263,96.5507938393733,96.8970215100141,0,0
13.683333333333659,4.472832621201974,96.13853126938488,18.40681273798276,191.6939289729499,1.164272421822541,6.957068462457825,-5.046045029928409,-38.39991843539882,0.019017153150126198,96.24252400208437,96.56598693215597,0,0
13.691666666666992,4.508919876902553,96.09796862763784,18.354579310723693,191.77482736191564,1.1445867220645836,6.592621976187985,-1.384282268719302,-43.310181971982104,0.018516111601738494,96.20368980873236,96.67348955332227,0,0
13.700000000000324,4.528115760625951,96.11606102281854,17.10721217804604,191.81849489628536,1.1441879815384834,6.219857914000517,2.513447033346841,-46.881615684313765,0.01749737460337064,96.22266374863983,96.5255899540844,0,0
13.708333333333657,4.499532556182032,96.15672976871485,16.883057601387407,191.79753648406893,1.1768055773810175,5.824088963103179,6.147078363803049,-46.83990145321848,0.015226055224269341,96.26194717040474,96.43918084320784,0,0
13.716666666666992,4.500529158004156,96.10264197773097,16.405869902227494,192.003427308568,1.2343930330382955,5.400168914583585,8.639840861416825,-51.4781852100236,0.01542027142236968,96.20796514739298,96.63693789285416,0,0
13.725000000000325,4.857831349126684,95.74376546710056,15.963639169653277,191.9964188077999,1.3071702180342502,4.976020211189196,8.485550736957267,-51.44754797235424,0.014692606602660696,95.86692417740184,96.89123924520374,0,0
13.733333333333658,4.917699753914462,96.04468083842039,14.680071349748744,192.23513435592105,1.376888521902358,4.513058957034938,9.182824249002012,-58.54560535583777,0.016890085654773124,96.17049697398723,96.68457605573708,0,0
13.741666666666992,4.998397215030536,95.99475887816641,14.47964868409207,191.94705031308797,1.4430994559642951,3.978107274465027,8.55274610057107,-62.68759556727703,0.018477965575569577,96.12480276596948,96.41958494534035,0,0
13.750000000000325,5.158606443057408,96.04883848980592,13.75661368786217,192.2673066294716,1.491812387443847,3.5082100144801562,5.68647805896497,-64.56961436159254,0.020326059784967043,96.18726836580387,96.60185991856251,0,0
13.75833333333366,5.190228576987295,96.03593848908884,12.60323103967346,192.23690116704648,1.54576183228835,2.969578886863378,3.803766639386724,-61.87092178767338,0.019176168987706355,96.17608826606242,96.48615354379919,0,0
13.766666666666993,5.209020668706103,96.06951589341173,12.107752512933075,192.14068131741135,1.5881604855556701,2.450445204567836,3.0602351792125417,-59.72667065311015,0.017877686249203162,96.21063236629047,96.31854093051892,0,0
13.775000000000327,5.323984461735108,95.99225294030163,10.747665009668424,192.57060547342752,1.619315139118851,1.9836893623400211,4.6885427091901315,-56.89892727460398,0.01518801602528752,96.13978071071122,96.73052511332074,0,0
13.78333333333366,5.258054289538848,96.09252973324516,10.302428647847478,192.54049966334435,1.665614827699824,1.5304956143878796,5.259182916139299,-56.30248156083361,0.014372106598254053,96.2362790502955,96.57979403738693,0,0
13.791666666666993,5.294202589893871,96.05010072750395,9.988333380270262,192.54987893159728,1.714659776067551,1.0295015783962587,6.3255926312159385,-53.24532057630798,0.012253581865774077,96.19589612258152,96.6138812868853,0,0
13.800000000000326,5.620360226604475,96.10341795850042,9.026961115850668,192.49249884999762,1.7567852570399893,0.555145882027434,6.732560816756301,-55.07279583893489,0.012852891103299235,96.26762380147865,96.44926046749246,0,0
13.80833333333366,5.628650985705576,96.1335453981622,8.43036418736466,192.68877465811659,1.8076144208125182,0.10906552619128289,6.336458601015028,-56.58711769297227,0.013766669106767715,96.298184109252,96.59586892981865,0,0
13.816666666666993,5.711948375764109,95.96971011154068,7.897703642343288,192.71403592174607,1.8478456336946205,-0.3877960337995396,4.712233970169655,-59.07012023917909,0.015882966582544622,96.13954240134777,96.76901416546802,0,0
13.825000000000326,5.730760240737425,95.93502348438096,6.784803538786775,193.1090042036589,1.895458660683763,-0.905090957796811,4.235048477326377,-66.91747141615612,0.02085132665631706,96.10603697939867,97.17969713939618,0,0
13.83333333333366,5.777627757575601,95.95534060274014,5.91844324227128,192.9122713416986,1.9210076437744903,-1.401000978872749,0.9231838320184117,-60.559150764668836,0.019191885524372232,96.12912343662028,96.95703299565184,0,0
13.841666666666995,5.719784884973706,96.05784430972619,5.080120759784734,192.89712182761048,1.9131578563942941,-1.8992925013668476,-2.143298110628835,-56.180305424820475,0.01874286232490663,96.22798653490558,96.84139012002493,0,0
13.850000000000328,5.766831020916243,95.97846812183286,4.512811517156763,192.7440790731597,1.8775450043006927,-2.3539195897107468,-3.8026538640774628,-54.867274402242636,0.019299691867538993,96.15156100156403,96.77373624955975,0,0
13.858333333333661,5.683562964618659,96.10560530541824,3.2414950275574483,192.97740771907843,1.8530055938416559,-2.756615718514076,-5.288739176062987,-45.303401656754716,0.015368338497442124,96.27351795324412,96.90257890624193,0,0
13.866666666666996,5.705980280538029,95.99756480854427,2.7971176720144513,192.85727960172744,1.7955155527994269,-3.116811077074351,-7.644581835975272,-37.77711921699127,0.013379083173691075,96.16699361076307,96.9033840043373,0,0
13.875000000000329,5.301302176744343,96.13593293279541,2.6301188574494745,193.10198662629608,1.7163772455138806,-3.449546597090085,-10.49583907045299,-36.43979643085818,0.014600214600700934,96.2819889991274,97.00283907812252,0,0
13.883333333333661,5.271601444759824,96.15546627652589,1.1822230942060514,193.14679960111033,1.6291923010212939,-3.778151315758966,-11.926322387316869,-35.92813300382825,0.015509357080766506,96.29986228779613,97.07750385838432,0,0
13.891666666666994,5.183174964079342,96.14780061861808,0.9649187987570826,193.20889951228799,1.5178817670076055,-4.015373661337548,-14.26354278799924,-29.531784650508957,0.0141670461832053,96.2874076216916,97.15271794202698,0,0
13.900000000000329,5.036395692141639,96.1686015289186,0.8187293128449369,193.18490501043385,1.4085594463864635,-4.280466644351854,-13.960117192330532,-29.48150953391981,0.014279603755655845,96.30039045401503,97.10793917545834,0,0
13.908333333333664,4.589006761052417,96.16291811515174,-0.6617273157343107,193.33336265094005,1.2921711534909026,-4.490408918553592,-14.58644346836511,-29.106208714916075,0.014699534553601179,96.27235222780402,97.31220632391313,0,0
13.916666666666996,4.42734878932697,95.83408970910193,-1.2870623691045466,193.15291345296816,1.1482497963054528,-4.7395546233134045,-16.697555243433573,-26.34372760831406,0.01501488016551944,95.93630265793314,97.48645008295927,0,0
13.92500000000033,4.297380205944194,96.17843763944666,-1.3786141451809613,193.11962489523722,1.0095633267113509,-4.8929928876522535,-19.985599509861185,-14.740208762607995,0.012533116643623998,96.27439609470096,97.10721239144009,0,0
13.933333333333664,3.8932007435630567,96.22835003212566,-1.5951645693442629,193.22209083622033,0.8025729543284277,-4.994267183417344,-24.262348203518584,-14.4421342858088,0.014842036350209753,96.30707327052868,97.14889556232652,0,0
13.941666666666997,3.7770023765975793,96.16676651185071,-2.869047987903002,193.10302270279863,0.568881882896528,-5.186845230124659,-28.706087268383797,-13.951666090425546,0.017695994967678708,96.24090984761956,97.1638191394542,0,0
13.95000000000033,3.152220466525762,96.33058442620364,-2.9945172602735397,193.50928655683873,0.3134333118236858,-5.272601044133995,-33.12710229269876,-7.365017858694749,0.018087929078647313,96.38214559638902,97.37290450878396,0,0
13.958333333333663,2.6055483463709948,96.32885092114572,-3.768352035835676,193.1707803643552,0.05426649984576552,-5.295946220181405,-36.470734266130535,-6.5908065777011435,0.020163377148525008,96.36408253064828,97.05146008363738,0,0
13.966666666666997,2.1939144942437565,95.94242309403211,-3.70418905486207,193.67750299672213,-0.2558777239075443,-5.289936067371199,-38.400147998654155,-0.5132449512068148,0.019133128546449107,95.96750392691433,97.91288714495747,0,0
13.97500000000033,1.3940603182729774,96.45292902354612,-5.654253602710696,193.78003290575083,-0.5846218992754675,-5.2718063253886,-39.1423608364868,7.346836237441432,0.016976474239207562,96.46300286323357,97.58198542367438,0,0
13.983333333333665,1.0739895045790036,96.41162230168874,-5.679959486546068,193.74902606804062,-0.8979378085182771,-5.219866471195751,-38.04943034884486,12.262901775808878,0.014974641389302601,96.41760403733039,97.57144048823166,0,0
13.991666666667,0.5866909026337339,96.5269715962666,-4.979209589604636,193.78695073772656,-1.2141015278742007,-5.110841260155155,-35.3625321778019,10.57177213412043,0.013894787000700237,96.52875453336013,97.4191089616751,0,0
14.000000000000332,0.10666049174983527,96.54626881734686,-5.818569587943614,193.2953895172746,-1.5142923049273922,-4.980493264680505,-35.85564917327974,20.06192514217373,0.012295898521499815,96.54632773447109,96.93039104278127,0,0
14.008333333333665,-0.6258213469787393,96.28306301756379,-6.007599853516524,193.4768855544844,-1.8318113891645273,-4.830537337816271,-37.07628589839222,20.834643719184445,0.012847671597743915,96.28509685513379,97.34270737570354,0,0
14.016666666666998,-1.0006588252950905,96.45142763957551,-6.468162208787135,193.51504120035264,-2.1501000257645866,-4.683572481047334,-37.71827478405589,20.622890562743006,0.01337796501663746,96.45661828924396,97.21748130210108,0,0
14.02500000000033,-1.3617661427106782,96.34146041297635,-6.689648109823452,194.21596827007357,-2.4194401532373195,-4.539951884406467,-36.33074017815934,9.171553171901909,0.015307901006907265,96.3510840703545,98.01941447756396,0,0
14.033333333333665,-2.030980504573506,96.42775250036158,-6.8812015655041705,193.72876476547782,-2.7303590602755343,-4.4397724665074945,-35.24943610719374,10.114690286974987,0.014850314607060433,96.44913858651589,97.42182318226341,0,0
14.041666666666998,-2.664618868078378,96.24108707615665,-6.854597052647421,193.95189452503638,-3.0401652322363986,-4.342226277249239,-35.503116121535825,16.336439325255768,0.014099022375251735,96.27796754872054,97.80060229619865,0,0
14.050000000000331,-3.122571191562031,96.55693010350058,-8.018855870790844,193.5377560267201,-3.3345609965868737,-4.149663030399143,-34.88770881580606,18.427721478368344,0.013793535123926226,96.60740759309645,97.10434696968957,0,0
14.058333333333668,-3.395115454554741,96.5607804413894,-7.833888391357107,193.50758976567477,-3.5985005080706114,-4.0100949358605265,-33.4643665450166,20.591729696359895,0.013289208010024645,96.62044881079764,97.04837218286474,0,0
14.066666666667,-3.7002795811155806,96.53178998538738,-8.054400506055742,193.53706212609222,-3.86871857990978,-3.851109985413622,-30.655705901111727,19.214166881255426,0.01281991077485678,96.6026839521623,97.10294121251533,0,0
14.075000000000333,-4.657050845597212,96.25561158357539,-7.833341501022062,193.5855028672126,-4.143228429439651,-3.6528166716963733,-30.10328162911355,23.386640494184892,0.012752042101398686,96.36820473530993,97.3817054667476,0,0
14.083333333333666,-4.912519995221658,96.46512007573693,-8.05443334107008,193.5148140080101,-4.405210501364214,-3.5014121177014608,-31.578470763420604,23.55089915413689,0.013830543330368705,96.59012498143791,97.10053919428417,0,0
14.091666666667,-5.116113428657343,96.44784132878783,-8.061988545138036,193.50891137561916,-4.653235910306081,-3.3603511585879864,-31.22151606973868,20.50725535985913,0.014596320577110689,96.58343912699486,97.10576449849822,0,0
14.100000000000334,-5.482201137292805,96.2478809865259,-8.565026427179191,193.60559586936074,-4.896797697650809,-3.182666181701082,-28.653932696292298,11.687297008586224,0.015389494988149455,96.40388541810017,97.40651137873343,0,0
14.108333333333666,-6.082086561719564,96.31460295917378,-8.646540973804804,193.51123766806614,-5.120216170259648,-3.0641066684991753,-24.192691425228684,9.719534774499618,0.01463930124649826,96.50644807538788,97.2304593487325,0,0
14.116666666667001,-6.580518564735996,96.29736997537435,-8.638224324132466,193.4912154063161,-5.307085935185822,-2.960417813265302,-20.33169834469141,8.78997745537078,0.014094492356763855,96.52194925898961,97.21562499231308,0,0
14.125000000000334,-6.721083689501597,96.46806909757618,-9.449621005250378,193.50244379740116,-5.437240095555537,-2.896929856287294,-17.92353878914277,12.892354494167435,0.0135919097173125,96.70191994668987,97.07272937993177,0,0
14.133333333333669,-6.756323329450254,96.36403216489094,-9.08206149102324,193.5711064529222,-5.577841974778481,-2.847251848645418,-12.80853158524541,7.138358473719428,0.013440754510171349,96.6005931659232,97.23489265502907,0,0
14.141666666667001,-6.9715951589588485,96.22988637775131,-8.97242646284144,193.7735091646552,-5.694380074388638,-2.809921568369418,-8.688749257333651,3.3218451194363254,0.013467002396204908,96.48209249044791,97.5641413240561,0,0
14.150000000000336,-7.093343907518431,96.42857799073528,-8.878827028061323,193.75097530412444,-5.7778090617944216,-2.7487113256689772,-7.116962294450634,2.460310138968219,0.013599547805562828,96.68912131726944,97.33877423102739,0,0
14.158333333333669,-7.193031244194401,96.24959410852506,-9.142174182541737,193.61084629844498,-5.815591657021114,-2.6982347337537096,-6.148201231620621,6.2254244605825235,0.013540963359479186,96.5179986558765,97.38076086262264,0,0
14.166666666667002,-7.199969246945045,96.19990060576629,-9.271038444323153,193.49442432008487,-5.844118655177589,-2.6737576084523824,-4.924677250438573,4.906337657000678,0.01357529060741669,96.468960985989,97.3165642242698,0,0
14.175000000000335,-7.376368503376682,96.29880669618257,-9.833656971570065,193.33355739829557,-5.864037736086329,-2.6758440989988768,-1.2591295091439756,-4.724378057791264,0.013737969044659959,96.5809038237184,97.0658596543457,0,0
14.18333333333367,-7.406500686031848,96.2314272587293,-9.15726680284672,193.3793378874995,-5.858403056055711,-2.716120364698262,2.9477886972973373,-5.250878999664943,0.01363649665458233,96.51602895200516,97.1636851994165,0,0
14.191666666667002,-7.2988625238316445,96.11005930479888,-8.93666966852254,193.57144346389782,-5.834578938204222,-2.805601481383733,5.016934333314906,-8.44054698648379,0.013734272573829642,96.386808712156,97.4751445982547,0,0
14.200000000000335,-7.064975651630505,96.43637283498623,-9.082431101753002,193.67921855074127,-5.799961478280637,-2.8765479864383066,6.857521555892861,-9.67695808180696,0.013743796899074567,96.69481830236097,97.26377110410313,0,0
14.20833333333367,-7.025688686369165,96.24822449430582,-9.800160403036557,193.6105915469646,-5.7255591699842325,-2.9266926978549623,10.060538893278958,-10.936947362607924,0.01369389917803332,96.50430570613969,97.40189018393454,0,0
14.216666666667004,-6.826258200581208,96.37903105360698,-9.69269743419511,193.56727781098942,-5.622717785634396,-2.9914960156226598,13.464031634433692,-12.087748357071156,0.01370431562991481,96.62047105998367,97.2305084922107,0,0
14.225000000000337,-6.720216981458464,96.42767133140632,-9.14268755293665,193.57908312232092,-5.480736712262091,-3.0796869733614765,16.443035306100423,-13.057672905444967,0.013678560138565388,96.66155965364723,97.18160925112086,0,0
14.23333333333367,-6.598334307170319,96.24122300845801,-9.743902031533992,193.60979910981575,-5.353290832111809,-3.2807664462493027,17.392271538775226,-13.82741263417657,0.013575294445566488,96.46714996201001,97.41937285937769,0,0
14.241666666667005,-6.180506681587133,96.20611680207662,-8.983134377312524,193.80834652822904,-5.190172245991606,-3.389951214955679,21.353645713551366,-11.81700223286411,0.014150672567729394,96.40443751703525,97.64245987027098,0,0
14.250000000000338,-5.657281258190153,96.30450432872311,-8.782634942000755,193.56417570707993,-4.9766180733085355,-3.470720327168531,27.684031825618074,-14.00679130429417,0.015299093767241256,96.47052599232222,97.30987366282451,0,0
14.25833333333367,-5.408647719454223,96.55647543461453,-8.99632170726477,193.7502106027584,-4.731290337059026,-3.6380079891852377,31.196142564297872,-24.145056791102487,0.014896086386535501,96.70784052241305,97.25992782527703,0,0
14.266666666667003,-5.03339692053288,96.55516913617316,-9.07647331614379,193.95318386874948,-4.475700872882975,-3.785511747348347,33.2737106237251,-22.56221860440354,0.015165899962799045,96.6862749901693,97.4818944244925,0,0
14.275000000000338,-4.756745475033483,96.5401509638802,-9.300421795742238,193.76345368876207,-4.1935812836730415,-4.012563959205001,34.04132503038535,-23.548221845287376,0.014832700445126079,96.65726757798934,97.3294178922354,0,0
14.283333333333672,-3.7809173501017312,96.37829681421198,-7.740408032500852,193.50544439442615,-3.915534252182756,-4.218467333687932,33.2394825956698,-27.279670729985394,0.013753006849364091,96.45243093264494,97.20782048545635,0,0
14.291666666667005,-3.3220852775530716,96.23921372900816,-8.323136468081202,193.44566281968764,-3.639700980006744,-4.407490326597501,34.03475553286325,-21.01344923975552,0.014212912579581793,96.29653425627033,97.3350104424361,0,0
14.300000000000338,-3.155545651157979,96.57143106942561,-8.860959031573657,193.44132495338687,-3.3652739395736684,-4.656049286629441,34.12653294798756,-26.278321291695395,0.013453610283749917,96.62297225377289,97.03776627134066,0,0
14.308333333333673,-2.6452582617363873,96.25027384995741,-7.63517605311273,193.47971868419552,-3.061277774094084,-4.9072964405399215,34.06247146696856,-30.666018447748037,0.012952031988447743,96.28661696966552,97.35740455835317,0,0
14.316666666667006,-2.0856929133321387,96.32221162714313,-8.531455671722085,193.57777489405566,-2.7686110477163703,-5.0730815872976756,33.63612902225403,-25.329130576347303,0.012818683842748424,96.34479003907202,97.46893065947668,0,0
14.325000000000339,-1.6932462068976406,96.55757194815573,-7.923211387446543,193.7840885917655,-2.4652254243813587,-5.217536795559581,35.03480295669271,-17.738686594994224,0.014083692145086424,96.57241730038885,97.4259103360137,0,0
14.333333333333671,-1.0551152510049633,96.52217605749638,-7.377256259788965,194.0740123598921,-2.1937203833651746,-5.354709790337145,37.817403144012324,-7.079552487534949,0.017958957621669658,96.5279427889522,97.75648435221245,0,0
14.341666666667006,-0.6089415394277466,96.28673326838691,-8.28087376058852,193.99376329593952,-1.8967625941978712,-5.4024547066462025,37.04745173025349,-5.381438032064051,0.01766055968973035,96.28865879892568,98.00776632905757,0,0
14.350000000000339,0.037124764571558444,96.40143207140841,-6.531470029795173,193.5168867856524,-1.5637089296807745,-5.437212147926414,36.83677448929535,-1.3177895902789127,0.01852688662059787,96.4014392198919,97.33734114884665,0,0
14.358333333333674,0.3898780722653896,96.29753750340751,-5.521708784793077,193.49457271072384,-1.269453162108035,-5.528268642781255,35.38966255621053,1.7250519466889633,0.01853588392222738,96.29832674627015,97.37664253947574,0,0
14.366666666667008,1.0033865351991267,96.22081106938236,-5.602195916723815,193.27912934082622,-0.9806238053148529,-5.478760667125235,34.0917567027781,-0.4727002108911813,0.016597852782556544,96.22604256327283,97.28283952069884,0,0
14.375000000000341,1.2566415726004152,96.31040429615331,-5.43318181767421,193.31423014406454,-0.7055845229822201,-5.455626979270165,31.46125715783662,4.664943364559689,0.016496043832764595,96.31860216869063,97.23423248077272,0,0
14.383333333333674,1.827756675399371,96.28271230571875,-4.935207918339131,193.728388924272,-0.4607449574168166,-5.305802405286243,29.2513387263059,12.733293918511688,0.01775503222767094,96.30005910387735,97.68007771159796,0,0
14.391666666667007,2.4267501005255667,96.15607910864281,-3.9938701051494263,192.9980685276521,-0.2203790313497188,-5.1608398769914094,27.143378235779277,11.50711663923981,0.0155752928389421,96.18669692633163,97.05459947090105,0,0
14.400000000000343,2.4368336918263935,96.14046404392343,-4.111383827026657,193.33011746057315,0.005300636941610844,-5.163746657204948,26.43938329892433,15.484625877116097,0.01669416664723755,96.17134180733133,97.40999889088751,0,0
14.408333333333674,2.9709537159031356,96.20401023909062,-2.5140914834490786,193.49742728861486,0.23234491744381397,-5.0552202065964105,24.96922545960351,21.312462880015104,0.01806352136822076,96.24987351713816,97.4479077354234,0,0
14.416666666667007,3.1962076179462997,96.16150749792399,-2.0131733855905622,193.22482209124593,0.4032478988331903,-4.842105417845836,21.619108991420614,21.437852013648506,0.01561476322346067,96.21461046748728,97.20300761952889,0,0
14.42500000000034,3.546937521369898,96.19246470619902,-1.2842557193566222,193.5934819894547,0.5848379026017568,-4.653551761732603,19.26251777838549,21.17480072664593,0.01384988513586416,96.25783621105269,97.5207598203701,0,0
14.433333333333676,3.927941288237662,96.15586309834026,-1.7367415461623068,193.2930984588191,0.7481632838491548,-4.422920982664835,19.558539800465965,23.858699931852396,0.014809285629628466,96.23605733274091,97.30226680345841,0,0
14.44166666666701,4.168084432714068,96.16482020797775,-0.9164000596006758,193.23331023868923,0.9052696280163378,-4.198101149189022,19.436875918762635,26.79265580956539,0.015754078727807208,96.25510673969937,97.20156243288953,0,0
14.450000000000342,4.289548788092645,96.12062734320995,0.5621462389656244,193.15686732982044,1.0701963090254114,-3.9520084487189235,16.687937173710626,30.062470412765684,0.01530162541207769,96.21629399253365,97.10780298463303,0,0
14.458333333333675,4.298036600961439,95.89822959959236,0.736259390040459,193.06828771230818,1.1990588799825028,-3.7375058041447073,15.76455891845158,36.69675082558195,0.017750995208338338,95.99449754522045,97.23531483226044,0,0
14.46666666666701,4.938126913405597,95.86329115129371,1.6775353336614671,193.28530386766585,1.3159372812107113,-3.489739386070381,13.017269630512466,36.10192953630639,0.01550922035671487,95.99039372651102,97.47656138353913,0,0
14.475000000000342,5.0404793455647905,96.09627654972297,2.628939221792848,193.18103649504843,1.4058897944132676,-3.1403744730147496,10.636045926536983,39.63772729691401,0.015483079301851443,96.2283783441969,97.11470609238351,0,0
14.483333333333675,5.063908747936466,96.01830063047163,2.8382297575707867,192.91725110890832,1.4778780054255334,-2.7447845406546207,8.39154359019052,37.00084494288497,0.012638332908021521,96.15174063827995,96.9245079987032,0,0
14.49166666666701,5.15667442902776,96.10846702723342,3.548579672568792,192.91208564685206,1.5362409716021783,-2.4142551320435603,5.145490611182355,41.53699341583379,0.012776574578563071,96.24670760858162,96.81697447554498,0,0
14.500000000000343,5.214315079230403,96.1941923801221,4.0831138937153355,192.65921658481608,1.5776217247018378,-2.02511260585685,1.6827991350892813,53.338438730209276,0.01657122050677806,96.33541264462114,96.47165651596485,0,0
14.508333333333677,5.182223316782654,96.09737780094997,4.794328207428123,193.116423463354,1.5974414739240572,-1.646374948777616,-0.460961781657231,50.758069629911795,0.013872379477474883,96.23700670076724,97.01982108754633,0,0
14.51666666666701,5.237348764469857,96.13772988802168,6.376259614397895,192.84765267279965,1.585438883620129,-1.220536806873602,0.9886886953231074,52.58405497403696,0.015304953286844114,96.28028318457996,96.71662878203416,0,0
14.525000000000345,5.2436044632034395,96.10516549570116,6.500805784003205,192.8777419132257,1.5971495792488284,-0.76969042177651,0.9270534350448645,56.64046199440118,0.01733349031094411,96.2481076319043,96.78074241111527,0,0
14.533333333333678,5.20834625463533,96.08091815297587,7.393730349527061,193.0825644072155,1.5991988268323243,-0.2709064396515374,0.09120059071504709,56.853558295797626,0.01688335200579294,96.22198139628503,97.0262607734362,0,0
14.54166666666701,5.23121951553793,96.1404056458407,8.346090926239128,192.6721014136432,1.5898869489469716,0.23599377505567448,-0.7423383060501166,59.03302220415972,0.017635379777529714,96.28262177239745,96.58193781299266,0,0
14.550000000000344,5.254395254260999,96.15391423634645,8.212953129646564,192.6434326600849,1.5771390933000333,0.7431495692634003,-1.680761262764632,59.624691717951144,0.01752639356509711,96.29737219913464,96.53486536141732,0,0
14.558333333333678,5.241079381632005,96.14892184420717,10.271270488349899,192.65722507664145,1.562343692185751,1.251437421184502,-2.7381103785836256,63.11775381138554,0.01914036549616771,96.29166155430087,96.6393057475766,0,0
14.566666666667011,5.177578860308699,96.14592044462563,10.857440728188806,192.54300257560288,1.5376026192952825,1.7556555013517885,-3.3661995246972154,67.67355083894878,0.021827049479176353,96.28522909044251,96.56427017383072,0,0
14.575000000000344,5.04059270034486,96.1273808348538,11.477927892862851,192.4920622833522,1.5001862644996151,2.3107409297594472,-4.751010196762739,63.80539773463612,0.01907273496235984,96.25944587903977,96.57945493246172,0,0
14.583333333333679,5.01649111021851,96.08410835349656,12.398782801018399,192.53316882852528,1.4660475677757296,2.7807556678160164,-5.069443876569487,57.919192444938474,0.016085664645932862,96.21497316501922,96.73117127960252,0,0
14.591666666667013,4.987775758032001,96.10893453630251,13.031785911726217,192.53251026575714,1.42619479550955,3.255906991475935,-4.69382188036736,52.4683966578161,0.014058008100772845,96.23827307633742,96.75852446067275,0,0
14.600000000000346,4.902973913758331,95.79251976166529,13.95622067606439,193.09845495732742,1.3918473653779393,3.691200574484851,-3.5925409809374744,42.42377846646869,0.010743418390741333,95.91791279780868,97.72618022434726,0,0
14.608333333333679,4.8331835715172815,96.10535838306714,14.317152104881416,192.5450521022692,1.3670085854359653,4.011606272433484,-2.3854803484000646,43.22490797273325,0.011941844496354381,96.22681317270025,96.90490278512921,0,0
14.616666666667014,4.734053326635717,95.78292301602443,14.65902262529437,192.4681891782563,1.3638716143542176,4.397231117969189,-0.6390151860737825,41.92755718191832,0.012709692629226499,95.89984151391019,97.1933418935728,0,0
14.625000000000346,4.865990860855106,96.11274440594303,15.15665844077057,191.92829023382706,1.329093233333756,4.815170233728726,-2.706315616213896,46.099489366654545,0.014313012972039907,96.23584313705607,96.36657439971428,0,0
14.63333333333368,4.786277797483251,96.07653279236371,16.071481443860876,191.85466773692195,1.2976146220238791,5.165808583353344,-3.142117658143462,45.626935810477654,0.01457282483201583,96.19567874159847,96.44069138490363,0,0
14.641666666667012,4.811334101158252,96.10671864082047,16.35508790966321,191.81575187527716,1.2709333233821054,5.506649083162162,-3.167916328234099,43.60265628344703,0.01440007764772222,96.22707677020433,96.40268302628152,0,0
14.650000000000347,4.777596210952083,96.08835325322804,17.253249874123014,191.47761254590642,1.2580893756874996,5.862212649467826,-2.362518083088228,44.38087687931381,0.015775070707649164,96.20705304951422,96.20162536427969,0,0
14.658333333333681,4.713248925761718,96.06736088016021,18.01167803838655,191.77266157549468,1.2622451817157447,6.183255788179228,-0.5320002313968057,38.1362247132947,0.014753513808591912,96.18291190182968,96.6248042587818,0,0
14.666666666667014,4.366365807139857,96.07927953638142,18.184605862846695,191.75666233795118,1.2810991856952767,6.53258426508477,2.3333415215158237,35.293964688110094,0.015635796819069903,96.17844408489816,96.67008502114426,0,0
14.675000000000347,4.812000839565314,96.11140577801507,18.223767475809495,191.69696700916893,1.3133542322086078,6.777526909446914,6.259666585498228,26.758131296325537,0.01481958191647248,96.23179138261038,96.5218887101767,0,0
14.683333333333682,4.84904144394244,96.08140816521984,19.148904291037127,191.51202471458305,1.3489651907576565,7.00080649344113,7.265812060623775,24.32303397849635,0.01503718471236759,96.2036911866517,96.49605511334292,0,0
14.691666666667015,5.001651240874708,96.03588002803764,19.993842410032357,192.18545987875984,1.394766300259202,7.222868701846285,8.21133443842466,21.067770566475698,0.015048601406268958,96.16603749710696,97.3113945102164,0,0
14.700000000000347,5.133975362841113,96.01323707572249,19.948533620387593,192.2332519159824,1.4492751748477315,7.3401112544429825,7.661669030584416,17.93219650884094,0.014394378058737445,96.15039987844644,97.35380009134764,0,0
14.70833333333368,5.217207580914987,96.00823964643365,20.87037361975041,192.20083327202605,1.53811188093298,7.478032986685436,8.382764531536797,17.40537614040996,0.014972669900596092,96.14988993727133,97.45787128527746,0,0
14.716666666667015,5.2854540230672455,96.0414937123748,20.17460603076279,191.48778732878196,1.6508397638367032,7.622323673183236,9.45808707716007,15.115126278276529,0.015293035376487296,96.18682102416155,96.60063049803387,0,0
14.725000000000348,5.254969846490326,96.41932314434177,21.20409027477342,191.86900204294983,1.7212408604995395,7.796177435370147,12.070544984825244,12.229357884236975,0.016059463362760873,96.56241807090646,96.7730109290977,0,0
14.733333333333682,5.616710084996498,96.09656636192847,21.273622318704327,191.36517072613879,1.8347910591437384,7.881432001507895,14.680818463686746,13.255703662075096,0.01768895701737172,96.26057084149991,96.54659951649495,0,0
14.741666666667017,5.845389364205062,95.9474182699696,21.320146460585818,191.1936539277421,1.9558089490565198,7.953651953569628,17.312778470143655,10.382853110600852,0.018366092692485125,96.12531222051588,96.4951476198048,0,0
14.75000000000035,6.3141923897462675,95.76823429125693,22.505621993775378,190.99224105121561,2.0952319211240487,8.003185100061279,19.11988337451431,2.7878618658394783,0.01759368669598871,95.97616227376363,96.59075450602344,0,0
14.758333333333683,6.385650649914226,95.62409737589633,22.625318074122106,192.00638296985858,2.2602318822535383,7.956979327770233,20.451306438886327,-4.285577684858563,0.01686824127790043,95.83707285376391,97.74083984888293,0,0
14.766666666667016,6.465159498679213,95.53824369359717,22.562443915800714,191.03905925471008,2.4529465692543746,7.871824938669857,21.72244727621111,-18.298499879723366,0.015952625862790892,95.75674543028559,96.84796507125697,0,0
14.775000000000352,7.05076675792094,95.83366566624323,22.514929838795524,190.8951468482765,2.6305208199841554,7.7088000552987435,20.55344582554167,-21.496792015228564,0.015526928594627343,96.09268851949085,96.31108733844692,0,0
14.783333333333683,7.215252501208113,95.77088637593636,22.466445843667145,191.85128783686042,2.8188347468571355,7.549014445648287,23.228108083189106,-28.064107843582295,0.01605255442649245,96.0422956092195,97.28331019893086,0,0
14.791666666667016,7.58656163476536,95.64175610272036,22.395857381003395,191.81167575461888,3.0116867610760147,7.383350970500577,24.59681411723952,-27.29410880677389,0.016185778089564007,95.94217752297652,97.30348753437443,0,0
14.800000000000349,8.008315490050336,95.47019720580045,22.169118558368382,190.86124007397467,3.2215901510415446,7.055456974995847,27.178964650891306,-30.4281168003258,0.016349394472591428,95.80548873369733,96.43640081949107,0,0
14.808333333333685,8.30500000165216,95.15552290358897,22.274404241405875,191.6112342724325,3.4398519768391904,6.830922927346481,25.68082797899871,-27.543819585770347,0.015894185517602022,95.51725793846308,97.46203625249835,0,0
14.816666666667018,8.466618517607401,95.16878522944222,22.452573888396728,190.78747082368295,3.6457808302761485,6.6069194989525455,23.33534092225426,-24.72758213265509,0.015335318946065435,95.54465610995935,96.63612151987459,0,0
14.825000000000351,9.23450287348669,96.0813301967496,22.426760441680358,190.92897804712175,3.8049841562046027,6.40036673040019,21.076922114480386,-26.369761643184102,0.01494238176182705,96.52408018570942,95.76070155598154,0,0
14.833333333333684,9.283800507163903,95.72741480148926,22.207239986953482,190.92808840547173,4.007410511977162,6.112637650288293,21.04305447791665,-33.413193871713524,0.015432032475650281,96.1765402602589,96.07384421703853,0,0
14.841666666667019,9.684186804907938,95.54240608479137,21.227066732104504,190.82061770693133,4.206683768215459,5.790640942639242,22.58794967630536,-40.86950901969633,0.016470813330869305,96.0319469475837,95.97487008028176,0,0
14.850000000000351,9.74570752304021,95.75766458113378,22.315255331239598,191.1558169028052,4.399975587744149,5.459467624538394,23.588129630968055,-44.82017199450206,0.017128962840878614,96.25232018584055,96.22266364267533,0,0
14.858333333333684,10.046320162505083,95.06272872486062,21.38885074266136,191.55608273982733,4.606141833446595,5.1024495244631645,24.421178365739667,-44.836619350248434,0.01707927030112799,95.59210710840094,97.15770874727065,0,0
14.866666666667019,10.370038535119988,95.0665883654014,20.90772518563716,191.91086087678758,4.792471121419336,4.804920362258609,22.692363651753354,-35.84578022348906,0.015591502987929662,95.6305072801381,97.41589171282125,0,0
14.875000000000352,11.160651070381618,95.32134473450213,20.641187179653514,191.05808915635026,4.9317426851143695,4.489274169174421,20.503932398208597,-36.48836651701524,0.015515570415294277,95.97249029960935,96.20501440888347,0,0
14.883333333333686,11.187511345416851,95.44688104292612,20.7657331776972,192.25195114690712,5.082447760080989,4.185833371341647,15.77060108751216,-34.18517470214876,0.015223830063076704,96.10029922391668,97.2777668910273,0,0
14.89166666666702,11.342173911177042,95.8375205319553,20.5913780215389,191.1416057889483,5.20365847345894,3.9023201560089293,11.95639661126544,-34.959029837301074,0.01571166152439707,96.50634824064343,95.75184825029399,0,0
14.900000000000354,11.539188437085784,95.72787212561076,20.439198667161634,192.084241330642,5.3035165307209775,3.5529218099370086,6.440889390535624,-27.87711957252771,0.01481030673863204,96.42083992314036,96.766523490677,0,0
14.908333333333687,11.29347842610838,94.88212192071552,20.03807712692617,191.36686139720655,5.3807417515517635,3.343349432420842,5.383550050513853,-30.373797880961913,0.015588030742745396,95.55186923937438,96.88019900002627,0,0
14.91666666666702,11.387274914981901,94.81727643933988,18.616536273152178,191.21907813362685,5.428154162761371,3.0981368772108677,5.071172946034799,-33.79556799278888,0.016444678147533587,95.49861748404305,96.67248620827627,0,0
14.925000000000352,11.63822909059968,94.7712134620271,19.16487225798363,191.5969548717901,5.443263267916231,2.833824311651671,5.9801187008262975,-36.3235341848188,0.016721379341101628,95.48314656226191,97.11783851033455,0,0
14.933333333333687,11.664576330208945,94.75044127052593,18.565008921825324,191.5399487778908,5.477269225054248,2.5660613664083116,3.3899662159538466,-29.867016591569367,0.015392555281509956,95.46574496604869,97.03517266161627,0,0
14.94166666666702,11.66175707625456,94.75364192329215,18.33676078319928,192.41502248390344,5.47790426267692,2.3491389968456904,-0.1881227323308279,-22.02830896488275,0.014121386456357854,95.46857721697249,97.88922784194526,0,0
14.950000000000353,11.842386653628921,94.82013842246675,18.226293102881073,192.16945113708408,5.465070104005627,2.1983765677863945,-3.2843645360276943,-14.619042610533832,0.013135917816605058,95.55679343777608,97.55840787733858,0,0
14.958333333333687,11.501579981745522,94.7801984676052,17.340157835135074,191.85886619581856,5.431927341377004,2.0215815077859043,-8.315575214578514,-14.758261545987768,0.014160269127569514,95.47550661627893,97.25408330365849,0,0
14.966666666667022,11.388352208572542,94.88515267575656,17.203300393451457,191.8420839268972,5.356153396854196,1.900601600671383,-11.605066331485403,-19.72812037982524,0.016273545677848666,95.56613816791035,97.13114917487201,0,0
14.975000000000355,11.253108067604387,94.8854779268325,17.20759754615341,191.87128901348768,5.250646562314652,1.6940587859773109,-13.51044730885027,-19.644843824740416,0.016520370123923822,95.55043884035594,97.16842849962389,0,0
14.983333333333688,11.022628162498847,94.93191864198434,16.55454921491912,192.0003808746368,5.128673946730986,1.5653344969417988,-15.924578437205776,-19.545745544131062,0.017079999162171955,95.56969974137748,97.2259662371225,0,0
14.991666666667022,10.92308414478822,94.9762235589667,16.028631941902006,192.23182164457597,4.991456016483036,1.4233813899707846,-17.401425753150914,-18.601061959287478,0.016906744336538715,95.60228453733177,97.3895167731013,0,0
15.000000000000355,10.540824689176873,95.06684932093083,14.793778627895279,192.30580618451307,4.809006037773661,1.2841551718070132,-20.328641057963456,-17.950136024905817,0.017509797940061134,95.64943713862893,97.3319184498203,0,0
15.008333333333688,10.284368127865775,94.98510071349591,14.862436412801799,192.0519796687882,4.65664222688817,1.0924155376145679,-22.427989765909356,-21.679636437721193,0.01966090113316543,95.54024065985192,97.17477913194813,0,0
15.016666666667021,9.95044891460202,95.04506544880621,14.262637489638507,192.26965619437175,4.445640866982403,0.937215410865095,-26.228680859703225,-15.67549711182124,0.018787336390037268,95.56451171732088,97.32017270817691,0,0
15.025000000000356,9.534863134241789,94.9680077778911,14.063022234394282,192.34319492060285,4.209430004497817,0.8758680738381226,-29.715638291787585,-3.7295754698026564,0.015751751991681662,95.44546147560034,97.48041493507519,0,0
15.03333333333369,9.146735524549683,95.0526781813976,13.141103460916781,192.4381336466737,3.9222180370840487,0.915267991357909,-35.11918940483401,5.787292392565642,0.015182782867903644,95.49175043014132,97.46733766442146,0,0
15.041666666667023,8.538615566386738,95.15871450067965,12.375185631234956,192.4707338189853,3.6421273007998556,0.8977648783461621,-35.997125991654535,3.754535454886921,0.015575494544311397,95.54103255257608,97.38761920115299,0,0
15.050000000000356,8.368812250541453,95.24371705285,12.11132320497569,192.53831981400225,3.33030415067158,1.0176158512858133,-39.25538193355689,9.582988099431823,0.015124269153646619,95.6106827531744,97.3665554217385,0,0
15.05833333333369,7.386797665888821,95.81785803477732,12.303512474394665,192.3402060995897,3.0122503690863813,1.0454554814900299,-39.37026304474785,11.593048605238797,0.013921845560483703,96.10216801992304,96.64749226158416,0,0
15.066666666667023,7.042610060133825,96.31095669359831,12.002414410774065,192.20987448596543,2.700006356690234,1.0762550357449157,-38.39066766593203,7.635188098951046,0.013828730604088069,96.56810413224063,96.02709041173651,0,0
15.075000000000356,6.352052359185848,95.9572782094827,10.93571018738271,192.59182577664507,2.3582859740628024,1.148130367733661,-39.61474068146815,8.08123757423526,0.013895740078427643,96.16729075182424,96.74319460611251,0,0
15.08333333333369,6.226585236854419,95.96292955944426,10.258256456175786,192.3624249674225,2.0132354560090455,1.2592638967816001,-40.20101874848015,5.112380350837334,0.01477818557430055,96.16472437095983,96.48376592843752,0,0
15.091666666667024,5.246471531861346,96.0588240962847,10.81696821999924,192.50084721855308,1.6743809511675118,1.3604400420468832,-40.7298212309163,5.445671356622168,0.0146370342906601,96.20199140504107,96.60276526719463,0,0
15.100000000000357,4.997270429350692,95.81807519256193,9.14654884930468,192.40207783795188,1.3448647964811336,1.4208459626569292,-38.57691148627388,6.800584459243821,0.01242036251365386,95.94829985649311,96.673088697998,0,0
15.108333333333691,4.277250198701154,95.86281889964181,9.069990434649185,192.38857585618985,1.026631221963302,1.3846471743750748,-41.60080543524654,9.074680545253022,0.013417474682153596,95.95819358787352,96.64466935637918,0,0
15.116666666667026,3.458859630650295,96.20517771676083,9.021245676189608,192.52393686449955,0.6802878233866252,1.4638501787467841,-41.3031661449395,9.954732195155499,0.012773700908093932,96.26733573470327,96.47923871113262,0,0
15.125000000000359,3.1635166992997483,96.16434307575207,8.495635524005536,192.57048155653172,0.339091069942329,1.5640577744344968,-41.20342666249308,6.626841034547234,0.013719809749213496,96.21636408167633,96.55348273333306,0,0
15.133333333333692,2.651576778252263,96.22885223941137,8.056506625770396,193.07365906139302,-0.009628084243534224,1.5900229306560631,-38.797345106697115,-0.03131702238885572,0.014399047825846445,96.26537727929721,96.99551471611218,0,0
15.141666666667025,2.141193336074366,96.20149217580223,7.164192078884582,192.59854948787586,-0.33915690781109253,1.6128252679492148,-40.78541825002447,5.994333499884151,0.0136751612845325,96.22531790414303,96.52783626911712,0,0
15.15000000000036,1.2920646542606278,96.51709616816379,6.239649818733824,192.96542905155144,-0.6924311578909297,1.6767625033364602,-39.67229403339751,-4.128731320690506,0.01694033552093721,96.52574415048747,96.5751495724675,0,0
15.158333333333692,0.9551856149136029,96.44356153271434,6.661147379552915,192.78241449829937,-1.0082622553269263,1.6055800348191658,-39.64734882460786,-5.185227911474087,0.017527649703962922,96.44829153838546,96.5076815097334,0,0
15.166666666667025,0.36869625283065943,96.51427849617505,5.522533781366917,193.06229414142325,-1.305042853607019,1.518876320936583,-37.976278395357895,-5.690016313094296,0.016651555140068552,96.51498272581355,96.68547650141483,0,0
15.175000000000358,-0.14741215274301567,96.57028546058416,4.7404702014712825,192.9438348843575,-1.5977026716819542,1.4050554900747276,-32.68363665154175,-14.569008110066479,0.016876506729285534,96.57039797102158,96.49742184351416,0,0
15.183333333333694,-0.7662390577712017,96.47812238187629,4.675646370807556,193.0700028220282,-1.8730617556728746,1.3015757420384086,-29.73634209933665,-17.788907087388807,0.016494085868121733,96.48116510814924,96.74505405436692,0,0
15.191666666667027,-1.0028649601322854,96.46941673870748,3.1397179887434277,193.09304659761608,-2.1301493936818057,1.1541285543219464,-28.002202068681154,-23.71510195958043,0.018403692905016644,96.47462932830929,96.71239238380824,0,0
15.20000000000036,-1.2956430584978875,96.28613490879138,2.9442116162580305,193.16727559266542,-2.3507112442822415,1.0297630762763588,-26.927038473429853,-19.754747836655646,0.016010886673004432,96.29485171393644,96.97387167619762,0,0
15.208333333333693,-1.602253443216057,96.44395920744694,2.2579036278293643,192.58662750546773,-2.580380541660287,0.8487471074887336,-24.841663188108384,-15.113691174829407,0.013016474044674986,96.45726765622167,96.2201303266442,0,0
15.216666666667026,-2.0317335135686108,96.61851376547037,1.3663776359192639,192.92554548473396,-2.771149400134765,0.720857244034226,-23.2083065374763,-15.787732153586527,0.01262913125773224,96.63987346493447,96.36696279306263,0,0
15.22500000000036,-2.571887357695857,96.53646536470575,1.3400132460760688,193.0518074343667,-2.947202662129629,0.5767503270545179,-21.748360805604694,-14.588463667480784,0.011682445688066867,96.57071890429162,96.59458691436834,0,0
15.233333333333693,-2.7424474111326163,96.43212096836885,0.45761703062504466,192.97891204736072,-3.1178850776683236,0.4015530469776413,-21.035794338845452,-14.296786121617034,0.011531879432863601,96.47110952124969,96.59980993812518,0,0
15.241666666667028,-2.891981258559099,96.43293300406543,0.6849357131010834,192.93412579236497,-3.3003762522769757,0.29017437510989486,-18.968218540744058,-21.586227811165646,0.013524084942112324,96.47628788135678,96.56746110666214,0,0
15.25000000000036,-3.222342718697803,96.47913969473836,-0.766327947730872,193.1223632419625,-3.4440283595208054,0.07307570395299907,-15.259804014407639,-26.225028269334217,0.013681117838251211,96.53293680829141,96.67442612270291,0,0
15.258333333333695,-3.302311408779019,96.3081251154814,-0.9413669804841334,193.1312093548841,-3.5561987429620645,-0.13716331146410685,-11.712698695438139,-30.623711067441388,0.013901693046419084,96.3647249977904,96.85186472249241,0,0
15.266666666667028,-3.5859794131762897,96.28670212841473,-1.5949067156885235,193.0647752833301,-3.6461744728703036,-0.3543884891599981,-9.983190364025512,-31.55721087669322,0.013662369309734856,96.35345481672046,96.79855274778045,0,0
15.275000000000363,-3.7949443712120683,96.37629979271094,-2.408487096529086,193.19335327797154,-3.7068042172654785,-0.6231829568060093,-7.971851054367138,-28.732451751622822,0.011853626356969293,96.45098633251548,96.82698027586285,0,0
15.283333333333696,-3.8254029529845184,96.3896747306772,-2.7510839571286283,193.40518834739981,-3.760165979748533,-0.8775251496865782,-4.2966545369999904,-31.56903573540782,0.011574544100481532,96.4655539684423,97.02146176811267,0,0
15.291666666667028,-3.674288696471251,96.48220386697773,-3.233630148725922,193.44153794955406,-3.785633657314781,-1.2092610724119734,-0.7218429095171202,-33.94916306731068,0.011282872604675642,96.55214166684273,96.96033542481354,0,0
15.300000000000361,-3.8237500753229483,96.5436671885999,-3.500183975702271,193.7592620175028,-3.7932411742539243,-1.4894680872887631,0.7085357415007608,-40.30078724312057,0.013245671773354672,96.61936006236883,97.21613329565334,0,0
15.308333333333696,-3.8663765575391835,96.45276003643869,-4.091743511147229,193.73748318893047,-3.794583118541561,-1.8536755710218915,1.9915290870528584,-43.554573688020234,0.014282065900791618,96.53022213965693,97.28498419139898,0,0
15.316666666667029,-3.6940818537415794,96.69610313991797,-4.843963159851057,193.94124024677706,-3.7664388948209755,-2.1811468489475683,2.553874342273425,-43.75747747108628,0.014320978822699448,96.76663992920182,97.2519352915404,0,0
15.325000000000362,-3.6768739241086905,96.49535002402678,-5.660920427531437,193.46751475550383,-3.724848834654728,-2.561885909246379,3.9716583430932544,-48.180260757592826,0.015855201280153164,96.56537670466177,96.99245936275905,0,0
15.333333333333696,-3.6327994792702043,96.37802719142542,-6.321203479761323,194.02949015742593,-3.6800928012144025,-3.0113329145397114,6.2063361789000195,-52.825752223351515,0.017387105346400755,96.44646886935635,97.68846265281293,0,0
15.341666666667031,-3.648067623684028,96.5172153357737,-6.640806413362952,193.52432841652563,-3.6215624940355813,-3.4266668284313813,9.010040970650945,-52.136205086301686,0.016381883732960123,96.58613385760444,97.05326616721892,0,0
15.350000000000364,-3.44169603137982,96.52253586715312,-7.313333948364971,193.46125079888964,-3.5421905159564675,-3.8772941450188667,9.653941614161926,-49.6324412655628,0.015566656417655977,96.5838765105143,97.01599884955426,0,0
15.358333333333697,-3.204627745075811,96.6037773343457,-7.500737711708098,193.42322599067194,-3.4814973360956794,-4.255512888289793,8.829546060108358,-45.21928186715998,0.014582213079897599,96.65691612217076,96.91471611143682,0,0
15.366666666667031,-3.0483015390066157,96.42912134381447,-8.78655269777164,193.50909965893743,-3.4091154983115,-4.583356488654373,10.045185277917486,-41.55138087984845,0.013420330712215822,96.47729051653972,97.24942013208003,0,0
15.375000000000364,-2.957669730321186,96.47532922956708,-9.063293267189408,193.49336718157372,-3.305457077139823,-4.924881728470592,11.466984998414162,-39.86479081757054,0.013003346859006726,96.52065561415867,97.20997030567882,0,0
15.383333333333697,-2.806715910552441,96.4750591038777,-8.881400745829694,193.610625434935,-3.1894180231634395,-5.269961843160925,12.84561940223569,-37.812408858232494,0.012645328887235685,96.51587788182441,97.32533093857519,0,0
15.39166666666703,-2.741762720104134,96.44243434167004,-9.760514038808708,193.94696433300084,-3.065586966541092,-5.591844902019223,13.904908819762074,-33.754142607638975,0.01202558100127682,96.48139926721984,97.75682195583153,0,0
15.400000000000365,-2.5960029425897915,96.26257430323159,-9.655808329117917,193.61660116662966,-2.96867546202261,-5.891511898485258,13.853905026492503,-34.68931314458894,0.012660920074677673,96.29757236173256,97.6096685713812,0,0
15.4083333333337,-2.0800469557166252,96.25014928863231,-9.915415145444172,193.3928760903704,-2.8636210743950747,-6.210900279451414,14.258309296538421,-37.340544437469866,0.01371085513945669,96.27262245011296,97.45820830051063,0,0
15.416666666667032,-1.8855405430656447,96.3056077134662,-10.564850801647822,193.58617110019043,-2.760060658808916,-6.488890932672359,13.031178284613429,-41.87762686346949,0.015501784354902792,96.32406418024306,97.6669772205693,0,0
15.425000000000365,-1.814486535606136,96.38975156853638,-10.807997016783588,193.45557506471016,-2.6605597288127663,-6.822870391201975,10.904989063812403,-40.15231508139099,0.016044309642283316,96.40682843467084,97.48157426798876,0,0
15.4333333333337,-1.7489554454194263,96.48505365151561,-11.113773917731919,193.2040095751487,-2.566537352600276,-7.138676725697895,9.10721632884373,-34.18254522029685,0.015429334238132864,96.50090374336351,97.17127281237518,0,0
15.441666666667032,-1.7601486118263665,96.40196767156806,-11.90575530792654,193.1225630047847,-2.4741184152275175,-7.400151865418252,7.814281536478915,-30.694079084342448,0.015367406264830574,96.4180351079909,97.25125653092509,0,0
15.450000000000365,-1.4338682352540104,96.26222531362487,-11.906289010954765,192.94331790983068,-2.408370870375908,-7.619931198218164,7.162682880640002,-20.903190665351925,0.014183963201809924,96.27290377072435,97.24662082817814,0,0
15.458333333333698,-1.4303213198513163,96.53442410644209,-11.97918299439391,193.1044188827122,-2.352138400181779,-7.793335336853569,9.24520426440145,-17.518110255986464,0.014149194765956885,96.5450198438037,97.14444077618374,0,0
15.466666666667033,-1.2599186341301447,96.55881413755492,-12.112652773248726,192.9678494847193,-2.2859355491847158,-7.890728979574376,9.1834803919626,-11.025341023947455,0.014000727871967378,96.56703362232633,97.01795676505036,0,0
15.475000000000366,-1.0898517299705759,96.55164736927514,-12.007916373557919,193.1627227016856,-2.2192865265240753,-7.986889213891081,7.893073908049465,-5.746314636081915,0.014090350927361772,96.55779816521385,97.22604595706976,0,0
15.4833333333337,-0.9991361973497987,96.25498497534403,-12.069021577000626,193.09499555368382,-2.1563683437753243,-7.997966623620093,6.328705603333949,0.3911373576287152,0.014127124172003125,96.26017040159735,97.47066230990517,0,0
15.491666666667035,-1.0101549531351566,96.24076735127608,-11.861490466900932,193.10553163977102,-2.101642801690792,-8.016531659396295,4.679733359610592,-1.3028174675954283,0.013856374451695519,96.2460685607043,97.4706829928774,0,0
15.500000000000368,-0.8275243862918842,96.25054971953858,-12.095591168170472,193.1974004656924,-2.0656540076647443,-8.042374773513755,4.484491106410886,-1.5372706651613544,0.01386032460430675,96.25410701847105,97.59949384396366,0,0
15.5083333333337,-0.9102125502562899,96.26103837151771,-11.571808453960614,193.01912378831565,-2.0346079932269734,-7.992206194851219,2.4793368039889327,4.63763737963572,0.013808738379856855,96.2653416097894,97.34370406317119,0,0
15.516666666667033,-0.8244248615698666,96.24547395635358,-11.893663802452295,193.06976422830564,-2.0167109224639788,-7.975731942928311,1.8388667594688972,3.3535896534951894,0.013605128450798087,96.24900484387103,97.45497030627827,0,0
15.525000000000368,-0.7612463108434895,96.2273623684589,-11.461190713007397,193.16237839182503,-2.0147180255264767,-7.945593677812556,0.5531216052138389,4.580845407580758,0.01349573852276631,96.23037339809335,97.52377218739875,0,0
15.533333333333701,-0.7657512160953956,96.21892595736222,-12.024558611583416,193.1957148034499,-2.009319124273387,-7.924150921373016,-0.29164359048184385,4.116875767494305,0.013365386945720648,96.22197299636557,97.62816355369681,0,0
15.541666666667034,-0.798002328923701,96.20650354369297,-11.32091337959605,193.14562392256312,-2.019615713935273,-7.86653689041548,-2.1284115537880646,8.525492325381501,0.013358028669787636,96.20981307444463,97.50858791311379,0,0
15.550000000000367,-0.8986866930607107,96.23264926993443,-10.973295513309836,193.33997821448196,-2.0421440987654895,-7.710647815025246,-2.8313939897895635,16.094436818554716,0.01361332156278694,96.23684545579461,97.6285361849987,0,0
15.558333333333703,-0.8604434786328738,96.25089017079205,-11.700286438447677,192.96598989060158,-2.0589058354636967,-7.5795989296073065,-3.8588378609508633,23.717078056042144,0.014366687462741723,96.25473609983976,97.32066948601488,0,0
15.566666666667036,-1.0001764100566675,96.22604065480351,-10.94342819090025,193.42547900083213,-2.1026316821370923,-7.342764517701521,-4.990570430004843,29.65512891839569,0.014863104515771663,96.23123844652075,97.70669921126527,0,0
15.575000000000369,-0.9720073266248619,96.41225607434097,-10.61779645280285,193.19046442685192,-2.1522426156438925,-7.062273585948983,-5.854492024383931,38.64833367825435,0.016517423506844597,96.4171557327186,97.2577136261629,0,0
15.583333333333702,-1.1824053934025756,96.57068385301386,-9.7531614400977,193.35935811855063,-2.2105743039397288,-6.720315181351348,-7.2170105434129965,42.33105924766044,0.01657195408961254,96.57792223046165,97.16740876081928,0,0
15.591666666667038,-1.172147810960837,96.34942070950791,-9.112489526873219,193.51593404428598,-2.2700844690928474,-6.351991127083308,-8.049311950493577,52.002232442865164,0.019253750346666987,96.35655038215353,97.4904115295605,0,0
15.60000000000037,-1.317968884574782,96.53197585858254,-9.154481807755417,193.42654109009823,-2.341058274676511,-5.915295706840248,-9.300008775876965,56.02065660717826,0.01968699111140504,96.54097267555713,97.21094437458997,0,0
15.608333333333702,-1.5693311962238,96.48869047741249,-8.097897677900733,193.15780888137772,-2.416950301973009,-5.422158430619474,-9.110210342790701,52.4486985741002,0.0172414126919338,96.50145175306615,96.88932156489447,0,0
15.616666666667037,-1.6003419708903834,96.33752237400984,-7.441600221946771,193.4490899122692,-2.4820633166149446,-5.015686026458611,-8.676054336766935,52.34887377270334,0.016660934435543062,96.35081375674334,97.28708469110092,0,0
15.62500000000037,-1.7539471366696944,96.21386194852505,-7.000039574823404,193.51273631125002,-2.5431790130062244,-4.597526688473001,-6.862839076661739,49.15511786995038,0.01530236827287057,96.22984756097283,97.44019929229924,0,0
15.633333333333704,-1.8110338477759456,96.21887326769485,-5.985234387043192,193.6447633144213,-2.6113702049923093,-4.183256343018134,-7.609449331366101,51.196839820765405,0.015333137342868675,96.235915418842,97.51527060690985,0,0
15.641666666667037,-1.990212392144315,96.34852027101118,-5.806969772222089,193.82864260104458,-2.709244892326292,-3.7348306318211937,-9.247658050486258,50.833082284437054,0.014126102748985847,96.36907337823321,97.55481477803468,0,0
15.650000000000372,-1.9878341379977655,96.37705435358725,-5.1646159194345955,193.63535734327354,-2.7880862637199595,-3.306440212233724,-9.99476530566913,46.73761576755846,0.011904182677344721,96.39755230520379,97.31017132304562,0,0
15.658333333333704,-2.0988862968126796,96.1629091706738,-4.679526633698458,193.67400492625165,-2.849649267249885,-2.9128469792527407,-9.41709704899539,49.578896621293545,0.012810164910598498,96.18581196753608,97.5452382231026,0,0
15.666666666667037,-2.2854571670622477,96.44615141705043,-3.970939174499904,193.55686874551196,-2.90595087586536,-2.5467830183736027,-6.965562447105035,46.10330419800863,0.01197418273676476,96.47322653266602,97.12534308637346,0,0
15.67500000000037,-2.6328826248605424,96.36702984672519,-3.3582966431266073,193.40021760469688,-2.9404093758521865,-2.160816307961266,-4.094353454842196,45.70818142586654,0.012549250794863465,96.4029901631475,97.0358992949088,0,0
15.683333333333705,-2.6380180803377584,96.47643988338052,-2.960187272744406,193.5619473647294,-2.961066396968348,-1.7689953895970967,-0.7085522706387835,48.28057502418268,0.014846591150178057,96.51249966695363,97.08604202407051,0,0
15.691666666667038,-2.3272732524505386,96.21878617223865,-2.2205721872696813,193.2760331974922,-2.9906169847625623,-1.3321343807231931,-0.19906600992161297,48.454507338770796,0.014973102016488937,96.24692729251441,97.05730567679282,0,0
15.70000000000037,-2.3084453261098474,96.46873066256762,-1.3011264948013377,193.3414594401532,-2.9904397526285194,-0.9408756772476116,2.7068521635333904,46.54722710797047,0.015314448043109774,96.49634664312765,96.877965874824,0,0
15.708333333333705,-2.3211999100777234,96.2765440118859,-1.1045565954584617,193.299187164738,-2.9644829410600577,-0.5557041876037977,4.209491754370309,45.666807607232336,0.015498146891839593,96.30452167938506,97.03027107722971,0,0
15.71666666666704,-2.312642137824753,96.37406440787072,0.2659299132720889,193.2576003480309,-2.9171259292287206,-0.20761630454869612,4.513340231877165,44.90370134582753,0.015135442289779366,96.40180809585502,96.91784443584685,0,0
15.725000000000373,-2.3439494342803187,96.25576039482047,0.7630943268518422,193.15571466988928,-2.8813791074777684,0.17951088529079093,2.3154139982708775,47.026129322588346,0.014958997300931642,96.2842952310269,96.94975430316478,0,0
15.733333333333706,-2.41687387466402,96.43544681427056,1.1391823175313789,193.06065226253338,-2.8474401273238685,0.5551703967568196,3.9473245322247004,42.76008092112075,0.013739566842553064,96.46572801567424,96.69061931522133,0,0
15.74166666666704,-1.9245709669357325,96.66925867862227,1.8948189044148762,193.04442283256697,-2.8066570254577354,0.8761133223040993,7.843729827405735,36.178064408333334,0.01274078599502948,96.68841475006796,96.45081650607817,0,0
15.750000000000373,-1.9872105121824006,96.23890581351571,2.6473366252621986,192.95635298985798,-2.728979512324401,1.1668303939348397,11.069227706158037,32.91708298577622,0.012946019125670727,96.25942030680673,96.82842359285702,0,0
15.758333333333706,-1.8780101667302915,96.44475991579003,3.179916023851092,193.05363571440228,-2.6306376048108575,1.5138421160345823,13.605069240995366,33.95117842001461,0.014810035693112233,96.46304285787755,96.7411882313891,0,0
15.766666666667039,-1.8072343091831726,96.48457260475595,4.013560520894828,192.99406104465527,-2.484921323636111,1.740960886110802,17.907420080134013,33.460913991186075,0.017122737364298146,96.50149660275073,96.68486443795081,0,0
15.775000000000373,-1.2611990843876129,96.55235772742208,4.356049394318632,193.04164992142398,-2.322852794919251,1.985260071715619,20.458431340631776,29.22016968569249,0.016599881650372517,96.56059447753282,96.6526615700313,0,0
15.783333333333708,-1.048985544871357,96.52534688088241,5.101550795109574,192.95594023857046,-2.1397487426442923,2.1915401642912964,23.217158134463638,22.79598924863149,0.015268271562314695,96.53104661790435,96.62654103601773,0,0
15.79166666666704,-0.7162030899651199,96.4716244686523,6.205821670764124,192.72850296019675,-1.9724060517396877,2.417686132176359,25.63552818585893,20.6887872375176,0.01587222569712976,96.47428296953935,96.50544587599242,0,0
15.800000000000374,-0.34645353631071885,96.27972850033666,7.015465040065635,192.9918809065278,-1.7416084660730284,2.515488024383931,26.791362855015684,14.405145258590254,0.013716571536027011,96.28035183853122,96.99194950181966,0,0
15.808333333333708,0.22468072946145412,96.36704581527391,6.731927614790152,192.39334986859478,-1.511031225956236,2.6705883737679175,27.26114182215279,14.147987162075372,0.013798857040897339,96.36730773759996,96.24653413067635,0,0
15.816666666667041,0.34342926831641307,96.47755752521516,7.548862482719244,192.54709023345504,-1.2554464714175972,2.8056544534595123,29.12629888492267,14.552077406174334,0.015091830427441444,96.47816877249245,96.33936569537289,0,0
15.825000000000374,0.842034590100809,96.37454263821178,8.18674674294158,192.5579978893535,-1.0346924606897228,2.883204171864144,30.046727427730367,6.017222751132338,0.012248494773991592,96.37822104072801,96.46347423069763,0,0
15.833333333333707,1.168980363111416,96.40832827657317,8.966418839104506,192.62070024444392,-0.7511005466910181,2.9302884921968313,32.975529873693866,5.765519965593601,0.013903471431739423,96.41541513768863,96.52782275836753,0,0
15.841666666667042,1.9319100022938187,96.24078620334194,9.011096253833841,192.513687528209,-0.46793846777919995,2.9296354030997374,35.1321075629394,4.595902242023511,0.014796680994329847,96.26017455466375,96.53282554391322,0,0
15.850000000000374,2.232848387683646,96.34567083178683,10.48722416189355,192.52628481291543,-0.16454814953849464,2.9238203206702016,37.9170316954969,-0.5633082032821248,0.014702820231868863,96.371540923394,96.53416610303698,0,0
15.858333333333709,2.867487548567624,96.238928377886,10.335854060766849,192.44836642660914,0.12798372786864742,2.979753882244352,38.437210309644215,-4.875922384901475,0.01361115730211715,96.28163802182148,96.49887288466967,0,0
15.866666666667044,3.1458318687822953,96.23889500567662,10.156234458523102,192.4319117129266,0.4710028555478502,2.976866075305273,38.91315623301556,-0.942628804272192,0.015390371670288783,96.29029634423344,96.44813221473765,0,0
15.875000000000377,4.178348783866852,96.13072305559274,11.975417564778695,193.1476517347815,0.7896749590923562,2.9126994597191627,38.84056506381381,-4.779057455814527,0.014052139915191386,96.22148675712047,97.32974227807793,0,0
15.88333333333371,4.359290165861125,96.17286058324646,11.490803799583603,192.3798735893006,1.129088262903747,2.841132857454285,39.40016412275654,-6.0187088332429735,0.01416862943328523,96.27160808626152,96.47096888833987,0,0
15.891666666667042,5.007162110393892,96.10703311181885,12.336793103791138,192.60257825515674,1.4279298864634045,2.8430505817634506,38.61602316086992,-5.676498115647049,0.014033216147461225,96.23738091799885,96.77351767404825,0,0
15.900000000000377,5.362347835238268,95.78697479201628,13.189890189351956,193.34528439622972,1.7640435326622494,2.7285647428370994,37.90810455246276,-4.307502842775235,0.014275708969889944,95.93695489284849,97.87182532341474,0,0
15.90833333333371,6.270035556643052,96.22868265899945,13.402012129692991,192.46821406413238,2.076212149053394,2.6666913069543465,37.36488414592339,-12.653608013650482,0.011910223444780321,96.43273672445467,96.50343255510708,0,0
15.916666666667043,6.460670111990737,95.74233909255037,12.8351991214941,192.3341090303224,2.394432991997802,2.610378438099127,36.34116510327714,-13.406419625448983,0.011616438209034019,95.96007374532843,96.80188345174116,0,0
15.925000000000376,7.099812468304265,95.16003081109034,14.183776374788977,192.11836409553803,2.685053879509923,2.462462628043843,37.80462302393134,-12.868901888431607,0.012938639510065908,95.42451886728459,97.21677292487348,0,0
15.933333333333712,7.409582324654423,96.1975347092727,14.392966674698187,192.53414259354895,2.99632610905129,2.4424034865101745,34.88912398116431,-8.680770085146431,0.012953095482012955,96.48247299052589,96.58938697201278,0,0
15.941666666667045,8.242997111750753,95.79150505845837,14.254282429171951,192.2676869133948,3.2874120146565757,2.3806132909415307,34.417499197126396,-2.843221591660741,0.014930968520197041,96.14551181801981,96.66327749706302,0,0
15.950000000000378,8.422298176191248,95.13551049203647,14.837349796929232,192.3031848222364,3.5622408944052677,2.315671837944881,32.0828193608341,0.20032533028799088,0.015093658819535172,95.50759374598994,97.3792063124183,0,0
15.95833333333371,8.951771864759053,94.98803306072784,15.830132294577083,192.23498114566286,3.816090685530447,2.303461225502579,31.921441820141926,-2.7658223912937197,0.014757568826228695,95.4089128135554,97.489900779704,0,0
15.966666666667047,9.325227190027363,94.93212119213553,15.591388255712673,191.82078409691997,4.095782356246869,2.2745848138342453,30.137635665541776,-6.242422968443373,0.01366675220611091,95.38903236842239,97.09107978582823,0,0
15.975000000000378,9.751756730001546,95.68882723967732,16.776538143600533,191.65794671314063,4.3418265322437435,2.1997697342355957,29.19242835584938,-3.116827523851735,0.014633851750259552,96.18444997932848,96.22587721824478,0,0
15.98333333333371,10.177481156301269,94.9926371949374,16.340614438155512,191.79425180162855,4.570626016212766,2.2016423100220686,25.573514814096484,-1.9460236992677695,0.013903871389540523,95.53628757668928,96.99761235366704,0,0
15.991666666667047,10.406660898093094,95.12878314751839,16.52041760574417,192.3923119722399,4.761489981928722,2.2872961788712454,24.463498782241544,0.30132427995177985,0.014639000088958909,95.69631118374146,97.4554875854499,0,0
16.00000000000038,10.886830078622097,94.96963651978217,17.171928311564443,191.7240706171234,4.956395636369392,2.2603187277863257,20.70468949482507,2.9449786322498936,0.01428814563253411,95.59160491309022,96.9583569234467,0,0
16.008333333333713,11.220647771111658,95.36172102433812,17.584475070995722,191.90730661874403,5.108762157440386,2.2669407160681203,17.435529153997894,7.391712696994674,0.014579404287528686,96.0195853621908,96.75509493390778,0,0
16.016666666667046,11.22716392144838,94.88576664735177,17.947740847608316,191.670756866707,5.248087854019513,2.3258313835042976,14.111302205562488,8.27436600353758,0.014122113097260858,95.54767355605665,97.01804206425277,0,0
16.02500000000038,11.353105119690838,94.89158889323164,18.37034540023859,191.46320689218408,5.338083323519255,2.4134890586663564,9.344269634881172,16.510898078348887,0.014879057141855334,95.56833491560283,96.82623128104561,0,0
16.03333333333371,11.627014351781781,94.80083739002453,18.835837264093925,192.07121397516346,5.425970127595215,2.566068773074264,8.431953337281088,13.040412092886616,0.014267789690368904,95.51118380894675,97.53713799776894,0,0
16.041666666667048,11.65617912740555,94.70721285930989,18.1944231116924,191.52778810410246,5.50930291210357,2.6865468470494873,7.551644430240356,12.931400018705629,0.014445689584023036,95.42181448405181,97.04108627344709,0,0
16.05000000000038,11.70624587331639,94.75862082549946,19.096499798017646,191.17612780412895,5.5470337143054165,2.817014988071221,6.467149233475252,15.169629269665755,0.014902997158132258,95.47896319712169,96.70031801936139,0,0
16.058333333333714,11.816296217588615,94.71958864038629,19.420395814505298,191.05727730267506,5.59161255758207,2.9303273906276766,5.275717869644379,15.059373417229994,0.014873112593400961,95.45378634976088,96.63732502233239,0,0
16.066666666667047,11.75320468247861,94.73576995733839,19.838654261443082,191.09310457550532,5.650279495534352,2.979281121682933,4.5193237510891695,11.22177446583163,0.01431417848675487,95.46205492088454,96.69596904530906,0,0
16.07500000000038,12.246002117667786,95.25781577210154,19.900910176092964,191.60276109467947,5.656913436570453,3.0884228206660116,0.9886471475241413,12.55001304746168,0.014065016592985646,96.0417411000944,96.64857012182577,0,0
16.083333333333712,11.92676996548829,94.77982904569501,20.115519815295272,191.10719015281109,5.641063965170396,3.1909737699868286,-1.7763955966000455,9.996795561694858,0.01356337127618179,95.52729366909148,96.67479569134579,0,0
16.091666666667045,11.748180208778933,94.76478853951471,20.051208050830894,190.95445374605606,5.6176373950659855,3.3479176306737175,-5.190722244415284,9.815521327064015,0.013539498112180137,95.49023450152839,96.54735606888674,0,0
16.100000000000378,11.92338226889376,94.72950690144711,20.02043281085406,191.33288975953855,5.581379878962384,3.433048915467941,-7.585836784824362,15.607005711870961,0.013848646474649673,95.4769423605589,96.94212607069258,0,0
16.108333333333714,11.794245727914529,94.87250049195973,20.09625502246115,191.87682717432,5.512139493349142,3.5769716163533447,-10.278662424184153,20.788426601475553,0.014202131628247017,95.6028011194616,97.35893771721635,0,0
16.116666666667047,11.251613772519306,94.85823544411465,20.602509942216557,190.9391436634741,5.3988911034114215,3.758064538771688,-14.634081824289511,26.879136901578537,0.014678379387436546,95.52320997567574,96.53486511842979,0,0
16.125000000000384,11.43349154587537,95.46302534542485,20.49485719416441,191.12758694626984,5.235324195950477,4.0249676545167565,-17.523136816202985,30.726986819291668,0.014975096730790671,96.145275167482,96.09275047418437,0,0
16.133333333333717,11.200799371175606,95.33877557208473,21.12825522555721,191.04172387047322,5.092091756322507,4.252981975508609,-21.040702949283244,33.25484045212134,0.01526873426115527,95.9944791857202,96.21646788749167,0,0
16.14166666666705,10.870510829811053,94.94770431768018,20.832109270609124,190.95003529843012,4.924448277509151,4.489978113963666,-22.726790917785625,29.601459131017393,0.014881176595314738,95.56795781483804,96.51777555058534,0,0
16.150000000000382,10.33587546400014,94.9613814483792,21.077259997105614,191.92435989472057,4.733759461123778,4.724089594676423,-22.118624881064825,23.333027993896902,0.014292213662935094,95.52221881945529,97.55611990476916,0,0
16.158333333333715,9.90430302749428,94.9956903383652,20.950127362555975,190.78669989032915,4.548972490036994,4.9337901952632315,-22.98106698746456,21.81157138595627,0.014233937406890274,95.51060884175644,96.42576287603583,0,0
16.16666666666705,9.733907712344148,95.02086878616495,21.12198913369332,190.80225640682664,4.3768827213182195,5.114736996812032,-23.372970197342898,24.404245570617732,0.014109824876427979,95.51813683395426,96.45601387678595,0,0
16.175000000000384,9.612634474945025,95.0059180477034,20.92020831237619,191.58673522812654,4.159189779749564,5.376610237216125,-22.173055287036785,25.017883423114572,0.013768912748980178,95.4909797082208,97.24050325521395,0,0
16.183333333333717,9.212610288230564,95.07165123268317,20.795613566680345,190.70123788448365,3.969856076653274,5.586772500345034,-21.326171830725926,28.004986214401118,0.01367976619971456,95.51696737455475,96.32852022190933,0,0
16.19166666666705,8.924373236989936,95.72613626444519,21.058673378631397,190.83641738705916,3.7770671075819306,5.786395044650093,-22.590632410203217,24.448757739700252,0.013616785951688914,96.14123777959294,95.8812120029263,0,0
16.200000000000383,8.509909531838275,95.10885146634502,21.280603511242816,190.81220462685104,3.598660351508567,5.94094226863135,-24.5030232222789,23.16595306225924,0.013874095215113513,95.48880660835253,96.55165680028561,0,0
16.208333333333716,8.25836047855131,95.19118418729494,21.3660618226765,191.34116919194202,3.3825088545962005,6.1590313671121235,-27.32035092514438,25.001241041816645,0.014488173933309145,95.54874182726431,97.03932940267383,0,0
16.21666666666705,7.727132358743916,95.09476352966857,21.13216032273442,190.66961113236277,3.158961236836463,6.382938078607281,-26.753609219832065,23.715353311426163,0.014387947127623146,95.40818950830757,96.51034280839329,0,0
16.22500000000038,7.6191037482725505,95.83466677862634,20.760195518978833,190.7449946215924,2.9546321626381875,6.512957510999584,-24.100318510810833,11.989043420797838,0.014350588677446652,96.13705892369128,95.81575352824517,0,0
16.233333333333718,7.094776001176967,95.83581948423335,20.347025395847254,191.0420325592915,2.7485977493172906,6.6024359410784035,-24.3471316746115,6.981677882256761,0.014967256489356373,96.09807564525649,96.12411311482626,0,0
16.24166666666705,6.851224224919349,95.82936367426925,20.795252851639475,191.62396853406466,2.537562002319259,6.65919000606109,-24.498320988609706,5.338677864589412,0.015067301113457443,96.07396221451198,96.80414378830655,0,0
16.250000000000384,6.318932281633749,95.23629768865459,20.667600988501533,191.011570263625,2.3283496611773393,6.715467905839101,-24.32563516547681,5.939650086579723,0.014669412651829195,95.44569818814207,96.84413833820469,0,0
16.258333333333717,6.337708122654817,95.68417549170067,19.931789883467502,190.784223855081,2.144640041139325,6.761034545422131,-21.929542681654727,4.413859809579896,0.013860117920688975,95.89383704792783,96.06673856042443,0,0
16.26666666666705,5.972815116026652,96.03018690915206,19.201789861073962,191.9025262277185,1.9642559477268098,6.7672311617910035,-21.823723695366656,0.5760377731550679,0.014302213972013256,96.21575400222626,96.78073785221645,0,0
16.275000000000386,5.379894018004393,96.13474737298378,19.57902560770293,191.75432434800064,1.7812890303716753,6.73442092728457,-20.174374508740716,-8.032554915481306,0.015363847153614607,96.28516454839952,96.66808593730792,0,0
16.28333333333372,5.244330487312141,96.03803818438229,19.25250161352318,192.07805663251344,1.6194329150384008,6.685680617019398,-19.806209477541334,-10.215603881285023,0.015499745953488464,96.18111966786944,97.05624143669785,0,0
16.291666666667055,5.086546701963414,96.05126115107748,18.80003907563122,191.29005494428736,1.4637941472246196,6.554787066413541,-17.617017794793497,-12.847150343029867,0.014779165868312294,96.18584992639896,96.22103572643665,0,0
16.300000000000388,4.970989921385296,96.09039001524252,18.14495713723727,191.30136703803817,1.3472578725003055,6.354926760986128,-14.470662975625862,-21.948618572793993,0.015697216497134292,96.2188848099994,96.11807092237996,0,0
16.30833333333372,4.475940964649567,96.09157461440685,17.282143320178875,191.87101093408222,1.2261147200286533,6.17169144427501,-10.610457968221114,-33.23558386672983,0.017668317150125734,96.19576268939889,96.63177138232287,0,0
16.316666666667054,4.453728210799795,96.1599546308226,16.906129924744562,191.8852297887857,1.1342163013281015,5.933116788887474,-9.870677225803801,-38.244707815239835,0.01891302180563148,96.26303843935914,96.53181140180268,0,0
16.325000000000387,4.328455740657034,96.31324479214095,16.69265412247654,191.73845308426087,1.081284760162464,5.566680867513756,-8.612624464360007,-38.073011937149595,0.017311142689596437,96.41045924322574,96.22288594310326,0,0
16.33333333333372,4.309621887048706,96.29176430674096,15.447198394428256,192.34717622944555,0.9917624878313751,5.243595982414383,-8.27002469029972,-39.594093387028536,0.017110026669057365,96.38815650334993,96.698954338184,0,0
16.341666666667052,4.250099564030734,96.27471983352206,14.729376534578023,192.11417065245934,0.9013159530293726,4.977624774737845,-9.141141113452557,-34.52451904276068,0.014710618255630248,96.36848564404931,96.41066112780754,0,0
16.350000000000385,3.9275797876291563,96.32293476724112,14.499198363024789,192.05579718875737,0.816028091791438,4.672597638196188,-10.236321667540278,-35.96353892310291,0.015314699131756093,96.40297529206441,96.31479671743385,0,0
16.35833333333372,3.8416757525349112,96.29284672215266,13.799640909216635,192.1098985322348,0.7447314733842013,4.32722587617529,-12.111693601621248,-38.52769493694489,0.016984171746701193,96.36944952859075,96.33311210397832,0,0
16.366666666667054,3.8417266596113677,96.192576904943,12.917249813977492,192.51750432867402,0.6586935095658581,4.055602843516526,-10.976509718545485,-33.240279527749756,0.013401705857304158,96.26926152900802,96.75152073074865,0,0
16.375000000000387,3.3013669790914264,96.23963837750824,12.461359489089261,193.45983714990257,0.5779819361482017,3.688202205641729,-9.56764373900786,-38.19827486550543,0.014311404818808882,96.2962461312184,97.65076810822882,0,0
16.38333333333372,3.3468240755552756,96.29014631064388,12.128068670119887,193.18474876136275,0.5044599580597264,3.3929783846580768,-6.864365839201056,-44.35289997326208,0.01537917183912052,96.34829270888987,97.29169666889578,0,0
16.391666666667053,3.357458057818178,96.22676342729704,10.483362132099899,192.3858346973983,0.4541149405253414,3.0215153171475864,-4.191929346222053,-48.01106558709597,0.015287555802827146,96.28531832165795,96.42274366768599,0,0
16.400000000000386,3.3204899121240032,96.20899781695425,10.27128216548715,192.48834802226366,0.42125458780576186,2.585336051724315,-3.194964073873272,-49.707601031480145,0.015145897285901544,96.26628129412306,96.52992690821861,0,0
16.40833333333372,3.286587052536049,96.18174391149387,10.102009018360377,192.4162193927164,0.3947216584843237,2.2172865303925513,-1.158631419151487,-49.51603652390201,0.013630631747436173,96.23787984110042,96.47551112960358,0,0
16.416666666667055,3.2005865123220474,96.13523239352912,7.95896139703467,192.24905784182727,0.3872593912956555,1.751889046834336,0.41880025358093975,-56.46356284393279,0.016095398508977343,96.18849547311108,96.23154147081604,0,0
16.42500000000039,3.2415683766138272,96.15566041100266,8.413979370721222,192.69827309920657,0.4093205898524739,1.2516568848763485,-0.29512993874701277,-56.12231337831652,0.01602329131823188,96.21028424558533,96.6810731226982,0,0
16.433333333333724,3.2504707324963533,96.4308534636126,7.1327968422465915,192.5216370097442,0.4071040946360806,0.784294744898638,0.7340293782222661,-56.212635320524676,0.015327546713953755,96.48562099973002,96.16917977466568,0,0
16.441666666667057,3.2023108319617677,96.19379801771362,6.345941987941046,192.63882777026777,0.40823604140860514,0.3716236509198102,1.168647600762732,-57.74994285369019,0.015849428434148827,96.24708604283656,96.4962495686537,0,0
16.45000000000039,3.312665512910712,96.17608075182335,5.964528745413929,192.94383751591306,0.41724255174698766,-0.13592208057576383,1.3421724675753781,-55.404253284223685,0.014459360523134457,96.23311416337764,96.80408631745838,0,0
16.458333333333723,3.32019834913649,96.17042189526643,4.245510972386455,193.15749824992128,0.4254597889992148,-0.5982028137715842,0.8401431425617726,-51.74176127767364,0.012888451781392973,96.22771827592686,96.99149026215854,0,0
16.466666666667056,3.30881684173346,96.1895224210266,4.407345959900965,193.18243888871808,0.4267050661049771,-0.9655108904251852,-0.5214088723205166,-51.99639159203356,0.01381817894861559,96.24641547858974,96.99913716694618,0,0
16.47500000000039,3.2500002537963724,96.18761420661417,3.5701741646708456,192.89883150280235,0.4147729425788182,-1.4101250683451578,-1.6559185430115269,-43.78151424882306,0.010610934862340216,96.2425042712944,96.71174728151557,0,0
16.483333333333725,3.2410072649604444,96.17057517290084,2.8766790776194853,192.8903245009534,0.4019209941309744,-1.78323655264177,-2.5451577379674664,-44.53566697036368,0.011596643215017188,96.22517164015919,96.7204355093039,0,0
16.491666666667058,3.2516527079500293,96.20472658919692,1.8865106281687645,193.15997933626153,0.38751402176127187,-2.1391620400320526,-2.8681886787237176,-42.057351138967604,0.010887777119459763,96.25966270164909,96.96486295635738,0,0
16.50000000000039,3.1640914913958795,96.51699555510686,1.6473324793755637,193.0487555156647,0.38262365494973516,-2.5747727181772944,-1.0407104749734162,-48.32187531508257,0.013303689182778466,96.56884542102821,96.54367529249808,0,0
16.508333333333724,3.093461285612591,96.39606243115941,0.9384079905270255,193.0868518404269,0.36233562591713064,-2.9508209763353848,-1.7823180934376763,-53.932192641979505,0.016984656075775373,96.44568603601493,96.71480244146692,0,0
16.516666666667057,3.085303713002304,96.35814292077089,-0.000569970570438727,193.0864320879981,0.3278726458268822,-3.442142174640732,-3.774904324772785,-53.4948463428604,0.018480091821348132,96.40752463444528,96.7775001826855,0,0
16.52500000000039,3.0993798940751844,96.44718434941979,-0.7973526084019227,193.20465351956057,0.25838864381937604,-3.757670204791227,-8.054413859691154,-44.68769176546492,0.016657548011313583,96.49697158283654,96.83590431449797,0,0
16.533333333333722,3.040883347182387,96.32699639810147,-1.375511637833256,193.1529961536565,0.19341407781786965,-4.124417269242409,-9.77767401901888,-42.65009896841738,0.017160545329049093,96.37498226516581,96.92666698760672,0,0
16.54166666666706,2.933835584955375,96.19314039046628,-2.8832896052552996,193.337991579995,0.12017590900870845,-4.5122518735502535,-11.068819812905504,-43.387657784660206,0.018965176361819047,96.23787014174567,97.31886280734203,0,0
16.55000000000039,2.4283558342884817,96.24382954299932,-2.8856270307667273,193.37271347413355,0.020362183195120426,-4.906262972687159,-13.922945830174386,-38.62400701281682,0.01895956153567191,96.27445994218732,97.27414100159325,0,0
16.558333333333724,2.2915542268498825,96.24517286852279,-3.7916170536716436,193.2726086190434,-0.09476626985819246,-5.128735469937791,-15.497947932137722,-26.890445905932786,0.014841183332631402,96.2724494404626,97.21794207423632,0,0
16.566666666667057,2.0580772538909855,96.23704412536085,-3.5476297785652946,193.22037742120608,-0.23043963506561918,-5.348549297163052,-16.243299367250557,-23.65810174843951,0.01438745455812862,96.2590481148117,97.14520517507147,0,0
16.575000000000394,2.207285052258783,96.33446101542211,-5.478513612373433,193.06815781857313,-0.3641734222136365,-5.542507607229363,-15.40750742792088,-21.37622177214153,0.013525512802322393,96.35974515550467,97.03854697138252,0,0
16.583333333333727,1.7539576552631502,96.25323253631984,-5.767753011701359,193.24800030189186,-0.5068246435015075,-5.757915538079852,-15.778391829662933,-22.893932978460477,0.014779061683157124,96.26921180287765,97.2859758919793,0,0
16.59166666666706,1.353449440890131,96.18099954788579,-5.742054105860234,193.2904984767818,-0.6505657380600343,-5.90392048449572,-17.34674865953119,-22.220820653621544,0.015727767666913195,96.19052187933826,97.36837758124145,0,0
16.600000000000392,1.24899391917603,96.12439894048015,-5.5058412143029045,193.2201155724544,-0.8055587011169384,-5.9982116079652235,-21.644583744279313,-6.170411432223667,0.012855986364467498,96.13251300927652,97.33039600226192,0,0
16.60833333333373,0.9401153667935205,96.44466888918117,-7.390228184008151,193.53397186759463,-0.991674325059882,-6.056593430978028,-23.616066340770605,-1.8075226595842782,0.012870040499860291,96.44925076975285,97.44602288707604,0,0
16.61666666666706,0.7050839931675341,96.55687039753906,-7.250214804647385,193.3842624816338,-1.17634234040364,-6.078706501188347,-23.631740330043844,5.152375445218566,0.01157145148796257,96.5594447188082,97.15364448526638,0,0
16.625000000000394,0.2061881725236958,96.64305274585723,-7.891046082264495,194.01421019527504,-1.3994637696650514,-5.948799519260559,-23.990010016167645,3.85611339044601,0.011867125062184236,96.64327269707411,97.70725410948886,0,0
16.633333333333727,-0.12810694968794678,96.61526524670307,-7.204269553146958,193.3512157548023,-1.5716433300094297,-5.956917429164134,-23.923884488458985,6.858321355971317,0.011493374175317594,96.61535017833009,96.99441323033,0,0
16.64166666666706,-0.5360853495524793,96.38314369712276,-7.321817073781915,193.39386766312418,-1.7789538369058913,-5.9354551155349515,-25.491652926390877,11.641719980614656,0.011539967331001932,96.38463454535801,97.24775945717688,0,0
16.650000000000393,-0.727164292250734,96.21645183083757,-8.594020769524377,193.64278767605185,-2.011578103149798,-5.825381171537415,-26.030902763764754,15.014570715448492,0.011382565545737577,96.21919959563066,97.74343122204431,0,0
16.658333333333726,-1.0594242731938266,96.43921200914679,-7.999773177419627,193.62807905622577,-2.2418733519293825,-5.659404835394914,-27.124769511490594,7.7665319930183765,0.012863798240978053,96.44503093853925,97.4363603630964,0,0
16.666666666667062,-1.6376778371563319,96.48773325551002,-8.53554712345283,194.1690075929517,-2.463046241450265,-5.629060943577834,-26.7411075694749,4.463062571071865,0.013675798980267828,96.50163033589001,97.9245217342284,0,0
16.675000000000395,-1.686835551990157,96.36920595141856,-9.01228134717502,194.02741360409442,-2.6651633795192757,-5.586519996611986,-26.620402144184474,3.893833848654627,0.014024721458609335,96.38396790901683,97.93256699398495,0,0
16.683333333333728,-2.5345603754294643,96.73383057729598,-9.077433516652263,193.68554583505124,-2.873062248356839,-5.575801398867252,-25.60434569817114,8.499286950706574,0.01308061496207813,96.76702937702333,97.17224027654703,0,0
16.69166666666706,-2.735960618766285,96.40785555188279,-9.11396157002855,193.63531383698552,-3.101166002178772,-5.468345661963616,-26.465767098786344,12.532370273547238,0.013049708536377214,96.44666968133289,97.43642820175467,0,0
16.700000000000394,-3.007450558842379,96.43958384658094,-9.781938842483385,193.6254117304776,-3.3432567611981012,-5.327983645819657,-26.56781774826517,10.398984968690712,0.013670647890739573,96.48646584555576,97.42165484625876,0,0
16.708333333333727,-3.2349479866212505,96.52911359143314,-9.923027995454675,193.7958053136448,-3.5726823945604806,-5.232704491146888,-26.778262993420455,17.77982047243695,0.013204246448839108,96.583304246769,97.49635753600394,0,0
16.71666666666706,-3.6573327718505766,96.34442990017817,-9.58657355751751,193.53394696512203,-3.772381032237257,-5.064523315292444,-25.826428572049988,21.53858910002106,0.012872766453316586,96.41382294979489,97.37021168515261,0,0
16.725000000000396,-4.16044995840798,96.56716664076197,-9.862633688200162,193.77340769901662,-3.9883781974668797,-4.882920760608631,-24.115828728514916,21.869661855678125,0.012690973727331745,96.65674842907302,97.37334440165758,0,0
16.733333333333732,-4.685857188931266,96.38128246890813,-9.837224452108899,193.42232832339192,-4.169371419073423,-4.71793784699069,-24.835740940043742,26.55897361081836,0.01305719499257929,96.4951235449052,97.17767832795845,0,0
16.741666666667065,-4.823895855178591,96.26481805887556,-10.03376113964697,193.54377811042997,-4.367976139215672,-4.488649058036372,-22.009823964051403,27.499509460331932,0.012821665712869468,96.38560663880278,97.41836975126522,0,0
16.750000000000394,-4.9985332543045615,96.38384043920661,-9.555043674359013,193.86001956851504,-4.539826366303334,-4.2634602035455575,-18.002399194756862,22.111549243546715,0.012234688618662393,96.51336711826413,97.58261773931405,0,0
16.75833333333373,-5.159862151895709,96.35546918736253,-9.546802487132197,193.82032583927707,-4.6837422940765805,-4.092995049837445,-13.787312272125789,18.016776927165527,0.01186275624362887,96.49352631002422,97.5635358506608,0,0
16.766666666667064,-5.586820090833726,96.11274495243453,-9.794758246406559,193.5366071591401,-4.78608634687356,-3.9357032699466936,-10.855208714787615,18.790694783923833,0.011877844830606055,96.27498273704894,97.5146946403068,0,0
16.775000000000396,-5.667084763605487,96.2614228239758,-9.377546624163585,193.2360147495928,-4.8525216245175065,-3.8129004506337183,-8.514826218795672,13.929864583616352,0.011563697131762307,96.4280943180676,97.0455511930279,0,0
16.78333333333373,-5.746838503058882,96.27087874725328,-9.353877395800566,193.51336736871764,-4.927770594370162,-3.735759094938077,-8.754680840899596,8.951136280121359,0.011588374365577359,96.44225343462575,97.30936400403291,0,0
16.791666666667066,-5.793716919354438,96.29447657346515,-9.569373012665437,193.50586130410193,-5.013699413750307,-3.676013790156355,-7.80201286872712,2.4740671979267845,0.011878960657981885,96.46861341544846,97.28467967867725,0,0
16.8000000000004,-5.892170527512803,96.23168474699116,-9.401627465354977,193.55981365185437,-5.079748077641269,-3.6621257570723484,-6.483575441627433,0.6487369665069352,0.01204261453272304,96.41190187300312,97.39138033789355,0,0
16.80833333333373,-5.948955138197789,96.23616978432392,-9.303301323368657,193.68383599723484,-5.124519995646785,-3.640851967176434,-5.243681497885725,-1.1762831805897365,0.012147746325873232,96.41986539087011,97.50538081907516,0,0
16.816666666667064,-6.074177291413207,96.57406898372386,-9.990190691188786,193.4397808091905,-5.149756666770224,-3.697827015649659,-4.998059944088664,-5.7657888021698485,0.01267522587380654,96.7649028824014,96.944836316338,0,0
16.825000000000397,-6.352368567324049,96.25245751149816,-10.082848827957832,193.67339002121486,-5.1794249651745545,-3.7367366607951102,-2.715732749126757,-3.4346634417536808,0.012378531544194882,96.46184822725452,97.49233084729154,0,0
16.83333333333373,-6.18104328827917,96.26884831047226,-9.835604811888004,193.56035318212258,-5.18127889341931,-3.7159728436896584,1.07042522849482,1.5101311960738375,0.012175799295333967,96.46707444074532,97.36011883784963,0,0
16.841666666667063,-6.067096814015372,96.35720014743839,-9.612861071612485,193.38584549918568,-5.154675508896456,-3.6397294208046356,5.528700501260406,8.42487898452244,0.013024744115688769,96.54801750426643,97.09341101725495,0,0
16.850000000000396,-6.008798144240927,96.34229139048404,-9.636285647147474,193.2963603361871,-5.100753391610287,-3.544154373607669,9.19161888675085,16.680747755297663,0.015267729076663183,96.52949168781097,97.02190551989733,0,0
16.858333333333732,-5.923959995609096,96.36118683640046,-9.711565688043038,193.3845874660018,-5.019161629475469,-3.424869542324604,12.25980169276758,19.940464338495758,0.01691036743269736,96.54310762840221,97.09730288022155,0,0
16.866666666667065,-5.720934952985374,96.41305361108033,-8.391706855389941,193.60026423916014,-4.914182931753236,-3.271532275149304,13.513481585524234,17.746914293778367,0.016192289348692324,96.58263820868294,97.22390103375518,0,0
16.8750000000004,-5.434306272616141,96.31538449760654,-7.884686213259897,193.58681432924004,-4.816381790070643,-3.1657722817914,11.608348659974414,15.45708993424741,0.014315253439887599,96.46856988463331,97.30228889056983,0,0
16.883333333333734,-5.281105741003103,96.40172091330624,-7.605870611630337,193.55159436120522,-4.715420730364658,-3.070448985750486,13.126697481151288,10.320026846230153,0.01312413251616329,96.54626804229484,97.17768490063185,0,0
16.891666666667067,-5.123329576827018,96.46588776270204,-7.5740228581210545,193.49579283023462,-4.575830029581978,-3.0488588081733234,16.278194685564817,-0.0645904950757794,0.01162775818606665,96.60184267289634,97.06084882677136,0,0
16.9000000000004,-4.884429921546655,96.45866093799344,-7.51225544370584,193.5221347707867,-4.42179204806087,-3.012510902853007,18.512818534866035,-5.905051197527036,0.010918909302008561,96.58224953690653,97.09903923038709,0,0
16.908333333333733,-4.723838242034844,96.56926566864689,-7.285232419362501,194.13222555548822,-4.248298960352561,-3.0121970430110494,21.407187669765133,-7.895012151804757,0.011000158527316728,96.68473364248678,97.59657720439307,0,0
16.91666666666707,-4.483044935254213,96.29013320772594,-7.222028075431069,194.0541815695952,-4.0684809056594045,-3.022863027484102,24.23935374389131,1.2574973685020592,0.013340705935996233,96.39443679514454,97.8024088698437,0,0
16.925000000000402,-3.762850741284524,96.35354093574193,-6.603201948944559,193.69244248992715,-3.870368110493735,-3.108448497040832,26.99741953350456,-3.150469593382982,0.013091448444149112,96.4269873871256,97.38033349069111,0,0
16.933333333333735,-3.3840214968611235,96.63694176531794,-6.426665987603997,193.68446686617546,-3.6288896098036902,-3.2019591853390788,29.960487559002107,-7.523157675086795,0.012968001258865325,96.696174253404,97.09521004508213,0,0
16.941666666667068,-3.182658503206312,96.5545061457068,-5.462312533207637,193.44380085272616,-3.3815481546457766,-3.2455518898393985,30.79971550432026,-8.1901854232754,0.012664075533357355,96.60694577611571,96.91610934885982,0,0
16.9500000000004,-2.6717270368328627,96.29317478719969,-5.365167524723688,193.46336136887504,-3.120544241336747,-3.2634275822302174,31.39279769514239,-6.527288633248714,0.012770193857690071,96.33023220130602,97.20750887652358,0,0
16.958333333333734,-2.297457831307213,96.34027727590683,-5.186621059758465,193.43474274687776,-2.8396512119696653,-3.3169531928606526,32.099996914297165,-6.722701565993627,0.01256305045140449,96.36766749322743,97.13744123279243,0,0
16.966666666667066,-1.7358261235448254,96.56009630343476,-6.012723132154804,193.61643303441554,-2.550679529185835,-3.388226407808356,34.01053390431434,-9.403274513789128,0.012456666036000374,96.57569720410915,97.15052417593938,0,0
16.9750000000004,-1.16133578768995,96.59314159569368,-4.365410539850586,193.85409781744755,-2.261481664601114,-3.501664022067656,37.824627245160286,-12.753278289423756,0.01340772082734576,96.60012269214516,97.31371794452906,0,0
16.983333333333736,-0.8822914509448196,96.51336347028217,-3.7291745337608972,193.53629071416373,-1.9794249639619697,-3.540757116341382,36.109127498361396,-6.497039549274333,0.01370935339079793,96.51739618613428,97.06468541266055,0,0
16.99166666666707,-0.21245483868858628,96.35221667914857,-3.4868585038778406,193.82517246840848,-1.682551960107714,-3.6374967246208363,34.066923879589325,-1.2187940246688602,0.013830070223203261,96.35245090834005,97.52793871326115,0,0
17.0000000000004,0.3448299202806311,96.32509160392982,-3.540297404033822,193.9163451935114,-1.4104654552369087,-3.5828616146357253,32.22533792298638,4.4292571416455635,0.014230486104768403,96.32570882261595,97.66855682107807,0,0
17.008333333333734,0.7827811271150154,96.44425252679633,-3.035739964796562,193.41199289971962,-1.1364436870822885,-3.586069699859744,30.71622848451039,0.9144714481759229,0.011889005504124306,96.44742916089277,97.04289657857514,0,0
17.016666666667067,1.1042003944737644,96.22087055572268,-2.46216509873301,193.4397889798675,-0.8691033348876374,-3.5233301985461734,30.904626897954277,-1.0202463366561851,0.011136237317842745,96.2272060750612,97.28431046366963,0,0
17.025000000000404,1.2496918570543585,96.2574372302551,-1.4801878484286703,193.49858511046318,-0.615708381075806,-3.516009633072723,30.08873489522481,10.475692436435557,0.014477160591379601,96.26554914336744,97.27945869641187,0,0
17.033333333333736,2.0329781653227883,96.36832682638402,-1.518443161189964,193.46265566029228,-0.3680083819383222,-3.4436611342024235,28.265658938086126,16.13618294131971,0.015438464496697168,96.3897682097921,97.15925733117518,0,0
17.041666666667073,2.3241585245173724,96.28153737854888,-0.3092373808327693,193.2104282987853,-0.13449740716358027,-3.2802275318695098,29.287654168742055,17.978479354432743,0.016734077732280195,96.30958494783367,96.96465680350448,0,0
17.050000000000406,2.84636929531041,96.30015741860865,-0.631184894270973,193.21267858830214,0.08959844717861722,-3.153895732931819,28.655237775476305,13.14889115523462,0.014025786592317235,96.34221368130427,96.9748943933829,0,0
17.05833333333374,3.195517968615775,96.22957436263249,1.0775242964154472,192.97854250043036,0.3288737625009902,-3.0275620162955525,28.156351379663224,14.478727352646406,0.01413572862635748,96.28261689994285,96.77214853936078,0,0
17.06666666666707,3.40982450243132,96.25025022056911,1.3729962101521096,193.22271364886558,0.5769805802312948,-2.8856514952791583,27.134051479544272,19.122945471791013,0.015395115516075641,96.3106306212328,96.9938520363251,0,0
17.075000000000404,3.8342621481531296,96.06869467610755,1.717127439520823,193.01031956767002,0.7925803858940531,-2.7036269292602664,23.808535918288396,26.262766203186846,0.016382481937883497,96.14518013396166,96.96474047812895,0,0
17.083333333333737,4.276573201033784,96.16438550894873,2.6397836667753722,192.92632844434524,0.9682443439079008,-2.4968354654747134,23.139337596027698,21.811799862287824,0.013760853720684807,96.25943132315662,96.77578561092848,0,0
17.09166666666707,4.472619832411112,96.17619730541287,2.7016718707149607,193.3126003642497,1.1692199705334314,-2.286536782602453,22.41520123428925,27.357122689028934,0.015826702076055188,96.28013946964859,97.15254528776815,0,0
17.100000000000403,4.975990423430403,96.12991606575793,4.331594446786198,192.98893037173707,1.3437055021044344,-2.0839469734333425,21.512275965690453,21.086537405831606,0.012385074201920698,96.2586164636898,96.86115784204,0,0
17.10833333333374,5.1490810710691335,96.12118756937576,4.755254703811659,192.99917695862155,1.530391492762574,-1.9433655006311683,20.755508316717933,25.537245425096796,0.01394505758367659,96.25900340032386,96.87878987327602,0,0
17.116666666667072,5.197343229453679,96.12829211240296,5.075908538688054,192.89720142089516,1.7056188936266545,-1.7086436148870425,18.95798801436541,26.377769901028017,0.013245245892618662,96.26869128170499,96.76898550227398,0,0
17.125000000000405,5.668922190312742,96.13530115963886,5.432816391831409,192.9783976944948,1.8527952508017695,-1.501194972480315,17.666273885490323,23.24805198790208,0.011225697365780718,96.30229907875658,96.84338435023584,0,0
17.133333333333738,6.006308684106216,95.99879718821819,6.84074227228939,192.61919574063643,1.9760740738192255,-1.2383631106757862,15.238063802848092,29.152981350486783,0.012371975360649934,96.18651051781335,96.62400165508171,0,0
17.14166666666707,6.02765029743864,95.99851468070347,6.3937590983354085,192.43546355017628,2.0826673703905634,-0.9254317545740977,11.559278339690717,35.40096585939846,0.013128388096042887,96.1875635880723,96.43764380628244,0,0
17.150000000000404,6.354959365516947,95.99664613382629,8.008994221193916,192.92352952318714,2.146581570049809,-0.6232636672480971,8.146614207975388,46.010008494018365,0.016428468039509703,96.20676471787436,96.94099522327255,0,0
17.158333333333736,6.311906373149441,95.99049263950184,8.467630346988244,192.81044416733812,2.220105977025659,-0.23321362511196067,5.089215865509131,51.75222396551308,0.017773322878555042,96.19779019934741,96.84394746035476,0,0
17.166666666667073,6.353471227209411,95.97110988929848,8.92681742362879,192.46957402367474,2.289000144522115,0.18616396199329852,3.900991384536295,53.713334603945654,0.018270165868808252,96.18118594620667,96.53277003660533,0,0
17.17500000000041,6.352126337168386,96.0685094684739,10.49936839311664,192.48434210319584,2.328328425290553,0.6094589168209746,5.3446538443326315,50.57344308674865,0.01750826326288335,96.27828426232786,96.50498639613053,0,0
17.183333333333742,6.433861639638451,95.98616618290004,10.814093881583801,192.5109621195487,2.3655690109189877,0.9768967612106821,6.160867788229704,47.5695261617546,0.016540747380273224,96.20155234760671,96.62413086338756,0,0
17.19166666666707,6.495316472750403,95.6637604466718,11.466929300674508,192.44205330913962,2.4109297445831803,1.440144990526731,5.958607033821342,43.649960113273295,0.014722756255344915,95.88401430311202,96.90590747464455,0,0
17.200000000000408,6.810578441311463,95.66041402874765,12.424545766294898,192.43342666465782,2.4490602291396,1.7833513263050227,6.709051463313352,42.76237430754547,0.014972141110590531,95.90254840647707,96.93571376822894,0,0
17.20833333333374,6.870688110729475,95.99257901961658,12.91739392290765,192.52774487244625,2.494191972307199,2.114568237335705,4.807558929715439,37.13574066646828,0.011813728038243099,96.23815034565166,96.72435524423184,0,0
17.216666666667074,6.807924588956155,96.34495232563006,13.294394075422645,192.23699058004075,2.5281475900871615,2.449421835709191,2.6813236387589585,36.63018168852295,0.011041974080900907,96.58518352126708,96.11117149938515,0,0
17.225000000000406,6.752819637905475,95.70456912108767,13.969920005411097,192.13359173713434,2.5332142764018113,2.669107524446132,-1.1076205341193432,35.35949345196959,0.009405904585316982,95.94250947163687,96.69872253758417,0,0
17.233333333333743,6.811943700508095,95.63224389739821,15.033181512426097,192.41162910291695,2.5380711137973466,3.015872436615787,-2.0281113587655515,36.59887662080432,0.009907927545663053,95.87454641264462,97.12794732680337,0,0
17.241666666667076,6.811129910252873,95.68451807214018,14.715317306236614,192.35589939775872,2.520505384182287,3.348510970350982,-2.8108566952254086,39.05671295081642,0.010876990688027277,95.92663076201552,96.99397994614912,0,0
17.25000000000041,6.682200032396906,95.53842226784354,15.275274930676858,192.224589885321,2.490109207541774,3.7024163057984603,-2.067472090262208,42.84220089520327,0.012996041610201736,95.77182219578862,97.06727535458279,0,0
17.25833333333374,6.68888284421115,95.91465236325263,16.173213161769297,192.10531748640813,2.461192322547053,4.0889784286495425,-3.117317491784798,46.489831079085675,0.014614385559305276,96.14760367095576,96.65710826632254,0,0
17.266666666667074,6.549866988320446,95.65915931978424,16.126476703811818,192.30624748240626,2.4421687544077475,4.458659490934231,-3.550724536517143,47.73426510741067,0.01554093232646192,95.88313469704958,97.1203948918891,0,0
17.275000000000407,6.758444674343139,95.53130781030876,18.147368725479566,192.24697905997635,2.411489190384886,4.854257979255528,-3.7312871757141135,51.22571653040142,0.01768465233917116,95.77007542214905,97.38392401375256,0,0
17.28333333333374,6.491738063802529,95.90979525518566,17.874121959557613,192.10271258785014,2.378461207821362,5.2213234555376875,-3.2614182139215773,49.07171931375753,0.017539780995298404,96.12924367215554,96.864007805372,0,0
17.291666666667076,6.484375151193547,95.54549731921935,18.63716909491967,191.8177930692159,2.3523992526821704,5.653658423404768,-2.9566616699894595,42.92983631810062,0.015911321579289428,95.76528169998963,97.03630933631734,0,0
17.30000000000041,6.424645033490606,95.927542319672,18.960991337533585,190.98151238915193,2.3096349447378786,6.0255340805799955,-4.675407416074619,40.36825228051286,0.0151250011596189,96.1424434851685,95.87709426460773,0,0
17.308333333333742,6.502022891889908,95.54972493631413,19.363321079307184,190.83223006156044,2.294274141139978,6.261346670215156,-2.729861236561467,29.519232336494365,0.012844444791870746,95.77069612930644,96.14660042876321,0,0
17.316666666667075,6.404099649547902,96.22078139758793,20.00877184516895,190.91375997293483,2.2892656646590654,6.506059369193817,-0.5825941736514301,21.819929848226156,0.0120813311983623,96.43366250995417,95.6652878374461,0,0
17.32500000000041,6.420574754344443,96.30343638488557,20.093319839736978,191.67121674547047,2.2860637663764973,6.677022074845217,2.497277941559935,23.52460134121024,0.013637949996859966,96.51722975569609,96.34291613333535,0,0
17.333333333333744,6.367462869591009,95.57417873568454,20.772675813874287,190.88538084312694,2.326169980134132,6.88778475183063,4.157246553912874,18.911279583067895,0.01357649584009879,95.78605443589475,96.39364816799849,0,0
17.341666666667077,6.396089482860816,96.23576461733029,20.5277415981804,190.68829972828252,2.364298935907276,7.044304682537967,6.2825679842789715,18.183181496640202,0.014472907773172228,96.44808112220255,95.50384798736687,0,0
17.35000000000041,6.818875048167342,95.53106643176159,20.72865563027932,191.69129311419823,2.4097179961791944,7.198912765107424,6.913495061679632,17.621162226566987,0.015017517625672827,95.77411816619438,97.16105799887166,0,0
17.358333333333746,6.6632688026426194,95.50184079975901,21.96487196632586,191.4313925502438,2.4584146341855435,7.3549244432652605,7.5890863773263,17.9993753805156,0.015831621031462184,95.73401040005994,97.1422562967722,0,0
17.36666666666708,6.771944336072011,95.56666820906128,22.140152544943646,191.72178374817696,2.5237388581944575,7.474594714516917,6.800101241939032,18.28491953739882,0.016107677326188785,95.80630095495631,97.37550034732513,0,0
17.375000000000412,6.955050538699311,95.60693520103848,22.15324639378389,190.91070259172125,2.5703484201312943,7.620646444424853,5.195953192593166,15.839530712829308,0.015606835667662633,95.85957848087709,96.50799571075382,0,0
17.383333333333745,6.930378119293721,95.52108501963846,22.391199730278913,190.83230120644265,2.624450038471305,7.719018666384359,4.561037366173346,13.918316833926678,0.015467965202882183,95.77216622905313,96.55705533980638,0,0
17.391666666667078,6.967462627004011,95.26590536686484,22.610196854184892,190.79079925303785,2.679776657699871,7.814384065904507,5.488480134304997,4.619385906477637,0.014715247274522891,95.52035521723705,96.79721321436288,0,0
17.40000000000041,7.142301167335916,95.51390702722597,22.805181270212415,190.542433451519,2.729013079778997,7.813740854434543,8.66280781808224,-6.722791963960514,0.014520744603595759,95.78057684922604,96.3106777439015,0,0
17.408333333333744,7.220047773115084,95.5552460945724,22.717253850240297,190.69717375118097,2.780127181925207,7.735207023294491,6.713544867487917,-6.2524904144994,0.014242802028069601,95.82762725874181,96.3957975972616,0,0
17.41666666666708,7.283592919902901,95.78336039925995,22.80693538641782,190.68758022406746,2.848754586304198,7.6865977619685735,8.557013838736234,-10.912085342372361,0.014388089012668637,96.05989202157879,96.16540491199574,0,0
17.425000000000413,7.556812836489769,95.15632613868928,22.721086460329104,190.5811129733687,2.936890928974109,7.584818045812205,11.151028463653576,-16.04414026419076,0.014589758687479026,95.455915607459,96.62217725234035,0,0
17.433333333333746,7.66324332030365,95.5088512104827,22.63011035500756,191.85022364638024,3.026995708324912,7.488435283918053,11.257162280850196,-14.546518470016492,0.014451241834506856,95.81579179724135,97.49701098837248,0,0
17.44166666666708,7.74353512149446,95.8307538457338,22.463022614565034,191.9233312733205,3.1336254584604863,7.318322085599498,12.730734818150195,-18.08238342004793,0.014450760483846192,96.14310021431304,97.21340827650994,0,0
17.45000000000041,7.7894783429387076,96.16979605712407,22.614654731045732,191.05862076916804,3.242952809493018,7.169281485507034,13.933002652689044,-18.401908789279098,0.01438646234119334,96.48474307642607,96.03996517164869,0,0
17.458333333333744,8.424426459788037,95.80105496480104,22.658217687049614,191.3057588369203,3.35564548201777,6.940282283948138,13.875565679800102,-25.731119942273036,0.014628306631540244,96.17074967756676,96.55956335030963,0,0
17.466666666667077,8.450343624710342,96.06936631325772,22.26313352530127,191.0326727728753,3.465234581936342,6.702297546033724,13.311119032728884,-29.488039124899803,0.014810169769438719,96.4402999332052,95.96261114924454,0,0
17.475000000000414,8.482046615318552,96.04064017020767,22.23061328881664,191.07134111482236,3.5639672697064255,6.475716620670042,13.27660003247242,-33.045731504905376,0.015123916026466233,96.41446820414322,96.02008752131198,0,0
17.48333333333375,8.801929052679327,95.06521840401774,21.362285296435118,190.83821749796505,3.674907334817362,6.265353457463214,12.079975499412903,-32.11515671735749,0.01482237352098581,95.47182676188821,96.59311520196088,0,0
17.491666666667083,8.821383519846847,95.08501257141211,21.485471515273616,190.73920432956237,3.7864686317565246,5.98699093027992,10.85966014055669,-32.946372772899934,0.014776986567766492,95.49333182432072,96.48887773034203,0,0
17.50000000000042,8.924487965093022,94.94737719521584,20.56297583524696,191.9762585406658,3.8845813472359985,5.645198491401397,10.107075739858866,-34.57272028590318,0.014769259703196536,95.3658792319857,97.7243992821298,0,0
17.50833333333375,9.149877748538813,95.44849967059434,21.011417133406894,191.1920854209323,3.9531894711273186,5.306802714490365,11.545099183423405,-40.385318345892664,0.015541983296032402,95.88605921707625,96.4755426463676,0,0
17.51666666666708,9.265755694424286,94.93771677150431,20.67746896798326,191.4986063071005,4.031351317268296,5.0291812200695105,8.809369488564284,-36.44692732564825,0.014645762117670547,95.38880591754531,97.2328781212586,0,0
17.525000000000414,9.434801203087773,94.90231673712015,20.264640110815265,191.25591988341495,4.124499902582796,4.67024022975973,9.01239231628636,-39.774109960036746,0.015170873131733043,95.37014834744917,96.9603127575453,0,0
17.533333333333747,9.556848362925734,94.94288181203899,19.067248983250465,191.40281053876504,4.190852950706347,4.391816070650309,9.269590871981134,-41.69652176644094,0.015427943028724744,95.42266060746137,96.92763058036724,0,0
17.541666666667084,9.598400984100863,94.95607800801992,18.67936559063554,191.77257881982774,4.266488750027332,4.0378662308300415,7.603008345647099,-40.04242267591964,0.014973553845694099,95.43996045743498,97.2414456269955,0,0
17.550000000000416,9.653012236414668,94.95115963092519,18.603453952945415,192.0384569901467,4.317276998652954,3.7759164684885578,5.50454324858775,-36.90593306043036,0.014296437932449724,95.44057502181035,97.4989934073112,0,0
17.55833333333375,9.71871478964249,94.95420039630386,18.75301775012821,191.98407672278665,4.355254412956727,3.461859802472277,3.9668531461796492,-28.599579443695916,0.012053857507056343,95.45026762698913,97.44955376970378,0,0
17.566666666667082,10.163338057450233,95.7200553205841,17.390576536168567,191.54772319538404,4.379221160364769,3.16673082738563,2.456119637576574,-29.454517023060927,0.012317599807147417,96.25810319679947,96.09981741060298,0,0
17.575000000000415,9.795325058713502,95.04778269069931,17.72741227636982,192.14083240936162,4.413068930246571,2.8242384200243995,2.675816320927519,-37.68818805254065,0.014486414094173838,95.55118726328972,97.41651970430446,0,0
17.583333333333748,9.857779223478929,95.03584307010743,16.816511137535997,191.83046111042586,4.428485942924537,2.5481389483227184,1.1035450106448321,-43.02733097070621,0.016845824376847673,95.54573396685453,97.04443328405218,0,0
17.59166666666708,9.795638349812293,94.972082942832,16.73815077691853,191.96963414383157,4.418764187399176,2.2574266010289215,-2.1708263883188903,-39.781879031840724,0.016577287369476945,95.47591879202041,97.24568585696261,0,0
17.600000000000414,9.868543863199932,95.06830896646983,15.616108276546527,191.96984551564702,4.385130496843518,1.9342702900849535,-5.339412751020672,-35.846161873317655,0.0160037622107172,95.5791375129744,97.07184083078414,0,0
17.60833333333375,9.801059684691381,94.93246968340463,14.691360123335187,192.3110302836746,4.327089829712217,1.6653232992158755,-7.8906138487366935,-28.88434422242827,0.014093783980953845,95.4370712623424,97.50127744271174,0,0
17.616666666667083,9.809399143070948,95.08625396863192,14.412067730273463,192.0191107386225,4.237769577898082,1.471141155037072,-10.039831562722231,-27.64352093765225,0.0142057357852452,95.5908991763089,97.04206963845694,0,0
17.62500000000042,9.348593005754424,95.081662056845,14.644672815620936,192.32770200452137,4.1476280272868244,1.2346995753371062,-14.965117282781332,-16.608948310846888,0.012265702243155818,95.5401415671932,97.3901470727791,0,0
17.633333333333752,9.21479479782414,95.80226057542791,13.871998506257114,192.13525907674352,4.018071720728561,1.1111506756633727,-17.647393728346508,-11.967213950124947,0.011623568656327965,96.24440541937072,96.44550869084739,0,0
17.641666666667085,9.058020522800234,95.7306868512477,13.035809276312307,191.9497404729613,3.8820319281593174,0.9265975846048788,-18.798489348494932,-13.112888947327804,0.012047246568819503,96.15826610751215,96.30124133792755,0,0
17.650000000000418,8.733124014636473,95.1501576453565,12.999315986961733,192.26399728356256,3.720269724956314,0.8784484549671179,-19.242728217518657,-14.552168729009969,0.01227639539615355,95.55009133952314,97.20750096170529,0,0
17.65833333333375,8.393034189570699,95.2237577007894,12.251889166838907,192.40965430185264,3.5313618473374215,0.788986697896455,-21.34313231185113,-17.419498128917294,0.013903530156629262,95.59292365842752,97.2624761143173,0,0
17.666666666667087,8.12501876501193,95.46450944717708,11.89771485256017,192.33664017686277,3.340851746413796,0.5909454147256138,-22.623130455989422,-21.091573228908516,0.015639377695680245,95.80964718608435,96.94556693257468,0,0
17.67500000000042,7.86980603320751,95.44486370502949,11.242788859630423,192.6130406172117,3.1454735461467034,0.41270286538157375,-26.318782228529574,-15.831662359412581,0.015276378196633189,95.76876241589407,97.22670218404245,0,0
17.683333333333753,7.539916368958586,95.49196075824011,10.318197793301522,192.4419563635849,2.912679547185482,0.31024657993064814,-28.94065165775695,-15.295262481742927,0.016274333890175186,95.78916905529643,96.9897958320834,0,0
17.691666666667086,6.977080879369339,95.64523979652353,10.533707291827454,192.55630715216176,2.6719349275370963,0.19590763145413273,-29.913582953442262,-15.71360903792909,0.016648963309314535,95.89938244499675,96.97630931029931,0,0
17.70000000000042,6.502355178260018,95.94915100898584,8.934259320814476,192.6413260245227,2.4212073041847293,0.0889108916778277,-31.273834022197292,-9.513775804308441,0.01449262359809822,96.16922689826207,96.72275258176735,0,0
17.70833333333375,6.295265765652687,96.40562810542139,8.430596513014166,192.68361836337306,2.1715001994448944,0.04698867224577324,-31.47346489954222,-4.589526955288153,0.012352723792999676,96.61094918000242,96.30166688853762,0,0
17.716666666667084,5.670671106538464,95.85965006265417,8.631819713345124,192.96714356763488,1.8988689265341638,0.01874106884296119,-31.933033370653053,-0.049880675289337637,0.010718604230566697,96.02723062201181,97.15263092624647,0,0
17.725000000000417,5.278080843724638,96.08502671713114,7.778027971764686,192.99433182219013,1.6304753277395658,-0.035534029363972305,-31.180632001349146,-3.4210943420351136,0.011035257300631596,96.22988359457106,96.94154502373277,0,0
17.733333333333754,4.922409391183692,95.87245376744647,7.358425029493787,193.26074104135034,1.3581107398276533,-0.06304354393664816,-31.87852560519895,-4.282525565303218,0.01147993506217615,95.99873700005419,97.4187490698506,0,0
17.741666666667086,4.383288402165647,96.1996635148841,7.142621855235745,192.7454275275971,1.09937216976645,-0.1271607623267287,-33.03975559140228,-2.15685455580732,0.011243482572159014,96.29947288325873,96.58518763197439,0,0
17.75000000000042,3.987421083122058,96.22343855397872,6.5085821279295715,192.95433370782723,0.8023412138175422,-0.10036685654898887,-35.74786158385133,-6.658885209726322,0.014600142264651783,96.30602086082389,96.76374491656826,0,0
17.758333333333752,3.3532283417683857,96.21134767522716,5.513555980383558,192.57737984829612,0.5048374381225889,-0.1476618662681922,-35.75568993854066,-7.863312099475163,0.014980105928040555,96.26976452550134,96.39024417588703,0,0
17.766666666667085,3.003124230633432,96.16060555608578,4.791957383512511,193.11447713080543,0.19752429046900974,-0.15831761778191045,-38.14267102641567,0.9999487171209325,0.013091445842937866,96.20748835749603,96.97037247209103,0,0
17.77500000000042,2.363746805559856,96.34652511389424,4.822094874183506,193.22993799154818,-0.09767403356893031,-0.18696847539448977,-36.655825456023734,-2.591326640823214,0.013393893196316231,96.37551660293732,96.91459728053596,0,0
17.783333333333754,1.9222009026025262,96.26066582205829,4.089665323721476,193.2196962970662,-0.40810238084175626,-0.2728688500356808,-36.09513187626976,-6.485936524579779,0.014623801390810875,96.27985584127111,96.98325367129281,0,0
17.79166666666709,1.2056331329828822,96.46979120604925,3.457799351301219,193.0275640810184,-0.7118942434728244,-0.33144529640328857,-36.08497851057423,-4.909975662179052,0.014095630657037894,96.47732462392437,96.5840346809402,0,0
17.800000000000423,1.0007004124217929,96.4191154562788,3.070809836820615,193.58634648413886,-1.0105254833578798,-0.36742719133792695,-34.71361114367285,-7.33581934381637,0.014294706518236389,96.42430827694147,97.18927995746503,0,0
17.808333333333756,0.3217691602329751,96.34542502980008,2.6360628781550304,193.1020174889063,-1.2906709108766878,-0.35203343972120266,-33.58042333167289,-6.273836913164947,0.013302253041810541,96.34596234178838,96.78426597185302,0,0
17.81666666666709,0.14960262095564758,96.37463030747949,1.130190449852023,193.08610664035876,-1.5461330212600053,-0.4924851316662609,-29.658367404254054,-15.598317165414986,0.014773792399756847,96.37474642170292,96.7164474480698,0,0
17.825000000000422,-0.6455074005074835,96.4814779002524,0.8255887592264912,193.20035549724133,-1.7982231032855225,-0.6166191507279898,-29.347547910818186,-12.277397420860714,0.013466890378517338,96.48363725327214,96.730064651754,0,0
17.833333333333755,-0.9201524529444782,96.50342783376135,0.9769386108295635,193.03636810390583,-2.0518508622303715,-0.6873133239144,-28.9834027418343,-10.607817953199053,0.012926194917357137,96.50781452402,96.55157954017912,0,0
17.841666666667088,-1.2213093804354003,96.51933574297828,0.1415783121626646,193.2558983624878,-2.2961254016418247,-0.7369230120606897,-29.690330502688614,-5.4090276433594,0.011844613725515263,96.52706236526886,96.74616276783759,0,0
17.85000000000042,-1.5808037236075734,96.30304694397182,-0.25314985547328206,193.43678971347987,-2.5408858084293766,-0.8466342381227565,-27.409390013562636,-9.054633020321964,0.012215609151550844,96.31602042809604,97.14281573645334,0,0
17.858333333333757,-1.887719808271072,96.32630826467187,-1.8947149392290044,193.19654442454578,-2.742009462602022,-0.93599702557333,-25.444278320691534,-10.139075450835389,0.011861927477149425,96.3448034404302,96.87023641243785,0,0
17.86666666666709,-2.6158707566429484,96.48476732132337,-1.0279830568373995,193.4291053187909,-2.9455942023282407,-0.9843935608028889,-22.305533258420574,-16.276704489417515,0.0127373017564687,96.52022122262967,96.95734142969484,0,0
17.875000000000423,-2.770688095783271,96.47421053481969,-1.888377087021695,193.552953956375,-3.1129075796894266,-1.171401214919287,-21.53240467615987,-17.304473074331597,0.013124038734793064,96.51398867957344,97.08275282986341,0,0
17.883333333333756,-3.005105438325131,96.44040089547889,-2.466258748780376,193.35665112635758,-3.290956842254123,-1.320995566710378,-18.612636197529962,-15.518322154374568,0.011403346227432554,96.487209429935,96.91774819179987,0,0
17.89166666666709,-3.1003548477143,96.43831562304553,-3.5512220995302073,193.73262996859972,-3.4288875899118443,-1.4506472457863193,-14.267239601314726,-19.39313798805042,0.011026357361482386,96.48813875493657,97.29535901187822,0,0
17.90000000000042,-3.3071575093214847,96.45563083563621,-3.1552049120581387,193.36832665629487,-3.549147578008354,-1.575885438022115,-11.808658497839588,-19.727486483731187,0.010437614197811751,96.51231015104756,96.91281494631825,0,0
17.908333333333754,-3.62249134133765,96.2549778396471,-4.073248705166407,193.5369382815532,-3.64840077402158,-1.7502863924712664,-10.601820366306631,-26.939457726409838,0.012725719030984628,96.32311873288272,97.28300473166745,0,0
17.91666666666709,-3.7580872586297005,96.36147028818954,-4.74922818211337,193.50817058160987,-3.715338866603888,-2.0518779661756614,-10.910604996449493,-22.3498642678755,0.011654864100201223,96.43472494877098,97.15175622823213,0,0
17.925000000000427,-3.8477611682760653,96.36475690043892,-4.6377146429203435,193.53101963217648,-3.820272929357949,-2.20411890746926,-10.93927794559996,-22.616230167588284,0.012157790609538477,96.44154518924293,97.16947380605266,0,0
17.93333333333376,-3.8493746309353014,96.39459541249687,-5.352658266007381,193.4368842907715,-3.9143123585687,-2.4076078549685995,-10.562801221962456,-26.035171316206323,0.013609040423141483,96.47142431719485,97.05393187512796,0,0
17.941666666667096,-4.1850471952388375,96.27950917274842,-5.873137527638676,193.53945233887418,-3.992452218682632,-2.582518774764698,-8.49674381227046,-27.723001210991118,0.013687958292191826,96.37042340143435,97.27459171668805,0,0
17.950000000000426,-4.217688604585419,96.25754983498189,-6.9239857150433295,193.7813467944947,-4.061948755548418,-2.806212095609547,-7.841281200982225,-22.324319884061097,0.012090288022194695,96.3499081338393,97.56133976863148,0,0
17.95833333333376,-4.310004281005774,96.29476255341689,-6.834125418883218,193.89645393914384,-4.1069477059124715,-3.015260795553899,-6.280968797833683,-25.384379795141953,0.012812249970074241,96.39116884923239,97.63432464493913,0,0
17.96666666666709,-4.568246892058141,96.25727070814713,-7.158286760407066,194.1640435144211,-4.124334892619221,-3.2430819232184334,-1.7553106669657024,-27.52638779064513,0.01226070713920624,96.36561131362328,97.94102545848183,0,0
17.975000000000424,-4.367199473086998,96.20348332901716,-7.910071175473888,193.53680535725687,-4.131849111824186,-3.5394169819333237,2.01500485088105,-30.17185526446869,0.012348996845268356,96.30255778469342,97.39777983584936,0,0
17.98333333333376,-4.308141724560926,96.2450222986385,-7.724671202891443,193.60355634666337,-4.104131315256298,-3.7931239359895863,6.277881343533106,-34.1618133935072,0.012697037881763684,96.34139506143933,97.41846244761163,0,0
17.991666666667093,-4.363864104563959,96.22767835423582,-8.525448595529213,193.6127838785133,-4.05296042916825,-4.031020770307639,7.279996783580831,-32.641854703280636,0.012298398867907068,96.32657676554985,97.47398403394675,0,0
18.000000000000426,-4.052375768313084,96.3616672870441,-9.095317537618087,193.6430818298906,-4.012487643606808,-4.243347679068748,7.3755204274734325,-32.34885029615684,0.012424429489295452,96.44683857808194,97.41203661327357,0,0
18.00833333333376,-3.8942885690181015,96.3136919659072,-9.11412776715133,193.48024634885172,-3.946592248936207,-4.521337646330102,7.413414166021776,-27.859639023208484,0.011689188061749789,96.39238944835034,97.30665964828967,0,0
18.016666666667092,-4.009551922404285,96.39810212432604,-9.828563749679915,193.5994955065271,-3.8690668415423373,-4.765901246191888,6.8954759729839585,-24.42443044787877,0.011326170696499105,96.48145210241422,97.37541668248394,0,0
18.025000000000425,-3.763700502883296,96.3936771668719,-9.389757928001075,193.53436627979073,-3.798290718151868,-4.9875144984525726,8.628898448134276,-25.837691222333838,0.011603721285021518,96.46712621005419,97.30347374828646,0,0
18.033333333333758,-3.8481840279699213,96.52087771826183,-9.69417245554314,193.61380636902118,-3.726419772067751,-5.211123342012342,8.67419152391624,-22.12123792660068,0.011278554495075532,96.59755874667214,97.26876361235793,0,0
18.041666666667094,-3.674593763455789,96.51725241993756,-10.281910161704332,193.97951658269108,-3.6474088636523545,-5.40044446271882,8.973442809397806,-25.137263793624594,0.011870477846649408,96.58717644708521,97.68597425279083,0,0
18.050000000000427,-3.335929815839563,96.75019697644075,-10.482150199853606,193.68011900926393,-3.588582501926308,-5.611772672047226,9.937250522579246,-30.23326468485673,0.012980053765978994,96.80769103080752,97.1929948662252,0,0
18.05833333333376,-3.254743068472294,96.5797518011812,-10.64782312158502,193.55973289109932,-3.517137908362155,-5.869801072779761,9.747809057136195,-32.28118589617496,0.013815710194382547,96.63457875118789,97.26137139107493,0,0
18.066666666667093,-3.125203661905175,96.4584538642195,-10.960562291129577,193.13959924889303,-3.431496804727867,-6.1613043746329454,8.809868362881872,-35.86575319172296,0.015296380842522161,96.5090680703329,96.99812739296023,0,0
18.07500000000043,-3.1264019827855236,96.48590136388981,-11.154980026791634,193.72236649018583,-3.3466942034739775,-6.447174742393804,9.926295861023933,-30.80355351397166,0.014406263410767561,96.53653998025948,97.56735220177947,0,0
18.083333333333762,-2.886741017728241,96.43729287218474,-11.72915935001447,193.66502163706383,-3.233032134455081,-6.677417167959553,11.112122965073787,-25.734477670386223,0.01372665732644851,96.48048885769064,97.62898956119565,0,0
18.091666666667095,-2.829162403135399,96.24931775144688,-12.038897203131398,193.548676604548,-3.1363760735549366,-6.817706567929127,12.732185403896098,-19.041007979032432,0.01317557149338322,96.29088912001127,97.73425422189912,0,0
18.100000000000428,-2.575805314222066,96.28273516828301,-12.005109612271383,193.16620611553753,-3.049709870815906,-6.930629322199751,13.873180243107429,-11.732206224007081,0.013234739335787005,96.31718364083585,97.34124882254554,0,0
18.108333333333764,-2.30718631143759,96.34893077473038,-11.98528430519724,193.20432045282365,-2.93802749132507,-7.035001802147823,14.140823745890216,-5.57091769923648,0.0136420510247528,96.37655093491088,97.33772182700864,0,0
18.116666666667097,-2.0481583508559424,96.56472827769443,-11.241503723858102,193.42873906603535,-2.823633006117903,-7.093880118265277,13.77763349054748,-1.3484677037256798,0.013918701289393542,96.58644677166222,97.29930207946575,0,0
18.12500000000043,-1.882126284921128,96.43870439804141,-11.247441886339743,193.47651359556306,-2.702839883271448,-7.155267870735417,12.690258067994238,-0.6768679923895228,0.013672221960937314,96.457068716218,97.48869447360957,0,0
18.133333333333763,-1.909067857691241,96.27534598536431,-11.111701951735256,193.69726837620874,-2.6086152498288397,-7.131955615613492,11.03118323072804,-0.8350653807793237,0.013063138730756041,96.29427181658768,97.85560503413474,0,0
18.141666666667096,-1.739432396346956,96.5384152697863,-11.287970258861037,193.4637606105212,-2.5053695038035055,-7.1172333984809235,9.911191304769574,-0.5820097950278258,0.012651418249359114,96.55408457368944,97.39454371130134,0,0
18.15000000000043,-1.4388237070251648,96.50673605522172,-11.11059299477489,193.36051988966415,-2.4333758235200964,-7.040628805561383,8.793435076645673,4.734495201116429,0.012701155146051413,96.51746120620936,97.33549488344096,0,0
18.15833333333376,-1.3621931638934939,96.48559619782418,-10.881301826300103,193.6685428916905,-2.3732947697306206,-6.976813400488618,7.907930978460813,8.479369764444643,0.012786211267559189,96.49521150743875,97.64803407047971,0,0
18.166666666667098,-1.2597725460383913,96.51695733763563,-10.713502314357527,193.42649203850738,-2.316297426710541,-6.924128213550699,7.256190558531297,14.142463926262979,0.013441369728754538,96.52517847993201,97.36955849993296,0,0
18.17500000000043,-1.2669635977838425,96.58065316096798,-9.9751407476939,193.36394218404104,-2.248238794593541,-6.855226897014721,6.824773905475446,13.626864255125922,0.012930906610043369,96.58896293965115,97.17426296812295,0,0
18.183333333333763,-1.0270496455780744,96.46121797765005,-9.768734019540943,193.57545210075534,-2.1877264912785592,-6.744323824411409,5.147571191999698,15.786384866779736,0.012562940949741197,96.46668546553364,97.50687932146785,0,0
18.191666666667096,-1.156715550029901,96.5586743089276,-9.344280573737421,193.57125409716446,-2.1458856309332806,-6.586842066460646,4.869978106070042,14.916365869943828,0.011860671571136017,96.5656024429053,97.35746945245886,0,0
18.20000000000043,-0.985072985696263,96.56876185463074,-9.664675688048874,193.65596610005667,-2.1169811414711655,-6.4808858303961285,4.869182772752259,11.167914467097276,0.010895022621752126,96.57378596142709,97.47441064845552,0,0
18.208333333333762,-0.8640349118106201,96.44138679409633,-9.223927865269275,193.5872349768855,-2.0823950691643445,-6.384155125291084,4.022805381875108,10.863384245368108,0.010401203085439903,96.44525723485488,97.5048902842663,0,0
18.216666666667095,-0.7732136008614248,96.44195581698006,-8.975288718593504,193.70533911494653,-2.0465458520760467,-6.218520327581657,3.754186439796935,17.768742943067366,0.01113441604729637,96.44505534799019,97.60860498339305,0,0
18.22500000000043,-0.8711527981186009,96.45587405117118,-8.21847747058274,193.46869255439913,-2.019153069219822,-6.009016054550136,2.5879647701460864,30.52226030952248,0.013695133203960097,96.45980793145436,97.29064772002933,0,0
18.233333333333768,-0.7842077466419255,96.26095581085434,-8.097801042395986,193.53643270067283,-2.0013100193487565,-5.723939484608296,2.43010261943416,39.23720298665244,0.016184145849040377,96.26415010485027,97.55002332668768,0,0
18.2416666666671,-0.788384241092615,96.22922345454646,-7.925937372358021,193.71226838760623,-1.9735721659967431,-5.40614797744117,1.326718597808621,46.592705755164296,0.018216918569772034,96.23245292715258,97.7439957957653,0,0
18.250000000000433,-0.7187091739574498,96.43896113286752,-6.630877297459392,193.63536552525068,-1.9657281058695035,-5.0206404774934725,1.4871475125564453,46.68626638995976,0.017568822037830945,96.44163917760555,97.37604817781543,0,0
18.258333333333766,-0.6697042159769921,96.18067499690227,-5.449549913606575,193.6107151852944,-1.9641696068839303,-4.628278739800253,1.1104977524455946,49.07522261246002,0.017821746852356046,96.18300653752013,97.54721757182443,0,0
18.2666666666671,-0.7518834998280113,96.19920211211559,-5.143579687531371,193.59829880749885,-1.9606063004077758,-4.231711256565106,0.6264819799380316,48.217771845300724,0.016495608554187413,96.20214039097559,97.49805655746019,0,0
18.275000000000432,-0.6665415001696715,96.24609806224669,-4.705243754143794,193.85597898992387,-1.9537616066820445,-3.833967623815576,-0.3926860516383524,48.64070588344555,0.0155940935018406,96.24840606357621,97.69339778414698,0,0
18.283333333333765,-0.68419843634274,96.23393026462844,-4.037002248723695,193.50914992583523,-1.9522383493187943,-3.439168116753819,-0.11079320932882476,42.01167758100806,0.012232030823628115,96.2363624711453,97.33298337942975,0,0
18.2916666666671,-0.7334584746773203,96.18898616448757,-3.4042488515690934,193.4870137077378,-1.9573069738835425,-3.05919499257624,-0.5336249063265424,39.72724299526238,0.010692776400912152,96.19178250082518,97.3346766833094,0,0
18.300000000000434,-0.7549230546578656,96.22207303222206,-2.609661284359049,193.54053338991696,-1.9530767166973177,-2.7086246914930583,0.8022273024258656,44.955468221975394,0.013050808539389891,96.22503441120054,97.33613296352465,0,0
18.308333333333767,-0.6789581828585938,96.26810414406918,-2.1418340134267737,193.44531427802065,-1.9417191828112703,-2.361960331999575,2.041751067552071,47.342612821496566,0.01441632895959577,96.2704983871353,97.18822035161371,0,0
18.3166666666671,-0.6536647530375603,96.25078924812357,-1.3551792324524286,193.11568460727182,-1.9144820486541363,-1.9448191144218063,3.3532550290742327,48.40427482738785,0.015251314132838534,96.25300882827541,96.86743557823532,0,0
18.325000000000433,-0.5927066545681328,96.2256570396799,-0.9026182125853097,193.3481653491316,-1.8856605818230396,-1.487166873865489,5.077095976526221,51.19541463683136,0.017378878474331838,96.2274824252223,97.12300276192713,0,0
18.333333333333766,-0.5969843335441851,96.23113319892741,0.2469938868207464,193.4971887624128,-1.8350506965895215,-1.1676291119561277,6.628521442762969,43.62622666470624,0.01407442797692271,96.2329849222407,97.26971709692323,0,0
18.3416666666671,-0.35200702586701027,96.25431245277207,1.0484725026657884,193.32647372336794,-1.7832044021786597,-0.8294379919232903,6.830888958179245,40.48938267471942,0.012482254501464674,96.254956104619,97.08226324439708,0,0
18.35000000000043,-0.34406353906751974,96.38788239400685,1.3906653110905722,193.31260872234645,-1.721160041456547,-0.47754207634422446,7.503594181383102,40.04853533904693,0.012467647387339742,96.38849647193285,96.9402489062572,0,0
18.358333333333768,-0.19310935703344967,96.4207002715911,2.5547837346167626,193.57624737320026,-1.6550220597271115,-0.14579458160610229,8.344769626814832,36.13049765980246,0.011012722312693679,96.42089364908304,97.19439926794206,0,0
18.3666666666671,-0.114226784415564,96.22368274595414,2.860728869779564,193.43502462867616,-1.6043805550700145,0.1921953329241703,6.902971704647732,37.351850688637846,0.010765653943514586,96.22375054503077,97.25685246697991,0,0
18.375000000000437,0.04109774887575668,96.45752422963938,2.479814538531116,193.070049831877,-1.5438102916837413,0.5288271726693983,6.734104833581534,38.34960566975144,0.011097999932656144,96.4575329849174,96.64330004104353,0,0
18.383333333333766,0.055601646442084984,96.31770451661077,4.439390074475114,192.89725969575596,-1.4702376105424886,0.8490414086663387,7.642606366891209,43.4183725754052,0.013986826600609348,96.31772056528452,96.67899502778928,0,0
18.391666666667103,0.2841677704708445,96.36284584993689,5.052228041176761,192.9791717691209,-1.409357834085698,1.2199188969955594,8.843402738559591,46.35206915966488,0.01631604910644935,96.3632648451705,96.73390735862516,0,0
18.400000000000436,0.317779089405974,96.35652638414882,5.376897259222687,193.20973371557739,-1.3155248077220443,1.5907260602775908,10.84478592556642,46.19862166348358,0.017611364418409714,96.35705039263517,96.98524860534646,0,0
18.40833333333377,0.34264019686929714,96.59527061482396,6.441578711144928,193.1352109206066,-1.2247368544964203,1.9173052317175432,12.673230245968172,43.79583374396364,0.01760906626042269,96.59587831504813,96.73239956315045,0,0
18.416666666667105,0.8107845637746323,96.51584264769599,7.200645551798345,193.23915024696572,-1.0943614334230671,2.238378498186169,16.154232759846085,33.64304407288514,0.014696737739775756,96.51924809903808,96.93414546169588,0,0
18.425000000000438,0.9861528571072427,96.46565173882482,7.995402499274007,193.1717830012568,-0.9782268586223365,2.5704339077911946,16.909711759107353,26.422519540234735,0.012058109974127706,96.47069224823576,96.95981334704054,0,0
18.43333333333377,1.115753108598426,96.46727703279248,8.477951418428518,192.77829261438876,-0.8232588861323877,2.724515148835633,18.87766207087645,25.094579845216675,0.012691895739956216,96.47372929000349,96.591995974365,0,0
18.441666666667103,1.5707395563616728,96.48039496057248,9.01962351014106,192.79813182013328,-0.6491325096259132,2.910430374153219,21.76970167108126,18.290949413558998,0.011689984983600521,96.49318024866824,96.60534305049835,0,0
18.450000000000436,1.7063810953793563,96.23021955736021,9.313008886828868,192.69954757185354,-0.48281914135478843,3.1352281120510375,20.68354464240235,19.28477665791897,0.011644355781637916,96.24534738105744,96.76875546334963,0,0
18.45833333333377,2.193779657726509,96.26687789564357,10.175073651243451,192.8286823191334,-0.2923608742529078,3.2586171247582527,21.85009652354153,18.543570276292318,0.012123761101204167,96.29187114684918,96.89108899858257,0,0
18.466666666667102,2.1930908786187047,96.23665386709536,10.817997098716148,192.71603913232428,-0.10223788210250025,3.409425173242099,24.93129729529309,17.12934619868036,0.013585981066432051,96.26163927098374,96.86413571834494,0,0
18.475000000000435,2.958870091202243,96.37533024019694,11.034038521313732,192.37456475837564,0.12370775774068467,3.5225888034825266,27.040689492705617,15.942282378905151,0.014595914529653697,96.42074046139467,96.33826536351452,0,0
18.48333333333377,3.153474761672328,96.39011030060476,11.940847162762395,192.2711013431075,0.3547353295822042,3.632803401528177,28.061441538105488,12.954778752282166,0.014215557105679899,96.44168065123739,96.28282482877165,0,0
18.491666666667104,3.3045710730324913,96.16236434798554,12.708423524035027,192.45961262856537,0.5888801061596767,3.727413635940099,30.044766775750286,7.790765107268964,0.01369117660667074,96.21912755253732,96.75532268217528,0,0
18.500000000000437,4.14713489996285,96.23201198988573,12.609652741848947,192.22355290709368,0.8279290093783908,3.7368495499907315,29.057916248721078,-0.2904479647498119,0.010603641454559831,96.32133127973263,96.3638424715632,0,0
18.50833333333377,4.420542453791938,96.13719305540423,13.511297694117161,192.19674477801846,1.0569040581927591,3.7696463899383392,28.619770546090113,0.065568238423373,0.010670956926638997,96.23877121076431,96.48875223563158,0,0
18.5166666666671,4.814532102610201,95.82297209215159,13.714857909628563,192.25636393669697,1.3067317020585623,3.793099309882087,27.22109454636783,1.9151336999021253,0.010704776310553221,95.9438465975819,96.84324892378771,0,0
18.52500000000044,5.119993079465644,96.14038645760093,14.02059102959106,192.2055846657368,1.5298554430577231,3.8364787837505876,28.484428296094645,0.11778297090211623,0.01114464497582679,96.27662352487562,96.47664458633608,0,0
18.533333333333772,5.551425167508285,96.103992006017,14.334119254288566,192.14087527274887,1.7781842809480244,3.7949612653238987,27.33651023031444,2.023593193983137,0.011315660615123235,96.26419687964484,96.43764131815881,0,0
18.54166666666711,5.802954346596721,96.08657116885172,14.520232312870007,192.34406198435596,2.0118035990519085,3.754140611003871,26.477608165841872,0.9089681286894787,0.01082117361265933,96.26164053316093,96.65141216370384,0,0
18.55000000000044,6.325562966240227,95.96948705964627,15.922733468807166,192.14801221747155,2.230075387718603,3.8344492326692285,29.257630884939786,0.9286298312177735,0.01272756069529768,96.17772711668478,96.65616577947716,0,0
18.558333333333774,6.787314016765777,95.97157908406223,15.802249314546941,192.0337805684071,2.4675147854669763,3.802852330631939,28.85616518021407,1.4250958668181928,0.013005456582005248,96.21128636210305,96.48427650369801,0,0
18.566666666667107,7.093233427385655,95.61275085673304,15.981725676009262,192.15393388367931,2.6955665743271444,3.8509725720223176,28.151429601626557,2.4107403512071186,0.013403689634532423,95.87550305916045,96.94949878517258,0,0
18.57500000000044,7.486636909498259,95.83382016202711,16.252165105842607,192.19365301610236,2.942051426538197,3.902189752766141,28.13942850885994,4.111874081829956,0.014491326342942923,96.12580724791036,96.75769670794271,0,0
18.583333333333773,7.9053857728872,96.32778441705608,16.853012718942978,191.76291544935583,3.181046235938324,3.897951304912502,28.105062155975638,0.11726478345092255,0.01379703163931989,96.65162789584559,95.85366066623645,0,0
18.591666666667106,8.269123057120396,95.18637374251307,17.9484195237319,191.96848371007513,3.4170496884223605,3.8744381256249176,27.07237297344977,-1.928547507226397,0.013260469206502368,95.54488025207411,97.26492476664872,0,0
18.60000000000044,8.555958940754067,95.82820765470501,17.288408491173072,192.03562247348344,3.6349872694321936,3.8113350448486742,27.02363526407205,-1.69164783731586,0.013749580242595094,96.2094060667102,96.6029106252142,0,0
18.608333333333775,8.954652364151798,95.1645476564608,18.436233336757482,191.9159224003797,3.8457626027202267,3.7417244754896366,25.907878355915997,-12.266874547432211,0.011711985882397524,95.58491999066383,97.21485942271535,0,0
18.616666666667108,9.4346614277747,94.94408265793447,18.38815621338034,192.19094181143782,4.05167983513239,3.65460223138256,23.95636706723418,-16.912762918749618,0.011075401041459543,95.41169565631581,97.65816240385227,0,0
18.62500000000044,9.705824117293844,95.87911012628336,17.892090411837728,191.61525725499382,4.2648842208956435,3.5930733883703505,23.68762220496855,-14.004750435754518,0.011782350516592821,96.36911735822746,96.08550787135009,0,0
18.633333333333773,9.986668435558727,95.78703410493955,18.44655280167467,191.18274783332504,4.464491895063505,3.513214573049312,22.720893106947994,-7.404850785720701,0.012792681749048018,96.30622746771175,95.77009888914247,0,0
18.641666666667106,10.289504369995086,95.80056114681412,18.416817584592934,191.18925388723272,4.614163433375019,3.499356563066098,18.765249390657274,3.9319395218463713,0.013928446010057272,96.3515511874335,95.734298570649,0,0
18.65000000000044,10.527272833534482,95.74970042165899,18.416333662511875,191.22453765668615,4.764092972736499,3.526241093546811,15.710309875531992,5.40509113485758,0.013666956585220547,96.32667649280295,95.80021829734125,0,0
18.658333333333772,10.777365934006923,95.03074489555416,19.62924613954658,191.13797307313405,4.909371513596892,3.4927454900085957,15.960022117573645,8.588268976326573,0.014926513750054937,95.63991892447099,96.51401499860334,0,0
18.66666666666711,11.139065054414743,95.3943002702319,20.195185796942496,191.6510728688644,5.023584902607518,3.5638461310372995,14.284617596621308,7.008126353779677,0.014470438285961063,96.04244527464745,96.68184728276601,0,0
18.675000000000445,10.967821895248164,94.89389807660399,19.72306809761909,190.96906842870942,5.136673229527436,3.654641336962855,11.492133365616917,5.479396919920181,0.013877246816975664,95.52562488305843,96.47327450776308,0,0
18.683333333333778,10.966282901584123,94.94473191670335,20.015366715931975,191.52292555490772,5.221203363720223,3.668417983170825,8.900610312285568,2.509723116109212,0.0132018328700938,95.57594613401555,97.00120310747486,0,0
18.691666666667114,11.585620612034063,95.42518004661332,19.88885198507819,191.10567228875647,5.284402729109876,3.7172155432501928,6.619271393707537,-0.7368598807386049,0.012882093491275004,96.12591529808472,96.04009707894468,0,0
18.700000000000443,11.661517645222489,95.36827757575753,20.28416984335979,191.0974630071803,5.346096558880612,3.7125114957350216,5.863180690731476,-3.0038832166077487,0.012937270452589189,96.07861032277982,96.11673670227141,0,0
18.708333333333776,11.321369353035607,94.87347060296122,20.559282197941968,191.5852276047995,5.376960135689903,3.7071385033679722,4.283635769768813,4.761522469577084,0.013340195902065588,95.54657936461567,97.15195816921398,0,0
18.71666666666711,11.525507656905006,94.86279293413139,20.597225025799446,191.4576188531347,5.39026377555782,3.769039529546285,1.5409612006095466,9.983136178643894,0.013660498163250434,95.5603830570664,97.01987657353341,0,0
18.725000000000442,11.483759786881365,94.83784625085588,20.19872409475022,191.4769991466963,5.399554229896663,3.8432901343284844,-2.8108885015500595,9.895958731911847,0.013420303674626766,95.53059101849925,97.03131698226635,0,0
18.73333333333378,11.516803120692941,94.85661671620011,20.843662884620528,191.81451966267173,5.364654750923365,3.9151807053835292,-6.244082669428444,10.305014005615252,0.01336095057012221,95.55320240036383,97.40546831073388,0,0
18.74166666666711,11.633120365936918,95.75415727000768,20.779426796646078,191.9299705770987,5.309160623392445,3.959657224075294,-5.1927392232235245,2.592367888560456,0.013117132959465483,96.45821957686002,96.60974064039742,0,0
18.750000000000444,11.193267379691179,95.02170491167658,20.97656748508922,191.19252815486402,5.264381197439775,3.94844248024557,-6.737169245493943,0.794142091530314,0.013152572415406016,95.67870002751397,96.66716197460586,0,0
18.758333333333777,11.118336810198798,94.984586054462,20.61322829497408,191.29473801702602,5.198233478801865,4.0111683886175165,-10.773333414999772,6.572139123671501,0.01321985935793668,95.63309574285734,96.77705479792114,0,0
18.76666666666711,11.020450895127965,94.95371258388047,20.27487151727115,191.09096275294303,5.085624181297407,4.089753085473962,-12.851980305576282,6.4941243490704545,0.013253610187571763,95.59109723919957,96.58165028161648,0,0
18.775000000000443,10.844785941870043,94.97580802351428,20.33836210862154,191.75424588105903,4.9643631173371725,4.198113784401156,-15.115587508799987,8.855975769924413,0.013258392065120805,95.5929573339188,97.242963871843,0,0
18.783333333333776,10.82101199419725,95.02046049006748,20.08138228892807,191.52166834421922,4.859761828789854,4.24849688807356,-13.919012402009747,12.396091758156311,0.012642853867339543,95.63462872999003,96.94450771088444,0,0
18.791666666667112,10.367813350215556,95.06608646936843,20.494234497741274,191.61128663976956,4.731967243706901,4.354037382662169,-15.104009272576814,15.533057246234389,0.012517608110842904,95.62976707211172,97.07481692591482,0,0
18.800000000000445,10.09250187414591,95.58340685659914,20.76543422141208,191.44327744526447,4.609861473880489,4.4507329092176064,-17.107177667248266,18.877112585979173,0.012566970328374172,96.11475568503414,96.45219683431262,0,0
18.808333333333778,9.968740840667522,95.70670947482506,20.009727606869205,190.988419812629,4.460914075159284,4.622063739149593,-17.929956099944647,17.957158921694525,0.01249049263116575,96.22447730409847,95.8093196935257,0,0
18.81666666666711,9.763732033770566,95.01215595605731,20.4566610589452,191.12157917885116,4.303721192966561,4.759281115668622,-18.595545805890083,13.354631274020681,0.012485188600521724,95.5125135395642,96.70242997647746,0,0
18.825000000000447,9.747165950723911,95.8120933684325,20.210281304398393,191.59592152145666,4.130537553613412,4.893985292234028,-20.315442194889794,12.016820814395134,0.012705530401301068,96.3066170089687,96.3536118604402,0,0
18.83333333333378,9.02999497499701,95.77212509458877,20.06413237788354,191.47186510475757,3.933733749357855,5.007790181425616,-22.776704319030937,9.458045163289599,0.013347596035667042,96.19688536736535,96.33375538324913,0,0
18.841666666667113,8.904205063485847,95.70667529646931,19.924339189235923,191.43197621942835,3.738828845031745,5.044428368415501,-26.825857115557593,10.15911302711307,0.014248287988793074,96.1199904500433,96.35754559421169,0,0
18.850000000000446,8.44784241583801,95.24356911529964,19.829188972554903,191.8140845727728,3.528777907643854,5.072702628323755,-28.44035477039587,7.090350920274353,0.015022261472373621,95.61748532200421,97.23887856802008,0,0
18.858333333333782,8.054963464033108,95.16128907140774,19.20846045683021,191.56204907637374,3.305108705150568,5.2079916841325815,-27.47685460222058,6.282454305143082,0.014477517857313327,95.50158833306875,97.04384073553246,0,0
18.866666666667115,7.594646541793736,95.4602693306557,19.180798603333983,191.87499970736928,3.0602579391301785,5.206876341560297,-27.113477537181403,2.0494210882128443,0.01471702306667888,95.76190096680467,97.1083886860837,0,0
18.875000000000448,7.229024642298782,95.52102475575697,18.476531760871126,192.00023405780087,2.849026875864575,5.192601840781933,-24.26965118259406,-4.685441364981649,0.014648215018626232,95.79418023903591,97.13261163960294,0,0
18.88333333333378,7.015479994597172,95.85725092727034,18.09165177298138,191.53980947570108,2.654956487789577,5.134985615336777,-24.567441433328778,-6.069333098713706,0.014712267696103787,96.11362814340256,96.32151157263962,0,0
18.891666666667113,6.735572749746723,95.57446499603304,18.01198345655547,192.16738220592856,2.4369110976471764,5.138255483143438,-23.061275633269485,-4.297494559686871,0.013079233609653684,95.8115144413503,97.24890278839325,0,0
18.900000000000446,6.340145933297549,95.70148690349203,18.041736385145327,192.11073140320343,2.255043272829919,5.0987898177098545,-21.63809148465212,-4.15003190133543,0.012014381981447109,95.91127173588495,97.116783534608,0,0
18.90833333333378,5.9122775788550825,95.83131620663482,16.23258713145617,192.18099512409515,2.073257025261036,5.026166635183332,-21.466140336757622,-8.302126738531284,0.012651285793511935,96.0135208815168,96.90082258040542,0,0
18.916666666667115,5.916106348696701,95.71181533842457,16.791340410384464,192.07321721558242,1.888323738622778,4.9970248247313735,-22.587821851688613,-4.025637019431142,0.01167483885740106,95.89448320787685,96.97314312544279,0,0
18.92500000000045,5.348821489983607,96.14035333581711,16.36248426885078,191.87497047985613,1.715974130482718,4.901110832319673,-21.362936522340068,-11.40951034825753,0.01284039584789376,96.28903068817067,96.36606086959421,0,0
18.93333333333378,5.14809074207659,96.17184104020976,16.215264772588455,192.25373081098826,1.5431264887047966,4.791752591934445,-19.648002552093217,-14.697212715693256,0.012655132638403899,96.30953144602059,96.71717470514565,0,0
18.941666666667114,4.9993900705806595,96.18861739787735,15.156858568591872,192.2323111957303,1.399967107487722,4.603680679586387,-16.81546919371322,-20.50570348916032,0.01277470520099211,96.31845107762611,96.57932120606267,0,0
18.950000000000447,4.546533080904112,96.19551265126006,14.55227080593454,192.1483524188307,1.2579532583745179,4.5137102752161065,-16.596144892161306,-16.34411798335826,0.010939911034462568,96.30289516569317,96.47311670555267,0,0
18.95833333333378,4.373843107958123,96.53317756871309,14.666281871405431,192.24178923536056,1.1029441317272726,4.333770922923542,-17.650319569458272,-29.600861078879454,0.01630993925921853,96.63221447863918,96.2604417341643,0,0
18.966666666667113,4.3423644737766836,96.1721512356018,13.059936128514835,192.08131026019436,0.9377543164405778,4.078609546952403,-17.276016930087067,-28.356083095234435,0.014988796633582435,96.27013453042736,96.30453177478242,0,0
18.97500000000045,3.9756704215125183,96.05564644269947,13.25950238401208,192.222780867675,0.8027064241551732,3.8716777233875486,-18.6745107561262,-23.938604115777807,0.01350106432294318,96.13788623027538,96.61421882631583,0,0
18.983333333333785,3.819043416204579,96.18007783708396,12.386352524221024,192.47214912771886,0.665718505050429,3.6069610617384575,-17.077866574776262,-27.63420476797265,0.013711300521906722,96.25586977095155,96.67244580951191,0,0
18.99166666666712,3.284936643905894,96.2829895710936,12.306347275790472,192.37202453131886,0.5300483637529186,3.385942103397978,-15.988107593321532,-31.50662225228827,0.01446880953724694,96.33901021653583,96.51159769362681,0,0
19.00000000000045,3.105851163756995,96.4371020350523,9.962146781370507,192.4495174029068,0.4037920261376531,3.1541602054716122,-16.15645696253263,-28.5774442533,0.01291129792979806,96.48710255972297,96.25690985256864,0,0
19.008333333333784,3.051490082223836,96.44718099059764,10.987519096518213,192.67190827386315,0.2706482532664252,2.8815596976732243,-14.389469383925759,-29.123686333485256,0.011805937939038724,96.49544192735225,96.55143032215807,0,0
19.016666666667117,2.921180984063085,96.20253941983748,10.12542904987697,192.93470858644747,0.15175362793454558,2.675153796319222,-11.364569635524909,-34.07008628899338,0.012076691012874896,96.24687989315309,97.00007083436299,0,0
19.02500000000045,2.788315695318147,96.22592254423967,8.750172507226182,192.51662525957795,0.06001513437569198,2.364697694103469,-10.201333884712378,-31.517212110167492,0.010072551607071212,96.26631224840166,96.47509090982682,0,0
19.033333333333783,2.4531467794060973,96.24787597619041,8.869968537058128,192.64963198680977,-0.028855114986186196,2.0964509455120948,-9.551958380914094,-33.396859894303994,0.010302979353832509,96.27913355992274,96.61508248405349,0,0
19.04166666666712,2.3423175678743746,96.38378798616452,8.195900987702316,192.96149155881204,-0.08300427713431469,1.752584117843349,-9.429624079126196,-36.37673498316592,0.011293586413029022,96.41224527076778,96.75493406653254,0,0
19.050000000000452,2.30080583359495,96.32770613437111,7.058662135380814,192.89418384219834,-0.15915325944273037,1.490878294391322,-8.714213239838262,-45.44732338246009,0.015194936863805353,96.35517981195231,96.68361708937424,0,0
19.058333333333785,2.215226739534785,96.20023312878237,6.840413635202083,192.88918600539705,-0.24201955277338508,1.0234822213662649,-7.942628476374404,-46.4340892626184,0.015044644926216488,96.22573503766873,96.79951426632297,0,0
19.066666666667118,2.0430792322296156,96.2477211566495,5.791869218877025,193.08783801036117,-0.30683058631629007,0.6711441672772058,-6.9202654004522195,-49.348308228703246,0.015909458502361584,96.26940324213776,96.91264963153426,0,0
19.07500000000045,1.9556649744228025,96.25141908195297,4.990642473813352,192.941060218978,-0.36875175599886634,0.2817498861262766,-7.163501120304719,-53.19903454271614,0.0182194447908115,96.27128492329332,96.73726165045449,0,0
19.083333333333783,1.9578820719133319,96.29909486487674,4.043694227741867,192.69120993993334,-0.4284969091813828,-0.16793747744830442,-8.74890347746259,-47.85405663235643,0.016171309590278238,96.3189959146276,96.41467969657089,0,0
19.091666666667116,1.6463051470315122,96.30199077480893,3.4327610505453663,193.1410363044517,-0.5034368352434223,-0.5266572699478537,-9.28853527590764,-43.67130121271574,0.014320606546580628,96.31606173338135,96.85552211302887,0,0
19.10000000000045,1.5824395286550157,96.25853768335026,2.2256992801423507,192.9658670960285,-0.5841424302242743,-0.8965742214424152,-9.292718724806486,-44.116589835324916,0.01468697337387459,96.27154403975669,96.70946874655111,0,0
19.108333333333785,1.5606760241781217,96.25754849507496,2.3682561634511785,193.02865586780962,-0.6574321668335869,-1.2707326114095439,-8.808863867266618,-39.5104537460785,0.01228600262623436,96.27019970860219,96.77447704754952,0,0
19.11666666666712,1.317904935911315,96.22182277409826,1.0275249999139078,193.04041884192196,-0.7134760803342065,-1.5780141734879738,-7.393642790053071,-37.586788562752595,0.010846372614335298,96.23084771210358,96.81903152299985,0,0
19.125000000000455,1.2255995702701625,96.26055915383819,0.6590845751316579,193.1524952477945,-0.7656032498376549,-1.9355735276174915,-5.40479398875604,-41.31412229637954,0.011785999399319458,96.2683610690253,96.89359225085542,0,0
19.133333333333784,1.1719469857861782,96.50082498420534,0.04406498823442462,193.44255439926917,-0.80718413450778,-2.334846715014324,-3.3966040726574924,-48.77310473151175,0.014708432309786357,96.50794103269286,96.94829044281211,0,0
19.14166666666712,1.1234070663435318,96.4735270639955,-1.055570404193304,193.25453871312567,-0.8222316300570351,-2.7141939734479945,-2.495406094235003,-48.45913272475421,0.014439522865030696,96.48006772180555,96.805537851128,0,0
19.150000000000453,1.1488533550356124,96.43997087917194,-1.2392615425877693,193.4509809557391,-0.8605568412047124,-3.158494000293991,-2.741630660602705,-55.903595419101336,0.01910972621775109,96.44681356689244,97.04039967374447,0,0
19.158333333333786,1.157222513542365,96.39491585212033,-2.1473239076707387,193.782921970902,-0.9082992074208263,-3.5491917575440715,-4.425429768914567,-47.1430436747519,0.015847206138270398,96.40186183929858,97.44405452792803,0,0
19.166666666667123,1.0236857353849018,96.43686255569258,-3.5523006260825696,193.70105947853222,-0.9563587716224047,-3.91883270716305,-7.464420427350088,-45.62840132994406,0.017339873340107115,96.44229565947906,97.37178058465021,0,0
19.175000000000455,0.946675434623728,96.43228495529803,-3.945088406316927,193.7620145893464,-1.018118163205203,-4.253500611368574,-9.40206445010569,-35.80014777964096,0.014222717268466578,96.43693159821251,97.45258141328266,0,0
19.18333333333379,0.814742993431878,96.5603019666446,-4.04214232775314,193.82905904111396,-1.086347776344739,-4.487079463687802,-10.180689684227177,-24.572607613731126,0.01061405850497632,96.56373916763444,97.38994012645904,0,0
19.19166666666712,0.4712272255355856,96.56409125658365,-5.564080253870941,193.44593312426446,-1.1444952296070852,-4.701112954577314,-8.729272218463185,-20.473896025743418,0.009166942884351048,96.56524103065192,97.06964623426465,0,0
19.200000000000454,0.40848748637222343,96.30892678809079,-4.625468235868993,193.59819103568765,-1.20592195088942,-4.966840034267087,-6.830560000489216,-20.53380346562879,0.009064462815144836,96.30979306955422,97.41941104344767,0,0
19.208333333333787,0.3731596790798335,96.36700557882688,-6.0366477838326205,193.49557211885173,-1.2907009858153566,-5.143057508577067,-7.531863755811723,-22.621745841110148,0.010308553257864173,96.36772806482335,97.33983804091541,0,0
19.21666666666712,0.3310131349173844,96.42941663887342,-5.579338733045859,193.59817883397278,-1.3745181675237015,-5.316084967153257,-9.02844855686687,-27.316240554163983,0.012861269826333732,96.4299847713818,97.34834670260666,0,0
19.225000000000453,0.24854435973372802,96.43335297595775,-6.217958704584419,193.47939548107473,-1.471179958905014,-5.458047877329322,-11.158044004019445,-21.174968449614294,0.012077462175935416,96.43367327072227,97.26124627921344,0,0
19.23333333333379,0.1498778451997964,96.34604236121334,-7.39243797324076,193.54435903691444,-1.5691240154114168,-5.5929051174812106,-13.639628174453145,-15.356632737060863,0.011723660451040896,96.34615893764108,97.49050873031166,0,0
19.241666666667122,-0.2727938911304477,96.4217253464272,-7.991956616809773,193.36140309503674,-1.667260810485944,-5.730723340272084,-16.070446540376874,-17.13812579651274,0.013731039595787475,96.4221112364217,97.24652484891058,0,0
19.250000000000455,-0.6789894972150137,96.42576627546754,-7.802208439103083,193.40962927392616,-1.7949280110154167,-5.923718908290065,-16.934103804448483,-10.520535513519093,0.012719970955696436,96.4281568243862,97.24510234555704,0,0
19.258333333333788,-0.6924152668591432,96.3263381349405,-8.133521048282716,193.518298341655,-1.9394633973240205,-5.9957861507382795,-17.16082131288781,-11.261810882386715,0.013373217464899945,96.32882672071051,97.4763929578537,0,0
19.266666666667124,-0.9383373623977036,96.52871905662158,-7.997413913491016,193.66573706832037,-2.087589210719234,-6.104259464392864,-16.468273757379002,-5.228715819687346,0.012075733140996636,96.53327964861575,97.39317650615617,0,0
19.275000000000457,-1.0831543961179477,96.53157384676445,-9.12668181102265,193.91957638169305,-2.230372415195673,-6.117040051466185,-15.427215585205795,-4.233202873225888,0.011766749529526166,96.53765054515864,97.71960586810398,0,0
19.28333333333379,-1.3187682791017323,96.57329346793853,-9.681713587203035,193.7643331242612,-2.368236111229088,-6.065053901285469,-15.29772246435013,-2.4504099660348215,0.011503667592259958,96.58229734800545,97.55017705623698,0,0
19.291666666667126,-1.653856986690073,96.5478687397931,-9.489763394758654,193.7804936937656,-2.4908968045701636,-6.0190689433193505,-16.754767299478626,5.518330099425861,0.010885481308049894,96.56203291733631,97.54785894460157,0,0
19.30000000000046,-1.894638598903157,96.29619502679896,-9.55535208059041,193.73125484994904,-2.629716847807293,-6.020644146838916,-18.326758349450287,11.423452421293945,0.010994531932414287,96.31483183840251,97.73575299648199,0,0
19.308333333333792,-2.0712305377953157,96.33555879150015,-9.537096152825995,193.5401707171314,-2.78520958550899,-5.959587157195512,-17.626531413339247,12.932139468831403,0.01092032923908981,96.35782211949001,97.49090074973289,0,0
19.316666666667125,-2.3113925814161576,96.545957200815,-9.483827619000465,193.54421566246123,-2.9148286421135374,-5.8629660900764025,-16.061096181381657,15.676418816830026,0.010631264496113957,96.57362159247745,97.26307608214276,0,0
19.325000000000458,-2.587800103080383,96.49397380862445,-9.432140886622676,193.52812042834353,-3.0452820224422834,-5.795426568437181,-14.565310547014509,3.3473655338747683,0.011176709751111513,96.52866771458623,97.27523123066015,0,0
19.33333333333379,-2.7823138575453186,96.51638654411198,-9.844023305461121,194.1247856725427,-3.185908926068375,-5.709151619221176,-15.377299517342848,1.4618929183629614,0.011738648236247151,96.55648161534434,97.86351373592622,0,0
19.341666666667123,-3.032707545830476,96.42140148378934,-10.52105378606285,193.58463935926704,-3.3092308986898784,-5.658683066766802,-15.376507874899557,4.396026726126701,0.011555176563597058,96.46908302226485,97.45137312455,0,0
19.350000000000456,-3.1268265943174924,96.53209027531705,-10.103432982005245,193.98380928082406,-3.4232738980351933,-5.626363310753502,-14.045306404450647,4.300847976848187,0.0114634599464436,96.58271842039284,97.7011288257051,0,0
19.358333333333793,-3.2675817872395214,96.64222682898725,-10.157056469207305,194.0684459180021,-3.5283508818078175,-5.603275345494374,-12.281007907162811,5.1815918160234045,0.011253839920546849,96.69745134801497,97.6695092000272,0,0
19.366666666667125,-3.6547372537931437,96.54212368066374,-11.073693977039511,194.04839841271144,-3.6425659414307687,-5.571644413490781,-12.761674320967177,8.109213781210496,0.01138834049282167,96.61127651142405,97.78811037637944,0,0
19.37500000000046,-3.911378045143863,96.597142454312,-9.851210051354428,193.6882427941195,-3.7597913687802604,-5.504800492354991,-13.86023873939435,11.846394322845258,0.011596314776545658,96.67629910454103,97.27262394659954,0,0
19.38333333333379,-3.7823817660182044,96.37554529183313,-10.332477812341722,193.7355051622979,-3.8754964654010404,-5.344723964985376,-14.02951327820663,16.26352464762118,0.011606739405004785,96.44973894273684,97.58004685484923,0,0
19.391666666667124,-4.002244575901159,96.59365098086249,-10.685901153492921,193.9242586497847,-3.9868417725875798,-5.173040986061026,-13.727708650381636,17.84727348686937,0.011598846055226097,96.67652957909695,97.5598198770828,0,0
19.400000000000457,-4.288973229433395,96.3787833746324,-10.492637425636474,194.1663414984601,-4.103408652388292,-5.053176414075274,-12.789534287214211,19.935912281297473,0.01176214760879013,96.47416843972854,97.98414143768485,0,0
19.40833333333379,-4.646248855526551,96.33284428177944,-10.385885817215126,194.0066807633529,-4.1917223855494425,-4.879805518692052,-10.738078802012593,20.678275534777715,0.011723082227192538,96.44482627826673,97.84233115314217,0,0
19.416666666667126,-4.673838645850935,96.5422338706963,-9.94833483089991,193.9776986663909,-4.262106396661881,-4.748682608549231,-9.674891738264897,15.359738291257434,0.011274546080132897,96.65530346769218,97.57812311147995,0,0
19.425000000000463,-4.710858919169652,96.4972625095952,-9.519980294973948,193.54426774648704,-4.329340687701081,-4.670617299083726,-7.126648503294939,17.56213019134295,0.011532587330365995,96.61218279079532,97.1660891147551,0,0
19.433333333333795,-4.829584449622303,96.55697785272571,-9.973925421753734,193.85027710464817,-4.394671420706907,-4.491848721568323,-3.4381146735392876,12.380170843656677,0.011114536051521018,96.67768541916897,97.42920672653395,0,0
19.44166666666713,-4.904569524155363,96.6872417894881,-9.942796905101147,193.87273672851978,-4.42599060506366,-4.357401218408447,-1.9376138587413023,9.374765394496393,0.010831541982986526,96.81155678469491,97.31600157058789,0,0
19.45000000000046,-4.799083171959239,96.57058471697349,-9.425802246168473,193.8818305415104,-4.448744296320039,-4.274954972760523,-2.472690004687185,9.604159833724138,0.010756946402814549,96.68975660259744,97.42117374223687,0,0
19.458333333333794,-4.949990026318687,96.5838747178197,-9.889165006543749,194.0233578421603,-4.4490667790170235,-4.222828570351929,-1.969560702383753,9.372877035942986,0.0106840456892221,96.71063673023843,97.56458538334459,0,0
19.466666666667127,-4.929636907212171,96.58071532084682,-9.110239640458815,193.80746998886752,-4.470216081657781,-4.138963817109783,-1.272136179006121,12.835424774534333,0.010997033278050683,96.70644183260701,97.31659294533854,0,0
19.47500000000046,-4.973914670985039,96.56939451095707,-8.99727087667901,193.57718166360678,-4.4633996993077005,-4.0384406432434625,0.9839769530073598,14.899302604383038,0.011400871772253574,96.69740318833337,97.09118478735176,0,0
19.483333333333796,-4.957747114594838,96.56784549367575,-9.016655951958683,193.76043557872003,-4.450776561817396,-3.9256345327230098,2.224629858294457,11.58366593849303,0.010905068141147556,96.69502593072048,97.27730623526475,0,0
19.49166666666713,-4.929350600465455,96.57032062961702,-8.90516712754004,193.5182550962043,-4.41867394136429,-3.8123449692281866,4.8813689949438315,12.417522336694308,0.011254316344206483,96.69604606109468,97.02942396198519,0,0
19.500000000000462,-4.678730004745091,96.44251049369626,-8.47364039677359,193.3749058487138,-4.358263842301854,-3.677115811906623,9.11669312584345,16.23365752930198,0.01282093006200169,96.55593376268502,97.00665242211461,0,0
19.508333333333795,-4.764548765843585,96.52090299732197,-7.938210138924546,193.45307252759648,-4.283444492081241,-3.4953085295235597,10.515471712166818,19.07896793141527,0.013611338458755284,96.63842734834077,96.9841101230344,0,0
19.516666666667128,-4.382680879426175,96.27447932623232,-7.662524203968815,193.94468818760134,-4.1915024762260344,-3.3674471954599454,12.702083558175739,22.790011902319762,0.01527753683393751,96.37418358267956,97.72526321917478,0,0
19.52500000000046,-4.3831686170285025,96.58806329778554,-7.387753545917235,193.59176940518188,-4.0662546766701055,-3.1774084818255983,15.18330391325165,24.436445756041163,0.01650010245656297,96.68746629601134,97.05022683726725,0,0
19.533333333333793,-3.9983460578380345,96.7853693220357,-6.2542480601312604,193.96511489065165,-3.952091478163682,-2.977088296752881,15.29589624681121,23.096734706861877,0.015485733154000147,96.8679228950486,97.20592596454641,0,0
19.54166666666713,-3.7685680388170795,96.42739732306325,-5.73942819198794,193.3300389261708,-3.8218888051579025,-2.7927322411673074,16.197977745140868,20.340406853447195,0.014364188600367367,96.50101066601893,96.92268175924389,0,0
19.550000000000463,-3.7347846111164245,96.74997242803124,-5.573441298624573,193.322823220943,-3.672633920486854,-2.6441081500761245,18.710510960419022,16.371779424961233,0.013679890204640888,96.82203148517509,96.590352358217,0,0
19.558333333333795,-3.254852801862455,96.72271847302017,-5.1587365563857475,193.7819264015825,-3.488066041032741,-2.587489606915212,20.86407179387463,8.625813514693107,0.011745644643102793,96.77746811925236,97.07787913356283,0,0
19.56666666666713,-2.9717584242002886,96.5633656385877,-4.344016178297693,193.28381966636715,-3.2938554227692776,-2.5311422319481403,25.013090541922786,0.5298573365148143,0.010976615176674809,96.60908306977862,96.7301882489819,0,0
19.57500000000046,-2.8803956802362904,96.35624319358385,-4.384255339201729,193.33254913974622,-3.0899602193122786,-2.440339835730505,25.733367363280568,3.4625676971923567,0.01157129278823854,96.39928569058901,96.98796579389399,0,0
19.583333333333798,-2.2189576474862065,96.6243259877429,-3.754489007294808,193.55047657727175,-2.882833010760992,-2.3871016147041915,27.757180404649684,7.75366277362077,0.013562300899265356,96.64980158089797,96.9383129864605,0,0
19.59166666666713,-1.7685091630772831,96.37619599072633,-3.467079041403565,193.56727302833696,-2.6571451653807987,-2.4101821093902265,27.84567767443526,2.617757346633182,0.011521631362934048,96.392420751337,97.20591852023374,0,0
19.600000000000463,-1.3999496618039302,96.57278286285805,-3.2478918365450227,193.8135872356661,-2.435281475617239,-2.3706291787744735,25.985858816920114,3.845370628290268,0.010464846199547573,96.58292938678302,97.2583617245937,0,0
19.6083333333338,-1.083700372941621,96.54785454474842,-2.0721802560060496,193.78045251623047,-2.200380877792144,-2.3186570914457976,27.8447866217331,6.101859259131801,0.011756212682107137,96.55393634488556,97.23762235247774,0,0
19.616666666667133,-0.9046230393540782,96.49006310180829,-1.3908286001891952,193.4523300851377,-1.9633771184552806,-2.2577655982523908,27.19117681621849,11.564889902210995,0.012918877178647037,96.49430356365227,96.96348598515753,0,0
19.625000000000465,-0.32535966073135114,96.30330364788739,-1.770433287525691,193.6531459740267,-1.7269390604049188,-2.092342030756061,26.349806134674044,17.617429218504412,0.01440031037791023,96.30385325835115,97.3605671651056,0,0
19.6333333333338,-0.005406610455509053,96.25572094264965,-1.6490664547736742,193.4389551437293,-1.491108711651312,-1.9833124123346364,30.014763300604166,15.431470065432714,0.015589655057418383,96.25572109449224,97.19713281504615,0,0
19.64166666666713,0.4089160317371352,96.25816075662186,0.31069688688097585,193.53873758995383,-1.264279567466497,-1.8437141135917967,30.052263557608114,14.466394960932961,0.01486560396938108,96.25902931449428,97.28062641670344,0,0
19.650000000000464,1.0781981659042117,96.39381156713904,0.772437703732578,193.60102946105894,-1.0121655866227515,-1.8161223680434806,30.704679511156943,6.864818219723435,0.012006033330060006,96.3998413884902,97.20769876988267,0,0
19.658333333333797,1.173813957594973,96.43323753841298,1.1971620816896689,193.0457181205553,-0.7649555059667642,-1.76285031522255,29.321665914831257,10.859397669462243,0.012454682075110579,96.44038127956063,96.61248340338699,0,0
19.666666666667133,1.7337429837290301,96.54535337376086,1.9659840405823843,193.2978255402275,-0.5235515983549164,-1.6223219050193467,27.165843839411007,14.69845483846048,0.012407924291617078,96.5609192313225,96.75275089748814,0,0
19.675000000000466,2.221504263685972,96.33776957206572,1.6364559832077248,193.07839119170535,-0.28655625601180534,-1.422577583688016,27.985466350420094,11.704045953658287,0.01154697099080737,96.36337959678463,96.74239067153951,0,0
19.6833333333338,2.264181291479133,96.34413306218892,2.478351416808721,193.001448808727,-0.06060142476135378,-1.3318920704159478,26.462543433497313,10.022058093678899,0.009912132830161458,96.37073462636594,96.65755302183344,0,0
19.691666666667132,2.9778382892399122,96.37925518541812,2.7625172001119154,193.09980719604613,0.16828413240498818,-1.2509149027885123,27.14839455650316,19.995800081115608,0.014427012823803764,96.42524747685539,96.72079168623478,0,0
19.700000000000465,3.1440148838664754,96.4757785828773,4.5808882257817345,193.26009603774696,0.39849655192008404,-1.1424317032881948,28.923135868639825,17.190384343589994,0.014380693607161987,96.52699458059564,96.79498287724263,0,0
19.708333333333794,3.6213867348557756,96.23658075747056,4.915462405988933,193.17671807106683,0.6411336506987285,-1.0572377491256124,27.64711950006807,15.010614760684401,0.01261308716604459,96.30469312433607,96.94877438225569,0,0
19.716666666667134,4.099384519813043,96.08407433592521,5.159217210237671,193.1457963351515,0.8577134890520494,-0.9238038516339657,27.66153418841008,13.405706783043728,0.012026370016788412,96.17148379032572,97.06750806931628,0,0
19.725000000000467,4.2524334160462445,96.04616884090467,5.26985694362611,193.02207604748816,1.074806646999482,-0.7231545344352788,26.468103767756972,11.910928665390093,0.010782895172376072,96.14026075985791,96.98124421337542,0,0
19.733333333333803,4.879993026458521,96.08910186296333,6.655614240365082,193.09874119724236,1.300561995672414,-0.5914744956234345,23.94768086248895,16.57892047804453,0.011225366498906375,96.21294002767625,97.02588806324924,0,0
19.741666666667136,5.106756103652174,96.03260826149028,6.285707928894055,192.78457023658507,1.4775968688731846,-0.3927127381260696,22.596065004778183,21.569837727568117,0.012608065850093109,96.1682941899618,96.75914465019018,0,0
19.75000000000047,5.313838157250132,96.17569265007148,7.417755825457618,193.23231054607663,1.6727259580063358,-0.27088674243151106,20.342990182124545,31.09382096055824,0.015813794098897827,96.32237918927491,97.07941876095954,0,0
19.758333333333802,5.640566244917181,96.12531805910317,8.492608970699507,192.64933592449717,1.843879357437358,-0.05936401752422071,19.875641189303806,29.531730533253622,0.014926146848146526,96.2906680812167,96.5661440287878,0,0
19.766666666667135,5.9191256311035545,96.09888323685237,9.19663443164643,192.74272051917745,2.001669234770493,0.21815228191615574,18.881744712447126,29.932571738021846,0.01469735572203934,96.2810023192892,96.69939683674434,0,0
19.775000000000468,6.20283932854619,96.16770392578877,9.516553318966714,192.42738487798584,2.1489084947517956,0.47868674749898993,16.521086602854343,28.881004010011857,0.01300605919965081,96.3675385910314,96.31670092683346,0,0
19.7833333333338,6.335381509327931,96.05772372887674,10.19151852775201,192.53859532071726,2.284783547148982,0.6815848200823992,17.459893742768084,26.239512777342732,0.012655696249450177,96.26641858323153,96.55790167472612,0,0
19.791666666667137,6.739028522921103,96.00856154207554,10.534527636397797,192.60315167245392,2.4298832032309274,0.9498781086599032,16.323241348978193,22.787762471160004,0.010945805454693591,96.24478372780132,96.66912979838081,0,0
19.80000000000047,6.861033830641929,96.00698262125087,11.300627883175423,192.8198883430603,2.562480020602746,1.1829082813695768,14.664288692178639,29.642500045005182,0.013186217854007865,96.25182853983803,96.91464651770265,0,0
19.808333333333803,6.992950697696585,96.2639856148246,12.310938643035627,192.36921053678708,2.6729622147057803,1.372292179703218,13.133577499051022,30.123254140470706,0.01284704839684725,96.51764753614529,96.25224804173547,0,0
19.816666666667135,7.159407817639533,95.60173370434501,12.369928952819578,192.52465542472555,2.7631160675090407,1.637970523588803,10.701241086706778,32.97390400989606,0.013101283569044941,95.86943521047662,97.06287799831186,0,0
19.82500000000047,7.500393904154123,95.7753825464377,13.079830174101403,192.53264285904345,2.852926765265138,1.914407734113423,9.561086641551015,32.28583362809869,0.012596958582491435,96.06862032231938,96.9179938519765,0,0
19.8333333333338,7.500595389535988,96.20641009733987,14.092785382135332,192.4991748373423,2.936608153848562,2.207607846896746,8.449646310715769,34.47057260240502,0.013359068727878842,96.49835374251245,96.51815119536835,0,0
19.841666666667134,7.5711760566594535,95.88076394710839,14.453430735371398,192.4793706442186,3.009144290847518,2.488796595586721,8.96114005752549,31.326105376355276,0.012722093136475543,96.17922645749472,96.84346258413954,0,0
19.850000000000467,7.6462124300885534,95.88830785400228,14.322512622037266,192.4399591127996,3.084616155699698,2.702657063896155,7.963518811283639,29.40003812006779,0.011904966169088649,96.19268240167729,96.78220055905649,0,0
19.858333333333803,7.692824972251003,95.17083338500771,15.782355341912648,192.30999506493953,3.1466507237773973,2.961442518580328,6.795194171804896,32.23566182295483,0.012871875975394076,95.48123943084623,97.47541861147154,0,0
19.86666666666714,8.010327422209286,95.7413174575185,16.040070156873867,192.33952091956115,3.1832142059502453,3.2813148063175865,5.4184824953152715,31.82991137436609,0.012589734164627497,96.07583053979984,96.93136582386057,0,0
19.875000000000473,7.965151472056732,95.23732070477837,16.63954830152528,192.04450111900297,3.2197471171953693,3.5237630836306537,5.063814174034248,30.386312831652763,0.012325118775621924,95.56982208311165,97.19503763108139,0,0
19.88333333333381,8.030990017236093,95.211935912309,16.683261529321783,192.36235101706922,3.254894125396614,3.7334172381988107,2.355116901455309,30.86243148951859,0.011852128988148358,95.5500368436694,97.53494223787736,0,0
19.89166666666714,7.994270742878143,95.53495793132083,17.27003266610575,192.12178016960956,3.263543947955178,4.024401536705551,-0.3433907374174633,31.50705277816334,0.011624561307290726,95.86885078924061,97.03120111256577,0,0
19.90000000000047,8.010013316902644,95.80945593530384,18.24952386962326,191.79995616599865,3.2573178978799526,4.337452798790467,-2.391733878041797,32.48759201521405,0.011807234524346288,96.14370577399171,96.53509056761845,0,0
19.908333333333804,7.978135520712613,95.86402841221246,18.19520644197769,191.35439827909124,3.255938879229071,4.563423504639726,-1.6340316482800932,35.372231727613595,0.013315429200403184,96.19543954785141,96.03540636412943,0,0
19.91666666666714,8.019720479554735,95.14172923693786,18.34852875149278,191.69349285534724,3.242325905117401,4.848952107797275,-0.28178436738452106,32.55822444640035,0.01330556711944375,95.4791315354564,97.1026639085852,0,0
19.925000000000473,7.9304994241454665,96.22713930045296,19.123113687755904,192.2617144831142,3.2385922551892166,5.1619232442435266,-0.007944024707058819,35.12323768754238,0.014830229394585448,96.55337984278515,96.68461224294272,0,0
19.933333333333806,7.950452937030093,96.19515401101921,19.865382682228358,191.2290332170308,3.231308919982321,5.383958419749758,0.18379928703586018,25.739636948663396,0.012494277168752177,96.52314415262092,95.77788757211036,0,0
19.94166666666714,7.991062333834577,95.45314250375878,20.058337959815844,191.37054648162467,3.234954944191293,5.567762127407743,0.13235183331374517,22.95877411035318,0.012199466743333165,95.78705283631035,96.67350995431232,0,0
19.950000000000472,8.115159124922343,95.56435363993745,20.17439841659018,191.49781809932307,3.2380256083216965,5.75416528646712,0.18443153658665576,23.142176859101756,0.012658958274469612,95.90829731697794,96.68844220212625,0,0
19.958333333333805,7.957806649191355,96.16309883948634,20.597657974461868,191.01739987264955,3.2298716677790593,5.952859902654363,-0.8799901463235412,17.80248040083788,0.011814161060609063,96.49180413423066,95.69275973664304,0,0
19.966666666667138,7.972579509798209,96.20446671520284,20.965649681075433,190.95821508167313,3.1958413306009215,6.155766403199299,-3.0760548810383894,17.345011462670517,0.011831094308316192,96.53425008771046,95.6404344509795,0,0
19.97500000000047,7.938372119020755,95.98295256531549,20.253507157070544,191.9345558839339,3.185662228184343,6.306750348770454,-4.026555169124272,21.349122670726462,0.012667827370972606,96.31066885374459,96.7386826994192,0,0
19.983333333333807,7.950191506668716,95.8218338696579,21.58232250686507,191.33834407228846,3.1670881308047316,6.461009287628984,-3.152744147418315,23.865075465723912,0.013605248231467026,96.15107587092837,96.48439623532784,0,0
19.99166666666714,7.858063713224851,96.09223057997434,21.730496008776356,191.81128871290719,3.1486874882629605,6.623664872111559,-1.2436605144448252,20.06546304666145,0.013560826625253597,96.4129967543591,96.71909050260159,0,0
20.000000000000473,7.698756397005411,95.81826160825108,21.516146950121993,190.9289469585646,3.13844275566672,6.772581804126142,0.41658748917400135,16.33319827718944,0.013545174139629523,96.1270519036534,96.109118971634,0,0
20.008333333333805,7.684490896151544,95.52130906272225,22.182308793109712,191.1338481662416,3.1484301928688185,6.897311734706052,0.8377725657017117,16.045574844368304,0.013913479885931057,95.82991122498831,96.70545154020726,0,0
20.016666666667142,7.99620995092215,95.24868981970974,22.237317134409125,190.6449237292573,3.158143187129021,7.043321993107713,2.2880559441754986,13.203541549009808,0.014116709573137154,95.58374488348164,96.45335959901385,0,0
20.025000000000475,7.921629290138128,95.74327894876484,22.19602497647253,190.8429596380454,3.1663761613719834,7.186110755581092,2.585561023147147,6.38503621101081,0.013739916978908084,96.07043080194536,96.16500215469847,0,0
20.033333333333808,7.914220498984093,95.7157031702269,22.26687385754167,190.9842621546207,3.1848237503499393,7.171571724468389,2.7864049819939947,5.281114220121255,0.013671089004789305,96.04233816123764,96.34364010869547,0,0
20.041666666667144,7.934434189680303,95.82792741151991,22.64884212762405,190.95134803949907,3.2093406944874627,7.190457631216685,1.6787738440583893,0.7905403095565455,0.01346651967565915,96.15584702917393,96.25476067671495,0,0
20.050000000000477,7.989634327132592,95.78528859800997,22.806944893108493,190.9517488237343,3.2330506383260036,7.1830241323913615,0.6638441887096961,-3.2579449449874542,0.013493501727294355,96.11792636384409,96.31307203232048,0,0
20.05833333333381,7.961021541640207,95.18253959779088,22.64091563555428,190.9085370458335,3.231005126475273,7.121319705128453,0.012520792645937374,-6.374848754283314,0.013486448028869003,95.51488736459615,96.84506119586686,0,0
20.066666666667142,7.9664844561915515,96.15537602770729,22.376482067592917,191.79995350406716,3.2307126962597734,7.09381339605733,1.7922202499448001,-10.09870864424025,0.013566648091458244,96.4848237476782,96.72400545775594,0,0
20.075000000000475,8.063555467542926,95.84222290797572,22.089657938879213,191.70052651946492,3.243853149655653,7.006445045647738,1.0982072098986804,-13.92175143588312,0.013825455617821447,96.18083290718711,96.87902725465851,0,0
20.083333333333808,8.018957986971657,95.79438474252873,22.271219690564692,191.88334677227743,3.261313505860939,6.8853952152095745,1.6739791199310983,-16.017203303823695,0.013758750965239486,96.12943272170308,97.14018523567984,0,0
20.09166666666714,8.069457909054051,95.81475420969605,21.916048127686338,191.08333313425675,3.282844983061386,6.727927024786582,2.5746200221023656,-16.170784101543425,0.01331819968290704,96.15395610795461,96.26957043109715,0,0
20.100000000000474,8.058498457642884,96.20151619017702,21.571223838659023,191.0997185933022,3.3040282448167306,6.553591426570779,3.3302562988075373,-18.84630770475841,0.013225329272324782,96.53844371379064,95.85542533715697,0,0
20.10833333333381,8.201286589941674,95.51964798152937,21.72256845162343,191.10540519097833,3.3299373216083783,6.389496653537477,3.5967910861852332,-21.803821317908465,0.013340176432535156,95.87108141794191,96.5373608738439,0,0
20.116666666667143,8.081033671360103,95.15417910530607,21.016699980000908,191.70148620301262,3.357751794992118,6.207336596300973,3.324993212160952,-25.822497388657748,0.013824444749986675,95.4967062594429,97.41003013379763,0,0
20.125000000000476,8.272960811039582,95.11450307377908,20.890990510572692,190.99270029416556,3.3881847382798056,5.997447887350752,4.145178551068974,-28.743270166863258,0.013927218076253745,95.47361193310394,96.70492942828523,0,0
20.13333333333381,8.291186613160278,95.55034177617108,20.443195139762793,191.16932997523242,3.4260186442657465,5.764533259404318,3.8936634006967172,-27.163717129787354,0.013179404727787336,95.90939260050264,96.38808129350252,0,0
20.141666666667142,8.254579001894626,95.14436422820819,20.04125408389274,191.61281211643183,3.450377896376264,5.5418143178455095,2.809938899453457,-27.172130894608262,0.012987597050964084,95.50177023955348,97.18583820419266,0,0
20.150000000000475,8.311701962126449,95.13613647204079,19.883294416687875,191.29012196254376,3.4695458151892895,5.28097526695117,1.4761165415203026,-29.367981375539127,0.013384324060419672,95.49852801134678,96.84777063847324,0,0
20.158333333333808,8.393254392808728,95.54604529526875,19.425004862669027,191.62254665979168,3.477481420616577,5.04745876450366,1.246985550110069,-27.56689103966587,0.01252601461991576,95.9139900685398,96.70777441796723,0,0
20.166666666667147,8.460998264011664,95.47071265137441,19.172330339587063,191.82770705660062,3.483348901938739,4.832443852870873,-0.3863490229248466,-29.100934081703,0.013002990105814405,95.84490318105033,96.95051833611846,0,0
20.17500000000048,8.364155514763809,95.4866597759189,18.7457219632617,192.15784054016967,3.4851981438065724,4.554985371987842,0.08111633398573441,-32.304614827239035,0.013345960569902449,95.85228892748071,97.22702356998812,0,0
20.183333333333813,8.36122405349738,96.26931247426887,17.974632891510794,191.87922015212627,3.478986154418167,4.241210483159656,-1.438690626049031,-38.4721860160575,0.015547361948158311,96.63172663230851,96.09199797930735,0,0
20.191666666667146,8.34387232706257,95.51695272181928,17.45056980542705,192.01431711753582,3.459931806485358,3.8736432351815524,-2.906752597634409,-45.17801062390695,0.01850462171020295,95.88069911443377,96.92612276513569,0,0
20.20000000000048,8.331166188446389,95.57129631414364,17.370051312111627,192.05533133113755,3.441059966963968,3.5062404780851817,-2.971165324399943,-46.00223795771552,0.018372057167679756,95.93373238452341,96.9065036900998,0,0
20.20833333333381,8.262339316931389,95.83839255977335,16.213824602528575,192.13664896547675,3.406689212358973,3.212101686907159,-3.8466791274367083,-40.99569903395356,0.01603305302121072,96.19388618529418,96.62598152166768,0,0
20.216666666667145,8.240621767836501,95.15532552244053,15.353069880524856,192.3427386524399,3.3692298687695024,2.868116062050083,-4.553702662938122,-38.76775517018396,0.014913075899275707,95.51148529052496,97.44732007118952,0,0
20.225000000000477,7.997917902393226,95.4990211142752,14.559116207003058,192.0055139170815,3.3206807042729345,2.5571551199164695,-6.935464385759044,-34.23170966277214,0.013700901855032477,95.83334349044806,96.72927414330431,0,0
20.233333333333814,8.014678533829738,95.54654132970535,14.30100310826191,192.22153602366797,3.251465940754507,2.313584666944386,-9.332239597058559,-27.83312357489864,0.011940343480997484,95.88209755772827,96.87916430137498,0,0
20.241666666667147,7.972861789629576,95.57522852163498,14.425283759520255,192.30225290435436,3.1750855279510204,2.0649270423892268,-9.957787829424442,-23.84579282453285,0.010437868769933356,95.90719906284035,96.94199809789727,0,0
20.25000000000048,7.712837870489409,96.10422218171163,13.806847836845122,192.33743709890592,3.1000763687513784,1.818824839360436,-10.11196588202849,-21.313476254639806,0.009339744596934985,96.4132220661059,96.42597477219998,0,0
20.258333333333812,7.630052419055346,96.1869301549093,12.523113838909751,192.12084233411196,3.0118465771495213,1.6701417579111895,-11.12089933446765,-22.141834591223542,0.009727603022055664,96.48908348897783,96.05861521001349,0,0
20.266666666667145,7.3334000860264155,95.85532214454241,12.568196750128152,192.2347009000718,2.898759715869835,1.5490730471665868,-12.837226921489147,-21.484000785701625,0.00994621883472524,96.13543332328479,96.52143671442256,0,0
20.275000000000478,7.211211497710792,95.60306389077306,12.181609568931549,192.55092988918358,2.7909406121877773,1.305293969931303,-14.775442356457214,-27.837848732214088,0.012967449096105366,95.87464417961587,97.07519548593326,0,0
20.28333333333381,7.133346750515727,95.6081720784349,11.301125545896411,192.42374844545247,2.666667353331243,1.0422595235547574,-14.918641289503787,-30.10971441048592,0.013669670962345837,95.87391305273147,96.90524344618838,0,0
20.291666666667147,6.857191310738472,95.87331310566373,10.8985804411559,192.61393671393267,2.521533302446783,0.8146899318064353,-17.00110974630968,-25.56695674644249,0.012548536794645404,96.11822531928426,96.82500236106489,0,0
20.30000000000048,6.449730048006131,95.62454442766165,10.506306729702032,192.4697978362439,2.372600830346679,0.6310289547933862,-19.81655711898025,-24.014198855046576,0.013223874265569702,95.84180984669472,96.93017549838127,0,0
20.308333333333813,6.206401237063005,96.06286809858187,9.52849861253236,192.63882144376527,2.2138425121796725,0.46632362054801035,-20.51578427345559,-25.880480620595534,0.014192077012191273,96.26314997776126,96.63307454232809,0,0
20.31666666666715,6.079653352010212,96.11297651803494,8.152083221518694,192.76388075925541,2.0461825827021887,0.1904646792885345,-21.758288150270758,-25.952595063540777,0.014739503473149451,96.30506964867917,96.67312065000074,0,0
20.325000000000486,5.708564305702851,96.0951107044263,8.49407751323048,192.45105301027365,1.849023342243705,-0.06244863294171117,-22.689637068591427,-28.61508257649151,0.016390375792513456,96.26452102269191,96.39619650939083,0,0
20.333333333333815,5.228880246824076,96.11541508888462,7.930410753551826,193.21889781399784,1.6625195798675438,-0.24322795587489363,-21.921707623580552,-26.918936984575943,0.014806069650089793,96.25754103624409,97.1410552980826,0,0
20.341666666667148,5.088627092387014,96.31965290958738,6.93562666230855,193.28587473073867,1.4733613258581244,-0.48442920056130206,-23.145841603910984,-25.300284295435272,0.014677798253601715,96.45397691287155,96.98381092574165,0,0
20.35000000000048,4.80075543337,96.06127115121325,6.083436372076051,192.96062159687108,1.2851787622146247,-0.6939839512551349,-24.182646332280093,-22.44632678123544,0.013901858483664764,96.18115755135175,96.9078396580015,0,0
20.358333333333817,4.309443617393185,96.16738340456055,4.9650758464146065,192.66715124246087,1.0738118208870824,-0.8356067409999843,-25.25574496492847,-21.864871575148488,0.014221907862294714,96.26389216716328,96.50199503838452,0,0
20.36666666666715,3.9523517995847897,96.28007547942912,4.820767296883844,193.04496323634106,0.8513077011553412,-1.0282302149293268,-25.82685699996119,-25.972568665820713,0.016541298002343385,96.36116447548903,96.76878447145917,0,0
20.375000000000483,3.768106235069922,96.22705711815365,4.776802825814798,193.25301307749817,0.6336123907978009,-1.214232282071326,-27.450034929736617,-14.291250664527533,0.012249312897628872,96.30080553255605,97.03119909924251,0,0
20.383333333333816,3.195049153603861,96.37693291995032,3.218191541764952,193.75728521681128,0.40165509929730403,-1.3677699695995997,-29.55113229585187,-11.633246357277732,0.012529256097252972,96.42987886620281,97.38035504674895,0,0
20.39166666666715,2.8844056703419483,96.22302300685135,3.1498912428256176,193.13591203948903,0.15658672533371573,-1.4484046582105101,-29.096676562451815,-11.803508944847138,0.012293998640807047,96.26624513633085,96.91325267083724,0,0
20.40000000000048,2.355383455346498,96.2012060561915,2.3646215224158595,193.00514917719198,-0.09462855208811036,-1.5545950663530437,-29.887406419360456,-13.91502010835588,0.013760200990281302,96.23003625629336,96.80394356179804,0,0
20.408333333333815,2.0024740510425545,96.26346865871369,1.503844578953192,193.25825977876855,-0.3476009139598725,-1.5933112320769491,-31.427326046764367,-9.140350004849546,0.012887998949461466,96.28429415295234,96.99607278531182,0,0
20.41666666666715,1.5768337717765917,96.4532451051299,1.8540734630801694,193.32386195260506,-0.5983391998246432,-1.6679160998837694,-30.48886190273209,-3.1196739232352164,0.010226976987667502,96.46613341506998,96.87101357091693,0,0
20.425000000000484,1.1262799604780298,96.48582482477025,0.36713545267832615,193.30795682359297,-0.8573478190919271,-1.6640922905352946,-29.315830338624224,3.550977785542069,0.007763484115621999,96.49239813926083,96.82510803082626,0,0
20.433333333333817,0.7896872029713791,96.55009593908733,0.5430401833667702,193.41514699594467,-1.096543784726173,-1.643616142972139,-29.256083365519267,0.6161754924352674,0.008671348143964419,96.5533253271243,96.86536507441583,0,0
20.44166666666715,0.2344595452135536,96.42041794711935,-0.1686332320370525,193.22290996480876,-1.3308754501000561,-1.657166106443052,-27.24246858224378,1.359017674200146,0.007650768098693916,96.4207030070592,96.8033312682053,0,0
20.450000000000482,-0.061256822771497355,96.35451543719063,0.17927735094048103,193.47583604649708,-1.5324716962197111,-1.7681298927180606,-24.89505067995744,-10.85358429703756,0.010391882275775366,96.35453490902306,97.12161846666487,0,0
20.45833333333381,-0.3079991798205697,96.52328008428759,-0.8315704150643342,193.4832879559687,-1.7563998277068915,-1.8767202845665607,-24.491430138704633,-18.7888608677663,0.0135719782398378,96.52377148518701,96.96142146913296,0,0
20.46666666666715,-0.8080465257617675,96.43562477597595,-1.1800657644631087,193.4072756178112,-1.9645081263577313,-2.041330903441613,-24.064928002805498,-20.63285025007095,0.014493317003299477,96.43901007953484,96.9723644411374,0,0
20.475000000000485,-1.0400222841049072,96.55135477350984,-2.31334802435714,193.42954556740858,-2.173663340344997,-2.091081299911698,-24.49983366507614,-21.004324931384964,0.015288724329483472,96.55695601535706,96.88655845853869,0,0
20.48333333333382,-1.2834900349233749,96.4056899839619,-2.697924270590022,193.73752111114237,-2.3769291512974586,-2.221480785625035,-24.305241918217465,-14.843994001657569,0.013034463588832423,96.41423343030593,97.34210792240428,0,0
20.491666666667154,-1.661185048978723,96.62049801783627,-4.079093853303618,193.41833967588292,-2.5687998751581715,-2.3890213812015397,-24.577565476028678,-14.529349550515757,0.01355860336119985,96.63477724391801,96.82803536498251,0,0
20.500000000000487,-2.2773964414368493,96.32743685343985,-3.5758054269563786,193.55795048331373,-2.749533810453288,-2.5777520549734034,-21.92841330542315,-11.416804028148606,0.011490330303000729,96.35435446986769,97.23918267150731,0,0
20.50833333333382,-2.3420287729984466,96.4715164870052,-3.898924862660863,193.75548499962787,-2.9291539455148685,-2.647160126978409,-20.05395309216764,-9.592772310246655,0.010434405632968602,96.49994089156775,97.29642570515611,0,0
20.516666666667152,-2.702819257376291,96.4320118053281,-4.095092560178784,193.54603111376287,-3.088627422654856,-2.744897252057719,-18.756239340810005,-8.266134103754219,0.009925188047657407,96.46988199827437,97.1239989456197,0,0
20.525000000000485,-2.8482033637316135,96.46816707295403,-5.288036560175158,193.66642456570344,-3.2397069071518367,-2.7820463419571113,-15.739593328461739,-11.351895852761157,0.009872395482590335,96.51020423155545,97.22887454688181,0,0
20.533333333333818,-3.0655939654873805,96.46666869872149,-6.019879079277075,193.49096033914736,-3.3725499410323896,-2.877450871476402,-13.540046006802461,-14.65746270991804,0.01030914068604627,96.5153668396392,97.069258619091,0,0
20.541666666667155,-3.1877246443028753,96.5544929381731,-5.678815538792605,193.91258225833792,-3.495884523538456,-2.9598634786717106,-13.903388925634031,-17.25064219726823,0.011607500023521844,96.60709960947806,97.38995374225107,0,0
20.550000000000487,-3.592329883169043,96.6283998643396,-5.848218211282131,193.40085544724383,-3.5903654624520387,-3.162747379782227,-13.793460458706862,-13.151903710995839,0.0108632929177368,96.6951523827964,96.79874581674129,0,0
20.55833333333382,-3.6456759814731186,96.60874722099305,-6.630927197699464,193.77304171669596,-3.6904451588579215,-3.2848831160999095,-11.114628763427953,-12.5631958879469,0.010168459240890382,96.67751027499428,97.2101427304356,0,0
20.566666666667153,-3.7625165947160895,96.35131994846887,-6.799653708800577,194.03863041486568,-3.776414186231947,-3.414310689412209,-10.340086581543504,-13.322217924344464,0.010484815972344741,96.4247550525161,97.73451195973686,0,0
20.575000000000486,-4.006336606210766,96.6056243842653,-7.51783864575566,193.8246804718907,-3.878816492363109,-3.4439685907729745,-10.070397294493706,-14.955607612812438,0.011104477687493564,96.6886621878492,97.2824522364778,0,0
20.58333333333382,-4.140331523425289,96.23591388895517,-7.65092377017362,193.4932597750198,-3.952511021142102,-3.613780363052393,-8.436682832864136,-21.350791757800202,0.01268995621705482,96.32493689157685,97.32068426970982,0,0
20.59166666666715,-4.028824509250683,96.58683192092622,-8.080947902572461,193.63718014422744,-4.0296931378123,-3.803611163603149,-7.947492009840605,-18.418063270721458,0.012194332372986949,96.67082045502454,97.13490512817076,0,0
20.600000000000485,-4.250591263348269,96.52867380834198,-8.149153719730805,193.64448547365913,-4.0863208571161325,-3.96371922993953,-7.95297836077055,-16.14541372992978,0.012029709604027161,96.62221480221481,97.19403101343038,0,0
20.60833333333382,-4.492897017744951,96.50220182368753,-8.768073518729409,193.87529885238604,-4.141468747974479,-4.096461246547058,-5.748183026882818,-18.382415649818647,0.012270139019191717,96.60673413604138,97.46690289054487,0,0
20.616666666667157,-4.554479779744099,96.27051061254605,-8.854646920534663,194.10867412721802,-4.170388888874174,-4.246593108692662,-3.1282036306216074,-17.24308324131863,0.011668269617784333,96.37818477054047,97.93261804609548,0,0
20.62500000000049,-4.364965204377427,96.2574003796662,-9.915716767652555,193.5593556395354,-4.172910979469116,-4.333700104936,-0.37376060648218146,-13.874931139755041,0.010732001293568771,96.35631815862823,97.46015257689056,0,0
20.633333333333823,-4.597166109498573,96.25645085797248,-9.312712361648266,193.79272518963415,-4.183678588622897,-4.440119156477709,1.2467601232728522,-10.648779596493434,0.010382269688601564,96.36616765240586,97.65019808969835,0,0
20.641666666667156,-4.411466909181797,96.36455237032317,-9.592878465609886,193.35102568041924,-4.177530604632527,-4.53012643988444,4.1790883857952785,-10.40813551508669,0.010341188870343299,96.46547565747842,97.12478072483388,0,0
20.65000000000049,-4.315335057061247,96.33635243826012,-9.729949104754326,193.53351454416668,-4.143507878800333,-4.6602250188677266,4.441433106014978,-9.982687050295027,0.010436605353682182,96.43295555858158,97.34786267159312,0,0
20.65833333333382,-4.246033606428398,96.38141623996927,-9.540923381302264,193.3781389244071,-4.092260323735537,-4.770778217763374,4.837053151683,-12.730718169209029,0.010655300882259855,96.4748993148432,97.14113479494564,0,0
20.666666666667158,-4.227988477259316,96.42385021819024,-9.534143891712915,193.4392742179122,-4.04843041352982,-4.875351088135756,5.379933121549614,-14.757251505783506,0.010869409517606066,96.51650002701001,97.16042290525584,0,0
20.67500000000049,-4.294344980269216,96.29223650338099,-10.36784764113304,193.8539786841966,-4.003404956702736,-4.97123546734505,6.697700224655474,-21.464978666077055,0.011628567580848514,96.38794639182133,97.75060599263543,0,0
20.683333333333824,-3.989129987189415,96.36422273305129,-10.291084998949941,193.36974264059472,-3.9313091441906454,-5.235143206257328,7.111661166287588,-24.933807916557285,0.012449412644296665,96.4467551605538,97.21000735265407,0,0
20.691666666667157,-3.9563181177099978,96.39050485561029,-10.642640637395004,193.7658594301741,-3.863680370547201,-5.450277779222582,9.660910035821487,-29.734260812301837,0.013301760824593334,96.47166360837751,97.60464429195606,0,0
20.70000000000049,-3.7367899661894057,96.36146735493315,-10.5747848679747,193.68113888,-3.7831613061258174,-5.625444595904788,11.275997186430462,-24.94727399697699,0.012532691422176612,96.43389440465039,97.55960557538016,0,0
20.708333333333822,-3.7028372057240517,96.69893547844589,-10.801773077794564,193.72765074020054,-3.6868664566629463,-5.82005518351239,12.450410162502818,-19.12429612253942,0.01211785380359176,96.76980482586877,97.28805926660492,0,0
20.716666666667155,-3.462551659393853,96.54327791904313,-11.21817168505055,193.56685156175263,-3.58124376812623,-5.93025787961027,12.508607163345376,-10.059059190592912,0.01190593182050037,96.60535065589056,97.33305442851693,0,0
20.725000000000488,-3.2365630187877628,96.49086009141274,-11.524866223285414,193.7532269488874,-3.484307408411586,-5.977501288581218,11.108128267486917,-4.740352935674677,0.011795774532051606,96.54512634698435,97.61487579630305,0,0
20.733333333333825,-3.0847127945826287,96.45602049648875,-10.589800189762286,193.50091779422934,-3.395803242734297,-6.005392433552051,11.585073067127944,1.5260135184137578,0.012335383978027803,96.50533323627312,97.3346722824827,0,0
20.741666666667157,-2.9793215553275445,96.43808800898125,-10.175444285059996,193.6521283104933,-3.3063081019784857,-5.998349417678475,10.180164724517079,5.584094061771731,0.012351161440914638,96.484098046041,97.48001751172075,0,0
20.75000000000049,-2.784018657840477,96.48699472394787,-10.52628615363136,193.3280531415217,-3.203579132211138,-6.0281028195087245,11.32189126081574,3.244065520524631,0.01210865600772193,96.52715115834688,97.15005559140113,0,0
20.758333333333823,-2.6930122964234897,96.47333871946194,-9.910883005796336,193.5324614564543,-3.1055014319994316,-5.999299116742244,10.924735407141075,1.5713222844273076,0.011509963457529082,96.51091854763752,97.32713375031534,0,0
20.766666666667156,-2.58299056969355,96.2675370178282,-10.142448668512657,193.5465038953664,-3.0114558812533523,-5.9701876838912,11.877107372552539,-3.8351030289879198,0.010884285982956321,96.30218338003584,97.57224402210385,0,0
20.775000000000492,-2.2919049328368715,96.25745223508977,-9.82737178569647,193.5686940453627,-2.924938850434451,-5.951422547748447,11.858661386826412,-4.483737330753639,0.010607356639031451,96.28473367575855,97.60256678667807,0,0
20.783333333333825,-2.196510677006245,96.29876751091678,-9.893725586947198,193.50520021798292,-2.825198707282994,-5.942922907388729,12.241984607861662,4.3727298819321465,0.011514123510050212,96.32381472551741,97.51070544818757,0,0
20.79166666666716,-1.823402594260358,96.42941826916308,-9.78342317529723,193.62663884305312,-2.719350079691656,-5.910491574127621,12.476609701484183,8.457318211413654,0.012055703420046804,96.44665626526385,97.52262104219699,0,0
20.800000000000495,-1.9180862792099447,96.68889899667198,-9.04650309157256,193.62247462086145,-2.612020862672088,-5.8766645345593425,12.932080403139398,5.751415527358543,0.011388828955982255,96.70792234436188,97.19533121267314,0,0
20.808333333333827,-1.641281828998899,96.5404769049544,-8.983531428501124,193.48171131307544,-2.494125347624676,-5.888896297131491,13.053626171095786,5.9482462643442275,0.01127484062519768,96.55442758920088,97.21888477940725,0,0
20.81666666666716,-1.5563686532785823,96.5586358408616,-8.42620345376696,193.48437477332288,-2.382846506717917,-5.79383006605773,12.820544423296388,7.888486877475603,0.011179670269305664,96.57117809591551,97.16889161552498,0,0
20.825000000000493,-1.2174566065540375,96.55908856011297,-8.033085302465679,193.4627343785761,-2.313198648447858,-5.734015153823225,10.566892791448977,7.298889882489409,0.010166294237167861,96.56676335131348,97.14303560951079,0,0
20.833333333333826,-1.0902407932946403,96.5423831018582,-8.426219400442335,193.59277809084188,-2.2235591190450226,-5.608768301544365,9.881089383442017,10.50282191425951,0.01016672640143712,96.548538880572,97.32726108158123,0,0
20.84166666666716,-0.935751520644942,96.44450127293533,-8.146576106575537,193.6014470601438,-2.143779921837746,-5.4910943048316785,10.029108752971474,13.647645537552336,0.010522676931794983,96.44904072458996,97.42416592359223,0,0
20.85000000000049,-0.8129918394360516,96.40501795925383,-7.395920456025124,194.0783814721832,-2.0497358199935807,-5.32991040000111,8.697275261607613,25.83163688781357,0.013053346217574813,96.40844591349371,97.8949482307435,0,0
20.858333333333828,-0.8247056402863109,96.23340937568202,-6.555512726572886,193.55178316809145,-1.9568804363083987,-5.1009618538445824,10.438456620451351,31.896292397741977,0.015565947974370165,96.23694311157604,97.486963371824,0,0
20.86666666666716,-0.8202765110701762,96.24161916903944,-6.786113611459882,193.4084514298533,-1.854156906127467,-4.885578259441328,11.953064529243202,35.914985543569124,0.017622820431993702,96.24511475307737,97.34980484782454,0,0
20.875000000000494,-0.2462021759936306,96.31031088703878,-5.095256863688405,193.58383643564088,-1.7640173234215963,-4.57369272648033,13.575103211502325,38.43553921445312,0.01916471541702558,96.31062557511255,97.39431248291041,0,0
20.883333333333827,-0.23781906409249132,96.39049552519134,-4.948495630599439,193.4228254941023,-1.6571589738146322,-4.220960299736768,14.080949248344734,36.68141160896969,0.01787868151165961,96.39078890381164,97.1466084477984,0,0
20.89166666666716,-0.017211364385786965,96.38359048262186,-3.736949434267615,193.46126786578736,-1.5716982968901243,-3.844576021688093,11.973052481888253,40.76067898826956,0.017975355192442866,96.3835920193516,97.14891608977679,0,0
20.90000000000049,0.25821042698538577,96.3565963813121,-3.5288683932651566,193.49470634721865,-1.486259145170363,-3.5818774984262234,9.370504353116115,37.65726402661317,0.014473484036199746,96.3569423488297,97.21190448571278,0,0
20.908333333333825,0.25235407706963997,96.33471144667931,-2.9280802310096306,193.50039477219735,-1.3955245273901888,-3.2657322066918515,7.163964476564822,38.67529821492642,0.013271413168209012,96.33504197380712,97.21772049633165,0,0
20.916666666667165,0.2902576994257515,96.32681093218082,-1.7915310546404157,193.67177735007175,-1.3177713008076608,-2.982775104890799,6.364485417412883,30.681941890162598,0.009228826978279425,96.32724824210534,97.36722411220764,0,0
20.925000000000498,0.4238420020885769,96.23336755268838,-1.3864145988404175,193.4506244819873,-1.2592145844443465,-2.7762101877843057,8.671757064434429,28.106735794545017,0.009002718204341509,96.23430091486897,97.23410962115365,0,0
20.93333333333383,0.37131624613931535,96.56378752667104,-0.9060589092890154,193.50733020415868,-1.1844455305483483,-2.4866333808669623,8.605582727940213,28.367897045600166,0.008715718015912977,96.56450143427818,96.95195796965409,0,0
20.941666666667164,0.7281246275555873,96.45238421825286,-1.151287817819366,193.0247562475912,-1.1148612314378876,-2.2505155898367035,9.93125957231633,29.801793962202993,0.009595459892229652,96.45513250656352,96.59065809131212,0,0
20.950000000000497,0.922896939116697,96.20077698391611,0.5191086140981156,193.65131234113284,-1.0603867638569582,-1.9103700379155153,9.437824812920299,34.03993308392847,0.010778430759323054,96.20520376294307,97.4513719062978,0,0
20.95833333333383,0.9962609827979918,96.45637518827988,0.23352439249413237,193.12863118714307,-0.9927721421476231,-1.57388907265294,7.767057195381529,43.03170186808454,0.013780757449624037,96.46152005026698,96.67526491826092,0,0
20.966666666667162,1.0937400710707266,96.37584345654392,1.5013760029974037,193.36419080992488,-0.910444874750569,-1.2784793574906443,7.886869697822707,47.877238252919454,0.016178386327622807,96.38204951806807,96.98920398370674,0,0
20.975000000000495,1.1105697530109069,96.39924213513808,2.5751122074535147,193.19310578986142,-0.8269514956544651,-0.9158174186484924,8.55182205833937,48.28877932290477,0.01662028248488223,96.40563909546621,96.80494267241748,0,0
20.98333333333383,1.268748299091726,96.42971752892356,2.8724563136726715,193.0304743879061,-0.7404720338840912,-0.4903178439749695,8.93788971429108,50.054516330341386,0.017714954099608438,96.4380637764697,96.61406784275411,0,0
20.991666666667165,1.2521644705591939,96.43390207629994,4.1647269636783335,193.30691981133043,-0.6668394175018243,-0.10531030700364917,11.317363343889422,40.036704366425724,0.013693957288445802,96.442031218358,96.91679207117751,0,0
21.000000000000497,1.631083517931188,96.2104654410818,4.571905455725528,193.38102427703046,-0.5777232060948224,0.17680117471144216,12.70967156737848,36.70610717428991,0.012841241710851214,96.22429056029492,97.21504995709446,0,0
21.00833333333383,1.9269333110287903,96.2346665763011,4.93853162263099,193.10604505831736,-0.5025323590857239,0.5500667705483241,11.013357575868463,32.394658932156986,0.009944815079903968,96.25395640199417,96.91818040696229,0,0
21.016666666667163,1.9466969910608327,96.28555755604816,6.102468349054675,193.08039594576144,-0.41054330101363323,0.8125819945342105,10.599825315957862,33.467291028624594,0.010227647827498743,96.30523466070818,96.8840088687015,0,0
21.025000000000496,2.064362130897223,96.30795721258283,6.7874523800210795,192.8680856326136,-0.30785172346246087,1.1179029753115521,10.353077754895208,37.829460569529395,0.012158924915801173,96.33007948438622,96.67557076115041,0,0
21.03333333333383,2.2126790042025277,96.28792623104658,6.5258943283960775,192.62604457174274,-0.2104756153018723,1.4343918885700049,10.579284513931384,37.424566017267914,0.012229227108090157,96.31334635579384,96.43462485984396,0,0
21.041666666667165,2.301960308209516,96.25104122143614,7.81121588078571,192.8752118329778,-0.09689888157038919,1.6658585348263826,11.91373680386811,36.31984113366897,0.012590584604008193,96.2785643716771,96.78110478462351,0,0
21.050000000000498,2.365824296373603,96.29082013476454,8.74488425124565,193.11164945962793,-0.007704703061795099,1.977039605248819,14.087709818417629,32.53392825048821,0.012292458391586436,96.3198793958282,97.03074459707179,0,0
21.05833333333383,2.917651792824927,96.18723292530177,9.21136106865913,192.7917411421986,0.11420049083427697,2.268125782055855,17.01845272144052,30.336305598299067,0.013262663870780234,96.231473384805,96.8093062896187,0,0
21.066666666667167,3.059466460557644,96.30094414398832,10.120343309562259,192.31102327061507,0.26458220277894545,2.5118604035342975,18.44559686342321,32.30972672672695,0.015363045480607518,96.3495312808881,96.26936831504578,0,0
21.075000000000504,3.251269081765656,96.35680276619803,10.201838054150414,192.56698194020822,0.40064355190979534,2.8240369962328353,17.823219194470802,33.68705234959923,0.01599195389870678,96.41163928678961,96.46091947382122,0,0
21.083333333333833,3.561512201551295,96.12904862495355,10.859084701038341,192.39037086842166,0.5584096429713264,3.0752139823351925,18.31321435079561,25.44741813234295,0.012769027880004558,96.19500173450014,96.53754049304383,0,0
21.091666666667166,3.670211440637445,96.30311673055621,12.034491556598141,192.42793621561128,0.7257343591368683,3.2611921359852074,18.39259691227037,26.769091019295676,0.013693636533258502,96.37302913179663,96.48804124290574,0,0
21.1000000000005,4.147106488168163,96.17281245727293,12.684060634399316,192.33992687353117,0.8754666076842397,3.4592066262324175,17.506125283327325,25.784356399384105,0.013078485538290163,96.26218545288692,96.54529238261469,0,0
21.108333333333835,4.2689070415945025,96.10799034066798,13.119752668928527,192.53346912608805,1.013967519434145,3.605700672385925,19.022136112310104,15.50988076013264,0.01025272386200049,96.20275138815784,96.8308340732248,0,0
21.116666666667168,4.430017386631789,96.26456324009649,13.539000474650322,192.1427490745681,1.1814002239570702,3.7134674589690704,19.30547163830454,10.882158228658428,0.009196232001163374,96.36644223925877,96.30991689232879,0,0
21.1250000000005,4.976192747259859,96.13876514847937,13.536202768427358,192.3922159948167,1.3396798886217076,3.8361821814203734,18.95481447957612,5.232958574367546,0.007850364016591449,96.26746417420765,96.63333054071336,0,0
21.133333333333834,5.081004789722215,96.08063613421251,14.516920832326718,192.26536468582418,1.4788929351681677,3.9566626016829485,17.75180778782402,8.84746079639895,0.008578801946833359,96.21489099733016,96.64646148778704,0,0
21.141666666667167,5.235844024643768,96.06286163070598,14.377000489590102,192.20810393662907,1.6416826769168515,3.948843872128361,17.997125360515735,8.133369333057718,0.008663972473056614,96.20544395890786,96.5788194149281,0,0
21.1500000000005,5.669402170308558,96.07129213811345,14.566511066716032,192.07989111152392,1.8050343751188143,4.05231465898273,20.41323871342092,12.194372037353048,0.011293061928623782,96.23842940351551,96.41996485973061,0,0
21.158333333333832,5.909404017631346,96.00824275633056,15.74099045993421,191.98911051497976,1.9802350835174647,4.2101384281591505,20.45690560926479,19.580053869443834,0.014438129320286208,96.18993571576029,96.4830921336779,0,0
21.16666666666717,6.083446478168526,96.42505412659716,16.00808905050377,191.8524853870067,2.160012114708246,4.315598779944102,21.4676205096181,17.79161871512932,0.014752066645848938,96.61676554496084,95.94213447254964,0,0
21.1750000000005,6.36911051176736,95.93390093219938,16.648687733273505,192.34671719046548,2.3219698331011682,4.465522904301215,22.717316827699825,14.43728226472545,0.01470580053671977,96.14509304577197,96.95927416551287,0,0
21.183333333333835,6.946429043405374,95.63743154310527,16.51020828507461,192.13680840660334,2.517117339491817,4.5602647502957465,22.559626449085346,15.12146077188071,0.015365875754792313,95.88936952872938,96.97213831006724,0,0
21.191666666667167,7.106604164535156,95.21077196974807,18.33411996115069,192.0129588210874,2.69892260567361,4.670038537793973,21.579203228503964,8.016418541718863,0.013030737428902928,95.47562475222014,97.45111846543819,0,0
21.2000000000005,7.300153728513465,95.5120850018717,18.081002379393283,191.9108117253158,2.882255246728995,4.714292246070087,22.385480338546383,0.8764153410983216,0.011978514585254008,95.79066043130037,96.99969696619898,0,0
21.208333333333837,7.70499529331056,95.5159581728143,17.697832905310122,191.75866819164423,3.070322756673412,4.724371463585531,21.455720561249635,2.599321617259574,0.012402445867848666,95.82622406283548,96.76009526301833,0,0
21.21666666666717,7.946852279129075,96.20071735911824,18.70997088201341,191.53208074535775,3.2404821840931763,4.7578186083162795,19.035729719312304,1.486210533945401,0.01164530063622271,96.52839210074544,95.93702917611635,0,0
21.225000000000502,8.39070295104608,96.40982126559703,18.913942200168947,191.85307245931892,3.399578592726901,4.7793985380623685,18.770944005677663,0.5716981502089753,0.011784564194733615,96.7742606919684,96.02162653653694,0,0
21.23333333333384,8.521364237067758,96.04619198060936,18.79501648880131,191.2709947324871,3.5597248995365205,4.786714587735047,20.464001971924798,-2.785609787002702,0.012177053711669217,96.42346520654009,95.7774033356698,0,0
21.24166666666717,8.95492435492298,96.42811147368064,19.440140169242397,191.9805340464228,3.7174942606556285,4.732622711980699,18.439185332042914,4.979404514166112,0.013307966614169331,96.84302428457599,96.12598613378559,0,0
21.250000000000504,8.977639407612571,95.76094556465836,19.864557684387137,191.31131292541198,3.8702169461326315,4.800311650722267,16.799600152031857,4.496712962558594,0.013124557804133463,96.1808541486848,96.16858994671878,0,0
21.258333333333837,9.199877186435458,95.85636945281499,19.73024448273037,191.0961259254118,3.9973492228035616,4.848061723390009,15.385382706080861,1.1629755239844763,0.012485609048395574,96.29683953754692,95.82014322862612,0,0
21.26666666666717,9.524544343755963,94.96831738178582,20.135949417621077,191.0319876864271,4.127268398821287,4.804041234486807,13.979869160855438,1.4839555480652125,0.01243074925331511,95.44473925410335,96.64797292256299,0,0
21.275000000000503,9.675562435596248,94.95262398821126,20.276190972736515,191.06954752230092,4.236333524439824,4.832105955971466,13.277065285448911,-0.2885988581074853,0.012376117055503677,95.44431523507177,96.69972241449544,0,0
21.283333333333836,9.690323400569184,95.58671138357812,20.567830855536613,191.06622708654652,4.3316645697560165,4.87113370050674,10.748350940625773,0.2070163944430131,0.01223550078662683,96.07664524084447,96.09712840301869,0,0
21.291666666667172,9.975656572126695,95.08160138908346,20.74975000996011,191.10426472036693,4.421622399382232,4.846284198732244,10.432022020257788,-1.0023713542168886,0.012287216935368495,95.60347612277272,96.62521908197765,0,0
21.300000000000505,10.0824709306807,95.56766325856239,20.5354282391865,191.51898866729806,4.516040618506632,4.781001926447969,9.231917603262833,-3.929813918273535,0.01206663744333758,96.09804618601774,96.51901970174858,0,0
21.308333333333838,10.247676824534096,95.07594688624869,20.73465877977435,191.23191757274213,4.584297159639127,4.768960187204337,8.421395917138502,-6.287666549436169,0.01208750986276641,95.62662054374229,96.72614687452055,0,0
21.31666666666717,10.268158836232487,95.03982896258759,21.154679423864252,191.3832787924486,4.6754467561224216,4.693518151532928,11.317314458018522,-9.874849686734064,0.012486681937529553,95.5929086026992,96.9565709770301,0,0
21.325000000000504,10.409749505941477,95.53136473575097,20.92369043440266,191.1687262300877,4.777057285600452,4.607524572941684,11.809495615687526,-11.052615451155624,0.012717975374907375,96.0968497561264,96.21355344984207,0,0
21.333333333333837,10.671936053539753,94.97900932791026,20.578284907158775,191.15035378507332,4.856451118559924,4.539869981526466,9.069440132694524,-7.254084873576759,0.012638689902772171,95.5766835166512,96.68021122395164,0,0
21.34166666666717,10.687428714705504,95.03039682573723,20.717890150811,191.5277893141922,4.895646382626617,4.50921612436071,6.314733841279494,-4.993955486180698,0.01253121308311611,95.62948004349391,97.01730213571251,0,0
21.350000000000502,10.785235640734356,94.98167423057379,21.133872960355177,191.31438385118815,4.929072525838911,4.504643629895077,2.3862924657270876,-1.6272409272530615,0.012486547931024106,95.5920485577593,96.88697145242315,0,0
21.35833333333384,11.138067301089393,95.33052615551486,20.8829102951683,191.0921103328481,4.932432826833734,4.515053313009587,-1.4011568954695675,4.703070584086882,0.012550762693751327,95.97898603491755,96.25613211183862,0,0
21.366666666667175,10.74489114881527,95.41991006458318,20.938631160863963,191.11639772899093,4.920142653578162,4.506300703013879,-5.3990756372319915,7.5873316709582594,0.012580201527469193,96.02297601372825,96.2378828047323,0,0
21.375000000000508,10.491688168549615,95.035221049889,21.030032986163064,191.74021162574456,4.883299036996205,4.552814769852425,-7.552134795042973,5.877315849271302,0.012642361719247486,95.61259729045828,97.27749952466517,0,0
21.38333333333384,10.496342720032999,95.07926715636535,20.818369395671482,190.96865139782955,4.819712164203042,4.580004309789344,-7.900981132893236,-0.4841041939298621,0.012825988451401038,95.65688816540022,96.44334214915902,0,0
21.391666666667174,10.47163454593101,95.01344844779834,21.002315946914678,191.66052976421065,4.737178926237213,4.587387066525162,-9.816240425146184,-1.1172661438127889,0.012947855705132572,95.58875726781874,97.2191008894355,0,0
21.400000000000507,10.321077391520475,95.0600912152488,20.724487991931426,191.43065897390966,4.67306332997241,4.5717341968644085,-7.411361136980338,-2.442235036313187,0.012417352153072603,95.61875119647388,96.93047653987566,0,0
21.40833333333384,10.229134596034783,95.0283905067983,20.154422559181228,190.827592927607,4.5944996558738325,4.589921615805957,-6.311171436006118,-4.4209864909793195,0.012214392705510502,95.57735190355689,96.31198536846001,0,0
21.416666666667176,10.103618276352677,95.01319078129615,20.385985650382906,191.6604987576731,4.533659510712187,4.551269694012376,-9.493846068067903,-2.069100205638624,0.012258998103857,95.5488855231563,97.1927426194733,0,0
21.42500000000051,9.892868582677465,95.09091609063967,19.976652154804412,191.58871341834129,4.455161616680778,4.517853875820343,-11.54240564324801,-1.0241621902735139,0.012256699390658543,95.60413783802038,97.0232321674952,0,0
21.43333333333384,9.684754955110009,94.91806486868774,20.11782213623593,191.2960549339062,4.327660478271121,4.517155846114332,-14.724440797274157,0.0030844986225566744,0.01250856888389551,95.41086687037772,96.94104321605599,0,0
21.441666666667174,9.837782322048838,94.94771903007427,19.94894006482241,191.40752236287886,4.196218666956745,4.482375119640817,-16.611000088465712,-1.2965949114132664,0.01281891170061833,95.45601767321924,96.98829398387515,0,0
21.450000000000507,9.22466619943458,95.18692327960548,19.525663307924958,191.766107215653,4.0617317283123935,4.51786823538096,-18.116367498011492,0.36819514473660303,0.01268299460735589,95.63286480038383,97.12697519835581,0,0
21.45833333333384,9.040796450054813,95.26708076568241,19.096387071845868,192.02750725483185,3.926993520668203,4.43056039199454,-17.876844879113538,-9.969641781460584,0.014382458770048512,95.69510268590749,97.28152464427735,0,0
21.466666666667173,8.878903930291358,95.8274900362506,18.83344852483225,192.0400150296109,3.7662256382965413,4.356393813539676,-19.34642102570281,-10.437616137507536,0.01460620929159484,96.23794876061652,96.72612327433933,0,0
21.475000000000506,8.410055649432593,95.86155966222219,18.396656077916248,191.90907501744732,3.599502257771077,4.302973025785685,-20.419904488850385,-9.92061364820359,0.01443196352870979,96.22976492177635,96.56530119059536,0,0
21.483333333333842,8.458320401419314,96.0521324172451,18.025098143685227,191.83522919480419,3.4325287794798953,4.225552187301757,-19.68668349615767,-7.3808500945925,0.012838636026736516,96.42383173216595,96.2596741354819,0,0
21.491666666667175,8.089482749816,95.45757930309503,17.994163588660342,192.23098547668707,3.244533925734192,4.2379095076536935,-19.332948209959092,-2.276693106445079,0.011045651496450315,95.79973474684702,97.27895376163536,0,0
21.500000000000508,7.762474878719615,95.17040700922553,16.429596976257244,192.2774210798372,3.0879417479452305,4.170117251480021,-21.7330076960498,-2.5563078952311784,0.011616928347342181,95.48645132449104,97.49303148001708,0,0
21.50833333333384,7.274175134601819,95.92852578774671,17.38912152752397,192.33354426116563,2.908711941700248,4.140604904417994,-22.027233218602642,-3.0124593833007043,0.011426814503835647,96.20392758977798,96.93420308328703,0,0
21.516666666667174,7.168809608856122,95.86610647601549,16.7886689281018,192.19712827850714,2.7389987211042017,4.052187200491479,-21.522356704585004,-7.047210668946009,0.011785929343132384,96.13377243237034,96.81016193992343,0,0
21.52500000000051,6.930368073700436,96.3615612672923,16.356438432044456,192.0895175951564,2.5509791502227603,4.018626210708991,-23.14175436059822,-6.016491735275374,0.01186118925821189,96.61045746453689,96.19091654158362,0,0
21.533333333333843,6.403124498956004,95.6791866822602,16.022941731954347,192.17127618404447,2.3629291670074504,3.970021119960359,-20.635428049150036,-9.864206357505791,0.011379526392389483,95.893205012284,96.97042961654155,0,0
21.54166666666718,6.284529182837161,96.09274807781043,14.73967758340973,192.1678967053934,2.1809735904422642,3.877916202288536,-20.99453251591422,-13.371467416146443,0.012247961325313916,96.29803497577441,96.446481108892,0,0
21.550000000000512,5.956441972459686,95.69744224571332,14.953999385821874,192.2041971672433,1.9846808061415937,3.8029821224594493,-22.972052256246045,-19.19321628754333,0.015161332241949488,95.88263478515239,96.92527939031696,0,0
21.558333333333845,5.672719143011136,96.12386717688514,14.111163715003897,192.36705348742987,1.8199928025721943,3.5933857920912473,-22.842394811040133,-14.748957701457615,0.012825126426442068,96.29110853819755,96.61241254621902,0,0
21.566666666667178,5.178440917891123,96.14280033067485,14.138273975435197,192.43118633425206,1.6246188001464326,3.4112099253560633,-22.04036757982717,-21.4008969447452,0.014522124570330863,96.28215985198972,96.70435299195658,0,0
21.57500000000051,5.146532043123955,96.16427253003735,13.078511057481535,192.42601837449968,1.4560883819275585,3.22027139743787,-20.716333501217637,-23.55322357800118,0.01421150897281187,96.3018904451112,96.58799099322891,0,0
21.583333333333844,4.538137182326011,96.05009614128676,12.296239399309457,192.37663935419442,1.2788581607510707,3.095226538574941,-21.49686235121133,-19.137796587907136,0.012513508949346441,96.15724443761916,96.63845547895171,0,0
21.591666666667177,4.350465091828312,96.44831790603854,11.851947871648463,192.60370889229296,1.0881516454432945,2.9539143568433,-20.84278291813541,-23.469926094078524,0.013609392186887614,96.54638560515609,96.44755808010588,0,0
21.60000000000051,4.36648083357926,96.19004364600221,11.304507352891164,192.65961827029304,0.9129361227023652,2.7642598694966063,-20.382583788680904,-18.546803712170394,0.010992769167252447,96.28909933886507,96.71874192820279,0,0
21.608333333333846,3.767911733735957,96.29448345627134,10.303679016114415,192.5433566278777,0.754068627832037,2.6412108661009057,-19.39611911157303,-15.122788732701405,0.009009366383231132,96.36817266578909,96.47052317041395,0,0
21.61666666666718,3.6560781558455915,96.22861905156287,10.696202506382178,192.58778949103896,0.6017717793197808,2.413468863939692,-19.213785314485,-16.799435017133654,0.009206714303949592,96.29804791402815,96.61600839744426,0,0
21.62500000000051,3.1574136256253382,96.47042578112558,10.076076107343624,192.589918972252,0.4373879922731102,2.244472721121068,-17.817594344672287,-24.188460862310958,0.011074826350952804,96.52208198746514,96.36817349029157,0,0
21.633333333333844,3.053938755305012,96.16220984322979,8.754970650380756,192.61668822040485,0.3090124733200643,2.0901175465741253,-17.518306691319317,-23.32280056065589,0.010393707188349754,96.21069142176724,96.62281388824071,0,0
21.641666666667177,2.8897022046338634,96.24880738190978,8.838702450835058,192.54833074146978,0.16868914720952716,1.8229191301523218,-15.22629686101033,-32.77993165377475,0.01298147249927295,96.29217673970943,96.48310112764692,0,0
21.650000000000514,2.695479639279654,96.26119473919084,7.972639714734498,192.79374598460606,0.03927264566305222,1.5604902026434013,-12.51142299475119,-38.926975101049145,0.014159172122359731,96.29892638603087,96.6766873057341,0,0
21.658333333333843,2.3914718866132603,96.22331873421581,6.487946891463025,192.7846180594736,-0.07373011923600431,1.2951842097011819,-14.219886980407548,-37.39233916534612,0.014302824053070928,96.25303219125591,96.64815380982395,0,0
21.666666666667183,2.2290963372904002,96.33085286536601,6.700947503404336,192.99467010100324,-0.199478915423569,0.946984997178114,-14.354601854032623,-34.823868865214074,0.012977056063217418,96.35664006309952,96.76720010115281,0,0
21.675000000000516,2.1323461994393256,96.24802701580154,6.222415160871208,193.07393276362404,-0.31873176832178585,0.6424248116857763,-16.409800071176168,-34.451321372817496,0.01400922210816491,96.2716448636291,96.91225251739573,0,0
21.68333333333385,1.857403130392015,96.5270759148986,4.200244333413991,192.90440495596465,-0.4429685805234189,0.34040447656838363,-15.248215202777278,-39.777181575067864,0.015998519244201592,96.54494461684355,96.40580095612758,0,0
21.69166666666718,1.6075708372171675,96.47263127693503,4.636065447432713,193.0897594436624,-0.5815849124719465,-0.04849079982536342,-15.937635995724557,-40.836041839028866,0.01708267725897228,96.48602421849569,96.66458107698975,0,0
21.700000000000514,1.2571677583298424,96.47421843262038,3.6680779617441317,193.3473969779871,-0.7134869791521545,-0.3217413599565984,-16.049110170489254,-39.08980831921985,0.016277483522015856,96.48240924105042,96.90317440358405,0,0
21.708333333333847,1.2014727785637547,96.45132192038972,2.3438136173564317,193.69949061307102,-0.8453324915248167,-0.6123236254824512,-16.378176405007185,-39.95187043462577,0.017101521132969477,96.45880487041232,97.25487780400618,0,0
21.71666666666718,0.9478770864315038,96.44715988283565,1.8623087303982402,193.10046130738135,-0.9761002802984051,-0.9864455251436007,-15.004531601218034,-36.572620101085455,0.014588681638111112,96.45181761084777,96.65762702185263,0,0
21.725000000000513,0.8528388796536888,96.46268404826992,1.0082216978733527,193.30963399971915,-1.086937116265796,-1.2511622180104978,-12.158084042038462,-32.79967685502154,0.011302730777504877,96.4664540031974,96.84707460072664,0,0
21.73333333333385,0.4087394925311969,96.57116852549939,0.32194828580924195,193.17862507899218,-1.170312857087342,-1.529589587741427,-9.87015240241307,-37.84827549500166,0.012557663941526354,96.57203352085507,96.60749553967622,0,0
21.741666666667182,0.44913630355273426,96.61156470700234,0.5047407307791332,193.4548006657149,-1.245715595161271,-1.9191342914721308,-8.458292049789565,-34.80702573256416,0.010770288261463534,96.61260869345404,96.84325192189287,0,0
21.750000000000515,0.2757630983401782,96.36742415188587,-0.9926362422569355,193.56787983684842,-1.3244747748331447,-2.1953240092004283,-8.838250911607188,-34.422013178140986,0.01108316613571958,96.36781871016841,97.20873120379463,0,0
21.758333333333848,0.2656953725106064,96.39884042615893,-1.3988239109037863,193.4711766214446,-1.421286059067337,-2.4302716367700534,-9.343179061765946,-35.30148681396615,0.012021579051581188,96.39920658148087,97.08660607341997,0,0
21.76666666666718,0.19565713352380953,96.61331645760117,-1.505055711201578,193.3822810498732,-1.5188863942237267,-2.681324654909826,-11.498652613179306,-30.606528682903985,0.011475558730364988,96.61351457560421,96.7839084375115,0,0
21.775000000000514,-0.02292366416151026,96.44210081087749,-3.0222308110436416,193.75775939792152,-1.6086305631583544,-2.9149182828967803,-12.079903595160006,-28.36861049365292,0.011208242913646416,96.44210353528088,97.36186753340064,0,0
21.783333333333847,-0.3053366298250353,96.32750501521946,-3.2296569468943517,193.1670223314157,-1.6846925547765965,-3.18219948601631,-13.015452489432484,-25.314011377136385,0.010884776910427885,96.32798893839029,96.88366097206843,0,0
21.791666666667183,-0.5601208568797915,96.28913288648931,-3.361813928878462,193.35825120371402,-1.7852940672902657,-3.3888354764953768,-11.750229342165307,-19.162575706668687,0.008602583913898343,96.29076200449505,97.10954234756261,0,0
21.800000000000516,-0.6916104307921387,96.27065351344385,-4.00171761499729,193.62293842193174,-1.8703166245312628,-3.568546700148614,-10.040921454582746,-24.277472105377853,0.009881764279740413,96.27313775344365,97.40854267708929,0,0
21.80833333333385,-0.7569668779001972,96.21757218454167,-4.4550616431878325,193.47856723520255,-1.9562422106164385,-3.780765217795826,-7.55366384592562,-25.287170293874112,0.009616030634756356,96.22054975909109,97.33127484594932,0,0
21.816666666667185,-0.6813608797071424,96.20434779545269,-5.018565433921708,193.5562816007178,-2.008387119091428,-4.043877594057556,-4.361283455517742,-29.87398349310883,0.010374867523725406,96.20676061169931,97.44850106066187,0,0
21.825000000000518,-0.8640586642845847,96.42716625186915,-5.535227915111534,193.48588231185636,-2.0543340565198682,-4.2337379217065125,-4.250421085081679,-33.23717433270979,0.011882049334969835,96.4310374762241,97.17105631505243,0,0
21.83333333333385,-1.0111781517961163,96.45415935782489,-5.715522157913142,193.44286655668128,-2.098630581562718,-4.428157345210453,-5.853056501542004,-24.652079659244297,0.009998519244837745,96.45945956037359,97.10273001637692,0,0
21.841666666667184,-1.0241761147964326,96.42726326983711,-6.799248215876958,193.77395735433646,-2.1740274779107946,-4.686097807814835,-9.75141728929048,-23.01066068156089,0.011521719704159938,96.4327021213478,97.51784609472145,0,0
21.850000000000517,-1.1491032184917458,96.4904820079887,-6.871743980558563,193.78019823382573,-2.250393895168809,-4.903751192565918,-11.166753646042515,-23.211396259812187,0.01269736625109319,96.49732408901679,97.45787551858272,0,0
21.858333333333853,-1.188181304073339,96.5127634796134,-7.451690034191813,193.437456425088,-2.3352728764664854,-5.078216192843095,-11.311923350892037,-20.467006216395433,0.012332375727843736,96.52007713052838,97.12686365875716,0,0
21.866666666667186,-1.6104312099349727,96.58686426337368,-7.328869359474879,193.47350251757558,-2.4120061258823045,-5.246293696129685,-9.461394084707763,-20.149632220686613,0.011968755841098577,96.60028901050609,97.05524822012816,0,0
21.87500000000052,-1.7185036030840024,96.30772816092997,-7.952657747855767,193.55879145840368,-2.4797102125265433,-5.395035579144714,-8.921857130731492,-16.72594389275554,0.011264900998714023,96.32305932721093,97.4506746533343,0,0
21.88333333333385,-1.9270941723420378,96.31862194561353,-9.513631544849432,193.74079868851993,-2.5643263970743644,-5.510875980863128,-9.25816627775983,-12.219219419996506,0.01071449993256346,96.33789817850034,97.71712270953616,0,0
21.891666666667184,-1.7224661739690532,96.51885100246136,-8.64796552155616,193.57647849095048,-2.662537186853179,-5.6000076857257675,-9.566035285331653,-13.676623329249807,0.011497157254948931,96.5342192621653,97.30439658570289,0,0
21.900000000000517,-1.9358226693801726,96.23921483987834,-8.820154840030057,193.65945123787435,-2.7503303763996283,-5.661485581155453,-9.722348132825832,-5.950135974916643,0.010360523938862443,96.25868211441265,97.66317877929876,0,0
21.90833333333385,-2.0392900934517684,96.65904096093516,-9.3558616406728,193.75416629224173,-2.8387779311081975,-5.718085239457993,-10.307980237119855,-3.594982319616898,0.010450969102623997,96.6805508030079,97.37040403689274,0,0
21.916666666667187,-2.375016804006748,96.29530258026193,-9.429062807671926,193.43110983845958,-2.9114000330971685,-5.800153662406403,-12.033203613266975,0.07019448617263678,0.010697631167064792,96.32458670476358,97.39160444680817,0,0
21.92500000000052,-2.615250890956247,96.4686444161141,-9.8184115415757,193.56693745304727,-2.9976893040976305,-5.797885052083826,-11.803020382322872,-2.184097772216143,0.01110819219342618,96.50408744040487,97.36510686095289,0,0
21.933333333333852,-2.681789875229299,96.41443867925648,-10.071773685977348,193.44859882047797,-3.083364830749159,-5.814054963012208,-10.684853338255799,-9.832129042623851,0.01232814083168643,96.45172877025578,97.31515860869435,0,0
21.941666666667185,-2.7059592564940544,96.30154152321614,-9.632345268752545,193.480157440538,-3.1737342326535423,-5.87703628230321,-7.257428748641493,-5.146833869236533,0.011088477903361316,96.33955114720811,97.4251415949557,0,0
21.950000000000518,-2.8656175830224697,96.24919886815093,-10.683428706263044,193.91345138905297,-3.2199011351600566,-5.913486386391575,-4.680203149287684,-3.769510083679689,0.010735840407165131,96.29184828890239,97.97665227606618,0,0
21.95833333333385,-2.910251573371852,96.46812955181173,-10.552086774043687,194.08339016749602,-3.2700799672244716,-5.912662305682073,-4.019899064142246,-2.2086618093925523,0.010664400889439207,96.5120178187434,97.91392521139264,0,0
21.966666666667187,-2.990790746181972,96.45331552585958,-10.499357490204943,194.0600172678537,-3.3180463645784655,-5.9145302946009,-6.169948525737503,2.755547671048058,0.010742026083428335,96.49967308347978,97.8950805684333,0,0
21.97500000000052,-3.0704494157374143,96.42746845306294,-10.756077194213503,194.01888034136624,-3.376304474205319,-5.886730351279808,-8.036925841907674,5.310334028957941,0.010912465280616956,96.47634078820077,97.89357766831156,0,0
21.983333333333857,-3.121937341947273,96.43329909049612,-10.220320248151893,194.1352200465014,-3.441346614411634,-5.879434995157334,-8.484576550422496,4.788938579233021,0.011116162655385953,96.48382074858004,97.959442619773,0,0
21.99166666666719,-3.2155052214132525,96.46028442364144,-10.611328303436665,193.6534625801881,-3.518408874226928,-5.830732313170199,-9.281787189502626,8.885517301677362,0.011193814558597914,96.51386400366913,97.47416108503222,0,0
22.000000000000522,-3.5755525433555135,96.59318217607319,-10.65757161318544,194.06279663529358,-3.584017965076915,-5.7399364276542535,-9.19699827442711,5.528496293795909,0.011219189003996544,96.65933694625863,97.72656106164025,0,0
22.008333333333855,-3.661297987832995,96.70531892526333,-10.69014329988687,193.4476410896932,-3.642552564169402,-5.68828264554164,-7.147443911093939,6.418781282475239,0.011049476352063436,96.77460313218857,96.99732761363646,0,0
22.016666666667188,-3.633620235773776,96.52454636575362,-10.802105098529694,194.14606129557058,-3.6803208081685566,-5.6549196376816875,-4.037697789956576,5.122400696414162,0.010928967873070405,96.59291509801506,97.884357036352,0,0
22.02500000000052,-3.675895333679989,96.40007013099057,-10.80549471974797,194.14972781578354,-3.7189629269487847,-5.573624060898171,-2.107375450778864,7.3399539160794385,0.010935748347459473,96.47012868118334,98.00931978592662,0,0
22.033333333333854,-3.79703025908816,96.37597500755169,-10.266127331679172,194.20697833158806,-3.741786255134285,-5.50254719891256,-0.16099997586967804,12.080105756699366,0.011392853250534962,96.45074389264532,98.04465527667595,0,0
22.04166666666719,-3.6372790815581766,96.34054688228377,-10.447912669470043,193.8861410849895,-3.7498330518763705,-5.405776501216828,0.41415115130870134,11.219442152095967,0.011182361107594296,96.40918406819269,97.7830643732734,0,0
22.050000000000523,-3.6226333950509115,96.27331380751775,-10.09111983980955,193.35033911768943,-3.7386368893087343,-5.3622739774954455,-0.3177572979947962,9.881209800248522,0.01084786084369016,96.34144707339478,97.2922923974851,0,0
22.058333333333856,-3.664991918502153,96.32894824064743,-10.079045646165525,193.49294447476893,-3.734325226356285,-5.254563580604487,0.12190727305545951,11.132751578474403,0.010793325771194073,96.3986433250594,97.3754704707799,0,0
22.06666666666719,-3.8299548562172276,96.35062061180514,-9.577289499127005,193.63563575785003,-3.7304529972230522,-5.156578045873919,0.6724361033701453,10.73964646400846,0.010609790584297674,96.42671127068822,97.45463574127079,0,0
22.07500000000052,-3.6797526219481824,96.29835438666572,-9.666130491299839,193.69132005099175,-3.734674577882008,-4.9783693966646165,-0.22734881878444702,18.589653885504248,0.011296657717180913,96.36863409293812,97.57677224056579,0,0
22.083333333333854,-3.6950726692108447,96.3282620660604,-9.691893238601438,193.7455443659855,-3.7262803046479496,-4.842491708919539,0.23529375143428716,22.681073529577418,0.011947612989888334,96.39910598495383,97.6016841434858,0,0
22.091666666667184,-3.620161484321045,96.29636497135505,-9.25838453655939,193.64010344442084,-3.722599542354947,-4.646229271299448,2.134857907167201,22.72291193015885,0.012061922241530354,96.36438904423655,97.50688682908209,0,0
22.10000000000052,-3.616534688827869,96.45086656104212,-8.300558044701631,193.43264111394694,-3.6970564587191492,-4.51482430649689,3.8360266002438745,20.91141906626022,0.0117840926313999,96.51864578169052,97.09482308665498,0,0
22.108333333333857,-3.639006702227846,96.51840671788761,-8.311687852584726,193.77867951049694,-3.654150417749954,-4.311926873446974,5.205982730453729,23.896047568554785,0.012541422382578382,96.58698258636322,97.37245304923607,0,0
22.116666666667193,-3.626700790829318,96.5331697727641,-7.383960728845977,194.03040495380043,-3.600957339506399,-4.09703528459815,6.018892321029573,28.236913858997564,0.013709628183328437,96.60127237776683,97.56960525792924,0,0
22.125000000000526,-3.317749037905571,96.44148643379594,-7.8332578516216245,194.106078123188,-3.5448792476455324,-3.8363052646353912,8.354594976002167,26.857515830900677,0.013648439981329474,96.49853762746133,97.76892292391493,0,0
22.13333333333386,-3.29727661362881,96.7251598781794,-6.999292041479123,193.61090730919238,-3.4874588350520477,-3.6091352797963405,8.467020914174965,24.631918468169587,0.012483056301546558,96.78134420706374,96.95644884944004,0,0
22.14166666666719,-3.1271030749040847,96.50041502035367,-6.642908039289921,193.9204834681491,-3.4263560301738294,-3.3933879505471634,8.64852368508609,26.306770952340464,0.012682771431884898,96.55106872915273,97.4834889656743,0,0
22.150000000000524,-3.013423678942843,96.50890395628403,-5.270710616034933,193.66483662945706,-3.350831494215704,-3.165205075823867,8.775211498519464,31.596123214424924,0.01423581432881571,96.55593852846167,97.18215164272964,0,0
22.158333333333857,-2.901177966937553,96.44794200606708,-5.2601182024975515,193.88780550720168,-3.250176936584894,-2.953076164572377,10.314654061482916,27.46524208253338,0.012884605762366164,96.4915662159213,97.46841333557599,0,0
22.166666666667194,-2.743353398846182,96.42676358945232,-4.908419834451081,193.89154731990016,-3.15356007661268,-2.8011064028732795,11.627664078549563,22.094755762965153,0.011196019972735893,96.46578006841125,97.48882797681769,0,0
22.175000000000527,-2.7265986307974117,96.52953124633427,-4.581028779126257,193.93709590933673,-3.04779384855376,-2.5966496317640315,14.846607946215455,12.756681385954664,0.009275383941315773,96.56803168093721,97.42521524098387,0,0
22.18333333333386,-2.35867207776721,96.28237183441269,-3.6722279057668175,193.46483786282147,-2.911429878334117,-2.439213774993692,17.214923741393715,14.289406281799822,0.010299836821372477,96.31125822057639,97.19134288750259,0,0
22.191666666667192,-2.0508269933562246,96.60611478596934,-3.3027254034165594,193.76648612418808,-2.7757053781492695,-2.3399625159252397,18.666081801935494,11.093030620160652,0.00963472318722225,96.6278805800715,97.16843627541645,0,0
22.200000000000525,-1.718094688864653,96.52956066226028,-3.4581883807251756,193.7455781853779,-2.6379573570985597,-2.2680211205300944,18.444592210267803,14.265924802383124,0.010179347621990686,96.54484932407783,97.23158946099547,0,0
22.208333333333858,-1.6314890451853898,96.56272877696279,-2.81890397126989,193.7913364985992,-2.4703444792596283,-2.149179260847039,19.638259405920795,12.164954320728214,0.009684306226573458,96.57651031880286,97.23585816813953,0,0
22.21666666666719,-1.2194994419393197,96.60818972644569,-1.7415710025899216,193.63939038285383,-2.2890259373775512,-2.0433310901731434,20.794211801012146,12.622928447120609,0.010013962654805919,96.61588638060418,97.03260513630757,0,0
22.225000000000524,-0.9959650496049903,96.48907695621818,-1.332273531739645,193.7531490700905,-2.097758244745374,-1.897536770652075,21.430253336517676,17.891047671352545,0.011837273399679216,96.49421701968998,97.26465353646056,0,0
22.23333333333386,-0.8108853071201452,96.45904130464555,-1.7038232425263118,193.785407563766,-1.9181054162896685,-1.754447773386164,23.1678883661361,21.343114912066078,0.013958408748512952,96.46244960808646,97.33046238131692,0,0
22.241666666667193,-0.4143743667045783,96.3808535930578,-0.4841264347122092,193.34860338439404,-1.7393574999701893,-1.582463918576834,23.738646254309657,20.117415781691015,0.013448470209365126,96.38174435774766,96.96777487880281,0,0
22.250000000000526,0.1908094829882998,96.42039449876751,0.2404941959741791,193.3726545466144,-1.5342936934038551,-1.4134426777882998,25.344671370970776,15.841040248115808,0.01233693604374686,96.42058329815659,96.95227277870299,0,0
22.25833333333386,0.3881409682078356,96.25240089477654,0.9245609905656806,193.03112652515443,-1.3262198214666707,-1.3451422068004486,24.618750156696862,13.037689902423804,0.010563712455488261,96.25318348719684,96.78021223928138,0,0
22.2666666666672,0.6810511752904063,96.30556655063737,1.6477105646902146,193.31934832273407,-1.1206863860479888,-1.248436191579055,25.253974527005806,14.094625199321321,0.011115867629638565,96.30797464043467,97.0185976197302,0,0
22.275000000000528,0.985278991338248,96.43150808609619,1.63300523099457,193.24426432699062,-0.903110309383828,-1.1280089099988477,24.780467152884526,12.191879628893886,0.009910371720402544,96.43654144798852,96.8149230245027,0,0
22.28333333333386,1.3246569623771052,96.21012616309605,2.1833254395310746,192.90784683217805,-0.6745708916583406,-0.951310262820308,25.275629329361784,12.705496813355484,0.010192025429395457,96.2192449169439,96.70153304963405,0,0
22.291666666667197,1.8685054031380446,96.27841633360083,2.870051443019804,193.22393879675337,-0.4899175487580682,-0.7449422151907107,24.207150711781225,25.337514696298783,0.014802948114836845,96.29654596166849,96.9506958207295,0,0
22.30000000000053,2.017006713169792,96.30190808591993,3.196332027556366,193.30270386005446,-0.3052222589883885,-0.4827618936967289,24.58766604206815,33.98288622467978,0.019573386656765557,96.32302848784366,97.00796456483616,0,0
22.308333333333863,2.513180507921618,96.27512954941784,4.669185052876287,192.8454844086413,-0.08550645767997199,-0.32889304735507935,24.59913403039166,31.772065652680983,0.018277355284071373,96.3079261848296,96.59441905842289,0,0
22.316666666667196,2.8115235098724156,96.25192115374693,5.253586965438785,193.0898104472729,0.11864606633477558,-0.10556410223899099,23.76251212839774,31.27950262828341,0.017357779000717333,96.29297477092335,96.86867644778782,0,0
22.32500000000053,3.150585854139422,96.33256925090012,6.533429414182081,192.9630210239069,0.3270178256328272,0.10586064414660477,23.864344583227002,22.130789059969224,0.012912464449907457,96.38407591352303,96.68964701769838,0,0
22.33333333333386,3.1801022615319994,96.13934360985684,6.960849076682621,193.06400751804438,0.5358007360870166,0.25365849821393815,24.81988363890641,13.052341610916047,0.009834112610480172,96.1919250255858,96.99837380180857,0,0
22.341666666667194,3.878857366585521,96.22174021194695,6.94457044661425,192.92807193444037,0.7361360905366195,0.4195305694782632,25.766885849185623,9.334689345541413,0.009157387171474518,96.29989005126498,96.75491301174321,0,0
22.350000000000527,4.245803164348331,95.78142782364984,6.833508859387507,193.08102586414884,0.9429453157738489,0.589686463080308,24.49268197157079,11.78095101095791,0.009448402241549747,95.87548571166371,97.33400227878651,0,0
22.358333333333864,4.411128910062814,96.12711026921113,8.449780446131285,192.78915709455134,1.136030768372707,0.7241992044159224,24.470424585069697,18.988589115333497,0.0124395968126092,96.22826708909533,96.74637979115317,0,0
22.366666666667196,4.90361502058596,96.17607781606182,8.46272756741621,192.514804382713,1.3357264638405826,0.807010227285297,23.219285252796887,18.306236441152823,0.01157234503442206,96.3010040672022,96.40444760800712,0,0
22.37500000000053,5.163016719118218,96.16775786105836,9.381604282590274,192.5845208379729,1.5189708238501285,0.9082556345297326,20.712169729620314,23.209605443642378,0.012323092646418399,96.30625313895794,96.50900820118916,0,0
22.383333333333862,5.353676687272468,95.97301631712287,10.458226060571235,192.88432696346837,1.700193180315335,1.0805604733603091,18.24444352300823,23.925307260938588,0.01143751700197182,96.12222279514023,97.04565191443109,0,0
22.391666666667195,5.632354435309594,95.99979922631019,10.76694843322224,192.45804743435662,1.8472359278512533,1.3914105017352416,19.06653138821118,24.709333075224638,0.01258008184934889,96.16488375689339,96.59481198743798,0,0
22.40000000000053,5.965963287622344,95.96443030134373,10.84252126234702,192.49124070532298,2.0018351822688425,1.565871375346991,18.491945781100608,17.485504517681736,0.009734439172565779,96.14969891274083,96.64991435302262,0,0
22.40833333333386,6.203639210408369,96.44689491719299,10.88666054392246,192.37836752495207,2.160292760237963,1.7108477150756218,17.65015350560182,22.543357085739636,0.011507774205102628,96.6462036430867,96.04570852205411,0,0
22.4166666666672,6.358796565385433,95.94243822257329,12.394219431131205,192.2710488247772,2.3054536090074644,1.9130822067118634,18.43780396438823,19.585740285875296,0.01116387271042596,96.15292895098021,96.5174986710669,0,0
22.425000000000534,6.751149088878776,96.35822272605492,13.056740279002895,192.5327325450569,2.4460253857025407,2.0377866217154397,17.01634011776965,20.396578507951443,0.011049823445218543,96.59443618006306,96.38099822673698,0,0
22.433333333333866,6.940303643845709,96.22884543976346,13.765218685782145,192.1448646821247,2.5855286119678222,2.176350595039835,15.771338534284327,22.23129614579526,0.011452083534147839,96.47879823742967,96.15852646869473,0,0
22.4416666666672,7.085298973668387,95.67381948544426,12.915773937196946,192.23146594716616,2.7102807009454972,2.362402438972409,14.705874954305067,19.38553309640641,0.010318180753900119,95.93581811023263,96.73351812338477,0,0
22.450000000000532,7.360740493133619,95.81682023269275,14.63872641633401,192.3363697784801,2.8318396194441644,2.58208706247874,14.338208681612779,17.29577918799737,0.00992164886111313,96.09913391967389,96.79355620918163,0,0
22.458333333333865,7.521372050353193,95.78485066377016,14.460428813296687,192.1559461191489,2.9619382934129104,2.7093883327538615,14.153819285168035,13.153241192925574,0.009038576584788238,96.07969949058221,96.62059070420275,0,0
22.466666666667198,7.592796133684715,95.71335502693103,14.833431992919145,192.1259578459796,3.070960915948749,2.819733804223292,12.855244157453159,20.681322224420637,0.01110159990964732,96.01404524151162,96.68410825978407,0,0
22.47500000000053,7.944649901644482,96.14823611641106,15.66725124289303,191.97439572187216,3.189908326435413,2.9979209668686098,14.161917540454953,24.417081750279443,0.013504296267374816,96.47590771978686,96.13683704078868,0,0
22.483333333333867,8.028121419163654,95.53949272067536,16.08645592364303,191.9257185076271,3.2969457981410937,3.241910904101138,13.010984167417433,29.964789145761863,0.015668566997494082,95.87619831243214,96.72249622729619,0,0
22.4916666666672,8.26494294525503,95.49723663983423,16.73881598509979,191.8803579379387,3.379653757337646,3.543754543107286,10.370630898533687,28.67612011640916,0.014398915775089005,95.85421997874073,96.75490992947348,0,0
22.500000000000533,8.380761204421049,95.21046812463754,16.725974465786464,191.8419463280079,3.458067477123256,3.704891480003944,8.790453040933183,30.193532495841605,0.014655149873904705,95.57860847950315,96.99116023713765,0,0
22.508333333333866,8.461075799115179,96.12658315585111,17.92183777362135,191.5477755137744,3.5195368142397405,3.8712504452846725,5.908919443534225,19.18836626844828,0.01048254077560884,96.49823725279717,95.88905030370289,0,0
22.5166666666672,8.766789432228904,96.08122108119147,18.292021768488155,191.25324042998926,3.5776748120435933,4.019825874768105,4.1748877057261495,15.04902696760274,0.009493753649934433,96.4803484726389,95.64749509520706,0,0
22.52500000000053,8.471055435441599,95.86949482323928,18.590537811049273,191.981490538319,3.610368283113649,4.1709923994968525,3.5222661685176972,14.99102402206984,0.009657479467047203,96.24301957988136,96.64325969195026,0,0
22.533333333333864,8.507745182835322,95.16042271541102,18.328853160408528,191.62332434978197,3.640708554072399,4.3559207185532625,2.9006262574345314,17.28886994004135,0.010335639690742582,95.53998000560692,96.96156740497483,0,0
22.5416666666672,8.77483818789483,95.6990065364933,18.25172826164186,191.4114231096961,3.66189325291003,4.564818355224589,3.2129170952605053,22.121256394879396,0.011903706143636228,96.10045596819779,96.18044568285276,0,0
22.550000000000534,8.695859991912243,95.81157490613992,18.636000611836778,191.63347819485455,3.6820354446260293,4.78659165759804,3.0175445502950957,25.62507989531381,0.013221776806414454,96.20538377343443,96.33609679354699,0,0
22.558333333333866,8.805430046634854,95.07900551161009,20.114517297659006,192.13275615543307,3.7063331485241706,4.939928360213815,2.800376822605968,31.014892371014238,0.015151999084690448,95.4858779473853,97.71041893516087,0,0
22.566666666667203,8.788763217717758,95.7998391150494,20.23664765193007,191.23115084642433,3.7235960195663833,5.159381978496024,3.3431209386604235,30.51422953990207,0.015644529094932302,96.20213892303256,96.11549987795901,0,0
22.575000000000536,8.851866192913405,95.76594029827282,20.683235556971454,191.18539273252014,3.760487234243539,5.2742418309673935,1.5763824310615662,19.96454537405078,0.012573092771326788,96.17416938195827,96.15015966643195,0,0
22.58333333333387,8.872143876283417,95.75422807756092,20.908111587321287,191.4958371818609,3.7696865643395823,5.449445139267874,1.1946024373654929,9.806528885307428,0.01125980245542424,96.16437558519802,96.49518243219049,0,0
22.5916666666672,8.872075433545547,95.73488678864209,20.80379997686026,191.57511014034168,3.7662409346056496,5.622643659950084,0.8417914349088407,5.273177369427451,0.011198053686385379,96.14511048895123,96.58009351145402,0,0
22.600000000000534,8.874722358604458,95.01931293118025,20.760166682902025,191.5206558224528,3.7795963562919943,5.69203625344582,0.40163117543671617,4.452134122518983,0.011311657423744848,95.4328587377318,97.23051458572527,0,0
22.60833333333387,8.865450659162775,94.99825893080407,20.842675678305568,190.76966636425612,3.7783619980156704,5.754152203466626,0.6002708697487849,11.973365183615474,0.012105669881238956,95.41103403314601,96.51744091584409,0,0
22.616666666667204,8.914342369547057,95.77504079107791,20.471250728147822,191.09297932066664,3.806134724158891,5.8239446108229735,1.4203398095286484,13.260535493361505,0.012622792219416645,96.18900113014034,96.01599625239302,0,0
22.625000000000536,8.817210286465297,95.14951883396685,21.914594294258052,191.14046783998577,3.7955283476425086,5.893232659532537,-0.05445325249321487,13.923726329911604,0.012624858784695991,95.5571772896791,96.8803579624049,0,0
22.63333333333387,8.83163615302908,95.13618670319931,21.8799393200415,191.0390257109271,3.797445902399815,5.966192529150934,-0.22078944849899074,11.121896991240309,0.012431728504630257,95.54523440530924,96.78642851805422,0,0
22.641666666667202,8.932414287412314,94.97988432004865,21.565584527437466,191.21296098405003,3.785035320981736,6.029919629882791,-1.401945174791714,4.9268171827974605,0.012027225995054458,95.39898558397668,97.05875557894312,0,0
22.650000000000535,8.94050284720737,95.95886447137309,21.88187019218168,190.9053006246872,3.7704204289849983,6.091550795068825,-1.9010483837759826,0.6358138481526107,0.012082896318563296,96.37445855513934,95.82434308135338,0,0
22.658333333333868,9.002694535658406,96.00364279977265,21.399734475819173,190.84907336966523,3.7504447940851646,6.148814655104411,-3.1783235383957895,0.30163085430579906,0.012222792149398032,96.42483051438936,95.6521944299568,0,0
22.666666666667204,8.609167497643739,96.04802083576732,21.27799776645992,190.77395348358726,3.714769942801291,6.191999369446629,-5.111018244452992,0.4133267893051403,0.012365985440610405,96.43308597919325,95.56935479733758,0,0
22.675000000000537,8.888509178415973,96.07287143658749,21.6888341960493,191.92583493051558,3.673125669018498,6.154206893838421,-6.266923498504288,7.163950988803625,0.012121231560164869,96.48317066455607,96.70387236882172,0,0
22.68333333333387,8.615652933142314,96.0567732649086,21.545687643547637,191.88903779862324,3.6217673594808377,6.172116082370228,-6.3682601100049405,4.834494647401144,0.012042987735529032,96.44238262055964,96.70061387226116,0,0
22.691666666667203,8.616408140356896,95.767698131602,21.961649652809115,192.09280058883132,3.571275199164105,6.203529840970546,-5.15587265276605,1.0428567333479002,0.01199860951605558,96.15453444672724,97.24515841121038,0,0
22.700000000000536,8.473974603447118,96.0673055945162,21.69573397165692,191.58437571385332,3.5326434875530306,6.229328942796668,-4.401701430290089,1.8023004732706414,0.011880668218669843,96.44032066397348,96.42782588533876,0,0
22.70833333333387,8.372320833749939,95.83344431617718,21.21309023731959,191.2324882798722,3.523379434046264,6.157428814915621,-1.3549812088329747,-11.42056994123078,0.012383461205173862,96.19846571357088,96.25935252256097,0,0
22.716666666667205,8.436231319011483,96.10563310437828,21.180476844560587,192.28475007700513,3.519142487630025,6.079593390848235,-1.5892172235989803,-14.137029581113715,0.012609914262394106,96.47519221676235,97.01978321790725,0,0
22.725000000000538,8.415404797236533,96.35551184610301,20.97295623025485,192.40310921829388,3.4690860812090896,5.951109255489729,-1.768085254730946,-19.343983064119886,0.013172988959556875,96.72230198369893,96.86502495206092,0,0
22.733333333333874,8.346145464340964,95.22291915747797,20.939744880822275,191.48454074442594,3.4437664500022755,5.773143752620412,-3.924200577867492,-22.096971714749955,0.013908378921175135,95.58798291094715,97.08191663132514,0,0
22.741666666667207,8.387420129770021,95.99392623028416,20.540842307651076,191.61810135600564,3.3874727597238774,5.639024190050828,-6.469020171121503,-16.89220960991044,0.01295036395241489,96.35965280935018,96.39340506024497,0,0
22.75000000000054,8.397531283273793,95.64758547719197,19.374717976715942,191.80743652223265,3.3440122598005124,5.472962494854358,-8.320030678080652,-18.019631565481696,0.013344671543954245,96.01551509662544,96.78437673874382,0,0
22.758333333333873,7.929277905997537,95.89223012168264,19.941740944147057,191.657144775363,3.276760377384454,5.363665606077402,-9.902819428218832,-16.310604785019432,0.013054776856173067,96.21950553718452,96.5153777740604,0,0
22.766666666667206,7.80361304685664,96.16433264998761,18.76549298214013,192.2105270936795,3.206924860641027,5.137486603058988,-9.088975056312597,-23.223597117180987,0.014135561334412738,96.48043973056168,96.6697174860413,0,0
22.77500000000054,7.901286859571201,96.19889530793728,18.831918024240053,191.52270183119742,3.1730522281957025,4.915009831491123,-5.164827546769477,-26.195362560512997,0.013096884593864377,96.52283560124364,95.94845901702624,0,0
22.78333333333387,7.707269858794689,96.20115163110705,18.7031930532674,191.52117229296408,3.1318181843559123,4.670858463788685,-2.3528536352091884,-28.631256659843437,0.012356082050342998,96.50939634992821,95.95215821374522,0,0
22.791666666667208,7.750819659264039,95.10879081529964,17.60036525537174,191.80252914203402,3.089984078056485,4.476154071399289,-1.345300283341079,-30.246737286608816,0.012098435318070866,95.42409179939236,97.19409745477749,0,0
22.80000000000054,7.648971373695133,96.15505809755439,17.531943353651627,191.92465780859214,3.047151766212768,4.233098581802204,-2.4311812691563564,-36.241631062200256,0.01407167179832225,96.45880965894025,96.27818737371932,0,0
22.808333333333874,7.7594011776984075,95.46896954962682,16.227836311204896,192.25294212122958,3.0223173004451103,3.9503966931312053,-6.293697709006417,-27.67667057429498,0.012044949422505002,95.78377969940443,97.15375309452108,0,0
22.816666666667206,7.774263657643473,95.5066621073513,16.918873799344397,192.18729864123935,2.973201531402144,3.7441780880556945,-8.448598356861222,-27.60167488333462,0.012494534299158033,95.82255309845553,97.1121484431349,0,0
22.82500000000054,7.277628998505634,95.80315278556816,15.774085828062482,191.92073947467406,2.8977852998943407,3.5112697371092625,-10.198280586766256,-21.500080399220693,0.010707632711179915,96.07917551423309,96.49238441242039,0,0
22.833333333333872,7.14599164184267,95.72323135381652,15.51530269261059,192.09390315357263,2.8068826245718737,3.3097170944725227,-13.162240631016843,-17.883523275359664,0.010361112309825948,95.98959431814247,96.73340555671972,0,0
22.8416666666672,7.036174693848636,95.74919415553416,14.589475938033615,191.99037639033958,2.6968038292434935,3.1741530850218402,-13.4122155394296,-20.515087242394227,0.010930095740284251,96.00737438216156,96.53713025379629,0,0
22.850000000000538,6.968316449143288,95.70073066655789,14.948925550357046,192.4069376568595,2.5934412443268617,2.9646323607387552,-13.324380826669335,-22.793646598684425,0.01123799600900055,95.95408946078564,97.0349452108746,0,0
22.858333333333874,6.7761234837407756,95.61018690694596,13.895954012423203,192.20816328982073,2.487049122534389,2.7983642720798105,-10.477634941474658,-29.331204929994765,0.011951720371416563,95.85000620682318,96.86000737158547,0,0
22.86666666666721,6.4744181692848315,95.56470991950209,13.474193707594225,192.29888904363344,2.3972522751546226,2.497005381965851,-9.345739279204324,-29.911959490235002,0.011182903361042662,95.7837766671859,96.98710361901855,0,0
22.875000000000544,6.324799115762801,95.90805949091975,12.760174889716211,192.35548018871782,2.294192722672399,2.280526386125271,-13.399030133407232,-30.80634117666722,0.013246381658237105,96.11638236621557,96.66187987314355,0,0
22.883333333333876,6.3401033533234,96.28094587259113,12.319744494115753,192.27767145943847,2.2034257713536136,2.0093483251162936,-12.274895983340128,-32.81769308021771,0.013146761231925819,96.48946807114052,96.1827813674003,0,0
22.89166666666721,6.154009633594114,96.027559308143,11.456381501967428,192.13579671689575,2.1028851166794165,1.764329127722995,-11.832660592320652,-33.75523279422796,0.012993165508291327,96.22454978460169,96.25439442045075,0,0
22.900000000000542,5.979839940008617,95.89492997308759,11.103310673580836,192.63192221989192,2.0008952536101834,1.4737164606320468,-11.58519317581265,-30.223499745307468,0.011015719267733814,96.08119524782929,96.87257414416143,0,0
22.908333333333875,5.6338382675562,96.11744693501907,10.058425477466187,192.51005082668814,1.8823087165288712,1.247372081731135,-14.037148071120491,-30.147130952023502,0.012012425978213948,96.28241656154663,96.49409856045246,0,0
22.91666666666721,5.334485056482947,96.05234147301451,9.810357212656868,192.38585411093953,1.7671159408440367,0.9397429992683647,-15.95680663117352,-32.46701356885387,0.01391679136424262,96.20035880009192,96.43743613721631,0,0
22.925000000000544,5.646877613238132,96.02765809830072,9.144385542130408,192.87500597210004,1.6409972021146808,0.631162257108179,-16.431829009684158,-37.07342966399099,0.016287962388541022,96.19354628364124,96.9104811251155,0,0
22.933333333333877,5.022814669312993,96.1567959165186,8.429610369277327,192.70111422300948,1.4946935077464627,0.24339114817296828,-16.7941845339308,-45.508186350203324,0.021126670885497578,96.28789159667625,96.60440804749194,0,0
22.94166666666721,4.779794348155633,95.92450006982062,7.462405098436989,192.86609959317803,1.3409073017041517,-0.09997029791721607,-18.455565413393078,-46.91989995627208,0.023145806866150753,96.04351174158344,96.97870961496928,0,0
22.950000000000543,4.417132918811831,96.14025660965666,6.471520073246609,192.6156839747697,1.1878542091783795,-0.3460315927117937,-19.65018999098703,-35.12730189684668,0.01695811116718282,96.24167498642717,96.49729836560974,0,0
22.958333333333876,4.390040107815139,96.12540088859913,5.361736295207379,193.0994077127018,1.0118785496908222,-0.558888634901456,-22.895428729440603,-25.570920873743127,0.014246305360197553,96.22559507813979,96.978874983172,0,0
22.96666666666721,4.026418443896432,96.18491650390848,4.842277734034724,193.26450384964954,0.8057883910194404,-0.8079867145652219,-24.973967126151013,-18.498928919465293,0.012347928972298305,96.26915502043838,97.0830155361929,0,0
22.97500000000054,3.5769060685586282,96.23692042027466,4.009519583022552,193.03137486759232,0.5955759545622664,-0.9233671376243815,-22.674962142632918,-11.101614460215615,0.008122092736873032,96.3033701850645,96.79542120475921,0,0
22.983333333333878,3.255030244324473,96.21020045076881,4.706051726456394,193.08080446497632,0.4467821880482302,-1.0990819946138872,-22.06797158927573,-9.05254981682409,0.007168674599238312,96.26524758534921,96.8814708054074,0,0
22.99166666666721,2.9888150404180465,96.17941949257454,4.465909775263981,192.93420097938287,0.26456511903489893,-1.225768752537185,-21.55464188934959,-12.846291775760394,0.008139425885519191,96.22584761525593,96.76605577068716,0,0
23.000000000000544,2.4858862835386617,96.3417503052857,2.6073284787680677,193.1856188717682,0.07299298704824532,-1.3573355475745872,-21.93725291188962,-19.647309972542406,0.010939004830892607,96.37381637405828,96.84394471069899,0,0
23.008333333333876,2.3581948310098824,95.99703216119337,2.1167223759068747,192.9599876307115,-0.1158170986308245,-1.4371013401513153,-19.931081181547786,-23.589114686980107,0.011432276784353768,96.02599266145702,96.96325614546126,0,0
23.016666666667213,2.3115355389844012,96.30084952638242,2.4773219862127007,193.14607041419282,-0.2993898008318205,-1.5906364556973802,-21.153081359500682,-23.878202239471293,0.012422666435474738,96.32858774035327,96.84536279014537,0,0
23.025000000000546,1.942281277280017,96.3028510510373,0.8553998727522298,193.22605489690648,-0.4853634292163943,-1.8000970741473978,-23.10857709335438,-24.08275747499933,0.013962925896989553,96.32243548165893,96.92929771196849,0,0
23.03333333333388,1.304452009304839,96.5196279318796,0.5239521594018584,193.29895879911476,-0.6448780111662523,-2.0064537011831485,-21.593390524938002,-13.179992795930524,0.00887368587914672,96.52844229113538,96.78247807906902,0,0
23.041666666667215,1.0814944992019946,96.54727000232629,0.182710462387206,193.1051676308116,-0.8244398739904937,-2.1439179803909036,-22.09199175936587,-10.518939003354886,0.008452272538162386,96.55332710608111,96.56208058641799,0,0
23.050000000000548,0.913035440270221,96.43973834360821,0.1798261283162219,193.0632035550745,-1.0076129693266187,-2.2332094063662207,-23.347889894896884,-15.901651358054107,0.011239715545272588,96.44406029143943,96.62624708311179,0,0
23.05833333333388,0.4085241115722056,96.26110551389883,-1.1874817014331143,192.91715404776437,-1.2115065271720804,-2.366949980191588,-22.232977285956125,-16.45211073743363,0.011080867102984726,96.26197238114175,96.66922443433648,0,0
23.066666666667214,0.30058030712910977,96.35639721310145,-1.544013304879968,193.5382123329366,-1.4161502341490324,-2.4909351449641663,-21.372576137812874,-13.141086265075323,0.0097209825706015,96.35686603667648,97.19931952220287,0,0
23.075000000000546,0.19731458351481024,96.36333255084367,-1.284916386065504,193.59907553903145,-1.5795029089621158,-2.5514536675809105,-20.76044651829523,-15.523116371085388,0.010457883848413285,96.36353456235068,97.24703966246012,0,0
23.08333333333388,-0.5739862869731951,96.31245179769104,-2.8401920299982066,193.93128520759217,-1.7493853137766338,-2.6864625717774655,-22.72461651727886,-12.07559288850685,0.010642309002220518,96.31416215458759,97.64513467029347,0,0
23.091666666667212,-0.7416478490409304,96.45189932668364,-3.038639413211115,193.63285225143323,-1.921086130349005,-2.830798286433505,-21.090104306440807,-12.625324554212307,0.010341603781002462,96.45475066193839,97.20809524730059,0,0
23.100000000000545,-0.9907455009963542,96.44260848729641,-3.2036391177161363,193.84820625195977,-2.1055717036064436,-2.961806474967686,-20.817595226828228,-12.121145583669051,0.01044476503990488,96.44769726894303,97.43073115834814,0,0
23.10833333333388,-1.2819592910957454,96.49856853307915,-3.567943894241978,193.477433619438,-2.2873667428179374,-2.996597438190307,-21.957138442208688,-11.377717124747647,0.01110728077643719,96.50708341130924,97.00580394514552,0,0
23.116666666667214,-1.4165047900448826,96.74440170599962,-4.1016971707366565,193.61116914610557,-2.486827365421175,-3.0347064159790955,-21.225457964342127,-6.700938350536016,0.009721623041633265,96.75477118608696,96.90397769140797,0,0
23.125000000000547,-1.933869664404483,96.42538935796841,-4.9449526759294145,193.48599331611064,-2.6541854052085405,-3.1628207033458646,-19.335996365614015,-8.836477734688845,0.009914196964995181,96.44477987280966,97.10729870417377,0,0
23.13333333333388,-2.0004868407780805,96.2559662653332,-5.270367689669342,193.69002656747233,-2.788465069724085,-3.2938063295569493,-19.78809736223181,-17.74645128092477,0.013437769338497052,96.27675207064834,97.4889133580164,0,0
23.141666666667213,-2.570800101319037,96.2758136726136,-5.491252510015272,193.82135018886476,-2.940669606396662,-3.4541085379595518,-17.357370147253295,-19.930955128193045,0.013471241339313433,96.31013088707103,97.5892449838339,0,0
23.150000000000546,-2.7107292315768063,96.24174855758673,-5.556320189887458,193.91346446799184,-3.0719401255346095,-3.6423164573511175,-14.516783038851003,-21.447565015849044,0.013135529356650633,96.27991596583719,97.71315917922674,0,0
23.15833333333388,-2.815539574358354,96.50418013433409,-6.474875373290274,193.6164307952315,-3.191199620628442,-3.7315108457440567,-12.151191466527386,-15.513933905255255,0.010653334727871222,96.54524352082178,97.18117084556202,0,0
23.16666666666722,-2.837078775345276,96.588646234777,-7.647714338019512,193.70833737891547,-3.30901403480185,-3.810569022930962,-10.79124683809064,-12.790657548263221,0.009873171285361693,96.63030372219895,97.2387609055654,0,0
23.17500000000055,-3.122539596332956,96.60454197174352,-7.585973900218107,193.97751252446176,-3.389531302675879,-3.908841296762681,-10.332552903670903,-11.31858324461204,0.009736274633855846,96.65499357560901,97.475215516795,0,0
23.183333333333884,-3.257697449950342,96.60697598715495,-7.363272820539521,194.02416757218583,-3.479476545042294,-4.035015111792489,-9.59462743691589,-10.10663249440016,0.009684616512924293,96.6618870189184,97.50366642049005,0,0
23.191666666667217,-3.3825160908970133,96.34143455878592,-7.700824248245624,193.68332125349457,-3.556719444459068,-4.156063093934834,-11.699932064246504,-5.328366314991624,0.009775253305621234,96.40079578483783,97.43762461507012,0,0
23.20000000000055,-3.602337760226817,96.35409784012637,-7.360362621371507,193.63144238627353,-3.632890835217609,-4.218338625049029,-9.934102867797161,-3.6228752091264536,0.009380626929581748,96.42141363786055,97.34990761581034,0,0
23.208333333333883,-3.7413369003802472,96.3699666446463,-8.59282243090513,193.59131925509365,-3.7245591746283893,-4.23855382704375,-9.213785577568023,-9.714695700690534,0.010451613317332242,96.44256359560536,97.34232540502528,0,0
23.216666666667216,-3.6948573616481895,96.34872637935791,-8.758304240790835,193.56652268138174,-3.795390781250036,-4.322208480013398,-6.87836136636993,-19.848913059163685,0.012366280128854434,96.41954701121192,97.34956811470556,0,0
23.22500000000055,-3.935956397700579,96.28796302283394,-9.101844785718868,193.62575450130493,-3.8181305713337768,-4.509534047065735,-3.6493302359154622,-21.629036761264818,0.01222268169654317,96.36837435513392,97.47477649496696,0,0
23.233333333333885,-3.9948741420915326,96.36151520285779,-9.03773283079721,193.59571053018396,-3.842952041972644,-4.676090217304782,-1.5314195906345263,-18.244130688174547,0.011311575395762219,96.44428770850944,97.36487644272381,0,0
23.241666666667218,-3.855972696334902,96.34732767357667,-9.240290812291562,193.93303054870285,-3.8871053395230066,-4.788801885046462,-2.7288676613083425,-12.870030346871527,0.010929035497790895,96.42445786870898,97.73413061569754,0,0
23.25000000000055,-4.150411228223106,96.63483215842285,-10.009913624748947,193.89759621541077,-3.919127159461428,-4.857222426868896,-3.753858728184927,-3.2136111699991643,0.010212404904821337,96.72391999733011,97.4391042669225,0,0
23.258333333333884,-3.847038593314039,96.42048919883638,-10.033727997433743,193.52858983942838,-3.933977397632753,-4.872028338620763,-2.7140404209320255,-4.601398484284486,0.010276425405709944,96.49720432883727,97.30497590465963,0,0
23.266666666667216,-3.862983843238453,96.30622029557225,-9.738198853340009,193.52381031334602,-3.949355986639438,-4.9315274618984,-1.535017559414842,-4.071893382880028,0.010299352736917733,96.3836641334641,97.39495859786003,0,0
23.27500000000055,-4.259437505512949,96.32997097606432,-9.851769409948758,193.9450548919512,-3.950569432664638,-4.976074092792421,-1.6269061627205772,-2.037586402963157,0.010298753888440704,96.42409510134262,97.77514399905023,0,0
23.28333333333388,-4.362157017080108,96.26506006167642,-9.957098227733013,193.5935671809121,-3.95618198896546,-5.019832965372303,-0.48506668955626,-1.3127563829304707,0.010336541694348167,96.36384281731313,97.48918742716943,0,0
23.29166666666722,-3.997627745890668,96.38337994271745,-9.736392736612117,193.571097706609,-3.9672657253670023,-5.0667186657013055,0.7928750863662786,-6.405233198020925,0.010597891083873101,96.4662477593948,97.3570023561355,0,0
23.30000000000055,-3.9050226408811,96.48715631201554,-10.29608319354395,193.64124829735437,-3.94881050847857,-5.054303723104916,1.8746335346031053,-7.064705128730244,0.010512335234849068,96.5661459053074,97.36407573886521,0,0
23.308333333333884,-4.057918199591597,96.52523122559319,-10.270309791720592,193.80302334963415,-3.9366549590568103,-5.120712327703824,5.1474957719796555,-10.705123445060353,0.010724754276466353,96.61049095863662,97.47595934291738,0,0
23.31666666666722,-4.002259570049773,96.49802855274675,-10.143179725913228,193.96622790861846,-3.8999908966690215,-5.155197263510406,5.349694319043008,-3.8565816380381506,0.010557782405347105,96.58098982839626,97.66146008552525,0,0
23.325000000000554,-3.914461365795262,96.37661534952173,-10.348267372188388,194.0951772742324,-3.83852231440877,-5.234651477882411,4.192785440310341,-2.227235103522041,0.010505288079310393,96.45607805635667,97.9301343017634,0,0
23.333333333333886,-3.869138182350639,96.3629962488701,-10.315343584743005,193.605437492757,-3.7819348231497214,-5.223820658064622,5.710611032704428,2.644214276842316,0.010720271722230557,96.44064120656746,97.45586664311507,0,0
23.34166666666722,-3.6300185467540587,96.28212501358178,-9.508102076224247,193.6540006983812,-3.7452956153068184,-5.237280838928026,8.313951094957824,0.39368590393232344,0.010836326566697974,96.35053000259401,97.54913654336188,0,0
23.350000000000552,-3.5918148579499984,96.30979857245353,-10.272546916457145,193.6655670081887,-3.665994265171991,-5.215307028754402,10.638439180190824,-1.9936192753695463,0.0107693253788681,96.37675256533788,97.58472128642913,0,0
23.35833333333389,-3.525091763289936,96.21237714143052,-9.371162463416908,193.2677245437556,-3.567287513011198,-5.286070384797051,11.158274212385694,-5.501927050155068,0.010495078494392018,96.2769327884124,97.23125527327565,0,0
23.36666666666722,-3.2481296074288366,96.50826976170629,-10.040657427662495,193.48230769272112,-3.4851352405425886,-5.281344018193942,10.775379686837185,-2.7812111375993966,0.010400716974047874,96.56291461189916,97.21163750721696,0,0
23.375000000000554,-3.084841034496037,96.62415579177434,-9.08812973587294,193.54491094436577,-3.404606057240632,-5.329032499712736,10.09722696801533,-6.801515834981212,0.009977403191086864,96.67338685843788,97.10649954859178,0,0
23.383333333333887,-3.0506931112251436,96.44387767050915,-9.944751291048988,193.35815908643104,-3.32242356819842,-5.375554396423927,9.604032842791854,-5.902416488836831,0.009847259696114996,96.4921150591229,97.15917857079329,0,0
23.39166666666722,-2.7092910456112804,96.41008031690694,-9.147272790122543,193.5546699241691,-3.227817317446096,-5.402615769313639,11.175778817769643,-0.3899836905826545,0.010328287745103637,96.44814070101235,97.35768536128028,0,0
23.400000000000553,-2.73111591563719,96.4087712044473,-9.60948448172985,193.4835350824306,-3.1175826635935144,-5.37919208358127,11.957162046738242,-0.027104409918559044,0.01023827884412798,96.44744765568508,97.31814700299847,0,0
23.408333333333886,-2.6560886004377835,96.29048360953169,-8.755479414263448,193.8794913375899,-3.0209830136794733,-5.42232432728714,11.88855615079688,3.4246036304108736,0.010562048254806111,96.32710958193891,97.779430340163,0,0
23.416666666667222,-2.3705844538464476,96.41557567836861,-9.40891662408228,193.550192813345,-2.9273136080181983,-5.394930495294649,13.055283398501444,1.1873462601975957,0.01027844001147038,96.44471423589809,97.38928054820524,0,0
23.425000000000555,-2.1062521956571345,96.47340342895308,-8.255383627135188,193.46941669029388,-2.8127534568087675,-5.3606262856058,14.304083522451757,9.257069524660595,0.011855690452448275,96.49639302832642,97.19073209908336,0,0
23.433333333333888,-1.8140785693077532,96.47717491019637,-7.915285171011078,193.54295933030488,-2.6869981153457907,-5.165933966382135,14.935574970693402,16.48526976259796,0.013428884108294792,96.49422863419473,97.25734536315315,0,0
23.44166666666722,-1.771239397427621,96.50352849809974,-8.068023318259804,193.93623325751378,-2.5736614619344653,-5.053580991478508,15.309574285829694,21.592287411584692,0.014891644656028102,96.51978191845726,97.63596388872695,0,0
23.450000000000554,-1.6650116454234762,96.40817113971809,-7.7631596036596875,194.1501949260579,-2.44084633430066,-4.8338591318342425,14.014839672609899,27.232478302031684,0.01575213835114342,96.4225478105851,97.93207146982013,0,0
23.458333333333886,-1.318598358961026,96.54183419884527,-6.602733795425365,193.6743625874646,-2.3347275857717342,-4.584733563982732,11.822867856401185,36.778748471858805,0.018136765420115886,96.5508386919015,97.27615411022806,0,0
23.466666666667223,-1.0872708282819872,96.41919043697567,-5.4006968076914745,193.64493293139464,-2.2574792535333037,-4.2635047917955795,10.1959222846501,35.68125210561564,0.016053112134843506,96.42532054588055,97.32137816158848,0,0
23.475000000000556,-0.9927120312648867,96.37266985680662,-4.934517470695653,193.83517325371037,-2.1604725044935296,-4.053223464595274,11.223443751138317,34.2762948674636,0.015495822974037843,96.3777825668658,97.54218266224004,0,0
23.483333333333892,-0.9050424007601237,96.51534806816943,-5.2840978925501645,193.99686030505978,-2.040796201439355,-3.833935907591968,13.674823978697543,25.32795865949942,0.012551999355140175,96.5195913504977,97.57982042918086,0,0
23.491666666667225,-0.6997387501263574,96.2401991661689,-3.6762962002080712,193.8172626821343,-1.913045363553138,-3.601291013579717,14.16255101399016,18.308619429723063,0.009806972017682547,96.24274294648032,97.62245243104879,0,0
23.500000000000558,-0.664773938987139,96.22776804774799,-3.583117013704225,193.47796366228647,-1.8081670424342413,-3.424587683042322,13.576139852784216,14.62978400406447,0.008089904124573,96.23006426185708,97.29397346890376,0,0
23.50833333333389,-0.333558799616128,96.26670766385104,-3.5074405588273407,193.54213881386823,-1.7051981368821831,-3.2712687639558773,14.795534330683452,18.12025419933438,0.009333532246964538,96.26728554348126,97.32719574118629,0,0
23.516666666667223,0.17812390950541612,96.56484573046328,-2.9784183751958153,193.9370661462794,-1.586340424294731,-3.0483863228462162,15.459778914622843,28.6697564257289,0.013267289797239457,96.56501001436965,97.42337023477161,0,0
23.525000000000556,0.2649365476896719,96.33884319224882,-2.1881427740403865,193.4484631849312,-1.4557774087056323,-2.830475471104469,15.068562810116578,30.420401914122397,0.013432252139348844,96.33920748581549,97.14059858412382,0,0
23.53333333333389,0.21460777271175857,96.28232985845762,-1.355236131811921,193.55102360218825,-1.335637614075105,-2.5473987016570394,13.472008562926677,33.15878974217993,0.01334659887071199,96.28256903234846,97.2813609716488,0,0
23.541666666667226,0.37079082283992193,96.5392041245853,-0.9571635320767768,193.57427914494195,-1.2149438598652016,-2.337572268196889,13.001395616894838,38.453553416594346,0.015318792735683928,96.53991619450811,97.04416132346647,0,0
23.55000000000056,0.7842884637008183,96.56899598466651,0.23263296225911745,193.65203501609938,-1.0984881034793046,-2.0057700725308383,12.205506801878174,38.54296012811991,0.014508902447531558,96.57218074518579,97.0846063563683,0,0
23.55833333333389,0.9437152943460774,96.4122067010141,0.9669661838144634,193.37988712301308,-0.999729687512884,-1.7398578358836247,13.491745653920074,28.330533120367168,0.01032267884752569,96.41682529266275,96.96768320954557,0,0
23.566666666667224,1.1010257740919656,96.49235887776399,0.6919040618601571,193.42671245753627,-0.8797600077815592,-1.4626644493611674,16.901796162549747,25.020674036780267,0.010563644485401369,96.49864029897216,96.93521694669967,0,0
23.575000000000557,1.2421698003121833,96.4436208132148,1.9845108108830232,193.22901877521844,-0.7407418502638746,-1.2411008061599516,16.73711448463904,24.983964646393094,0.010263557212681018,96.45161990021717,96.78824478643774,0,0
23.58333333333389,1.5811205686075027,96.22164228238523,2.2388292921320385,193.0792166361955,-0.6147510395379282,-1.0739989725681183,14.172121732221491,23.45599416042129,0.00818883344078225,96.23463194594646,96.85980740466546,0,0
23.591666666667226,1.7169954702230825,96.28388296521712,3.089623198785489,193.1372606693244,-0.49275448377370934,-0.8399847806890659,14.015253879418603,25.792333008396355,0.0088677942803983,96.2991910262199,96.86310380932301,0,0
23.600000000000556,1.9979795580189261,96.17640164357749,3.0462449687884146,192.97074352013095,-0.37106695248968596,-0.6246499103875687,15.576522148934968,29.940452145129317,0.011368192522115184,96.19715253281147,96.80001797358577,0,0
23.608333333333892,2.2904766478836223,96.05504600969527,4.752348343797223,193.07642714185266,-0.22916562316968372,-0.3803720055277755,16.24645259743755,32.06229803144198,0.012672920039944469,96.08235086215979,97.05261052150264,0,0
23.61666666666723,2.232110872434987,96.11663055161682,4.496614645699367,192.83314973451155,-0.10702255776193996,-0.02803396673321515,14.769808943816505,36.45176769548332,0.013860386363438337,96.14254514803966,96.74302589951574,0,0
23.62500000000056,2.4640071849341894,96.33067368481375,5.133269746132044,193.43353704582762,0.004822240145677656,0.2939604255917436,13.24457036248272,45.031929626816385,0.017490370992742754,96.36218150279431,97.13954413897743,0,0
23.633333333333894,2.9301906028932194,96.16375204156168,6.819740642863792,192.85026579760427,0.11665098508379089,0.5951235169611409,13.69378579627635,39.58557926717302,0.014854046002542809,96.20838437309007,96.76471744293396,0,0
23.641666666667227,3.0791952773277558,96.37882515296144,7.0827982704957435,192.97291459097386,0.23902319698649876,0.9000341024748786,13.880295350778168,38.52925053980392,0.014525280981137811,96.42800102367066,96.67702390581563,0,0
23.65000000000056,3.179846867683409,96.38236667065797,7.926802098212875,192.53394044313615,0.35502918353356794,1.2553920807235426,14.582372151311151,35.748168738544514,0.013729269005450018,96.43480715560682,96.26867986466296,0,0
23.658333333333893,3.176978002569058,96.26209545839066,8.899927807614347,192.7054430627258,0.46499602324319445,1.4921970649555463,14.041143684432862,33.63746907743229,0.012538000214576073,96.3145067540146,96.61299835737262,0,0
23.66666666666723,3.5651470366993294,96.43259743616187,8.951815145838623,192.32625599270125,0.6002560809738006,1.777681033873678,13.692429670738475,26.032169566197112,0.00930201416546339,96.49847730238099,96.0448329931193,0,0
23.675000000000562,3.882104964899156,96.19128124700393,9.167464672675123,192.49710984649874,0.7272582418902193,1.9939428292435728,15.564436223392423,22.2933133991884,0.009039648429908453,96.26958671822948,96.45075245676341,0,0
23.683333333333895,4.023666760616663,96.32058204474174,10.740889306311544,192.7518542283171,0.852282576020018,2.238415527135775,18.002647717070403,28.884610843333572,0.013424722171143433,96.4045871296502,96.66494366455288,0,0
23.691666666667228,4.189317627438186,96.25612842540727,11.027050262221337,192.5304112649792,0.9898191769607562,2.4759113144632865,17.528066368843266,27.530735699227456,0.0128259945181326,96.34725030654513,96.51679710733605,0,0
23.70000000000056,4.397652335245368,96.16727264457631,11.013269372959599,192.3551127118962,1.1274952313921969,2.682634711408858,15.976585633206199,29.49762406338691,0.01309170807218063,96.26777069174275,96.41507644350028,0,0
23.708333333333893,4.849857939210324,96.20711055846152,12.347042476559352,192.62840616822757,1.274856010935625,2.8831034106148294,15.417723923477343,28.974511641439,0.012874008866857967,96.32927511425879,96.71232611747561,0,0
23.716666666667226,4.990509882569199,96.15861002982979,12.911527360539594,192.50808391593512,1.4164403353979467,3.0782318675047513,17.378437240188013,18.47149817262261,0.010133378528213832,96.28802351152973,96.67452423475176,0,0
23.72500000000056,5.1160520806370755,96.0868831005717,13.73025611378364,192.30179752071223,1.552410106150064,3.2460171431569727,17.536955591410603,13.474834930851904,0.008909279204878828,96.22298630199919,96.59976329163361,0,0
23.733333333333896,5.288548758342415,96.10424833490464,13.195425483460781,192.31320475839652,1.6882570426113417,3.299645397637444,16.028539822162926,12.11527990002706,0.008078505973815098,96.24965088760783,96.53332064962636,0,0
23.74166666666723,5.633385869411882,96.09862855496283,14.081163819721212,192.0400854960405,1.8203495382994854,3.4380389514775302,15.047467509107188,10.33273280846926,0.007559752930626384,96.26360395548468,96.31265811031481,0,0
23.75000000000056,5.996621851924033,96.05055040408047,14.42630514331006,192.49534702181313,1.9538014074384666,3.6316342539646715,15.493870412399877,14.478993103246411,0.009307176322994604,96.23755871052516,96.81249069737278,0,0
23.758333333333894,6.130989497209839,95.99257102230013,14.611464138664928,192.24770070344988,2.0775074248537235,3.758270731983617,16.380701389459247,21.18040912724514,0.012305146571510495,96.18816311629114,96.62798994121383,0,0
23.76666666666723,6.128017788903492,95.92406196748993,15.396652696490719,192.17934445609728,2.2096466579180047,3.909905332923586,15.188595306361247,25.587515656290915,0.013803028581535148,96.11960396487268,96.70050154994928,0,0
23.775000000000563,6.415525906443406,95.91742550353064,15.599687843420156,192.08877604272328,2.327649874297536,4.092240751039264,13.18279155275035,28.973664449928073,0.014586544679819902,96.1317402728235,96.6088893167543,0,0
23.783333333333896,6.72613552497279,95.79286117393195,17.001952661005816,191.9852119525783,2.4432430530479117,4.319085464840771,12.81450733139236,23.626185593580825,0.012890518893764025,96.02871003501245,96.73965456903046,0,0
23.791666666667233,6.954475095287535,95.85420755069953,17.55539437051965,192.0150614637637,2.552144636323854,4.495099752844453,14.022101061622488,21.700740868621637,0.013261663772512922,96.10615916279016,96.74342000761425,0,0
23.800000000000566,7.0331946270093795,95.96675815805077,17.11357739880617,191.76408728415356,2.667429230528841,4.665242989844091,15.413938214307503,14.96528832709342,0.012208401189407248,96.22413677465336,96.32622895411613,0,0
23.8083333333339,7.2001473591295735,95.99061197087161,17.770681185129604,192.28915821713196,2.810032695743566,4.796659160970368,16.39308674602724,9.987486000407923,0.011738364190951867,96.2602706651899,96.87696420981489,0,0
23.81666666666723,7.455428231843143,96.15789047086105,18.166124105326844,191.08495547094446,2.984855506684858,4.860304422989151,18.672387863265193,7.540807598762081,0.012516120126893515,96.44647899185472,95.52940215255366,0,0
23.825000000000564,7.846507044906332,96.24203134039766,18.635311722977804,191.91461777725152,3.118984082710159,4.956527076052665,18.78258789555708,6.920205579247986,0.012872665544898076,96.56136012573481,96.2789805819466,0,0
23.833333333333897,8.057846148091926,96.18941573815903,19.06564790057223,191.6687628992467,3.2523289432123406,4.993440708316789,18.444989968420124,10.65378569980269,0.014105150739690764,96.5263310428544,96.11179653783093,0,0
23.84166666666723,8.35366095626074,96.37620840449563,19.183593225341838,190.93612472361127,3.392970946176501,5.060755310419515,17.066772731215814,9.335935276666035,0.013617072231980831,96.7375686990268,95.1780710417638,0,0
23.850000000000563,8.642097197542228,95.81148024853803,19.792780439806904,191.27309755979604,3.5296896193836114,5.168548691300728,14.156991101857834,6.840287236918765,0.012508079038285658,96.20044486065416,96.11065558225268,0,0
23.8583333333339,8.860107337067575,96.05741250301816,19.97760412600877,191.05313163313974,3.6370993625247188,5.184373288697648,10.784590842660448,4.407263848503649,0.011415099597466227,96.46516469067653,95.64405568513428,0,0
23.866666666667232,8.567762863073597,95.82922135415521,20.070973785994454,191.02384212275342,3.7341435341285547,5.191850846850388,9.333399704261407,1.5486216329335825,0.011004537687036908,96.21146618684043,95.88711949377996,0,0
23.875000000000565,8.948744781356424,95.44273956493288,20.254870278701105,191.60955467132038,3.821891612771327,5.231082283823524,9.737849782303698,0.7486041815219142,0.011308790862949891,95.8613403245618,96.82915264251685,0,0
23.883333333333898,9.071276765966957,95.1391985175108,20.452747837629488,191.86481163610233,3.904925044987389,5.207947290856846,9.655886621178606,-2.7997386650506857,0.011174162555670275,95.5706814704128,97.39292642139128,0,0
23.89166666666723,9.13362016777404,95.06154685670253,20.623851276276525,191.62113781257278,3.9899989453385314,5.1621756451883,11.061496225440145,-7.535392337175363,0.011278492290970998,95.49932307696332,97.24083512851881,0,0
23.900000000000563,9.302084909037717,95.57624690872439,20.118552236069036,190.8645500049758,4.070073098276859,5.129614125124153,11.817787579887076,-6.109555176504219,0.011618042439509146,96.02784886069455,95.90024333858497,0,0
23.908333333333896,9.603150636950602,95.53698387383787,20.741107700396867,190.95880517940208,4.144247647630673,5.055878060550563,9.60809224111188,-7.781939124740739,0.011343905557560596,96.01841380623782,96.06965217392118,0,0
23.916666666667236,9.676705853867759,95.5118052182292,20.912023673794124,191.30911107224216,4.232504318058032,4.994055656711668,6.618697056547758,-5.253142416876982,0.011272068335822727,96.00074776910455,96.45390699915717,0,0
23.92500000000057,9.695022050761736,95.42901806036355,20.27698592519181,191.49455587335183,4.2714435636444605,5.005473996759839,5.522467267368575,-1.6942827017328657,0.01141658687273539,95.92023217512534,96.64660115461083,0,0
23.933333333333902,9.793972533757199,94.85671062189328,20.743743265143962,191.63852802020244,4.312362806570793,4.996366935011656,3.5362333440965235,1.0485674980154667,0.01147762167207711,95.36098493617604,97.39926928878671,0,0
23.941666666667235,9.693454023952995,94.86811192741612,20.86151600606945,190.96660946835016,4.3414732220783705,4.990562406381104,1.4319777668100864,2.2899199224491533,0.011475620412685572,95.362055932049,96.7452677812269,0,0
23.950000000000568,9.690164422892053,94.94012701996274,20.334304082298956,191.28952342846105,4.353417663912352,4.967162750794202,0.3269913509721652,-2.5139785398852963,0.011415411055113012,95.43336421351468,96.93556569892655,0,0
23.9583333333339,9.896277969039716,95.01091065976055,21.105956369427815,190.85426784078385,4.345899916031988,4.927061677529626,0.12704837248530063,-2.071913926679533,0.011311929589008507,95.524915399269,96.496663183601,0,0
23.966666666667233,9.8058303696871,95.7308154953214,21.000143207531835,191.39360963620481,4.355676859251971,4.921274314721024,0.3986611565150332,-2.386185078412867,0.01133278623651135,96.23171693697637,96.31553780544743,0,0
23.975000000000566,9.78690543622389,94.94437241300295,20.545301063856527,191.76932985884218,4.349259472410006,4.94594903438463,-0.5501447717453948,-4.125582307713509,0.01144775408042742,95.44745869281478,97.42081636318413,0,0
23.983333333333903,9.764359680686141,95.015729852025,20.396534514061955,191.0776360778496,4.342786417157896,4.906869136113503,-0.46982861231668627,-2.7366431538949225,0.011297686765492365,95.51613287443543,96.64850215821552,0,0
23.991666666667236,9.752085379781079,94.99547141721848,20.226848101778273,191.00057186439432,4.347614748072557,4.889929162688349,-1.1409433664909325,-0.07363067305193895,0.011242539719942712,95.49472634147979,96.574841268078,0,0
24.00000000000057,9.724032987468092,95.05001732222922,20.778489289733955,191.34677077299563,4.324360259020225,4.914985932983113,-2.7077519514444917,1.2042780424171011,0.01124731781169519,95.54612818161416,96.92917893646059,0,0
24.0083333333339,9.772693530235244,94.9992977743234,20.752663133003125,191.0564071088416,4.28146554878263,4.945155026686355,-4.07693480291582,9.28801332245636,0.011335228261943442,95.50063935100366,96.6826147049266,0,0
24.016666666667234,9.552061548181314,95.12869189224244,20.50339346928064,191.22279089108076,4.250409589727461,4.978591626657103,-6.018664617304105,7.682968157448689,0.011268540045481501,95.60705989072896,96.71611827014476,0,0
24.025000000000567,9.624692675252732,95.00630500015353,20.44614125300967,191.1134640953913,4.190600678474397,5.03400311646781,-7.715032051496886,2.579755196872953,0.011410995864586937,95.49257928695434,96.71447553845483,0,0
24.033333333333903,9.447268446950659,95.06137603443409,20.664777058277082,191.83648596141717,4.126212339633706,5.024248293959557,-9.147095595253655,-3.4183086836632888,0.011954033807141329,95.52966081102157,97.42306914086028,0,0
24.041666666667236,9.15826384271412,95.04356058398275,20.349659226820847,191.40850527413266,4.043388429872616,4.981198053684455,-10.62737795534407,-8.964918559014002,0.01287115211383627,95.48377980104246,97.01262750683057,0,0
24.05000000000057,9.189050767899005,95.78049902585866,20.25915765327403,191.55062627615098,3.952116518928721,4.855422876223343,-11.47044207787667,-13.47954543105406,0.013633498525927212,96.22028189346328,96.4078033148293,0,0
24.058333333333902,9.1069434517986,95.74241702133594,19.352848796038415,191.64056698266597,3.849055726520105,4.80023979218364,-11.95458525395588,-13.48318045188104,0.013417451979351291,96.17456439267949,96.44394093113816,0,0
24.06666666666724,8.819582817940102,95.82175317786528,19.218085644805797,191.33924470608144,3.7579379161336934,4.685757682699299,-12.284897091726556,-16.720393662075146,0.013956847116049165,96.22678121584572,96.08184036998449,0,0
24.07500000000057,8.715079754356623,95.81403316536739,18.66444812868491,191.57227506638702,3.660987792196134,4.497297927453688,-10.8267795508984,-22.383269388578945,0.014516720754103929,96.20957107553758,96.27372862324526,0,0
24.083333333333904,8.408229525522529,95.17431862313953,18.282824791877943,191.42940282270553,3.556433116552113,4.2829090591869825,-12.474945005428882,-22.754564339838073,0.014739355231237816,95.54501163918894,96.7602649125139,0,0
24.091666666667237,8.284593145647648,95.1402013949226,17.90443467478434,192.1651070723098,3.447763811784496,4.127915510335034,-14.214825529988877,-19.052696347194214,0.013761902875206289,95.5002220157385,97.50063421717618,0,0
24.10000000000057,8.180061599649491,96.19998872965328,17.962360485088254,192.02087060555385,3.329755470655398,3.9628093469141885,-14.110112807430191,-19.046971689278898,0.013176668660327184,96.54714516421228,96.3189222061758,0,0
24.108333333333906,8.011116515573804,95.56425785996657,16.537982742188774,192.02404342116114,3.1923750394474597,3.8018869839896463,-15.91193836752544,-22.538893833549007,0.014721898720563065,95.89945447265214,96.83593175138157,0,0
24.11666666666724,7.710208373982937,95.49707909133184,16.039659436345687,191.8945645084379,3.0536932854739787,3.6364248927247136,-18.2528035631469,-18.188025135915126,0.013786201146206434,95.80782550578175,96.75667909628498,0,0
24.125000000000572,7.328610887999957,96.2192301138096,15.972569442522456,191.92353337994285,2.896346886834293,3.562566368255334,-19.579787038929393,-11.845763564152216,0.011894792216406103,96.49792112393901,96.09386912362466,0,0
24.133333333333905,7.229072965579178,95.92233145979333,15.815729752664993,191.97432282391026,2.756844572579683,3.4022128277445574,-19.10791696410768,-12.632156343459917,0.01142267475851133,96.19435102241776,96.43503367444634,0,0
24.141666666667238,6.9290692130107345,95.60991123998195,14.747772276633441,192.38506365117826,2.591356854714006,3.2508672364441598,-19.24190273095938,-14.09266792751983,0.011451017261669527,95.86066517334376,97.09048481600746,0,0
24.15000000000057,6.509001326644352,96.31997495433626,14.30926327235079,191.84598195563706,2.4204098596255523,3.1686656409300564,-19.53115092398767,-9.561609086764998,0.009792115553323821,96.53965337349322,95.84394660088975,0,0
24.158333333333903,6.403590573210977,96.32705217735798,14.535580193892656,192.37027760043043,2.257356981025212,3.081304928115374,-18.573916370530945,-18.00700820257512,0.011681040330786985,96.53966518177265,96.38687880027022,0,0
24.16666666666724,6.1896720949659425,96.72363550268346,13.886238997181067,192.27289476348574,2.113080941579918,2.896988470883254,-18.09191899041378,-22.093504492685305,0.01253448596828255,96.92148216726346,95.85874027634769,0,0
24.175000000000573,5.963900349558912,95.82397605119979,12.447307737492054,192.139382136778,1.9463971226554535,2.757019233478591,-20.167767882081574,-16.49815659080787,0.011156235712769469,96.00938752872233,96.533372575435,0,0
24.183333333333906,5.408428269803721,96.10226513309806,12.54982410207083,192.57172356005327,1.7791417697097072,2.6476400904432142,-19.285859685892348,-14.401572175428175,0.009641539272942978,96.25433216256755,96.73342722980078,0,0
24.19166666666724,5.27633687638064,96.0761631401677,12.466767487067898,192.43121983148706,1.6152448746940111,2.491330954712228,-20.08131607044346,-20.512135432409202,0.011952193530111899,96.22093771404003,96.62297471282116,0,0
24.20000000000057,5.128776998097635,96.36452291776584,10.994609012685032,192.46728283226298,1.4718742406740644,2.279639799006793,-19.752152348646874,-21.298271212356436,0.011731125556697197,96.50090999915406,96.28161012574954,0,0
24.208333333333904,4.73603182803231,95.80885686072952,10.990539670232351,192.5753187145108,1.295047410457557,2.1192470244455857,-19.459019968215806,-17.100593311175846,0.009658848313375934,95.92584141114371,96.96838148617026,0,0
24.21666666666724,4.2890738226824965,96.17340794496278,10.84512030665519,192.59438695321376,1.12252408223333,2.001579865676948,-19.633222860642043,-18.06932620531049,0.009866156177551044,96.26900098164856,96.64360785075021,0,0
24.225000000000573,4.33910770144945,96.46761047459586,9.722889846141925,192.52191083430148,0.9610091347554061,1.8675891158565328,-19.17373568560429,-23.745441393966807,0.011641616327844329,96.56514757573322,96.20506082204851,0,0
24.23333333333391,3.887388419595254,96.06238817265404,8.616026554097573,192.7815528911264,0.8067606768282837,1.5752804031037462,-20.643203565110685,-26.65536386877947,0.013551930914823984,96.14101211324159,96.83468821887155,0,0
24.241666666667243,3.757946180550391,96.23006428381137,8.842989616761372,192.62875541015853,0.6157585579470567,1.3518424479852984,-21.237026240841548,-28.226511135584882,0.014470269565275196,96.30341339517713,96.53271630706884,0,0
24.250000000000576,3.200604533640899,96.45504939712578,8.202415163037074,192.6892555727328,0.45015832787158744,1.109125400946685,-19.885450984279196,-36.99348539213176,0.01793613823474427,96.50813656673067,96.3641040420217,0,0
24.25833333333391,3.0806513879014688,96.47821987336943,7.085624509288209,192.986758107482,0.309640567952166,0.816814598568913,-18.62722484808122,-33.15561953924899,0.01485704489193651,96.52739156792747,96.59160295692476,0,0
24.26666666666724,2.8543968828871584,96.24419252597596,6.096905518960284,192.86334792283066,0.15696734265472506,0.5442797900163139,-18.756547217474612,-30.285020245440595,0.013422121886284444,96.28651087531505,96.6735488738081,0,0
24.275000000000574,2.4576291612102636,96.26967861349283,5.062089709115014,192.95652272846604,-0.019452475399818422,0.2900520560428333,-17.73438850115137,-36.31254108638662,0.015752200050820342,96.30104340784284,96.72191602557676,0,0
24.283333333333907,2.2162844249509703,96.19098418261422,5.12561577720038,192.91579221092235,-0.16877939827643212,0.022296161683159937,-18.08321855236028,-34.94054360588078,0.01526113438875587,96.2165129001889,96.76855221108892,0,0
24.291666666667243,2.2567010219655117,96.12627596755038,4.174098581724024,193.04171394291978,-0.33032892532162744,-0.29775525136158754,-18.326267480544228,-29.457106583209004,0.012744433982922132,96.15276195144992,96.93440323930324,0,0
24.300000000000576,1.8530843777534756,96.22717668936946,3.964157820263779,193.11813643779033,-0.47176723216780614,-0.582839058341061,-19.490085210102357,-27.765349238999857,0.012775273848233404,96.24501782075892,96.913955197638,0,0
24.30833333333391,1.3780674679920821,96.43784622840519,2.58229041347181,193.31126632197748,-0.6337215182608436,-0.7214415158668139,-18.823633583122103,-23.438764866140392,0.01056272864701091,96.44769180814988,96.88090458665297,0,0
24.316666666667242,1.1955393451943337,96.45623667498813,1.8400784291785044,193.26841868792417,-0.7835735431301512,-0.8760128252313263,-18.11989372026703,-21.774019979213705,0.009614795812137089,96.46364552424521,96.81432753852417,0,0
24.325000000000575,1.0480005118742497,96.4911573666933,1.8673994576656696,193.03754896616317,-0.917233696527882,-1.1387612858822918,-17.1096110059159,-27.485644975952003,0.011597109581142462,96.49684842023007,96.54986869753138,0,0
24.333333333333908,0.7529253722067892,96.69865619850543,0.8604070650042672,193.30310830030038,-1.0385824699401116,-1.4404095759881743,-13.761014982583601,-29.060958447101896,0.010619090100593809,96.70158740792658,96.60451189360816,0,0
24.34166666666724,0.6325453878566805,96.63460447373262,0.6613568880682124,193.11379734370246,-1.1689255379557641,-1.5780315987195,-11.394874898531338,-24.717063850466392,0.007935785188936784,96.63667469166374,96.47919717194678,0,0
24.350000000000573,0.39194646582819814,96.29948249825333,0.6863177762728583,193.16690001210327,-1.280688489226758,-1.7853234286529172,-12.798967783694353,-21.712343911528915,0.007755104791026479,96.30028012141749,96.86786479669578,0,0
24.35833333333391,0.2771094294050158,96.29044620991135,-0.9814374645558814,193.70620705839997,-1.3901742759242033,-2.013646969302605,-14.642603047522998,-29.17839998198915,0.011830842601707747,96.29084494872654,97.42389030404313,0,0
24.366666666667246,0.14462150631305803,96.2717254234962,-1.8964274588365129,193.300147893072,-1.5098994739837546,-2.2421411530788813,-14.834778297138934,-30.22232425688475,0.012703155568797087,96.27183405024095,97.04988741782556,0,0
24.37500000000058,-0.056280505098186495,96.59628600768468,-1.3484743270603872,193.47146360525898,-1.6388523029355844,-2.4770433048233538,-15.540781886434972,-26.09996209373386,0.011691588814401577,96.59630240321661,96.88379533975265,0,0
24.383333333333912,-0.5298762211846224,96.48309707377354,-1.5144579122468258,193.5012309574562,-1.7464048949222355,-2.64563593737074,-14.903042553713197,-22.50969688444857,0.010255172374829424,96.48455207833523,97.02312973398945,0,0
24.391666666667245,-0.6745214562653246,96.23161329344799,-3.509345820824592,193.71054293669113,-1.869669702633713,-2.8976698290727887,-14.304978373482262,-22.26933854225997,0.01029675271245134,96.2339772442908,97.52014127127914,0,0
24.400000000000578,-0.7431840907995024,96.39177868781917,-3.877594268313601,193.52627830843204,-1.9886999255645659,-3.097656021069271,-13.802858450075314,-19.818248974107377,0.00960519050809161,96.39464363331776,97.18505823277438,0,0
24.40833333333391,-0.9174803875214366,96.47884539371574,-3.4399815482462373,193.4043078014044,-2.0981825296218273,-3.2061655965722196,-11.697491588318288,-24.121478979393988,0.010412768181282672,96.48320775537053,96.95828110610317,0,0
24.416666666667247,-1.1522112862369909,96.45130595203943,-4.155927467281856,193.64614213035486,-2.2017020964793046,-3.3963695361921173,-10.44759371198097,-25.171228138818414,0.010618289707837736,96.45818788833868,97.2412386316929,0,0
24.42500000000058,-1.1462830927528103,96.46191834172379,-4.61183268028293,194.0805748108238,-2.287666885084342,-3.6285835851034123,-9.99209949911957,-17.669005965578183,0.008544929833267378,96.46872889747289,97.68015215372974,0,0
24.433333333333913,-1.52452723771097,96.60050798716998,-5.864840545795232,193.891583883877,-2.3600015327827903,-3.7960310173656233,-10.795972902302122,-14.875970453307866,0.008449247846897379,96.61253710920656,97.38784199658157,0,0
24.441666666667246,-1.563574313271829,96.50456370732712,-5.319808673869716,193.96660880054196,-2.4418975721536156,-3.8986347745035674,-9.929659371662579,-22.576281457067225,0.010617363324090245,96.51722945140253,97.53440177867283,0,0
24.45000000000058,-1.6289078143914821,96.45509482398222,-5.853619518909056,193.75698857597445,-2.537874781145894,-4.015610300894543,-10.086629655663579,-16.661714190238627,0.009296476529218722,96.46884812296241,97.3935660950469,0,0
24.45833333333391,-1.8781823483652715,96.40635982735773,-6.578240011376238,193.68225491712445,-2.6306397348453756,-4.1920119801547235,-10.89571180276197,-11.873673427638218,0.00884389489433035,96.42465340407341,97.38937471588433,0,0
24.466666666667244,-1.951226738565083,96.58313138729557,-6.603505887834331,193.62407331236062,-2.7310650736172413,-4.302878001021434,-12.255387018397784,-12.330649582351622,0.00977232131175354,96.60283926656032,97.15239632138042,0,0
24.475000000000573,-2.115584616269132,96.52304689310557,-7.150378542445992,194.23623947973152,-2.8336331464938205,-4.403527062841281,-12.068580824348073,-14.060553529627057,0.01050605334378929,96.54622871866746,97.8428186192023,0,0
24.483333333333913,-2.291614957064894,96.29305275896928,-7.460346678446058,194.04081178562802,-2.9120622412251067,-4.544261761272634,-11.928480992076247,-19.84624273644466,0.012498229769779101,96.32031721684208,97.88432041109219,0,0
24.491666666667246,-2.600180570639054,96.30326064025752,-7.4664513384975635,194.2470478425589,-3.0013223038797894,-4.742300943745503,-9.986166403853362,-19.001656484055317,0.012015864113954056,96.3383565821283,98.06460137437877,0,0
24.50000000000058,-2.653142417933566,96.59411267964106,-8.71027531684274,193.96799749447132,-3.074049119109297,-4.898408023744943,-7.5705085179595795,-21.93244287597,0.012422262981856669,96.6305426304594,97.56209460075608,0,0
24.508333333333912,-2.76696992340203,96.46247372678971,-8.709613230484763,194.09236633289527,-3.1365464491278714,-5.035207397258579,-6.392330608660506,-21.045538566642783,0.012167047429918032,96.50215002811392,97.8105870535236,0,0
24.51666666666725,-2.7221185653569933,96.30199893476072,-9.015680612607355,193.9410146435568,-3.192222669789817,-5.192258837118893,-4.472207298686873,-17.678216356317627,0.011215146617177929,96.34046360857164,97.84163894694895,0,0
24.52500000000058,-2.77389967768147,96.42801514092508,-9.542366801254559,193.4651200405545,-3.230796677519183,-5.316116311585417,-3.496313418678663,-13.91398489405971,0.010592498157662167,96.46790462863966,97.27287327155796,0,0
24.533333333333914,-2.9112148184278794,96.45533800407816,-9.48237565941588,193.3670971396851,-3.261502266170353,-5.4062861321092655,-3.583769797193823,-6.686623220103153,0.00987589000752731,96.49926114328542,97.13428443940907,0,0
24.54166666666725,-2.941559532286817,96.47003423031538,-9.658163682074871,193.7337109863742,-3.2791157488013587,-5.48592124227727,-3.924020111068179,-1.5943164300511485,0.009722457053147782,96.51487075513394,97.49531059190512,0,0
24.550000000000583,-3.070776423731445,96.66012262145983,-9.648909738260272,193.85855820782808,-3.3132008885545177,-5.4836763191027575,-3.948558159340218,-3.0312857098192385,0.009888262308972884,96.70888776653466,97.420776625631,0,0
24.558333333333916,-3.029122827930962,96.49800950582284,-9.894758368709915,193.55527693974994,-3.346087042216259,-5.5202054299075956,-4.010230575491413,-0.9332719941378295,0.0099245761376352,96.54554067222664,97.29979503123147,0,0
24.56666666666725,-3.0952832882312578,96.46673598434882,-9.84245900746538,193.6755430226347,-3.3829051751296144,-5.513844175886452,-3.27889049825425,-1.4042050305683913,0.00996388541190063,96.51638166709557,97.44268338871278,0,0
24.575000000000582,-3.1444584311421977,96.48849468249597,-9.891415992673274,194.14146313617994,-3.40451531176439,-5.561775034087155,-2.431790422413786,-7.11731871678054,0.010436114790006723,96.53971838015292,97.8857685475948,0,0
24.583333333333915,-3.139169285108153,96.46996261404223,-10.222903346059582,193.8246237663165,-3.417557162752367,-5.6598757821054635,-2.007623965640942,-9.768170015083484,0.010901172940578352,96.52102398211113,97.61203479243953,0,0
24.591666666667248,-3.289477815606517,96.75246391972013,-10.192432219792124,193.5596684207037,-3.4261547450886467,-5.676421647288244,-1.0882769529919398,-5.683545654981734,0.010488449980835757,96.8083670910532,97.05300419256233,0,0
24.60000000000058,-3.250369909067217,96.60964443044077,-10.290035382934548,193.7615331670723,-3.4518145123960475,-5.660602547226868,-2.4157994042069935,1.2569880305504109,0.010318259980035105,96.66430727792945,97.40660334432565,0,0
24.608333333333917,-3.237427625840951,96.4889506624396,-10.414462445763093,193.89073572367653,-3.4784327090573863,-5.637488077944629,-2.4282674110723494,3.8664662329048882,0.01033828346138499,96.54324698067319,97.66584644552962,0,0
24.61666666666725,-3.2098528153975394,96.52995093197944,-10.806567599865787,194.18541647968874,-3.494932505551581,-5.617744912206534,-2.3675162271287773,7.485881804666774,0.010454715276457804,96.58330384712916,97.95049783873688,0,0
24.625000000000583,-3.292910465163345,96.5808956950288,-10.172651028299697,194.05993887513335,-3.512432510201309,-5.565956603475696,-2.266157345338894,9.847905971694699,0.010540832868025873,96.63701502315568,97.72151600095422,0,0
24.633333333333916,-3.3597682518294505,96.59086999989194,-9.42417161207726,193.53490966446253,-3.516738143012025,-5.497950093638176,-0.9543953239808962,8.672690194389736,0.010401410333783723,96.64928458111848,97.13353599350548,0,0
24.64166666666725,-3.542186083617935,96.46533143695598,-10.053247628189979,193.58299108540865,-3.516656197733933,-5.433234547273751,-0.47233083988712626,8.694073187512606,0.010304092731732606,96.53034368266148,97.33567556672064,0,0
24.65000000000058,-3.300966418212113,96.44250343055216,-10.133682562794888,193.50788047431928,-3.518259204668588,-5.435603690374161,0.9646627593752427,-0.02334712477687884,0.009987624655307226,96.49897847773431,97.30556731534489,0,0
24.658333333333914,-3.3014698793014645,96.43928823070985,-9.842664299610817,193.56405802363076,-3.5096780447635942,-5.427676491553367,2.461131991734434,-5.154491918941892,0.010003508029736263,96.49578238353149,97.34478995699857,0,0
24.666666666667254,-3.296674878043518,96.43405903956682,-9.753096658283823,193.39037854168333,-3.4961379965316253,-5.380530088527182,3.262252721082011,-3.2078241776418013,0.009857684345486284,96.4903923097952,97.17105162341745,0,0
24.675000000000587,-3.1815362925376007,96.68007536581922,-9.786501541261032,193.92781299846473,-3.478809320226093,-5.387548220611054,2.591720733049088,4.556870212078614,0.010063516464692057,96.73241000782116,97.47178073988749,0,0
24.68333333333392,-3.2583998519446027,96.51702695116205,-9.85088410197443,193.93002564127664,-3.442451982262317,-5.314469091459381,3.0201811135089454,15.794222298263847,0.011327514690012475,96.57201282507523,97.63581905421371,0,0
24.691666666667253,-3.158787315766233,96.65607025017346,-10.151752923839979,194.3282258989724,-3.3974602939097904,-5.192709244876993,3.5494647544152156,17.127912581077755,0.011353732987175125,96.70767215434726,97.9221709169017,0,0
24.700000000000585,-3.1157009916263974,96.51389505338761,-8.787201268361457,193.62177056387617,-3.3704366151735106,-5.067088385033906,5.2101193676616315,17.91315908432079,0.011635372512381004,96.5641731236049,97.27335401614128,0,0
24.70833333333392,-3.095571610028969,96.50368502318486,-8.359114621424055,193.87374954058834,-3.332510195115908,-4.91684799897154,5.4462732945355095,22.70787332860985,0.012542345603162364,96.55332095089682,97.51222666494762,0,0
24.71666666666725,-2.981526398436472,96.42798580214429,-8.426399115297443,193.6137525830373,-3.2982006104907087,-4.654454415115915,5.244668906433735,30.310291727885406,0.014298615339735754,96.47406877251065,97.33817290093822,0,0
24.725000000000584,-2.712203075073262,96.4383198268751,-7.545029599278848,193.45170391983345,-3.241199694875918,-4.421121494448659,7.119377601948625,28.441633311991605,0.013868370121205675,96.4764508911428,97.13368573971096,0,0
24.73333333333392,-2.7398839343420036,96.50499281209557,-7.842321764086364,194.03937359630305,-3.1707808258033765,-4.193526172448598,7.861671321130434,25.06432335222375,0.012497412150041853,96.54387915158725,97.667754692965,0,0
24.741666666667253,-2.7338385654821877,96.51149738722859,-6.985281733682825,193.96881447352956,-3.0935742543474527,-3.987413771899203,9.658136032501579,20.748548474172946,0.011357653890213815,96.55020974201531,97.55000472922721,0,0
24.750000000000586,-2.5949816676525757,96.46815894631521,-6.0625904644734305,193.6171805826374,-3.014991356669011,-3.862866026918381,10.195876548506712,22.473960353315714,0.011751207207411962,96.50305497934762,97.21088784525314,0,0
24.75833333333392,-2.3844776453025247,96.47668981082847,-5.469829867729629,193.94448663000213,-2.919266470300677,-3.703710118660121,11.594122496587925,19.80853184889028,0.011053882312656249,96.50615218987731,97.51661814849895,0,0
24.766666666667252,-2.0144044761008786,96.4987368257107,-5.897437365702558,193.916614503206,-2.8245792254119833,-3.4576189270478856,13.001404303696694,20.89871725127166,0.011479947942445001,96.51975981295803,97.4952349379659,0,0
24.775000000000585,-2.0088160649004294,96.49720796184192,-5.117260374631314,193.81972567073785,-2.7134847177289,-3.331244835744562,15.205859158424703,16.752252971042342,0.010738332135924455,96.51811480967483,97.37214632134315,0,0
24.78333333333392,-1.766805857557415,96.2850697021396,-4.661802771419673,193.99013234195172,-2.5779076105849352,-3.141178967126462,15.423865072955177,16.608919406132813,0.010303453927252626,96.3012785506204,97.74794254909351,0,0
24.791666666667254,-1.6637301363285246,96.57098622861292,-4.2214531885767315,193.44514077150467,-2.465092755496269,-2.9625606535554794,13.382732559357287,24.887984023877685,0.011800080107484234,96.58531658142181,96.90791384408229,0,0
24.800000000000587,-1.2964337320735808,96.55152479206134,-3.400380455984532,193.8657759629658,-2.347366841768959,-2.8255845933955994,13.396416458242381,26.032600791471854,0.011893616131689377,96.56022825207951,97.33699231418103,0,0
24.80833333333392,-1.1822446458063496,96.58888256007168,-2.585038757765062,193.5874972370445,-2.2386755483395255,-2.6495732883404406,13.647109512262114,23.68955556935518,0.010773121369988203,96.59611760627782,97.00875775192873,0,0
24.816666666667256,-0.8862298853262018,96.45734252456424,-3.0519730757591788,193.6112019547947,-2.1257595766858026,-2.38288563501409,14.839610325471968,21.36166690560702,0.010080118167014263,96.4614136860473,97.17799568706842,0,0
24.82500000000059,-0.8048239847882428,96.48090817724477,-1.4641355603715738,193.50054585008917,-1.990519252657788,-2.243329432696624,15.053012161352077,19.521120345563126,0.009221070883759896,96.48426495731015,97.02187787258967,0,0
24.833333333333922,-0.718903573234627,96.48926534016385,-1.5101389608286127,193.37354516578353,-1.8445270720666107,-2.101300411195439,17.41153820308774,15.8320344327732,0.008792052505279813,96.49194343691164,96.8875107058054,0,0
24.841666666667255,-0.19294025386443536,96.26611979093303,-1.4724431972492766,193.56245436657264,-1.677957450672472,-1.9805723475749606,19.97630822886153,13.91656663863157,0.009119147129625471,96.26631313987168,97.3047473129494,0,0
24.850000000000588,-0.07134794186214322,96.50843994585739,-0.3615876994460905,193.389227923306,-1.5230662870685894,-1.8204903368779066,21.772732434136042,18.310612097730843,0.011405973460826502,96.50846631934408,96.88122273303654,0,0
24.858333333333924,0.31351633724352723,96.56781692119239,0.5117145671944172,193.39031251924735,-1.3469034517942668,-1.675111335753096,22.266699964799976,20.44910831925371,0.01229712519445414,96.56832584972491,96.82269845637296,0,0
24.866666666667257,0.6529376578432675,96.49649427192492,0.20506191305889843,193.321295620635,-1.1823350921828044,-1.3889713860728692,21.457936948177043,26.253440052904992,0.014054371319483838,96.49870327810974,96.82583719699994,0,0
24.87500000000059,1.0380799247885193,96.45811614839147,1.3839439672032654,193.2057004015433,-1.001599923240549,-1.2329971575768088,19.900678766663024,32.39027318962314,0.015812950415491134,96.46370188224599,96.74820246783166,0,0
24.883333333333923,1.2245321839422445,96.46381532197643,2.141891038806591,193.1641375886033,-0.8265047155642634,-0.9902590629632484,18.82001555004771,29.745185696510237,0.01356694675378467,96.47158724485611,96.7046734844707,0,0
24.891666666667255,1.3382188515849975,96.36904252621616,3.0153151710834436,192.96627370938444,-0.6507378034487203,-0.7674831819408566,20.924355451734407,24.342651585582505,0.012238514529911537,96.37833359793267,96.61178874402094,0,0
24.90000000000059,1.7291446641332868,96.32399786046665,3.375193337400219,193.13784245231983,-0.48582336275973426,-0.5283252872317055,19.368065441794386,30.676811965953068,0.014084088835898623,96.33951684066453,96.82783680786359,0,0
24.90833333333392,1.9342247576882983,96.24817889260851,4.620300415986776,192.89437607341466,-0.3294887811967631,-0.29008940715860887,19.910861788863937,28.31770607753422,0.013215413907445406,96.26761223566743,96.68351685759765,0,0
24.916666666667258,2.401970343946232,96.3364365117148,4.126375232594114,192.8272536580136,-0.15187051967890106,-0.06260331426089728,22.018760886654345,19.219971465158945,0.010473347103125086,96.36637619682942,96.50622449241534,0,0
24.92500000000059,2.686138677723079,96.28543387790785,5.358613828312741,192.91198078410923,0.04004357353544614,0.09255710303877947,24.15953238021305,18.860901815833124,0.0116324299530004,96.3228950875799,96.6634971974781,0,0
24.933333333333923,3.018526301789734,96.1788829170124,6.139907829418746,193.00309267064773,0.2269979837393998,0.24982457176055553,22.872010986388457,19.987677937002672,0.011330917872110824,96.22623873039502,96.87450963518212,0,0
24.941666666667256,3.030667177247267,96.45269492953713,6.977473626002677,192.87289041651923,0.4209746770116566,0.46340166651175635,21.860726915632128,26.58053636167247,0.013717408727071057,96.50029690477434,96.50093978242792,0,0
24.95000000000059,3.6573147750011117,96.21739246802122,6.846524322378059,192.38613493903284,0.598848421733956,0.6934582271635784,21.533285261369752,27.46958928134258,0.014040181241091965,96.28687638878243,96.22160924653483,0,0
24.958333333333922,4.039254619993926,96.27004926626228,7.7875332100612695,192.64429461581676,0.7790688445430217,0.8707632440993645,20.77541855229477,27.13326750880275,0.013520421796367366,96.35475060220801,96.44710860925215,0,0
24.96666666666726,4.180952519398716,96.23743986876138,8.690807930091296,192.4653941962066,0.9462874352162808,1.078622873308339,20.99405815073858,17.364879881618528,0.009683855780413086,96.32821599335747,96.33357664838483,0,0
24.97500000000059,4.300269672264335,96.32868987608566,9.165561948788422,192.61200471155507,1.1207104452376464,1.1879607534325678,20.435451929956564,16.87673024750721,0.009368946516401966,96.42462762436412,96.40616051187874,0,0
24.983333333333928,4.807956353046336,96.26095707854023,10.229086611969251,192.85520705633576,1.2931720928190882,1.3904741073711309,19.75200739788147,22.092806237245274,0.011262979480972657,96.38095404160183,96.74625461513774,0,0
24.99166666666726,4.990658878849786,96.17918633167011,9.911069563407068,192.41880108605216,1.469608576292196,1.5693871936854218,18.543361496281953,23.54508222787546,0.011437018483439143,96.30857988500901,96.3653147630234,0,0
25.000000000000593,5.2825862602541065,96.18314741073289,10.401235869104028,192.7546656977413,1.5949141850988104,1.799979180557935,18.365787446604745,18.85931572753773,0.009793360118760308,96.32810370515864,96.70707687690793,0,0
25.008333333333926,5.532156373960106,96.0865963862575,11.110509966904942,192.78345987640006,1.7388243025125045,1.9135082661178617,17.832206199116143,17.115164810413273,0.009150887424422383,96.24572073210061,96.8576348959605,0,0
25.01666666666726,5.779925613809894,95.94378163946607,12.115327265002975,192.64176485317756,1.899979599651477,2.0551116822174587,17.036539473319415,20.98856722258866,0.010451066405410714,96.1177235237223,96.90530053449692,0,0
25.025000000000592,6.007197901311599,95.95169817723462,13.038855750568075,192.8281354022617,2.056688134614592,2.2341715050062767,16.71831468287557,23.633195058250617,0.01166757321696732,96.13955902603595,97.13129414109349,0,0
25.033333333333925,6.207125862117493,96.07202688737817,12.5548485947063,192.59283596934574,2.1821041606148976,2.3957839334073774,16.838935520126952,22.084298440889384,0.011457969853879924,96.27233643013595,96.72931391117926,0,0
25.041666666667258,6.299245689426471,96.01790034909578,13.111354437239015,192.33414108910165,2.318167268701109,2.6058367334261017,16.02149588218506,17.30056072114523,0.009766217309683523,96.22430921396446,96.55683847288492,0,0
25.050000000000594,6.77599493491681,95.89614412750637,13.706127695332952,192.40535493836904,2.450081945497576,2.79511175950395,16.03353573740303,17.9804697897714,0.010413821953248803,96.13524101952153,96.75771034606248,0,0
25.058333333333927,6.995382500272285,95.72019713866979,14.863891892253832,192.5407228260023,2.597296798486559,2.9018053305855154,17.068509469642194,16.267459300753305,0.010715712477901373,95.97547351584636,97.13973252188374,0,0
25.06666666666726,7.1264504047802575,95.94193263303782,14.939155885632601,193.02257419647935,2.7204532217245263,3.067788876373415,15.663408682324794,22.7658773451139,0.012736119749431118,96.20624061220852,97.39450360928974,0,0
25.075000000000593,7.24487314652913,96.26416042462495,14.977587757395668,192.09853852542136,2.8416495471199656,3.1588117412866,14.17403261827183,17.856890004274554,0.010671620705551721,96.53640126484531,96.14584183010473,0,0
25.083333333333925,7.577709177929876,96.10774663528031,15.974603234730296,192.06390731342253,2.9541313309288966,3.3189358822786015,12.324228480864576,11.382435141672905,0.008603706144667544,96.4060197274865,96.32285607212121,0,0
25.09166666666726,7.766218147635243,95.54993018766595,16.394920230955222,192.3459928436318,3.068481753914571,3.4556535396824475,11.784221830703842,13.46441320622872,0.009338609113566765,95.86502648612004,97.17989630237498,0,0
25.10000000000059,7.945756494110469,95.50058241534333,16.25251597378798,192.03182340732104,3.1738495034352012,3.648837658539504,13.762865417772577,19.332938084660118,0.012303334596849957,95.83056030272118,96.88799069288459,0,0
25.108333333333928,7.8811823446285985,96.16582189415715,17.088810498959333,191.891711845688,3.2906696440076155,3.7658407541918106,14.145198179961085,21.86268926434751,0.013771956431920085,96.48822900088922,96.16769947982026,0,0
25.116666666667264,8.275389929208416,96.21172069728539,16.561171156757723,192.22705849792908,3.4039897770113043,3.940391811844041,13.05199956587897,20.918790732093193,0.013465395440972916,96.56695748553382,96.37219133921634,0,0
25.125000000000597,8.42661886544289,95.90479826218461,18.301358996338877,192.05623549983306,3.500036097831471,4.143949179853358,11.245623585615084,23.29494401669362,0.014014351673551584,96.27428646951255,96.65717446479685,0,0
25.13333333333393,8.706997503461139,95.77466501566062,18.918852137402382,191.7851131268365,3.5771070626170984,4.2717000854217275,10.463130296024293,21.537612675371697,0.01350589428976523,96.16963275580959,96.55199698387158,0,0
25.141666666667263,8.812659240375638,95.81572652872165,19.1192911830787,191.81869362906963,3.6586919867437735,4.4027151244714435,9.496032857034077,15.409962492048603,0.011859570283106358,96.22014556793059,96.55462885886332,0,0
25.150000000000595,8.811661001740731,95.81716148215605,18.504636426603213,191.42576295027953,3.7430070831483286,4.538553285120164,8.18636014421165,9.652061925188939,0.010723606771268823,96.22148306956804,96.09869118399818,0,0
25.15833333333393,8.8686126775861,95.82917122179686,19.455988401565605,191.6247077610809,3.820891835634768,4.643383534209892,5.726791542264668,10.743125833221189,0.010735689046821761,96.23867386805317,96.37882208021645,0,0
25.16666666666726,8.955777102403772,95.80083060427205,19.677316526862512,191.15328128315264,3.854729764703064,4.821565816953291,4.897337694557565,9.868777427574788,0.010846501884075987,96.21852777909443,95.95332854100779,0,0
25.175000000000598,9.046519055301133,95.10540776563312,19.23481098027196,191.08836403545115,3.886867696252926,4.900930579376572,3.966683422711064,19.670150114884546,0.012721718896757217,95.53469575649088,96.52216940497259,0,0
25.18333333333393,9.150740773676262,95.06587281061496,20.01033673856392,191.07715469847187,3.908101838281275,5.021427034224816,3.5845642031873144,20.685636711078804,0.013143217377325822,95.50526807433737,96.62348096746528,0,0
25.191666666667263,9.165589943763166,95.07806799758112,20.56739119298436,190.8607701090409,3.9258319101255066,5.166168654624637,1.7811370884590414,18.591500723388762,0.012572895263312844,95.51883088255357,96.45893994596554,0,0
25.200000000000596,9.087734873104239,95.02414647281739,20.860172205731033,190.95148039801694,3.9426660662827255,5.285352794654915,0.08628089390151973,11.32320268079871,0.01143943069284692,95.45771492137914,96.64700551360795,0,0
25.20833333333393,9.081680247999543,95.41764719332218,21.05149208965554,191.50310903402175,3.950654654090306,5.38014566921795,-0.6506069227492631,13.285814439024785,0.01179967403834814,95.8488618192006,96.82815898624315,0,0
25.216666666667262,9.133770150128043,95.12020550563494,20.886516618028452,191.0797832324311,3.947763556409206,5.515073438830387,-0.711871641197878,11.49293669098656,0.011855897322248676,95.55772733060154,96.67661354766095,0,0
25.22500000000059,9.169289554605257,95.81460724943173,20.822993554676657,191.9169983414684,3.94449163980975,5.649462180726664,0.4613462566389267,6.945655157815887,0.011826731847805583,96.25234975468936,96.80639643395497,0,0
25.23333333333393,9.1400730678738,95.78129488620198,21.110492301978695,191.24035233382455,3.9513614767508174,5.704355432194986,1.8016332005146967,8.476879417759843,0.01222669661699527,96.21640912943933,96.20666601347713,0,0
25.241666666667264,9.232173722129062,95.77915470560794,21.40136962068084,192.41504142511758,3.9612018138758,5.750970369647314,1.8196914203741406,9.80824560417048,0.012500943816146748,96.22307159801308,97.39909615023761,0,0
25.250000000000597,9.15744174008529,94.94991150185535,21.9304108724495,191.08331820693002,3.9671158124801225,5.790002045167086,0.5592270931565514,8.347954174437454,0.012314755196385363,95.3904839773508,96.97824820638711,0,0
25.25833333333393,9.14843247637765,95.01894415075964,21.60578007228287,190.9434922702788,3.9718852007574315,5.817369328781009,-0.16972937524061968,3.5030095575288875,0.012051150480751449,95.45833417936865,96.73005965603015,0,0
25.266666666667266,9.27370484786502,95.74175668543842,21.60313183644763,190.99966056561692,3.9689592631076844,5.834886617862492,-0.6153526635851778,-3.4862112110966934,0.012111064341391309,96.18984132858837,96.05250138081838,0,0
25.2750000000006,9.227904467470466,95.73441865086124,21.508759135869752,191.01620590120223,3.9578344605640305,5.806812332960906,-2.2228701857802684,-9.412406829365716,0.012621222407483312,96.17813231332333,96.06996603000121,0,0
25.283333333333932,9.048227319869454,95.1653979382537,21.31542160847988,191.6479875012397,3.9264613941205564,5.746978027008693,-4.395536031744223,-9.59845098271176,0.012762447202247174,95.5945782059747,97.2593139215681,0,0
25.291666666667265,9.022141195384506,95.16646721237544,20.999663063268315,190.9799626292223,3.897263289091585,5.702452533326454,-4.334059265691715,-7.036297804682563,0.012255297648446906,95.59317712804393,96.55924054221727,0,0
25.3000000000006,9.035971590621728,95.09519325238324,21.080660719763443,192.06690080514,3.8544667468916303,5.629881040282584,-5.544414377942946,-2.6053918844249964,0.011724529815738904,95.52352884129982,97.71686958716516,0,0
25.308333333333934,8.952200555793524,95.74547395353932,20.879680954182845,191.44539432179482,3.79931283747139,5.634107048267092,-6.735540498533581,-0.12764050295858997,0.011551869814856008,96.16307855606031,96.44034190702772,0,0
25.316666666667267,8.788213910865807,95.76789914543855,20.791548595700306,192.12563760617667,3.740170309281648,5.635641051729759,-6.926055260401774,1.687383283801551,0.011311437828830151,96.17028236661274,97.10249123902105,0,0
25.3250000000006,8.724377921887083,95.75663078833759,20.77546222835332,191.09884963149835,3.6953209557066504,5.590105062879786,-6.361413191775823,-2.270977567897171,0.011295727214142293,96.15324804736403,96.10081855477983,0,0
25.333333333333933,8.727227474546112,95.14123207420698,20.760167939557675,191.15013631671587,3.644995821120706,5.51425142090774,-6.532165888747493,-9.131246487470415,0.011855655360891504,95.54066432671789,96.76001937826261,0,0
25.341666666667265,8.424035984781199,95.4629540922873,20.224249051198115,191.7433058053768,3.587401688359927,5.45322796906835,-6.2304953746813805,-12.786355681127597,0.012137136727134568,95.83391876730828,97.00077914330922,0,0
25.3500000000006,8.400895741845261,95.14911608994885,20.205191148251913,190.89685089785422,3.5378037897764827,5.38318213254937,-5.252419106146039,-14.059063064418092,0.011875474425739885,95.51926162802933,96.47263918275837,0,0
25.358333333333935,8.460744724995948,95.85640025644676,19.711217995662025,191.64326289059585,3.4762402212876315,5.24465162169292,-7.080453210508872,-17.82340375077062,0.01275836680926501,96.22906874445826,96.44530160721837,0,0
25.366666666667268,8.338945167720624,95.21346667841465,19.022741455985397,191.41578772828154,3.4231062273849355,5.0755080131424215,-7.7024395125247755,-20.383589516991364,0.013168152597090366,95.5779380580677,96.79375020377505,0,0
25.3750000000006,8.106412336726805,95.50045059571931,19.00034484927812,192.170853092635,3.345276708477606,4.915831692731708,-9.186912292000605,-18.26877462486008,0.01261573568428398,95.84388339877752,97.28229275928743,0,0
25.383333333333933,8.046790062871821,95.56364869990546,19.04413560639756,191.40978154927092,3.2581509059096687,4.794263900896178,-10.344492665168032,-14.89581272819566,0.01171158081253365,95.9018340969289,96.47498531319877,0,0
25.391666666667266,7.976139020153084,96.22177029141272,18.40368849502488,192.06542953690467,3.1800824245802586,4.641264903654542,-12.237877904430622,-16.08269654789961,0.012257027416139987,96.55178854729832,96.40923610119972,0,0
25.4000000000006,7.6426184157550665,96.22692233343662,17.33901122191037,192.04430133822274,3.0805486445669783,4.520849975183863,-12.081718081679334,-13.664203709527186,0.011125901397915694,96.52994456651304,96.30675029715253,0,0
25.408333333333932,7.655377649489822,95.5258693514051,17.569607574630822,192.03687973561057,2.9953110643790835,4.360693227739395,-10.184621201874437,-20.91495543377566,0.011988767168208625,95.83212677540881,97.01890063481845,0,0
25.41666666666727,7.289979745036078,95.84880015756846,17.224525998675745,192.13330533388802,2.9001233807600024,4.161617571484841,-10.288450066343499,-27.24529461451588,0.013651681156563011,96.12562767716284,96.79566698109174,0,0
25.425000000000605,7.2646895833916005,95.89165750470562,16.723114958892154,192.1672642344588,2.8117672942293153,3.973739747429519,-10.954975357223253,-23.746511566241725,0.012237894121347459,96.16644785861025,96.73910409842551,0,0
25.433333333333938,7.149856479387836,95.85559991072716,15.815673822874146,192.21799914002565,2.7153777306314733,3.719021680038182,-10.997529286906204,-26.760421072930797,0.0127726214841819,96.12188347052529,96.75127066585418,0,0
25.44166666666727,6.972008864359054,95.58869029921902,15.736126532563503,192.4286420564003,2.6016710218793233,3.49976413130955,-13.182755803217887,-31.31633463707234,0.015216303265775721,95.84261380369752,97.23572396416519,0,0
25.450000000000603,6.869304553839072,95.95073885620371,14.378409347634204,191.97644819182574,2.495739105794173,3.2363260951514876,-14.961534932345895,-35.827774394650014,0.01785565782839571,96.19631818372675,96.31886371948936,0,0
25.458333333333936,6.4204216438402,95.95782753606414,14.191416507474571,192.31174983490786,2.354029030429012,2.9887780749176804,-16.46019105047563,-28.862441756479537,0.01493759912353676,96.17237898443463,96.66678179986258,0,0
25.46666666666727,6.348597289230042,95.92851548394901,13.990139465925552,192.19484568853153,2.2223556164349447,2.743525469193062,-18.600195511539074,-24.382776096953652,0.013764961794405561,96.13836263685306,96.56914361169375,0,0
25.475000000000602,6.056599991757935,95.8151214622959,12.296218165418793,192.20927837751907,2.0782738967988554,2.5666260825095017,-17.515631009983107,-20.667537912356735,0.011280642143811637,96.00635345795965,96.59589185027355,0,0
25.48333333333394,5.698617208645885,95.80540436932444,12.310404065917169,192.40080478438375,1.9553977853389466,2.41582760235,-14.827779971580195,-18.890066491289772,0.009006896234958095,95.97473492779464,96.82141863653737,0,0
25.49166666666727,5.683182102570754,96.14597068080809,11.870453164344212,192.25640974766992,1.8351730303467764,2.1872259035459027,-12.974547603552868,-21.002751566528282,0.00851009488405019,96.31379048176741,96.30939113511631,0,0
25.500000000000604,5.297900227351761,96.12473015685566,11.780264288385695,192.4976185826709,1.7080622162696946,2.021418542311504,-12.924304750025001,-24.871488160818664,0.009561599583127744,96.27061594561079,96.5906551761319,0,0
25.508333333333937,5.293307828327215,96.16163900619915,10.803304112983085,192.62797253826983,1.6045028742324163,1.792619374153191,-13.357879902919382,-23.629569246799495,0.00902643307494655,96.30721636577393,96.623566298174,0,0
25.51666666666727,5.182675198046638,96.09689634922807,10.700517559409263,192.51033228760275,1.4743475624090348,1.6258623105354404,-14.008805822470167,-22.962545129032797,0.008847390344542294,96.23655028191072,96.57120281827251,0,0
25.525000000000603,4.985830056168481,96.32207746475876,9.789332842690612,192.5993086844611,1.3589573176290346,1.4152301104652003,-15.326353154926032,-32.789327817030646,0.013444489592477904,96.45102958743355,96.39698589868955,0,0
25.533333333333935,4.537890428184824,96.08800906378269,8.607393152331213,192.8762073197663,1.2203288573601412,1.1468604334609849,-18.28593784704935,-30.635922578302342,0.014002083599143678,96.1951034896257,96.87371250272916,0,0
25.54166666666727,4.275536594068797,96.09495041904364,8.686105635227989,192.81829761926593,1.059757546521699,0.8933311299608854,-19.645546157637174,-30.253937438850063,0.014472444697728903,96.19001876081363,96.82385559809929,0,0
25.550000000000605,4.203170722779589,96.11484117360612,7.983954363332543,192.86631859566012,0.9140968667717407,0.6304412102494729,-20.222289874163433,-27.077504113091713,0.013150033028699326,96.20670110731561,96.82532059480566,0,0
25.558333333333938,3.7651399142611695,96.13436886696826,7.189415879325907,193.174339992231,0.7617865758855986,0.3964472915130242,-17.573864025522287,-30.298889162405718,0.012850063539177281,96.20807219783732,97.10036900999269,0,0
25.566666666667274,3.6181395621487127,96.14159525934633,5.952888313816686,193.1009345882635,0.6048933915908311,0.18520110628130793,-16.55277092854661,-25.45534010353244,0.010005602970221794,96.20965270129163,96.98744524335878,0,0
25.575000000000607,3.202996381396815,96.2130393672814,5.984274750580539,193.0522255933787,0.47047215178116336,-0.07287563442808183,-15.425389044426147,-31.247815829578176,0.011829368332367363,96.2663395487191,96.87911796821666,0,0
25.58333333333394,3.1550174868053773,96.44378189266104,5.140952137541262,193.01811917130317,0.35522466763107136,-0.3080448936706332,-15.079185128882697,-31.551903209949206,0.011747475963443943,96.4953739880893,96.59475429466096,0,0
25.591666666667273,3.0404520646602577,96.46541642710304,4.693807360687117,193.0686492091246,0.20752294881364317,-0.6268323154328632,-16.39089388000775,-31.07148508274454,0.012337378329006832,96.51331988493556,96.61738025672372,0,0
25.600000000000605,2.7471405112520415,96.25222099372127,3.890205770601881,193.1422596175588,0.04537610193187489,-0.8414630133953588,-17.84089991562275,-29.013571386299816,0.012314463821661459,96.29141616578664,96.89678107510004,0,0
25.608333333333942,2.327339557804123,96.33585558445236,3.4282993371358543,193.2981757670462,-0.09842503931302997,-1.0781401275810891,-19.7415490175141,-29.032733353631325,0.013615010950151163,96.36396411836627,96.96857041138406,0,0
25.616666666667275,2.2717366681100657,96.29774772607556,1.9821760864821272,193.15950402510117,-0.25006661599279933,-1.2700646886211522,-19.82661502262196,-28.18514044476019,0.013370242798177223,96.32453999165594,96.8621891073202,0,0
25.625000000000608,1.8848839995715139,96.27892667943325,2.154107211891642,193.40959550264762,-0.4140937851090848,-1.5691015270600839,-21.539064173006125,-26.58532174914223,0.013928421395875912,96.29737540678627,97.13104193399244,0,0
25.63333333333394,1.3695213820060985,96.26083995371397,0.7125907543372705,194.2097689803296,-0.6049624228668721,-1.7690805240622265,-21.316795023358697,-25.634998975313703,0.013533903025905847,96.27058168210218,97.9511319756467,0,0
25.641666666667273,1.2793946109608783,96.41005073208498,1.021752216246,193.64113712522106,-0.7674679928720373,-1.955038598253026,-18.871555168656705,-21.734396342643883,0.0105850627219084,96.41853936216705,97.23142774223285,0,0
25.650000000000606,1.1470962038702055,96.4105518662181,-0.08598619709744071,193.45831914742246,-0.9007672740440463,-2.12010927126248,-16.3455735530958,-19.404683786733205,0.008582309502956686,96.41737572061201,97.05560069606686,0,0
25.65833333333394,0.8159054479327779,96.41067105794195,-0.46134448495160996,193.34984983002568,-1.0436913356607551,-2.3708209714655593,-16.299132749355344,-24.363220048878873,0.010734580170427499,96.41412342360768,96.94759279320483,0,0
25.66666666666727,0.3979239395496279,96.51399572891648,-1.6898831953585045,193.00527448563162,-1.2069575887400645,-2.524083077339241,-16.40027856021228,-26.830108195220646,0.012081559859130397,96.51481603890139,96.51386332925792,0,0
25.67500000000061,0.32006791295515313,96.20897646512049,-1.2185477857603928,193.13738981879237,-1.346073078436383,-2.6955792150201625,-17.764219475851377,-17.715491875756275,0.009575616551304122,96.20950886443092,96.94062437146056,0,0
25.68333333333394,0.3057409785035361,96.49634819479598,-1.8001149405075125,193.5390746741266,-1.4903825504679298,-2.835076385772273,-19.662064708778225,-17.390725808694118,0.01073511544744532,96.49683255152597,97.06557263877758,0,0
25.691666666667274,-0.11375422772886168,96.17734530906381,-2.846094598105708,193.507926449163,-1.6490231923593146,-2.991850631343213,-18.763585956646764,-12.222177172802873,0.00890406038884306,96.17741258072617,97.36892578728093,0,0
25.700000000000607,-0.646223839233528,96.2408178701778,-3.9920458643409233,193.83789255090403,-1.7974128027359833,-3.095519504692302,-17.737420830192537,-14.170654862328114,0.009328741610040492,96.24298743062337,97.65440856028438,0,0
25.70833333333394,-0.809366127075748,96.42351532504705,-2.987461372803409,193.48684143670692,-1.9437841216406009,-3.1920533766891523,-18.432398410945133,-10.619529044012637,0.008889641275749316,96.42691212087651,97.0877611996378,0,0
25.716666666667276,-0.9100173399133951,96.46347491576171,-3.5786975740223284,193.3699102285603,-2.099357098178302,-3.255581996123476,-19.358133687967246,-9.82037308409002,0.009377830351670724,96.46776728204469,96.94317438182814,0,0
25.72500000000061,-1.2065026354378574,96.53543021249106,-4.735931468583658,193.8500953746891,-2.2608282399772817,-3.4196463111149034,-17.426777573010355,-10.394583127387156,0.00914731121782264,96.54296937074213,97.37864716414457,0,0
25.733333333333945,-1.3754474579929479,96.54223936520765,-4.638287435273412,193.69392822596376,-2.4215714939539894,-3.495099707125085,-16.37310877987719,-13.112756809135407,0.00982888989205044,96.55203694049519,97.20646466781159,0,0
25.741666666667278,-1.6921086074011669,96.48728104753354,-5.230863243163867,193.75647362767302,-2.5544016979739124,-3.537927366413848,-17.19963499004229,-13.419463930094786,0.010575602903834191,96.50211725907866,97.33354308543582,0,0
25.75000000000061,-2.0431833811493902,96.49256075834762,-5.415884598172795,193.52083717625857,-2.685163070455896,-3.6873499488094095,-18.206247356110104,-18.024505713613173,0.013023167243599865,96.51419004494838,97.08687624045716,0,0
25.758333333333944,-2.220469805433652,96.51327056920269,-6.200527051620384,193.55297963873318,-2.8269137076215194,-3.855849122723293,-16.603190110247596,-11.239831526683213,0.010654663863942204,96.53881023775344,97.12129525486179,0,0
25.766666666667277,-2.339145366930893,96.66344745873704,-6.865255235804,194.1688524438918,-2.9596999305743728,-3.897066068582543,-14.242269987223196,-9.037557804747037,0.009525210840499287,96.69174564385345,97.61039735532356,0,0
25.77500000000061,-2.6727920955392506,96.4641119914711,-6.531117762738063,194.04524683198156,-3.066185380941641,-3.9702338602571814,-11.948988010743015,-12.191728444853204,0.009803353362697553,96.5011332570196,97.65738350844778,0,0
25.783333333333943,-2.743553407417437,96.4886344922752,-6.998933577880166,194.13715149953958,-3.1559024982440804,-4.118151513964446,-9.145687351275733,-13.094488113156167,0.009538403097305359,96.52763164754033,97.74119466280925,0,0
25.791666666667275,-2.8945278344837675,96.46495680517603,-8.047715159342886,193.94422907620475,-3.2379291349792614,-4.230693599810384,-8.826155521698146,-13.811856450407612,0.00996520891472219,96.50837364088713,97.61538742480326,0,0
25.800000000000612,-2.9811788453653776,96.50287059687145,-7.273224326388004,193.8908298234694,-3.3161430682158883,-4.37525774126611,-9.22253969652826,-15.485321188425388,0.010895479625573579,96.54890709243979,97.48249205233046,0,0
25.808333333333945,-3.1058987458341676,96.50215805457555,-7.862204567790457,193.5921335067872,-3.397587918279868,-4.530903527683518,-9.077733857922706,-22.406529401913193,0.013214201103375789,96.55212641992746,97.20640811378146,0,0
25.816666666667277,-3.1830859654455708,96.6571742728998,-8.833275391694428,193.51574767201834,-3.476236881073023,-4.674899477989149,-9.0802778831383,-22.24186683986804,0.013606598067572584,96.70957230122124,97.02323371989272,0,0
25.82500000000061,-3.346080660918858,96.58176183100187,-9.07144670221146,193.92408258908125,-3.537493071116077,-4.818683656332154,-9.10075781122561,-13.686629353870645,0.011745592548134898,96.63970702651031,97.51054931070585,0,0
25.833333333333943,-3.6115092193454075,96.56586042064282,-9.275938098370773,193.73726961262878,-3.5928593926112704,-4.892095994201715,-6.9009880830818595,-9.74775146607254,0.01067693528792013,96.63337103516822,97.33636791498802,0,0
25.841666666667276,-3.6253155168727176,96.72769788985187,-9.806291177161995,193.56872928254222,-3.643630410539413,-4.963752312939862,-5.5154129854138505,-8.06455745560281,0.010409908767828657,96.79561173765747,97.03808438604469,0,0
25.85000000000061,-3.6617707836157365,96.35391607226245,-9.843048651808203,193.51431458573677,-3.700683120249447,-5.045411654241536,-4.797989957378351,1.861822254777293,0.009815914576528417,96.42347073058684,97.35682428767359,0,0
25.858333333333945,-3.705742321277853,96.40536589890957,-9.233592156956774,193.5645331554233,-3.7355714577015533,-5.030300575698955,-3.1677399829083193,3.6188715191324947,0.009781712774362017,96.47656244007838,97.31629311572152,0,0
25.86666666666728,-3.6615859679983487,96.40788799753597,-9.362195639078209,193.63609652222908,-3.7658451582076626,-4.991882321933563,-2.2780518955042197,1.466215077306375,0.009770857240301023,96.47739673077048,97.39518203455044,0,0
25.875000000000615,-3.698509383058763,96.24387705463096,-9.716808250253223,193.40899811284754,-3.780086831247816,-5.007544464359103,-2.1228297162720207,-0.2333459135878938,0.009859704994254148,96.31491495175342,97.35132598743974,0,0
25.883333333333947,-3.9060083664221565,96.34662555409312,-9.988151976707513,194.04073924878742,-3.7916874252632615,-5.01195502910583,-2.7523812015485523,-1.599416774731184,0.009978359944771142,96.42577019147521,97.88325863746053,0,0
25.89166666666728,-3.9243937988738367,96.38104588983447,-9.646167494644317,193.9324998421971,-3.8185377411342083,-4.987135382782086,-2.7306695157826915,-3.4990113085386145,0.010101268019296228,96.46090852520008,97.71911206332945,0,0
25.900000000000613,-3.7721455763745553,96.55830611627283,-9.785350289738972,194.06482751597383,-3.8393394135227656,-5.013912914320331,-2.300297751869642,-3.1745279759550784,0.010155556648329345,96.63195932140263,97.69176191673061,0,0
25.908333333333946,-3.9241974323273894,96.61025070326201,-10.011169542521088,194.1006494895198,-3.8414673238975765,-5.0752202948624765,-0.259105790426055,-1.4505947340117786,0.010122519030892896,96.6899160535111,97.68023896865657,0,0
25.91666666666728,-3.8820587356946135,96.54650303956811,-10.05125918344038,193.69232230232387,-3.8598896364879036,-5.071560904486676,0.08296325967558663,-1.3742937439371656,0.01015941016284616,96.62451877860359,97.34150828087921,0,0
25.925000000000615,-3.934008481085698,96.44700131786271,-9.837283806192715,193.3521561744301,-3.8485153571722406,-5.0975326710267606,1.4129144619890501,-4.764744265119754,0.010233891364396897,96.52720075676632,97.08479642734655,0,0
25.933333333333948,-3.9117497456310844,96.43445557209623,-9.88600616008307,193.47717138781132,-3.8191875458621967,-5.1437846333501,2.449699190134877,-5.577222098694126,0.010253738152272707,96.51376071607119,97.226438958728,0,0
25.94166666666728,-3.7851261053612575,96.60351616565174,-10.091840621606252,193.5716691337297,-3.7876851176217463,-5.218233618975116,4.639904227835992,-5.998082408610426,0.010342468049548525,96.67764227162775,97.17302783195542,0,0
25.950000000000614,-3.689235706914758,96.70438999332708,-10.006448265724543,193.43563025856065,-3.7538795393222966,-5.251126158880669,6.657651873664675,-6.684971814513975,0.010406470737888363,96.77473587710108,96.9372994144335,0,0
25.958333333333947,-3.831211183407163,96.59635448174697,-10.035420735495336,193.93142381148493,-3.6881931756350683,-5.235578092166801,7.8118292688965925,-1.3941114879770116,0.010476927142457626,96.67230150511149,97.53259935832284,0,0
25.96666666666728,-3.4025219172711445,96.71427773291992,-10.040134322498147,193.5749208861726,-3.6232343531226534,-5.292252829483726,8.755406577870701,-2.5548870384580353,0.010475158374699145,96.77411158361456,97.08780608554186,0,0
25.975000000000616,-3.3818847121796125,96.54339598343529,-9.759744083334056,193.7436557558516,-3.5480772835642225,-5.281618605742861,8.84650313876018,4.373013354621458,0.01094024356444212,96.6026110010535,97.40927876739173,0,0
25.98333333333395,-3.2837709567298248,96.7311649069378,-9.701994620654034,194.06276058785545,-3.480745023208387,-5.226011656026382,8.391571567388965,9.207430135839305,0.011292215478237111,96.78688659084689,97.54298084841258,0,0
25.99166666666728,-3.195194533389895,96.52328039053668,-9.151935707013706,194.00870816267167,-3.421027725112353,-5.059110783131576,7.824175267806623,17.859395742357744,0.012504102172993914,96.57615091447975,97.66724831449739,0,0
26.000000000000615,-2.973336850459077,96.45293402776593,-8.700639215032766,193.96321750234557,-3.3539908510811376,-4.97502739524234,7.326107498393666,16.92474842195513,0.011798857229760706,96.49875239914175,97.67833626586875,0,0
26.008333333333947,-2.958742174057022,96.47638310536968,-9.27431766153893,193.32362298481092,-3.2794124061908674,-4.823632836385035,6.885655791171191,19.389762405409215,0.011819487326424127,96.52174186340922,97.05294619950554,0,0
26.016666666667284,-2.838135460509477,96.5053745247381,-7.672198556757166,193.383057561079,-3.214815036814218,-4.746472446382711,9.681173691111113,9.80809836560202,0.010202517278168788,96.54709899863471,96.99821460474536,0,0
26.025000000000617,-2.7658461255417706,96.44684904294371,-7.831196654006362,193.4361938831716,-3.1152627511481668,-4.675201829536339,11.521976493040208,7.272234047420614,0.009889553601457823,96.48649954839561,97.12152587615608,0,0
26.03333333333395,-2.574803307815557,96.29469165527996,-7.210370045791365,193.64757093003948,-3.023916961088313,-4.5656822387694005,12.32621881297853,7.987190573256096,0.009874476625003403,96.32910906397599,97.46318064822289,0,0
26.041666666667282,-2.323292211788896,96.5086877994409,-8.063495562762625,193.55543430391953,-2.925647374373916,-4.442900217884097,13.079424347832166,13.08163214773041,0.010878009342003558,96.53664851998599,97.21636149134086,0,0
26.05000000000062,-2.1092872262900073,96.27511725057002,-6.697861084649389,193.71035289706634,-2.8171677622770996,-4.319474506554621,14.449360784072718,14.417730308798225,0.011348176437211865,96.29822061810901,97.54322198667566,0,0
26.05833333333395,-1.8714483640410435,96.28081259105068,-7.293140967521481,193.8937275824095,-2.6925595397965165,-4.194146043461136,14.517891039726452,13.568443211683807,0.01069254083142912,96.29899891573272,97.76336698271433,0,0
26.066666666667285,-1.7327017888579803,96.46432221657778,-5.599402243056488,193.4924632640798,-2.5819735013270004,-4.10806396856195,13.412032892162996,23.074908596368488,0.012886701576247273,96.47988244288472,97.10515705942935,0,0
26.075000000000617,-1.6868688353583252,96.52617922249988,-5.307653529010054,193.51133222647036,-2.462389376091208,-3.9139985656745178,13.012343998120576,25.316828006610038,0.01301115499134653,96.54091775906147,97.05271755598267,0,0
26.08333333333395,-1.3512352774262126,96.53802640924954,-4.905560616347088,193.6557360317986,-2.3518898242349646,-3.711447187338431,13.19324512583759,26.53714520910598,0.013089260484739906,96.54748251387977,97.18272866587279,0,0
26.091666666667283,-1.1124761585824672,96.50130730215608,-4.78983386818993,193.5440235540542,-2.22214940359136,-3.45632394169469,15.597276883340692,21.240209678432688,0.011741670086398148,96.50771945408603,97.11236655169527,0,0
26.100000000000616,-0.9803612566355469,96.52654823105308,-4.119326762119101,193.5306195689954,-2.081260115787043,-3.2509505413840865,17.703721401495297,26.15584081972996,0.014357920608135899,96.53152656824261,97.05484511646608,0,0
26.108333333333952,-0.8260013406484745,96.44601617374235,-3.293491817155086,193.58821992658386,-1.936741527521477,-3.0632129156032133,18.831166346651113,18.44481853246152,0.011476516608675436,96.4495532078844,97.17353682567197,0,0
26.116666666667285,-0.3982198158113306,96.24753531454712,-2.688578981597857,194.0784001513798,-1.7971995212441947,-2.955941813489046,17.650261680188386,22.467047090405625,0.0120656611750527,96.24835911924265,97.85767144087852,0,0
26.125000000000618,-0.19366405423727429,96.42010928274698,-2.1811113731195633,193.7618330545713,-1.6615039543312973,-2.755794038209623,15.78186356548771,23.244137760914374,0.010988134623824752,96.42030377396026,97.3620107316785,0,0
26.13333333333395,0.20105016712835777,96.37263739185471,-1.4344320216750361,193.2379791774457,-1.5286957627021642,-2.560755629308291,16.029247662214107,20.62319527693824,0.009791558995478233,96.37284710452221,96.87914760787925,0,0
26.141666666667284,0.24476857436877708,96.13791150860726,-1.0564358575334722,193.66080699527345,-1.3971109715038745,-2.3705284924914696,15.16350782802583,18.27039472891134,0.008250650266381054,96.13822310034547,97.5315757951076,0,0
26.150000000000617,0.374867413210211,96.61437530317835,-1.3922346261131224,193.54370374420012,-1.2614962374241423,-2.149348663676102,14.310347371640809,25.148347774353997,0.00998660632035353,96.61510255027878,96.94543497063104,0,0
26.15833333333395,0.5295539211175537,96.51681139556001,-0.04283245252014467,193.6071008833739,-1.1306419764049407,-1.9954853810794948,14.486213760378616,25.41106705708387,0.00994803761298435,96.51826412302219,97.0919766972958,0,0
26.166666666667286,0.8797008863107862,96.51250730211143,0.6315570945529316,193.18257089049024,-0.9995192876369691,-1.7970914698522886,16.970067821719507,25.771474728590317,0.01120087772682865,96.51651640724239,96.67038206980766,0,0
26.175000000000622,1.204408491074446,96.45912223286518,1.035851273783976,193.44822622785665,-0.8702734690901196,-1.5269392228767735,17.46235599419381,31.501702903563924,0.013827287706925873,96.4666411862059,96.9892504625475,0,0
26.183333333333955,1.3121983402002115,96.47164696078141,1.8213378533743594,193.18432083837888,-0.7255147996339163,-1.2804054957676074,19.384347464339548,31.95887229923296,0.01509489344984516,96.48057074774003,96.71401403932317,0,0
26.191666666667288,1.6473091011785073,96.31663725528063,2.792496652860166,193.0478717641364,-0.5646107793573945,-1.063006457119332,18.670513344271498,27.387285923768754,0.012273618933613228,96.33072323739782,96.73801312894419,0,0
26.20000000000062,1.9074861516975261,96.27789559786117,2.456177904995343,193.10182224970617,-0.42123344673080193,-0.7586267919040621,16.83970565870608,27.576703803800502,0.011106955959568676,96.2967895839294,96.82548133070136,0,0
26.208333333333954,2.170353672151805,96.220823740747,4.102670358257626,193.18623953874743,-0.2579959437727027,-0.5718279238274119,17.704492256801792,29.08690461969757,0.012215808565831932,96.24529784051855,96.98466738951326,0,0
26.216666666667287,2.260645985353051,96.02310546879846,4.760296751366866,193.07627334798724,-0.11327427676648695,-0.34807043884042205,18.336907681214534,26.936764712900864,0.01156846942978973,96.04971267079921,97.08535239333497,0,0
26.22500000000062,2.7319241716146507,96.3393041648419,4.706397938248017,193.16450138467667,0.045686187250894746,-0.1080421538265975,19.415354399524578,25.93864136681904,0.011755604335098813,96.37803140054987,96.84532700814748,0,0
26.233333333333956,2.8182960762686093,96.2772188998403,5.431568793634995,193.13398132598553,0.20958761956366312,0.11625782481548602,19.14182919728555,28.13897668641944,0.012603848024301367,96.31845966304319,96.89201010387836,0,0
26.24166666666729,3.11113521942616,96.38803878994344,6.840330983038712,192.92892330252562,0.3689527155536922,0.31219701199696703,19.887603203296976,25.563776646903847,0.011943122876799439,96.43823507367394,96.61288363109277,0,0
26.25000000000062,3.6414461709076136,96.25155518767127,6.71792983495601,193.25033916337344,0.5048252960098368,0.6040042880765201,17.72934609391214,26.290049334573915,0.011054640625461687,96.32041323759438,97.04755970399303,0,0
26.258333333333955,3.6111845128967843,96.27796266865153,7.575754382055607,193.09672363278537,0.6542862222551623,0.853046643865517,16.972938117789496,36.35957411745342,0.015534160286552634,96.34566284588239,96.89989829136834,0,0
26.266666666667287,4.0032008484956805,96.25883811114306,8.535341955546016,193.0004967712918,0.808481028745598,1.0823600891884044,16.169688309699207,33.275099988800854,0.013616455053336196,96.34204446419353,96.84776106514259,0,0
26.27500000000062,4.1227729447077195,96.30086641395144,8.932803493022561,192.9263569899997,0.9422307956931107,1.3428865270374826,16.29389599195555,26.523552011439072,0.010826777641907537,96.38907681283878,96.74513849769255,0,0
26.283333333333953,4.3472379411040265,96.24452326062163,9.402577931879307,192.69144456268583,1.0737424620088967,1.5982930035220146,14.34103388301972,30.06667105446036,0.011487366437082702,96.34265273169986,96.57932020401104,0,0
26.291666666667286,4.387117313629915,96.22361951827907,10.733925796405174,192.8889303559576,1.1813905918902117,1.790505105757924,13.559537005942001,28.111099908192173,0.010442895322700707,96.32357837789296,96.87344474757795,0,0
26.300000000000622,4.9551935252499675,96.12870232095895,10.997210673495033,192.66227030485345,1.3035430657407012,2.0411746127872026,15.66351314353257,20.932334685068007,0.009042740636316271,96.25633149452672,96.72246749809926,0,0
26.308333333333955,5.0238045230361195,96.15366750746955,10.623426903706047,192.4523212824056,1.424441941765998,2.2464789419185003,13.65801624165722,23.905517276813416,0.009425579975629095,96.28481908911021,96.46132121047847,0,0
26.31666666666729,5.109569320214291,96.0880834245055,11.945303369626515,192.30939410980778,1.5392427128649837,2.4629414044249573,14.427535725377982,25.35509648238784,0.010677206912221404,96.22384047019119,96.46381648054239,0,0
26.325000000000625,5.2577760665325854,96.06414482971286,12.656400058082681,192.434532134258,1.664677569091528,2.6087069110072836,14.02010584344587,19.76389461506462,0.008737580442042425,96.20792135281715,96.65397656690789,0,0
26.333333333333957,5.559926068633445,96.10648417010191,12.3682981823099,192.4514559769463,1.7797809695916738,2.7934456154560205,13.61334798587656,21.46360959645841,0.00945670041760538,96.26717549313847,96.58523449937847,0,0
26.34166666666729,5.900800008903786,96.0889087959539,13.720134588354995,192.4004721997091,1.9064703239198202,2.9205386954379873,14.118737328306429,22.934868585608523,0.01052209923627423,96.26992175307002,96.62845977526993,0,0
26.350000000000623,5.8115752757162795,96.4779178073747,14.000461230548353,192.2511766487017,2.0113041326158667,3.182253279895792,15.884504590691074,22.58071983346592,0.01172317369416831,96.65279629494361,96.12270783882998,0,0
26.35833333333396,6.295258762897447,96.41714195972901,14.257588946793817,192.31221981529404,2.13463734861987,3.3921586551373974,14.673274279617731,19.651643316159934,0.010522428502847347,96.62243811131229,96.22507292219771,0,0
26.366666666667292,6.347790561080615,95.91901482476993,14.284181482196516,192.10031586252893,2.269941998530493,3.5075775662916517,14.65243231567673,22.092767436487428,0.01172853885799885,96.12882944237789,96.50818084581633,0,0
26.375000000000625,6.553123241614458,95.95754305110387,15.87519068852066,192.66022142002078,2.4019771088417197,3.6884629912258964,15.075811895216319,22.854657394718178,0.012683512809114283,96.18104539161673,97.15095956915124,0,0
26.383333333333958,6.853761544790302,95.88361647790953,15.818638126949963,192.2913936747247,2.5203626735452276,3.895765024747269,15.437032456981806,19.366705956223402,0.012115772337033093,96.12825784438044,96.82369811241517,0,0
26.39166666666729,6.918883043507265,95.92681057196779,16.77597709953841,191.94728870595696,2.6458739469444637,4.016113689513216,15.737959967852131,20.54843842436913,0.01308520196220142,96.17600495487387,96.52509789847062,0,0
26.400000000000624,7.1762033713092706,95.97529619941253,16.493633687032627,192.01857505349932,2.7789333444826307,4.195652365453546,13.934887013701646,20.433654973230073,0.012722129590082787,96.24320950275587,96.49417557931793,0,0
26.408333333333957,7.546520227749852,95.94688571500427,17.290377084950762,191.86966933826238,2.8710209019455766,4.430754951176997,13.158528656262895,19.861759526195886,0.012751962500051395,96.24320675224787,96.41640505893184,0,0
26.416666666667293,7.5982346775754195,95.902442628845,17.92768486448989,191.96754719472307,2.9837661924899415,4.541895557037522,11.843093911371392,13.623390843204998,0.010858449495350087,96.20297122435676,96.61884834967262,0,0
26.425000000000626,7.738103094076621,96.30492284897724,18.055315071910343,192.01364833431347,3.0917475708106608,4.5880658859407095,11.715837961313223,13.418116045809315,0.01107526048640306,96.61530108860613,96.26320687065751,0,0
26.43333333333396,7.930697868813809,95.8439795539096,18.4504773729019,191.63132889219196,3.1885634302758925,4.726455405114236,11.378434812536414,11.606292548767737,0.010992017119594522,96.17153625380355,96.3632816692581,0,0
26.44166666666729,7.996138276329077,95.9134930987471,19.041653685527024,191.67142645760077,3.2681678082623558,4.849996884270116,8.851667295682573,15.793576275672086,0.011566505063973942,96.2462279039422,96.39286909213509,0,0
26.450000000000625,8.094141312359625,95.61899539867284,19.07821561153179,191.2927597253941,3.344924576610341,4.990995753540258,9.175238623766813,11.248745916167827,0.011097668269298921,95.96096813098471,96.30222774502538,0,0
26.458333333333957,8.381231498464047,95.14722087599097,18.674477817405204,191.17182667772113,3.4188436511966085,5.1041696959443295,10.017376814237327,13.788543595515858,0.012296864073937819,95.51564626727632,96.57471635557656,0,0
26.466666666667294,8.448209319945875,95.17412977272232,19.788563861353964,191.13828652167916,3.5103233236912486,5.200327287761196,9.84489317183895,15.125093372934392,0.012973646995337429,95.54835016214885,96.63189443275546,0,0
26.475000000000627,8.428534747875858,95.14561462603729,20.334769695843477,191.31212077262114,3.5869858117278,5.328660791408458,9.002944741708957,14.94332496966917,0.0131070055655238,95.51820863355087,96.90074992009689,0,0
26.483333333333963,8.507715686870824,95.16672154248499,20.356466279993242,191.2449065586702,3.658565101114313,5.421022954893265,8.712181036616157,13.175527577566676,0.012992013930899216,95.54625118419617,96.80604591977887,0,0
26.491666666667296,8.890747530786882,95.1187345589575,20.528679145363185,191.60688477154963,3.7279251770981046,5.481930085673674,7.456396159186058,9.78278282130351,0.012316511374140582,95.53334002197143,97.18747133099666,0,0
26.50000000000063,8.942348231640892,95.7568084767899,21.00462220725285,190.89886373711386,3.787223154247391,5.553125407068585,6.863065278996896,2.7048906407571396,0.011574378044453493,96.17344727915577,95.90364504345631,0,0
26.50833333333396,8.97123532434631,95.12244948322308,20.98214417311482,192.21247622465665,3.817688227839833,5.624649218117114,5.5531345170272175,-2.9601944764994896,0.011320009649101515,95.544562686388,97.83013453954621,0,0
26.516666666667295,8.962998750355098,95.13636884105006,20.984560932058628,190.96265023579627,3.874515765776862,5.572546587988305,4.875858123833096,-1.7316845896939501,0.011349962332890318,95.55764764192968,96.57739985749072,0,0
26.525000000000627,9.108637113297675,95.12383037704569,20.83128438087158,191.01703017312673,3.9293652292203296,5.5394764284380695,4.149710232149947,-1.5600633108330446,0.011388481113462134,95.55893666038098,96.60707130480186,0,0
26.53333333333396,9.115037546831047,95.13951391503502,20.853289933033977,190.98819057300273,3.968159742585709,5.521729035363396,4.225760643229224,-3.859809247711321,0.011430552535805383,95.57515899787602,96.56477300841047,0,0
26.541666666667293,9.178224241928433,95.12824466001797,21.121533098443365,191.5938124248026,3.994521838610003,5.4970812618268985,5.555659374826249,-5.457119469273371,0.01150934282391436,95.56998865926144,97.20210075211524,0,0
26.55000000000063,9.167453307044013,95.1534263572753,21.088500384757538,191.05471361524684,4.05040688050601,5.429908355330231,6.050522556518175,-4.112690043201883,0.011573436474612286,95.59402045978736,96.63937221011443,0,0
26.558333333333962,9.558321306208086,95.56645141226471,20.99871116910532,191.05747261572725,4.088123088908521,5.418364508004339,5.138357364836665,-3.7224515265484035,0.011605988613514473,96.04326182364625,96.17389277083055,0,0
26.566666666667295,9.404171108127343,95.07989995183254,21.054249739544275,191.36355497819517,4.11477007447768,5.382317398536603,2.8035482448637628,-2.9164563952188365,0.011520098568522208,95.54384233995106,96.98590906597619,0,0
26.575000000000628,9.407884881786742,95.00795861114909,20.953867636442283,191.0137423942756,4.119187007833975,5.400453171988194,0.42643262625239425,-0.9433470181117435,0.011538019945325217,95.4726164793171,96.69757100146434,0,0
26.58333333333396,9.453832087765988,94.9725926395289,21.04136225239415,191.12015070369574,4.118789661019177,5.39558458481298,-2.1507667181794443,0.9533227693634718,0.011551866316111603,95.44196296083591,96.8432949512691,0,0
26.591666666667294,9.475736540048729,94.95700998223248,21.06891555779339,191.52731205042716,4.111005235995685,5.351700279035535,-3.347593767975067,-0.6200596125131262,0.011538882590915733,95.4286294973485,97.26368819492627,0,0
26.600000000000627,9.220977118137512,95.00055140596032,20.94545894552209,191.01052312901925,4.0819313528765395,5.378202029957783,-4.7628897513271635,1.6121543176251318,0.011529045710101826,95.44700721578296,96.723203753718,0,0
26.608333333333963,9.205267652050395,95.0041305836304,20.7128732517117,190.96031154663194,4.03584201379979,5.378066625587532,-4.011745143844557,-3.0127441407972557,0.011561520261052394,95.44905332425975,96.64374605550871,0,0
26.6166666666673,9.185187159438385,95.068137471368,20.938477855170675,191.22785223999324,4.004897273710908,5.268242587438372,-4.649140984707675,-11.30904551341606,0.012286748976110484,95.5108288385607,96.87533528489979,0,0
26.625000000000632,9.188221130834165,94.99794578022573,20.458236506943933,191.7748603663578,3.9734643457096683,5.167992427517625,-3.871536744660431,-16.23710992266899,0.012708331142876617,95.44125475920681,97.4309213924884,0,0
26.633333333333965,9.131623408308371,94.9575960865132,20.137842591556478,191.34839636609132,3.9280346195881806,5.057335636098659,-4.1145740343718575,-18.054360838189762,0.012804317143826793,95.39565818526833,97.01712858690065,0,0
26.641666666667298,8.94600055069293,95.18437778365552,20.30783725390637,191.36915248875897,3.8754112502439404,4.899887654102709,-5.647147284341335,-20.83598827674872,0.013460116484293128,95.60385295538383,96.8535090657122,0,0
26.65000000000063,8.958263202352555,95.09669973031373,19.100575301682113,191.54692756871327,3.8336803417093934,4.7078946692720915,-7.624211697860976,-21.66784353192497,0.013881873943677459,95.51770924388877,96.98202382297139,0,0
26.658333333333964,8.85247284168372,95.12362256894897,18.730749354589307,191.78389052389957,3.758595072669605,4.583802168850931,-9.469101960204476,-17.210706502243998,0.01287820850183019,95.53465259293408,97.16371621129088,0,0
26.666666666667297,8.822014174540243,95.83756714138565,19.190239571326913,191.70303438461855,3.6808439740545147,4.437940254149525,-10.128899115298536,-13.2808607282209,0.01167391878934021,96.2427514656319,96.4245192243235,0,0
26.675000000000633,8.511126850263224,95.8829633811045,18.396214610386494,191.58577448073493,3.5975666136794753,4.357310931934539,-10.17033203927489,-10.531569556816796,0.0107405033796093,96.25997063683064,96.21196917430224,0,0
26.683333333333966,8.389200766868328,95.53915649674951,17.83263258778294,192.23190094401667,3.528904480785904,4.221397520568351,-9.302402083250445,-10.921762282021117,0.010177293944600763,95.90677303307217,97.15279323468151,0,0
26.6916666666673,8.314304795320538,95.23023609039535,17.859698535438383,191.5676049243013,3.446135369335703,4.113347985168952,-10.306225274022145,-8.844630637169576,0.009679183641394307,95.59249724775438,96.80910688305059,0,0
26.70000000000063,8.05247585708895,95.51762914958766,17.913363079778208,192.0823057941668,3.34882226557776,4.057260060507846,-10.416209191421055,-15.0193101927849,0.010746929800749427,95.85645437729876,97.06685259289459,0,0
26.708333333333965,8.036015990912233,95.20074101788992,17.092761059510508,191.89581610972675,3.247319797011672,3.894806404449214,-11.74733544228022,-19.530453556560953,0.012023392559145751,95.53930418085295,97.11828961762836,0,0
26.716666666667297,7.867367904080311,95.580417288386,16.94916404737245,192.16322642727482,3.1281184989246027,3.7560998515606827,-14.432271268052943,-15.058136822084922,0.011321959190206954,95.90365815108488,97.00885548416362,0,0
26.72500000000063,7.73480119671683,95.94360547431813,16.073410565070333,191.9863273994638,2.995626251116979,3.6685563322878303,-18.197958031073252,-15.13088131298272,0.012628513362272109,96.25488341359278,96.4040291740384,0,0
26.733333333333967,7.261644450704011,95.80552081244764,15.930569027351964,192.08906166571956,2.86101388089814,3.5442564512401704,-18.421839039930642,-17.24030267058773,0.013006912533099158,96.08032732184449,96.67300808684548,0,0
26.7416666666673,7.140610029679749,96.20421784860338,15.206376845460909,192.3465088707614,2.7080345785626125,3.3476523067314194,-18.96909024287802,-18.378924834597147,0.013142548214451821,96.46885426632525,96.48003273898638,0,0
26.750000000000632,6.751851079565597,95.49151419505597,14.609107679678345,192.32816218325127,2.562646529368873,3.147950255709007,-18.889105092435553,-19.368537177572794,0.012950731570389618,95.7299157853239,97.15489115257998,0,0
26.758333333333965,6.485503656679668,95.93796685356529,14.756647432293335,192.2046601607488,2.397190948569149,3.0252756118895197,-17.744032742364897,-20.862091145963493,0.012466894344813184,96.15693028417971,96.62136440589215,0,0
26.7666666666673,6.325025622465603,95.8229602964862,13.701420761155248,192.12325688211047,2.2357610636051852,2.8388678133681085,-17.728324722996543,-21.97678744366273,0.012415904459470273,96.03148269763837,96.5823913957471,0,0
26.775000000000635,6.251283718191928,95.66157351491472,13.0455751115814,192.07840410767994,2.1004979158852506,2.6942950505599,-16.065601216326108,-22.23461388440206,0.011274366159514493,95.8656100772053,96.65592385928693,0,0
26.783333333333967,5.772761566045233,96.07354093463505,12.28696058374544,192.50197537866222,1.9651947566465886,2.543307643302646,-17.159273467494756,-16.37056592350253,0.009399835580561788,96.24681835685482,96.6482165286471,0,0
26.7916666666673,5.6428371753505076,96.03445137007066,12.249426531933125,192.63878643653356,1.8079962303290058,2.399836618308472,-18.02153878881944,-17.14285706556476,0.009738781893210202,96.20009075535211,96.82997767509784,0,0
26.800000000000637,5.286219924861655,96.04190559969311,11.881621699006757,192.26772629917787,1.673866037831723,2.218421471918012,-18.054957530000575,-17.252880589122345,0.009469500269317255,96.18727437823762,96.45158315886674,0,0
26.80833333333397,5.099808134954003,96.12994542135351,11.007763287675516,192.4946202187411,1.524472449387065,2.0676795939719774,-18.60374242231967,-12.837359905918902,0.007994125249587647,96.26512582304014,96.5456083045357,0,0
26.816666666667302,5.010795375427051,96.10501412477191,11.147566497169976,192.6097422549907,1.3487611826531019,1.959328409199015,-19.54974111511889,-17.88333399517545,0.00991946422890555,96.23555377414841,96.6996510401568,0,0
26.825000000000635,4.450878751838957,96.10856740842979,10.150846346052731,192.48127224651358,1.1763637582663455,1.768910270041415,-19.710909318396375,-26.265489052752105,0.013165408506780718,96.21157441266755,96.5411200907857,0,0
26.833333333333968,4.270660351292861,96.02222161192822,9.181869794982333,192.86756410000345,1.0205867800827786,1.5764661547603447,-21.046678239131445,-28.010429369353748,0.014598284669740114,96.1171451049518,96.9697908620637,0,0
26.8416666666673,4.163772123699857,96.34802825842252,8.977646583415549,192.69341869691715,0.8565329190724689,1.324817045109968,-20.029553026984992,-29.458602198100625,0.014379589469153409,96.43795698574232,96.46557751892577,0,0
26.850000000000634,3.6139520653563864,96.18072717188625,8.353419095849176,192.52410868503227,0.6913667541338547,1.0362275829963128,-20.332401806596078,-32.89188706222114,0.016101666482465582,96.24859962016855,96.45988652865364,0,0
26.858333333333967,3.328792093113975,96.466874912028,7.054064664423549,192.87362315892972,0.5228602507754689,0.8008037058870601,-19.167061437072487,-33.01091862670119,0.015205644543213381,96.52429130582642,96.4786959036659,0,0
26.866666666667303,3.2463604551875846,96.4747798463224,6.495421910689004,193.1638692017877,0.3609342179923493,0.5230791442716957,-17.829526613459866,-29.700002424127188,0.01259026892951809,96.52938414079613,96.74366336215915,0,0
26.875000000000636,2.9818366629482966,96.61081195224853,6.399736532127747,193.02264720540933,0.22622553348567837,0.27852590842216846,-17.883484209330902,-29.23044834246968,0.012339828942551367,96.65681732789069,96.47240028318129,0,0
26.88333333333397,2.7267742263294963,96.35484374288853,5.101699188315138,192.67356582583903,0.05315341982524993,0.11235746492903063,-18.514198853620062,-24.13289253935209,0.010435941830403195,96.39341891642728,96.34799682540223,0,0
26.8916666666673,2.3426333685339387,96.36608026891736,4.489733121511335,193.1592108628302,-0.11461801292545253,-0.08979967662004669,-19.0123184856588,-18.765891683316433,0.008592008806020068,96.39455045537996,96.81694153152898,0,0
26.900000000000635,2.197885298018548,96.30736906149554,4.584844246085538,192.88131317533833,-0.24416662202148107,-0.3136326466386142,-19.211046533611476,-19.665968174755168,0.009072989453161373,96.33244539266276,96.60343811026287,0,0
26.908333333333967,1.9075231991141663,96.31709786124259,3.5784085891995687,193.14093239615772,-0.403920535311148,-0.5029548929906443,-19.52725371883826,-25.10144549393291,0.0115560276936999,96.33598489228903,96.83825066589867,0,0
26.916666666667304,1.6190152190891354,96.45739883787434,3.1666051753737747,193.0399764173551,-0.5792322520180498,-0.6293064541844454,-19.2274228057928,-20.322953393053343,0.009489932189837624,96.4709852797638,96.59497567973818,0,0
26.92500000000064,1.1666225713015024,96.49772413509271,2.770607313392304,192.92088056207103,-0.7311068053020968,-0.8438787978230732,-18.24527474556848,-22.235801309267416,0.009828101996434135,96.50477589982955,96.43649652696011,0,0
26.933333333333973,1.1774209081811478,96.51000208953491,1.5909884429546537,193.19938807697025,-0.8734385751599092,-1.1050651552182793,-16.998986374465492,-34.69564631786237,0.014903477912867391,96.5171840830277,96.69027045537248,0,0
26.941666666667306,1.0217398066607188,96.48044518652591,0.9563366387405381,193.37365540737898,-1.0185545666898292,-1.3250165679692887,-17.184215034075024,-32.12545973602512,0.01394366736350694,96.48585521009153,96.89323229450444,0,0
26.95000000000064,0.4658829437991585,96.59246934477648,0.6003453989795275,193.3883798216537,-1.15255189474315,-1.640017469067966,-15.209048411944558,-33.958336488697256,0.013878275331936862,96.59359285707777,96.79600386999188,0,0
26.95833333333397,0.3571903188320107,96.59886800877314,0.4615375557831385,193.22060668679012,-1.2923088499602249,-1.9622417580753475,-15.913793770010361,-39.652270731990384,0.01761227116431341,96.59952839170718,96.62179502321855,0,0
26.966666666667304,0.2964582176670092,96.72533349160574,-1.6088700636107092,193.38241400471782,-1.4265389042463397,-2.2543374409164905,-16.592771510502388,-34.85191571206823,0.015899073148680554,96.72578780520305,96.67585784040226,0,0
26.975000000000637,-0.026193138404096317,96.63955738269163,-1.9964981166837106,193.49193980636477,-1.5645320934902536,-2.4837360903362895,-17.745991137389037,-26.44777688987611,0.013008776869756655,96.63956093237928,96.87242168361882,0,0
26.983333333333974,-0.3343708976707376,96.4745642012848,-1.531515991512265,193.44787239479115,-1.7008198162475312,-2.62913875264673,-15.186140623943757,-22.082365621660593,0.01016665736221789,96.47514364708162,96.98069734936162,0,0
26.991666666667307,-0.40144374141709704,96.241992083762,-3.471515164190407,193.40764628010487,-1.8283264247073898,-2.755906039365574,-14.69612028117235,-12.014941145850626,0.0070677249189645686,96.24282932940214,97.2141434871707,0,0
27.00000000000064,-0.8799890483765012,96.48914496468092,-3.5196475487583143,193.68434689483558,-1.9446383971495271,-2.9531186236446967,-15.874824481580848,-8.322604240558896,0.006962182357561186,96.49315766799464,97.2310396696558,0,0
27.008333333333972,-0.8958480671965958,96.4910803991653,-2.8715342760358453,193.78057636182382,-2.0769719375211935,-3.078749238299219,-14.535902130288106,-8.605706234582396,0.006872588655411516,96.49523895176219,97.30955431335582,0,0
27.016666666667305,-1.1036379505242735,96.43422567301673,-3.482343164132203,193.52477830085166,-2.1971910847140768,-3.1128565218555706,-12.654134441136256,-16.378814484478983,0.008386923015508696,96.4405407382194,97.1196872321551,0,0
27.025000000000638,-1.1499832312639455,96.4308484308064,-3.9385471267229946,193.56636059238946,-2.290763126046984,-3.2776446563605575,-11.564916016606688,-18.736901214975305,0.008991739139294186,96.4377052325352,97.17553092981846,0,0
27.03333333333397,-1.5672922388532697,96.55463271829683,-4.678429986925607,193.63960122066402,-2.3929323249046472,-3.4323273802127487,-11.739498919706705,-17.351322500556684,0.009021382012375678,96.56735216587005,97.13480471588498,0,0
27.041666666667304,-1.6472740012948748,96.29356407064449,-5.859885669302059,193.98027469817117,-2.4806578082067308,-3.536968206750715,-10.143218339876634,-26.709543303238473,0.011679516107325316,96.30765282708668,97.77750012294017,0,0
27.05000000000064,-1.7292144783578465,96.29424128889809,-5.319491646063,193.64309783682228,-2.5681966859593723,-3.727511150634278,-11.689355665364868,-20.39379747138376,0.010625407412978571,96.30976631742332,97.41503970809264,0,0
27.058333333333973,-1.8648489884503192,96.4066846279652,-5.718490264093759,193.72398729432086,-2.6799436838112567,-3.9053352395340237,-11.700883490559885,-12.510124099316728,0.008910169167061444,96.4247193550786,97.39357242311434,0,0
27.06666666666731,-2.0315462726634905,96.50704592653187,-6.43401773591097,193.65595590698263,-2.7785292827931065,-3.9620346369295705,-11.765501110318471,-6.117891540523299,0.007881168347710243,96.52842635060257,97.24861163725903,0,0
27.075000000000642,-2.3026925526997957,96.509831889015,-6.536448079699653,193.45887579033666,-2.8699226258273343,-4.0706313955845195,-10.826456687533343,-8.954868874589515,0.008489496827068344,96.53729872043341,97.04144371990142,0,0
27.083333333333975,-2.28730649107149,96.5216772792009,-6.995847798942805,193.61426132583478,-2.9456118559808684,-4.210377559964826,-11.151884353231242,-16.007597455238265,0.01059987790466721,96.5487750091854,97.20668823749008,0,0
27.091666666667308,-2.6985485830442713,96.49343527685477,-7.055622663721067,193.57358634271134,-3.029798248731518,-4.332505727526151,-9.508939712776542,-22.58768786426299,0.012268952158010382,96.5311618907781,97.17787724330078,0,0
27.10000000000064,-2.6935490333765415,96.47012451134805,-7.582995567723458,193.610008397216,-3.1064803800691703,-4.546867471059868,-7.633117066505242,-22.641900460770774,0.012097583063293005,96.50772057006735,97.26285893789132,0,0
27.108333333333977,-2.7084041490790014,96.49202503636997,-7.784287939290095,193.87799770507553,-3.168762999336766,-4.71096773474792,-5.974913832902219,-23.61960868805581,0.012225442407650444,96.5300282225909,97.51816378952996,0,0
27.11666666666731,-2.784139421862278,96.53305698417341,-9.165636791628515,193.6267833084246,-3.2100295666250442,-4.853897737387245,-4.251338330275218,-22.341048867072818,0.011670909043017375,96.57319774673529,97.30321269212502,0,0
27.125000000000643,-2.9076928929524115,96.4216660526692,-9.11436097856398,193.9248522823819,-3.2457111732377797,-5.029141540527029,-3.926583726031643,-18.032944248902332,0.010961291500067194,96.4654983003363,97.70053251477694,0,0
27.133333333333976,-2.941642968671374,96.45490857980644,-8.95520297468056,193.78013690858086,-3.291106420448918,-5.125790313038416,-3.9308777724478903,-10.844025135911352,0.009953209513182681,96.49975467582263,97.51083515791436,0,0
27.14166666666731,-3.011110729831387,96.45413081416854,-9.448146250169543,194.11784823631547,-3.311153263373135,-5.2583617391200805,-4.849762894905074,-4.985684647396182,0.009696808575437643,96.50111988440362,97.87562069791976,0,0
27.15000000000064,-3.0358335021311404,96.46458674011365,-9.300132376791908,193.54400993700017,-3.3523083336401727,-5.324785366024837,-4.363526077036173,-4.052347408719602,0.009780089640190504,96.5123452206689,97.28132322615306,0,0
27.158333333333974,-3.0638894655812123,96.43248637999699,-9.41496913641356,193.45664692651195,-3.3888010487777342,-5.358624334661705,-3.8083426295707037,-3.4371925148354796,0.00982590299914321,96.48114763043402,97.23180520149346,0,0
27.16666666666731,-3.24149421994656,96.4233340933448,-9.823393276215029,193.47116486193636,-3.4217843912141,-5.343760582329289,-3.749842622041526,-7.106658755965382,0.010195344340508061,96.47780388490784,97.2707708002568,0,0
27.175000000000644,-3.26823585751697,96.47028332636819,-9.62481982328552,193.65471763315173,-3.4422903646922074,-5.3916073608940165,-3.0599886014841386,-4.293493553556455,0.010008122346186976,96.52562836205787,97.3920963489512,0,0
27.183333333333977,-3.1844733793728324,96.41073255875887,-10.233824276264272,193.66745142991982,-3.464563820032557,-5.428692065396923,-2.1599356587677785,-2.085171608984944,0.009940816324732982,96.46331024394954,97.51185934875583,0,0
27.19166666666731,-3.3209581207129872,96.50863414917961,-9.974881609283386,193.39434055398397,-3.477365821050268,-5.437559936961165,-1.1239859131020682,-1.9310305068025078,0.00993311772133687,96.56575598098803,97.11392692785981,0,0
27.200000000000642,-3.3076293766706613,96.5441900501653,-9.87373208605851,193.97641823925562,-3.491290526115344,-5.472655025910839,-0.49340941395337795,-0.9847031686468588,0.010000298005149677,96.60083356025376,97.65322726198657,0,0
27.208333333333975,-3.323459446019058,96.59886788320904,-9.940965251507464,193.5906085838269,-3.4992079475571156,-5.476322475301915,-0.33245097451498157,-0.10074821419513509,0.010017123096730085,96.65602236284612,97.2172265970469,0,0
27.21666666666731,-3.24628629217392,96.59726596180764,-9.932987583284273,193.63552679849414,-3.494102347310742,-5.485034574377334,-0.4145691419829063,-1.1323764252306097,0.010033606450055466,96.65179856571193,97.26837122294863,0,0
27.225000000000644,-3.3313447819558064,96.77677894590653,-10.116660062893459,193.9137037158854,-3.497519958717623,-5.488764758256361,-0.11654370227622093,-0.1359099770231226,0.010037672056258273,96.83409937207617,97.37362403253901,0,0
27.23333333333398,-3.300507648702819,96.56836020097381,-10.0254629964233,193.19595287609354,-3.506627299354984,-5.4722875881827004,0.011874095059323747,-2.8370389499188136,0.010065113197877285,96.62474601593615,96.86132711571572,0,0
27.241666666667314,-3.358315407632574,96.75983470813907,-10.160573903920692,193.52657859198825,-3.4971869708654144,-5.50098087107217,0.20928886455896348,-0.5486264513367513,0.01006258705597407,96.81809694020812,97.0055330511244,0,0
27.250000000000647,-3.286326836886076,96.45814941688019,-9.919449944978624,193.5330717417831,-3.484144063475334,-5.50761719492147,1.587293990214479,1.3526111910992062,0.010096722481586884,96.51411571893523,97.30127885363605,0,0
27.25833333333398,-3.2360756168978924,96.64464451291371,-10.017692829243742,193.4474698644379,-3.4599212755164213,-5.491115963819613,3.3180268134172013,2.707889205439777,0.010175555168120631,96.69880815411193,97.04008103898346,0,0
27.266666666667312,-3.271679285761877,96.6242904966416,-9.84069938133564,193.58077587165178,-3.431141641274145,-5.458225274452833,4.886551472031342,4.478166088913946,0.010345573557501098,96.67966383541199,97.17876353036507,0,0
27.275000000000645,-3.1966627914594596,96.42609513049524,-9.877106520643963,193.5634715520913,-3.39216391224585,-5.407930535342901,5.1834301181962505,6.580560071628315,0.010410317098775934,96.47906754896431,97.36682302760858,0,0
27.283333333333978,-2.9938047212530137,96.4508648919421,-9.514587522082877,194.0447345282323,-3.351701290934119,-5.315512715624233,5.491213704879481,11.361846253799294,0.010857149740667094,96.49731708764067,97.81147171431788,0,0
27.29166666666731,-2.9406233104535318,96.47798417576593,-9.264661053121017,193.59564352367153,-3.3124017848330376,-5.212204874154456,4.667327037059272,14.370339859656447,0.010908544519816044,96.52278848061385,97.32334360566595,0,0
27.300000000000647,-2.8948555058633474,96.45567745671565,-9.008823326486379,193.83593220528218,-3.2899448203774977,-5.0454438038692295,3.288985562251796,21.067546833901947,0.011621543674946722,96.49910829657334,97.5719970965406,0,0
27.30833333333398,-2.8869413508348885,96.40097976324438,-8.726542816897904,193.929035273056,-3.2531528929855567,-4.976578358077356,3.319632196262749,14.178252609324485,0.00999369763596647,96.44419800940133,97.70272543182888,0,0
27.316666666667313,-2.844799463209256,96.48432255841936,-8.33402369480848,193.54777253800876,-3.211498688866719,-4.861957143501824,3.4756424975480282,14.274727994888044,0.009733449654066195,96.52625230238138,97.218541979424,0,0
27.325000000000646,-2.772371463886657,96.42217097592749,-7.8426568340933045,193.45337037796162,-3.1680332661716544,-4.701688528595665,5.147742776975244,15.455521568603487,0.009946188800276534,96.46201894655101,97.16358088879105,0,0
27.33333333333398,-2.7585793521493542,96.21534743581873,-7.87807406894251,193.32593520236622,-3.1233817096924015,-4.479196372299169,7.442444474245606,22.643260222610134,0.011950945338524477,96.25488477078665,97.24543939187893,0,0
27.34166666666731,-2.6469837483422225,96.47712638199317,-7.375569900365804,193.48663911630456,-3.0465664082422568,-4.300705094154598,10.2677336665528,23.235790652742782,0.012772300752807553,96.51343138595307,97.12468835443248,0,0
27.350000000000644,-2.307863810479091,96.49575986102775,-7.853280511425282,193.5282234319767,-2.9753840177819573,-4.161230159107883,10.83061987560599,20.772837311299668,0.011839541708515089,96.52335420262213,97.19079500155695,0,0
27.35833333333398,-2.2573897343822296,96.52310211607625,-5.782474304270636,193.46145669005386,-2.8710187427480185,-3.956075213284648,12.735225933431286,24.510212172601516,0.013413942326524708,96.54949534059396,97.00242681879188,0,0
27.366666666667317,-2.0590169391085738,96.52934594808977,-5.457217923815165,193.42893761772632,-2.755723746320505,-3.8233926916757297,14.142504428386628,20.93488046872366,0.012380119158315939,96.55130335692797,96.95915962751924,0,0
27.37500000000065,-1.905103139122616,96.29062453787128,-5.002757774442614,193.47206774360563,-2.6339160139034288,-3.6127040609618284,14.648651057046004,23.45969373193396,0.013005709683620026,96.30946885879911,97.23079948138394,0,0
27.383333333333983,-1.6326363666290717,96.73868035475732,-5.526538261065582,194.04414569741533,-2.531054506947303,-3.426999868642899,12.584014384176893,18.806097393908225,0.010029164928535561,96.75245618735242,97.38334589402193,0,0
27.391666666667316,-1.6232283274836163,96.56387531618583,-4.8317375309654835,193.65325639889602,-2.4253262786460223,-3.312754813891828,12.42516811209026,11.710301977243367,0.007697755524512573,96.57751749906926,97.14238235874468,0,0
27.40000000000065,-1.099914292413814,96.46444271360087,-3.3931186975538594,193.56756726658398,-2.3192746194416114,-3.1684020244599647,13.545393492064843,7.906085098646444,0.006865657819308257,96.47071327349167,97.13019913701353,0,0
27.40833333333398,-1.1065004822490891,96.53692179427526,-4.125475320414239,193.81816042409906,-2.190791246544934,-3.096935092347561,14.158662927982721,20.09004475782117,0.01015700280944598,96.54326290752367,97.32807199583375,0,0
27.416666666667314,-0.9917547322544351,96.4840959384826,-2.703435522799623,194.22691301906298,-2.058997689164754,-2.901873887710775,15.58562073847852,25.708112037608437,0.01253969801280208,96.48919290011324,97.75780348379621,0,0
27.42500000000065,-0.8928165889161619,96.53767859310784,-3.3832352758171282,193.64067452249992,-1.943012620241961,-2.5885034408645478,15.00375514964942,36.00014137917901,0.016384206599398876,96.5418070558431,97.13492679618182,0,0
27.433333333333984,-0.3640549413706822,96.27074915493364,-2.2637796244983974,193.51456127684634,-1.8192946759665394,-2.2960611520451257,15.767442432189767,33.257762647232504,0.015076198032901722,96.27143750278424,97.26236656525245,0,0
27.441666666667317,-0.18219462066053893,96.4159754354913,-0.8703695290667497,193.45539540579034,-1.672194762250612,-2.0625020684358875,16.84927863550316,35.44269983409479,0.01648288525840158,96.41614757942291,97.0418601062275,0,0
27.45000000000065,0.05340154718510348,96.3585483607157,-0.13749317259720328,193.70184451077216,-1.5553558291821665,-1.8397992229321072,17.589301642721836,33.64306487763174,0.015754787561982564,96.35856315818344,97.34348332657733,0,0
27.458333333333982,0.2108461440557221,96.33894227034278,0.3933920180821815,193.07415312740324,-1.3955984422175678,-1.6377750728098488,17.231547548353547,19.87889400874128,0.009259937092558346,96.33917299761765,96.73538309510161,0,0
27.466666666667315,0.294013232300415,96.33442930167297,1.1132173798399663,193.4151221137614,-1.233053655296231,-1.506833228953327,17.550981575050823,15.489761135013897,0.007673045677794033,96.3348779656662,97.08414913007388,0,0
27.475000000000648,0.8108218433538354,96.51020562049206,0.609343002928199,193.15471607165637,-1.0937639984162173,-1.2393232414693847,16.59157941382341,12.305287580796932,0.006014237237261355,96.51361158391762,96.64472046660565,0,0
27.483333333333984,1.0263749387332837,96.40315323006115,1.6309339792668425,193.68518283126957,-0.9668176340693255,-1.1179013533102904,17.83178467383095,12.72586089178638,0.006537580874245386,96.40861682553852,97.28390809873893,0,0
27.491666666667317,1.0762119160452812,96.42886423186519,1.5986394013874587,193.23683475846764,-0.8335669217506012,-0.9925614701682324,16.768508826187045,21.12210793035527,0.008714095504461561,96.43486967448926,96.80938016513156,0,0
27.50000000000065,1.6099501956658742,96.43667488282199,2.332536789318283,193.23773188091752,-0.6832946159545454,-0.8449143586254677,17.308074384806062,25.38320647004622,0.010565370058934764,96.4501125042767,96.80375389071368,0,0
27.508333333333983,1.713359737808446,96.33532627172019,3.698556506624641,193.1779943985266,-0.5208752910628818,-0.6325432085183007,17.840686031956388,31.70468832366034,0.013629232076794118,96.35056143827043,96.86301345781932,0,0
27.51666666666732,1.7693824077256863,96.24695110160877,4.368023914667901,193.02694512366799,-0.3706260297801791,-0.3880796207153094,17.530121899195542,34.80869371994432,0.014887946488094439,96.26321369277176,96.81487582283738,0,0
27.525000000000652,2.1984329329902152,96.2496384751995,4.127660990515949,193.44011969083442,-0.2139794037403444,-0.07208085314819795,20.67537604322709,30.015527484794802,0.014511073693102894,96.27474234692846,97.20962688861957,0,0
27.533333333333985,2.4154781803554783,96.14660530858038,5.401048169127137,193.19340318769548,-0.03701065648020751,0.2063804924836502,21.85038351980238,33.14942563236267,0.016959732744754152,96.17694238851489,97.09271139868159,0,0
27.541666666667318,2.9374013648473465,96.20463078861019,5.993566719215778,192.84585515852444,0.1493650541104449,0.480859315706751,22.28265616701942,28.81503136565179,0.015047361342137577,96.24946395669437,96.68953611632104,0,0
27.550000000000654,3.1143566692234117,96.32970603124,7.089506958285369,192.98260209949905,0.2998934151441297,0.6696470024078709,21.794618677969563,23.53836618857047,0.012283339729709297,96.3800367375332,96.73460672480309,0,0
27.558333333333987,3.3242114523188775,96.17676247324863,7.4076275615994405,193.01118339568865,0.4795449201849502,0.8608748683226156,19.97811905797343,27.668760240208012,0.013119751626497145,96.23419361960391,96.92047958252076,0,0
27.56666666666732,3.842303600528112,96.28506098140213,8.396161511805303,192.91768388228957,0.6653753696355322,1.0430409570794839,19.050156959352485,22.99485231979254,0.010631416874859578,96.36169500974418,96.73986474345112,0,0
27.575000000000653,3.919719487414966,96.24077457345572,8.86998335879565,192.9646252659026,0.8202425444613347,1.2521337605141956,18.682915121656574,15.168812202057556,0.007683218995511165,96.32056318024071,96.85044349496317,0,0
27.583333333333986,4.1686029814496806,96.20996398748508,8.761611151665363,192.84977916182157,0.9820504720388977,1.3824490945529848,18.560875378824452,16.293211385654377,0.0081710800058854,96.30023063985946,96.74889974041868,0,0
27.59166666666732,4.294163236931752,96.15322414223152,9.281805356025814,192.91561995272468,1.1207912170390968,1.6180293728183033,18.71389806224423,21.954348279798864,0.010594272352363099,96.24906415571857,96.89085517681586,0,0
27.60000000000065,4.865207377412901,96.24448303785567,10.726742318267725,193.0152528291403,1.2920801058152496,1.7517605115359685,19.294066088497665,23.37418271736468,0.011741897073940244,96.36737392940269,96.94812776872314,0,0
27.608333333333984,5.101678353249497,96.17099060144085,10.450707418626621,192.58571831493686,1.4674398231250436,1.885240375958145,20.690421538854185,19.557195081883634,0.01125873718399184,96.30621244386282,96.56299411270254,0,0
27.61666666666732,5.196396921573978,96.34929040783715,11.428420768823685,192.67563562276183,1.6122504967253846,2.0767775874955237,20.433785194691335,23.479398146796527,0.013033486237441938,96.48931704111229,96.52773126774261,0,0
27.625000000000654,5.570363931837107,96.14007881826751,12.251873806159324,192.46813509230748,1.7804553424529779,2.2694519131808897,18.807016175826657,23.189189742161957,0.01230821116982117,96.30131727819615,96.5594997902085,0,0
27.633333333333987,5.764212757655628,96.06662406281538,12.923787855605212,192.55191129336254,1.9370057752553143,2.4952710630622827,17.643082433921734,20.360721883816158,0.01096299347215357,96.23940153358092,96.7505564198179,0,0
27.64166666666732,6.249923934946537,96.02415373932752,12.409667885770943,192.42722799488166,2.0922105991489297,2.576452547540105,16.894333347693394,13.010388330926904,0.008444100110402086,96.2273331779834,96.59966444797624,0,0
27.650000000000652,6.291864951293121,95.60487609249532,13.395530675090981,192.38610627024468,2.2169085183399346,2.6679838616478353,17.003697652957072,11.82758537190645,0.008431328384640668,95.8116897733606,97.04158171337669,0,0
27.658333333333985,6.327024378338308,95.94023766382861,14.36639022639315,192.319865456301,2.3671179603839865,2.8265502327115417,16.716610477210725,10.511135498010203,0.008356265054354939,96.14863722630709,96.71434255917984,0,0
27.66666666666732,6.8176738894873665,95.92319355592451,14.251839436780699,192.4407473752202,2.4977633582215293,2.9652577188178686,14.400877762659185,18.790824605991997,0.010196283492325264,96.16516905424102,96.80343492172788,0,0
27.675000000000658,6.961365332607556,95.63336535892557,14.632804619099772,192.22791497605988,2.615088278237577,3.0684834981899423,14.247515521473197,18.792703320216575,0.010458651370318872,95.88639724782539,96.8986996634287,0,0
27.68333333333399,7.1613592055607,95.52019147532326,14.4467555880139,192.085765938154,2.7271944873643394,3.264285184248996,13.459570659233222,23.016197897701602,0.011986928996242874,95.78826674052249,96.8400081153754,0,0
27.691666666667324,7.263218020676618,95.529306494244,16.034924024224722,192.2092216031466,2.8333600619655313,3.482007974716665,14.124899769652414,19.297538082783866,0.011502878105196235,95.80502458267567,97.0770251484732,0,0
27.700000000000657,7.599810663205517,95.80820275755383,16.600529308783962,192.0764218732549,2.9627652747392506,3.557262524805029,13.389892171441044,19.25640931149516,0.011529571026846153,96.10915064523834,96.68807034916715,0,0
27.70833333333399,7.542512004771879,95.51371899126724,16.678954401889087,192.2140691506279,3.086946385328038,3.7321542796199307,12.955652735422742,24.570052886828048,0.013673128459442463,95.81106409431476,97.13100586640088,0,0
27.716666666667322,7.908866145566719,95.44919428070313,16.624539106181146,192.0163082242605,3.1919394067657314,3.9518610428438663,14.469796268008166,19.200683109440806,0.013054470179389543,95.77629588026413,96.95963309823517,0,0
27.725000000000655,8.017297820618808,95.52580711130372,18.012167984538678,192.17915753283665,3.3048773382627483,4.101116801778076,13.854131802650947,14.274986014127572,0.011781195816736645,95.86165494404163,97.16875823690069,0,0
27.73333333333399,8.264621600064118,95.18522299493588,17.630258401527215,191.88992964176407,3.388257991321386,4.229313919205821,11.004945123236437,9.586296614448205,0.010067664414238564,95.54334433537439,97.15716875427162,0,0
27.741666666667324,8.42417680885734,95.12664972010396,18.02836806689112,191.5798511638647,3.4765025412989807,4.272348364185481,8.974306981576241,13.597204976432145,0.010597334871314423,95.49893319759254,96.93018393911971,0,0
27.750000000000657,8.518461162208723,95.13585629879447,19.22894827107251,191.63045281340686,3.5366992248924514,4.412392481555849,6.719990951677341,15.98706239154419,0.010854443608565578,95.51646629915142,97.08718602692626,0,0
27.75833333333399,8.578845933107118,95.14797889112918,18.555082017195218,191.6389529044875,3.6045675673345174,4.561645826462235,4.692863081123781,15.804193964822865,0.010709701950649464,95.53394414872001,97.00532641279061,0,0
27.766666666667323,8.542168337315786,95.05540696023365,18.799119731843973,191.79743153502142,3.6538752912466297,4.673390272492709,5.4435031871251045,11.370028745654345,0.010388093079205074,95.4384567785894,97.28424523394604,0,0
27.775000000000656,8.535971648087127,95.08219363992976,19.1868804356792,191.9145903894214,3.71319460538821,4.756033648467135,6.1784633718247655,15.495169727686346,0.011647958241447487,95.46458170105836,97.41639963708658,0,0
27.78333333333399,8.873470890808221,95.01483572228682,19.72933494489797,191.03777221311174,3.7613891505332018,4.917562712227847,7.482563768870391,12.692638718792127,0.011839262791807581,95.42828455433522,96.63464242538426,0,0
27.79166666666732,8.806088753836889,95.06716529820062,20.106342138727086,191.5370796344111,3.805001396301613,4.993837559215507,7.19117122895804,11.521179584256686,0.011800735096434423,95.47414894606734,97.12950169026149,0,0
27.800000000000658,9.137255855097635,95.7764817210014,20.15990778684977,192.01069241180096,3.8531927685404708,5.064583784598435,6.36888189833119,13.55582773930772,0.012248539638071598,96.21135013819747,96.86342014862865,0,0
27.80833333333399,9.121961177527226,95.02747525920734,20.126740226647087,191.08648296700153,3.896144184331674,5.158410118857133,4.502507524902882,4.723831770502948,0.010925292046489954,95.46429295743816,96.68732142181835,0,0
27.816666666667327,9.133900653590672,95.02471637146334,20.782718845852116,191.02396390520732,3.936766063015002,5.201965245054884,2.3764172182872287,2.7350512033793946,0.010769923114959834,95.46268832704597,96.70341510164681,0,0
27.82500000000066,9.087565543576773,95.11387133289867,20.589268925965825,191.67887922940196,3.9597400682719273,5.2340338817138,0.7160641389231678,3.40212690800485,0.010830229558467686,95.54701652819939,97.24757030768534,0,0
27.833333333333993,9.066428010883783,95.08398355318985,20.32885528657738,191.21906682207043,3.9603742169061054,5.292210432540361,0.6906060388592722,6.778190742215523,0.011138628118261273,95.51525556276242,96.79254363459455,0,0
27.841666666667326,9.17456612187749,95.00564930742433,20.782875854421263,191.35799685390282,3.9747101714834026,5.352372633392542,0.24361485705265426,9.049573411484662,0.011448688968688003,95.44760900017349,97.04909959687441,0,0
27.85000000000066,9.152908120021493,95.10239697682607,20.459647700450148,191.1159930409214,3.9717247610027746,5.446430452991363,1.2392000483453793,8.696470263587027,0.011699282827953184,95.54183187374718,96.67705513253337,0,0
27.858333333333995,9.193995862604709,95.01035316897742,21.140495153603524,191.18386221700678,3.974720913847525,5.456055635717708,0.989942657333951,4.597044370141256,0.011392907353884763,95.45416056524414,96.91265494207255,0,0
27.866666666667328,9.1927700291468,95.41698272413987,21.125661635397194,191.13477746376884,3.977688298744921,5.483198822828975,0.24235763311628916,6.294128765510537,0.011510056903785593,95.85878996204566,96.45874834303142,0,0
27.87500000000066,9.179349375051686,95.11255806792116,21.29604709954225,191.2298549051431,3.979263365769583,5.531977797789261,-0.8197512587702775,2.16408660300748,0.011417239090030229,95.55448266393857,96.87801151469465,0,0
27.883333333333994,9.20771162696991,95.0721875288612,21.057733111866753,191.35540995383496,3.981049576177105,5.53782263720319,-0.9355470286735608,-3.56490246767886,0.011526163233991582,95.51702882171529,97.00970018369033,0,0
27.891666666667327,9.189701396030614,95.78844586873072,21.01462093436595,192.177411350181,3.9771733313425015,5.460085823752006,-0.5116475995899397,-10.00588044008603,0.011795877840098168,96.22825454976808,97.11159245256107,0,0
27.90000000000066,9.075203612491691,95.03896831494387,20.505290713822035,191.9963409033757,3.956733793504823,5.424863310182563,-2.3960928260578713,-11.29539949046576,0.012067725965315024,95.47127745545824,97.62878156771185,0,0
27.908333333333992,9.075804211407046,95.01107758515303,21.065809708608356,191.2582939206888,3.917722970191195,5.281441983267971,-4.537251076661393,-12.550963627974605,0.012247327925420937,95.44357016570453,96.99116910400834,0,0
27.916666666667325,9.049621978474647,95.00075186648132,20.34641567044372,191.2231456840451,3.862652463432177,5.22728861541267,-7.37299906178605,-8.230428302635241,0.011894691302986704,95.43080484387652,96.8832628460729,0,0
27.92500000000066,9.002049795852088,94.97098903859529,20.17688905158917,192.1759715277251,3.8022501915480498,5.162768808735987,-8.603929196153395,-5.518231758303629,0.011471990756477535,95.39667530630189,97.84521272450479,0,0
27.933333333333994,8.787996826100482,95.06266243524391,19.808370282328724,192.03540649335395,3.7428316279333687,5.1415852356318705,-8.662823292688278,-3.3380001494448472,0.011003333164483209,95.46799818521747,97.5969349993864,0,0
27.941666666667327,8.493136850709845,95.05150848532145,19.933949702985615,191.15534156127796,3.6655128415472276,5.1264308091425175,-10.089900502484069,-0.9462699355724196,0.010776893540126675,95.43019773059271,96.78243089844412,0,0
27.95000000000066,8.449950081957354,95.03988876566075,19.17810030280225,191.5619339806795,3.598839212710021,5.112414056233852,-8.972467496029276,-1.2693969997982855,0.010402718565974745,95.41478980208853,97.11641683902438,0,0
27.958333333333993,8.36711498423,95.18089502902416,20.0231862930313,191.7826601680278,3.519518825948665,4.983047083374407,-8.232665064033464,-6.126850163123236,0.010399135222527889,95.54795336209689,97.30244100908816,0,0
27.96666666666733,8.466349348942742,96.09467343587158,19.33841613397243,192.40426634999858,3.4334124550235066,4.945026978605684,-8.218700735847637,-12.0103880808242,0.011113488030795704,96.46691315702574,96.92130582830076,0,0
27.975000000000662,8.267421763290997,95.81735567744403,19.283402375439607,192.15126789706625,3.3619040471886343,4.882512411190619,-7.794002953240344,-14.627471470855177,0.011255791329260134,96.17336383651116,96.96171652969595,0,0
27.983333333334,8.000766888928979,95.82910359047531,18.558433062331346,191.653980661138,3.294178114610199,4.7456590424925365,-9.210508039785411,-18.987732152815372,0.012390035509973973,96.162515388092,96.40472696209777,0,0
27.99166666666733,8.044443596335839,95.112815443704,18.14974804887919,191.8344344612246,3.228423226540428,4.577257207179844,-10.369985374955107,-19.200427405310972,0.012429366149266485,95.45240035956522,97.24807845633246,0,0
28.000000000000664,7.681016713097904,95.46623024142883,17.179634452345965,191.88007828499815,3.148412968972918,4.452526218870727,-10.139007024256884,-20.465277780859484,0.012321220721958959,95.77473118864073,96.88061639732085,0,0
28.008333333333997,7.6032097071882845,95.6747031228249,17.912471419604742,191.97890991192384,3.0399007859376828,4.221836133096214,-11.902520831412604,-18.732737284707714,0.01188193711294483,95.97633883146493,96.85443264163301,0,0
28.01666666666733,7.605070422153005,95.88733774737824,17.184260567076592,191.9905236740372,2.946595223632679,4.0820623067435955,-10.99682815478911,-20.185647715734763,0.011541288631050861,96.18845375826402,96.57941410614679,0,0
28.025000000000663,7.330880730541367,95.85648257014998,16.195441560409677,192.1325254007914,2.8475009850233963,3.8777330829583883,-12.25841671942718,-20.903109081892083,0.011783565708663346,96.13639822152112,96.68328119087569,0,0
28.033333333333996,7.233054497144678,95.7879820008352,16.23412024792418,192.28412048993226,2.7518259125025852,3.7571446087623386,-12.889257536540828,-19.211075743559267,0.011147009981551825,96.06068172333045,96.91503458162131,0,0
28.04166666666733,6.960749113587099,95.82517601781257,15.606395679299624,192.17234410301506,2.6365065791160984,3.5947677392308295,-12.774672915210518,-22.390600903578285,0.011702832807475971,96.07765810565463,96.73429589642693,0,0
28.05000000000066,6.634657051735587,95.94446149736268,14.570501583488692,192.08754148465704,2.5220887998316757,3.39813376303213,-15.430694146245663,-24.377301142790905,0.01327012306975206,96.1735845552876,96.47004435510246,0,0
28.058333333333998,6.777220740673101,95.86956849930903,14.94087223072745,192.13517902488405,2.393320580609394,3.1695609585574243,-15.59129829566423,-19.79014523441903,0.011145002117359581,96.10881793681325,96.61114312289638,0,0
28.06666666666733,6.301745013198229,96.0252497337575,13.865722314168693,192.63768163582478,2.267750208525175,2.9674767919327607,-14.641247112041313,-25.66096434783769,0.012411838544292397,96.23180647084344,96.90807887189376,0,0
28.075000000000664,6.235417407936268,96.01234279032025,13.950135884808219,192.24708032108873,2.1485239598417665,2.7571101082628537,-14.864765754663848,-29.238144219644273,0.013604744634484689,96.21460595116085,96.54346994382007,0,0
28.083333333333997,5.89233664100999,96.1239177322309,12.434008866652107,192.58115302175685,2.024473185246806,2.5698082259759136,-14.462128658513889,-23.750003906106596,0.010794595779619609,96.30434668945988,96.67880695998844,0,0
28.09166666666733,5.658623258402713,96.14484137311803,12.136308997321237,192.28174747587542,1.897361002979601,2.3803064007243115,-15.739450364473637,-23.41465108951956,0.010965523479764983,96.31121710290326,96.35489156001671,0,0
28.100000000000662,5.618714260195247,96.03680051496758,11.841280801900837,192.49960054254706,1.7612787956331397,2.1727231219098426,-16.800335936912894,-25.34731546705856,0.011957068216194688,96.20102391913196,96.66329253406766,0,0
28.108333333334,5.373325783215819,96.1314363361742,10.930752451992475,192.85626025484618,1.6165264023032013,1.9756874162603593,-15.413612664849786,-19.98844753954885,0.008861114665088543,96.28149189760452,96.88434627573707,0,0
28.116666666667335,5.059183158715371,96.12883893734607,10.913181286629879,192.61190253761697,1.5075986709425913,1.78196838574234,-15.63643525745476,-21.413780226366644,0.009220278396969928,96.26187723951602,96.66049273501324,0,0
28.125000000000668,4.835400384847048,96.12664686781903,10.564927398289285,192.5032292914821,1.3624746229566234,1.5609678340075028,-16.372935090027372,-22.02183836376811,0.009533772108734961,96.24818613840036,96.54674059471344,0,0
28.133333333334,4.520197318794146,96.13723650320281,9.137876775594691,192.61506127479726,1.2127129178895697,1.4198253832353216,-18.843027696769706,-25.108118247176236,0.011944995002230119,96.24344354954049,96.58826862628939,0,0
28.141666666667334,4.379415690931239,96.16407732269244,8.867047647028016,192.60368941443198,1.0605102046700592,1.2118275378192513,-19.09805153871858,-25.04389669979075,0.011843128251089574,96.26374732534956,96.54396729458853,0,0
28.150000000000666,4.215171775275451,96.22467294323434,8.729760073967611,192.62174755689574,0.9022038070207937,0.9862634577042825,-18.145907913687193,-27.672860735398512,0.01222840176974449,96.31695258949742,96.5027331300958,0,0
28.158333333334,3.8888104263299965,96.14432688601124,7.428174750107473,192.71617586540054,0.7419181966250772,0.7964225417045935,-19.141593564577754,-26.782179348490427,0.012278540927353365,96.22294133363476,96.63668617618468,0,0
28.166666666667332,3.3745827709672653,96.22238328875653,6.892796772826387,192.65572864752409,0.5787841546193484,0.5743578524299426,-20.26572582415154,-21.847742634853464,0.010684585707112504,96.28153953197094,96.49750217931143,0,0
28.17500000000067,3.2342938037033946,96.16971552063302,6.658926775089128,192.91120603028185,0.429785329294468,0.32642916237638153,-19.046808411701935,-25.69735604992091,0.01150675800204004,96.2240865881727,96.802087255478,0,0
28.183333333334,3.1475529555902995,96.39416067555067,5.769963925715103,193.18590470590362,0.2710022305701145,0.09660134721300113,-18.93030152185289,-33.18342450613815,0.01494321024847256,96.44553541741641,96.82726244056266,0,0
28.191666666667334,2.762199800342046,96.33230468847586,5.005836564877541,193.09184824736673,0.1211063332241333,-0.24875223237545854,-16.697596448561594,-39.40795875653456,0.01671504878243546,96.3718977416672,96.78555251511496,0,0
28.200000000000667,2.4116413340555027,96.32135652834808,4.627723825905832,192.92070406685178,-0.024018004677892106,-0.5650191601461588,-15.603283508223791,-39.56933464158725,0.016094958607900445,96.3515424753816,96.6247637330892,0,0
28.208333333334,2.3122586908860967,96.3409160629617,3.526392045671912,193.0375141608402,-0.16656152739291522,-0.8049787477487774,-16.78134807264323,-37.21792181978466,0.015700900935253337,96.36866009291718,96.70422019491107,0,0
28.216666666667333,2.2003787921635194,96.16490289198532,2.4233511754773644,193.12472931629287,-0.28841198804056783,-0.9840021521880277,-17.20441404551162,-22.554283474614103,0.009271363590213522,96.19007337066527,96.96008280171573,0,0
28.225000000000666,1.7386880898528716,96.29940021951342,1.976660075455527,193.0804061967433,-0.4486415485564671,-1.186582889762028,-17.804630790923206,-16.240179375392866,0.007411532371326857,96.31509496912629,96.78129854796606,0,0
28.233333333334002,1.6768966047608842,96.21414075673016,1.4447783959889762,193.20133019726705,-0.612490864931018,-1.3761778670194236,-18.514794396736967,-16.822170730848352,0.008117807190076487,96.22875279135098,96.98746720291976,0,0
28.241666666667335,1.252727801169499,96.49958534515292,1.6873271347382115,193.27267559464968,-0.7609269939720905,-1.5433949738271344,-19.689656281761764,-14.533479268689273,0.00809500594346968,96.50771626523071,96.77406611803589,0,0
28.250000000000668,1.0078144602413204,96.46693906906762,1.3306895924469586,193.54599577152612,-0.9060661028323567,-1.7639790805948237,-19.164013278303237,-19.698423011358027,0.009899527253170781,96.47220337144518,97.07959362600438,0,0
28.258333333334,0.9138050751525952,96.43414304875722,0.9032881303019167,193.6328067596392,-1.0357274590728265,-1.9812510193923396,-15.335304300784223,-32.7083444701211,0.013499674352084323,96.43847253696808,97.19866427985137,0,0
28.266666666667337,0.3783444888411509,96.57265787831545,-1.3797664161759826,193.5268652610323,-1.1733922100234564,-2.201729916740418,-14.012373396301122,-40.0909686177203,0.016660976579045972,96.57339899907427,96.9701463501278,0,0
28.27500000000067,0.3316767984798048,96.33528228255199,-1.4511880051540516,193.53106462325223,-1.2996952766754193,-2.4610204380881386,-14.712431117780152,-37.775645783401906,0.016239657188443335,96.33585325286545,97.21213253359282,0,0
28.283333333334003,0.24132675161200723,96.3773282525326,-1.6468161782054267,193.43181540349264,-1.4409011215577336,-2.707105067854628,-14.65686481540233,-31.621974263544463,0.013591894939638305,96.37763039054998,97.0728518168663,0,0
28.291666666667336,0.10929406898725347,96.49664593675419,-2.913096732113388,193.62354256242622,-1.5689155699952082,-2.8796204149324898,-16.37088156442535,-11.490454776724265,0.007420042742674937,96.49670783107999,97.17391056393974,0,0
28.300000000000672,-0.10723174039929972,96.51170968950134,-2.915620270038062,193.74368134704326,-1.6923111329898304,-3.029921335964467,-16.045949082266908,-3.5847501718857715,0.005761675871834182,96.51176926073181,97.27252108661747,0,0
28.308333333334005,-0.705256458100564,96.3918728177627,-3.0469759295524455,193.92432784278856,-1.830174781026869,-3.123748335462079,-16.633073629335247,-2.42535948693379,0.006017193703415025,96.39445280713736,97.5605628996249,0,0
28.316666666667338,-0.7964861682381752,96.49286456069291,-3.313234851051675,193.68935401014954,-1.9576606498927016,-3.1187799357751302,-18.246532595096067,-6.507546203896182,0.007653947352897372,96.49615174370645,97.22906759416537,0,0
28.32500000000067,-0.9861019469883558,96.5704791560143,-3.614094463692652,193.89354852930643,-2.0891552221295977,-3.199265780113271,-15.428437495928698,-7.8539717357207905,0.007181285766582057,96.57551367438874,97.35854444734927,0,0
28.333333333334004,-1.1518515167766736,96.55284458144689,-3.5977736885429294,193.7572816721986,-2.226943397430065,-3.3039172391125646,-13.83635768625836,-14.565312031910727,0.008622128312888222,96.55971498863146,97.23520517487604,0,0
28.341666666667336,-1.266240495125146,96.61090280008978,-5.228691608178735,193.78834693042688,-2.346344679895753,-3.4071614491307445,-12.19104931855374,-23.957914263609986,0.011223499707641693,96.6192004978301,97.25819588357646,0,0
28.35000000000067,-1.6756573929624778,96.67688341537325,-5.150622110056133,193.1692075097434,-2.4595315162876887,-3.6013167333808656,-12.772543573306123,-24.72899422343728,0.012226758824883888,96.6914040368029,96.55487553157536,0,0
28.35833333333401,-1.7039392629826011,96.29387554337364,-5.1699343795722825,193.69715433367514,-2.5686661608067434,-3.7976843141056214,-15.556400919070791,-20.842116209852747,0.012635419885993482,96.30895013535692,97.46492621066012,0,0
28.36666666666734,-1.7941329788838516,96.28587456297481,-6.0401236558493565,193.60460650336285,-2.69748759001032,-3.9510876903469825,-15.462412323980734,-17.137032967697124,0.01179820167336132,96.30258850883935,97.41131363098425,0,0
28.37500000000067,-2.2657125641842413,96.55562428653042,-6.868352876653319,193.86058454659224,-2.820389159369009,-4.054920817570986,-15.071482460037622,-9.894278531532615,0.009981803159864633,96.58220350967939,97.41375461944877,0,0
28.383333333334004,-2.315332446151217,96.48168172383816,-6.834681167110318,194.04779134344676,-2.934054596171307,-4.135657474631554,-13.544544308199836,-5.176798492594565,0.008807692704001724,96.50945897991662,97.67072365436388,0,0
28.391666666667337,-2.638354522558643,96.4160992275892,-7.217127424927753,193.6969743719804,-3.038127613326753,-4.157683009050682,-11.71559987225805,-8.178978650091938,0.009086320956368965,96.45219077268817,97.38857135285483,0,0
28.40000000000067,-2.7582554666155943,96.51166993397368,-7.315950117434795,193.4799894875303,-3.120272796710797,-4.252337969049359,-10.28373206346724,-4.226187844949197,0.008368536600288579,96.55107667273003,97.07537060228397,0,0
28.408333333334003,-2.7748581086421495,96.26366652012251,-7.403210506988273,193.53484169394943,-3.21151738602369,-4.346453257840422,-7.814289043516439,-7.388334590280789,0.008634841340288357,96.30365169307161,97.38122594022217,0,0
28.41666666666734,-2.915408865987274,96.46094383423156,-7.535176380766529,193.64587980741027,-3.2691645202836357,-4.476183068751961,-5.161667732140864,-19.142055682296533,0.01060479781403112,96.50499103283028,97.29467627779773,0,0
28.425000000000676,-2.9660823971223635,96.44105378928953,-8.159953449495674,193.5118560064913,-3.3122658766480906,-4.601262181645749,-5.519159808055197,-22.441692752228036,0.011877255501846928,96.48665452162363,97.20965455961557,0,0
28.43333333333401,-3.077946819242584,96.4283716180085,-8.527360882394191,193.7510656464633,-3.349888018042432,-4.739756650653819,-3.855668143980655,-20.51112098915715,0.011217687137127896,96.47748239627126,97.47513983877073,0,0
28.44166666666734,-3.1252796843330657,96.48501950482427,-8.872171909405836,193.61785618686645,-3.380631263883772,-4.891053875002365,-4.549537696663707,-18.635178058463868,0.011314887543959262,96.5356222435616,97.30269642793505,0,0
28.450000000000674,-3.224045260962953,96.5782742298826,-9.616209289636458,193.68773999365976,-3.4247014397691933,-4.994508273796913,-4.905303971987858,-11.093021881936659,0.010243143016688716,96.63207294199552,97.31961827861676,0,0
28.458333333334007,-3.1620815922971133,96.43248604545079,-9.614226171976384,193.60009584719694,-3.469734975419715,-5.091095014309359,-4.842187949284094,-5.428086671517067,0.009794175155612539,96.48431543469853,97.38159253299095,0,0
28.46666666666734,-3.3824113171332897,96.56031968151729,-9.002561150552651,193.61197349013474,-3.5117884077496613,-5.1526869294483495,-5.323645569261573,-0.5605958965401685,0.009690031336344163,96.61954276084671,97.21424582404482,0,0
28.475000000000673,-3.287943273399094,96.50272058306786,-9.346045073218761,193.4790012295445,-3.5471491804131805,-5.182600811309663,-4.657357296021682,-1.0052680465040422,0.009795702771796755,96.558716079403,97.16532100210023,0,0
28.48333333333401,-3.537529482169475,96.2718038826361,-9.82136583346346,193.5175826313643,-3.5806019693261404,-5.164168619999393,-4.372512285895946,1.78576663847764,0.00970834035043655,96.33677562413,97.44859200489475,0,0
28.491666666667342,-3.5438186192704393,96.23928580222298,-9.449406321420895,193.5393083314019,-3.613062868022735,-5.118720238002194,-3.591447506725753,2.211999724053609,0.009652491324169343,96.3045107049937,97.47907647432098,0,0
28.500000000000675,-3.549918043557227,96.46987848641811,-9.9934655419421,193.90555971002925,-3.6406619804355933,-5.1085991859786555,-2.7865501358180875,-2.8923875562841688,0.009831138659898375,96.53517169042716,97.64850884613196,0,0
28.508333333334008,-3.582011141686962,96.26414853560635,-9.801229572023885,193.51461449985555,-3.667715191467635,-5.17714752474501,-1.6155314300063501,-6.416016283139733,0.01017100066089105,96.33076921266877,97.44912420410886,0,0
28.51666666666734,-3.53316099210042,96.24803000068778,-9.7698219898935,193.48329283984896,-3.686693443881903,-5.22073423279829,-1.978648756860642,-1.3768427952595124,0.01004971730107096,96.31285742625121,97.43506699234189,0,0
28.525000000000674,-3.6376671483436667,96.19142974330691,-9.497985077787632,193.87973650101924,-3.694622177876572,-5.261307898600237,-0.0711725859480384,-6.183413220434006,0.01027108609135663,96.26018791974016,97.86392902097823,0,0
28.533333333334006,-3.623585652287659,96.54258568467088,-10.02310085203311,193.96635854636304,-3.676135139200446,-5.264937834378251,0.8229772159355496,-4.087641249441681,0.01009276934115988,96.61056476214951,97.63373040808365,0,0
28.54166666666734,-3.6238963741064367,96.55347445233406,-10.471901324025623,194.00541552848222,-3.6572134378502197,-5.2815197800642695,2.9212899236087755,-0.5278701328878055,0.010086216730177622,96.6214575223733,97.6922514394216,0,0
28.550000000000676,-3.601959574290106,96.57848112031013,-10.174811938110793,193.5421601780031,-3.625222507887272,-5.274193404032749,5.058007032165623,-1.2404689402403488,0.010106109767692217,96.6456265346804,97.18619986705863,0,0
28.55833333333401,-3.5249103924874703,96.46208573603826,-9.585028123613142,193.86137327246212,-3.5810122108724425,-5.299180557156175,6.664851039164717,0.9782543093498764,0.010340046318879192,96.52646775792566,97.5876336403239,0,0
28.566666666667345,-3.2564535888050727,96.4612135865649,-9.966900443199904,193.4390647850829,-3.533292558906481,-5.309397043472491,7.457923157939566,2.9020839568928487,0.010529087183974717,96.5161655712085,97.20974087028294,0,0
28.575000000000678,-3.240892545959298,96.48268881932995,-9.06580790372476,193.99132031945055,-3.481399905011489,-5.261051025553479,6.424635364688195,9.107396536077742,0.010900405049972584,96.53710491982919,97.68245930540162,0,0
28.58333333333401,-3.1537176881701043,96.45893156989757,-9.47765986764773,193.82495651684326,-3.424578473767259,-5.172297102950899,6.264759486022295,7.952990653125901,0.010385043210563438,96.5104730838206,97.57117944689725,0,0
28.591666666667344,-3.0761792429586308,96.4479483410824,-9.376007381296859,193.75287210118933,-3.367254033181507,-5.037096504161972,5.661515990939122,11.281288238864613,0.010372958826747158,96.49699279220523,97.50864588605884,0,0
28.600000000000676,-3.0235425931979307,96.40856067354144,-9.065073160314228,193.93822366405067,-3.32462557347466,-4.927924048159637,4.475761285569988,15.97598832602978,0.010660134927400033,96.45596083683374,97.71660685183305,0,0
28.608333333334013,-2.987297594069503,96.45860002707616,-8.668097811105952,193.7534181566312,-3.2924974261416824,-4.827477356229456,4.036377891742391,17.75815855990056,0.010662638035758842,96.50484685288605,97.46052085828944,0,0
28.616666666667346,-2.892901104161524,96.45697826221601,-8.040972594302957,193.83865623371702,-3.2358406201805208,-4.827845531971263,7.2429779298570764,3.5225637881062544,0.008920770751255969,96.50034990753178,97.51765914239704,0,0
28.62500000000068,-2.6813549608065728,96.38077870418522,-8.07753190960824,193.8758275957316,-3.1704682563688893,-4.76040441206931,8.428613786801831,7.965940640436046,0.009482553251017656,96.4180697175118,97.64426907928494,0,0
28.63333333333401,-2.6813660187143,96.29705531590321,-7.464548839096608,193.96276833789585,-3.0825956742138216,-4.6337185394103555,11.115220444886978,6.182175359547595,0.009439106732548552,96.33437904632198,97.78277117154855,0,0
28.641666666667344,-2.5981112811241474,96.33678343873106,-7.959110394344464,194.05291176924175,-3.0021886913171896,-4.544269767824431,11.596688640001691,6.627939882285114,0.00931962709930012,96.37181136385303,97.86307806009773,0,0
28.650000000000677,-2.296347880754638,96.27184697886162,-7.912671128073953,194.0612869584897,-2.9073851646266684,-4.47456610943102,12.1360092549583,9.30759951760172,0.009685616982160195,96.29923018545264,97.9505878407458,0,0
28.65833333333401,-1.919512076647095,96.51254916432714,-7.735078245003933,194.1762960781483,-2.7972711724876143,-4.367789499209628,13.026910160143577,16.430723873388345,0.011388529424564808,96.53163560620455,97.83674295020992,0,0
28.666666666667343,-2.040379858002723,96.54675062942101,-5.406764160652756,193.49443067872727,-2.6901964094541744,-4.217324563126718,13.265457977780608,24.725975697333375,0.013795767092667166,96.5683085026581,97.00610913862994,0,0
28.67500000000068,-1.6887683262821724,96.38608669189034,-6.046197292541535,193.4546349943629,-2.5769041436855926,-4.052410567207848,13.741743794132994,24.844737658258655,0.013606043132610157,96.4008799038497,97.16630206375791,0,0
28.683333333334012,-1.7579467174226693,96.49336729365166,-5.823155120623596,193.29310495531286,-2.4800065015234716,-3.9064548312773897,11.028544999741538,24.133837281160925,0.011679642850637606,96.50937938008337,96.88506144255616,0,0
28.691666666667345,-1.3402379417828456,96.57044104965763,-5.0249195384801055,194.1332263013652,-2.385473443871969,-3.6963697786765954,10.284661805946424,17.781326176854357,0.00893774050303664,96.57974074445424,97.63234066916478,0,0
28.700000000000678,-1.1645234440718468,96.53159645043235,-4.230188385975396,193.42589674111588,-2.2925938467262585,-3.4531071639563313,11.944838685546031,18.09864914928982,0.009179711968543725,96.53862039681796,96.94278586030613,0,0
28.70833333333401,-1.1095362537251958,96.51834447507025,-4.155604713360503,193.4077925510432,-2.170624444392257,-3.3435501162116794,15.43155720306964,14.043210273766961,0.009091221124974957,96.5247216567168,96.93731831202803,0,0
28.716666666667347,-0.8983497285417457,96.47215781861286,-4.125896893963727,193.91914801087773,-2.026864579415201,-3.237924321109983,16.222734081722336,26.36442636495282,0.013504229185856254,96.47634044891066,97.50042542592514,0,0
28.72500000000068,-0.8622350161440409,96.29306172565623,-3.3966681740636773,193.21498773280643,-1.9000235404792376,-2.943965508482426,17.596033665436682,27.13691028774148,0.014106774330421956,96.29692199506745,96.95505707474706,0,0
28.733333333334016,-0.2935142222590912,96.39946864262612,-2.173116177752661,193.72283162909866,-1.7426491868097367,-2.6259526170960417,18.350342245990053,36.775313781111215,0.018793658792816803,96.3999154832582,97.3415116304847,0,0
28.74166666666735,-0.007768753769255454,96.42805713605793,-1.314427410476469,193.66754513585244,-1.5965932397579126,-2.4396840828674677,20.330835311023296,32.59127696323083,0.01760101176949691,96.42805744900386,97.248266736777,0,0
28.750000000000682,0.29504202265297863,96.59172994984112,-1.5571425156039709,193.25401103552701,-1.4468470808234029,-2.228362239363787,19.13669585383602,30.183992850143515,0.015236840097926141,96.59218055566488,96.6800246806542,0,0
28.758333333334015,0.32648878861181174,96.38031159798732,0.3381935177391142,193.38984812288396,-1.2884648607431106,-1.9732435210981132,17.320489781894025,25.803407550999218,0.011774836591941895,96.38086458760483,97.00953723101632,0,0
28.766666666667348,0.6078682044119432,96.5139882773783,0.6443263699415525,193.37202359535314,-1.138910447553885,-1.754468796381861,15.964758942371981,19.526794007653077,0.008343530218567263,96.51590250813516,96.8580421795521,0,0
28.77500000000068,0.9825973316499699,96.41046908517666,1.1967709765987706,193.5985620656936,-0.9954580153978474,-1.553654847928042,14.725582708948608,21.26352377038938,0.008120028284521297,96.41547617856777,97.18832896773047,0,0
28.783333333334014,1.0821443973628675,96.4560853727022,0.1131530794656328,193.1016997909294,-0.8754731457043234,-1.3670721230680685,16.31131386505377,22.734870599762914,0.009278871324907012,96.46215549075586,96.65047196186266,0,0
28.791666666667346,1.221399537711875,96.44980506110096,2.0773572010528483,193.2779706307012,-0.7429370594334629,-1.1289718742037569,16.888513572817235,26.825072252647246,0.011074390167503001,96.45753839464855,96.83194881388759,0,0
28.800000000000686,1.6205514703963786,96.24904396719938,2.744600236970143,193.17068678922863,-0.5969731204511717,-0.906301799214512,17.906168660051268,25.12162035109555,0.010779340648430225,96.26268566619198,96.92816068073637,0,0
28.808333333334016,1.8278315150917024,96.30945434541928,3.1191848283297645,193.18803975236779,-0.4366294728014652,-0.7831874024513936,17.910961006246172,30.964312265400892,0.013327059779736139,96.32679774787472,96.88719163971585,0,0
28.81666666666735,2.0562639493525126,96.29273881028001,4.137432072132981,193.0460290749836,-0.30322436383335116,-0.5063130687347331,17.522395730971645,32.15011798158985,0.013551806531091781,96.31469134568316,96.77567069156001,0,0
28.82500000000068,2.3194956676356924,96.34840362900883,4.419353614700299,192.87222038467684,-0.18115459666113976,-0.26395713430572204,16.58668583368452,26.163043503464852,0.01020837449844647,96.37631940477175,96.54665506624053,0,0
28.833333333334014,2.5655213727302453,96.50893249544094,5.293690294181772,193.35996585209705,-0.0227827599895786,0.03858810895930185,16.90082535464022,21.219555257000884,0.008386671597772732,96.54302642513085,96.88945024055037,0,0
28.841666666667347,2.8822982653720715,96.46607114902054,5.335193163242366,192.89301576556608,0.15594146852195942,0.16407500458050392,19.36827503109214,24.489073121221992,0.011101311072123643,96.50912146641093,96.45813776692114,0,0
28.85000000000068,3.0356558650942134,96.45324799440795,6.175777441822049,193.0062089378082,0.3218261371899941,0.3502319431507706,21.52072544236666,22.164772292844262,0.011453556668339804,96.5010064983886,96.60400939119663,0,0
28.858333333334016,3.165371054561831,96.23874167552617,7.06626391527135,192.75762918661184,0.4826335092963941,0.5464935416599549,20.8823494216295,22.041550182042247,0.011091220555630166,96.29078342812315,96.5976842967177,0,0
28.866666666667353,3.6080771574445407,96.21669635439298,7.175495057966998,192.75094902355943,0.6507134772670436,0.7662592785883157,20.75089175056133,27.29557661209007,0.013483565433539457,96.28432311714889,96.6001470437361,0,0
28.875000000000686,4.2140149910782725,96.10599163591598,8.735693656192893,192.7195524713747,0.8149261279237288,0.9457321071479368,20.10180474505381,22.473351247829967,0.01107211570570188,96.19833444851207,96.71931407561488,0,0
28.88333333333402,4.386774097313321,96.17638238621919,8.448974403391617,192.75675136584766,0.9655819908501315,1.0989513219717817,18.120395646646266,19.79854784840341,0.009054768633848465,96.27637465069564,96.66575993374222,0,0
28.89166666666735,4.323637076292982,96.00730179842117,9.13121060023525,192.50027364231903,1.1169285102104318,1.2917982184550052,16.835186530377307,17.096093002912944,0.0076496140677271285,96.10460881862336,96.61266158457376,0,0
28.900000000000684,4.537774810589838,96.04648634710463,9.894804573810916,192.91639585817438,1.2636096604587121,1.4207824496944803,14.589880239125291,18.336921576142675,0.00720454467991738,96.15362156391294,97.01792172875523,0,0
28.908333333334017,4.970736835650314,96.12741776870155,10.508223082447785,192.57217269079734,1.3918299498126532,1.620151704894439,13.024965287134055,24.852025786179357,0.008978698237640526,96.25585006412737,96.60359468423829,0,0
28.91666666666735,5.075254209409593,96.15944993217704,10.065374071744088,192.73379226599928,1.5041894514611192,1.8630864914268934,14.639184896526606,26.434393404081266,0.010689301597483158,96.2932916487384,96.70317933476001,0,0
28.925000000000686,5.242401287834582,96.08339645144042,11.301919834711441,192.57808957112996,1.624471519238702,2.1248022997885,17.532016355573536,35.12602752199046,0.01676673074421542,96.22630536868473,96.68476387354424,0,0
28.93333333333402,5.591012238708174,96.11959343452548,12.213753811999425,192.4877931380741,1.749954383560355,2.4185332116463503,15.968071072448945,34.05023561936416,0.015608978199004753,96.28206302251661,96.59549999896282,0,0
28.941666666667352,5.70220814238553,96.08377299842675,12.613651217161873,192.26421814762438,1.8858950498320013,2.6227075624635705,14.061808522816676,32.85174486442956,0.014250574105632463,96.2528265107695,96.42845054481424,0,0
28.950000000000685,5.967033345237894,96.43927162996812,13.812424109652568,192.0792920973654,2.004564975447683,2.8236133924257563,13.795859563607626,27.82451769257501,0.01228271987135221,96.62369584869931,95.96126130502107,0,0
28.958333333334018,6.210921036407967,95.78300447707238,14.04472435124461,192.16543558191472,2.127836632145841,3.037283822309115,15.368739337495551,20.322844665256657,0.010642268223645335,95.98416268726504,96.70026628740598,0,0
28.96666666666735,6.346830975025227,95.90151530717071,14.744512494468097,192.06688055119412,2.254339800961446,3.2896139577672203,14.561503484326062,15.608162795646034,0.009246506590033565,96.1113047546283,96.53133443301412,0,0
28.975000000000684,6.381598115674535,96.28266795258236,14.248591961055467,192.0706227846174,2.3847653075163477,3.403092404667956,15.088135304732399,14.749641487121936,0.009574315351633,96.4939217908424,96.11046708380543,0,0
28.98333333333402,6.843073576243967,96.19010078793457,14.940544987333055,192.0790073784791,2.507230454459978,3.5421205359637877,15.766841774084687,15.697423976492821,0.010550702874328355,96.43320561696007,96.23020030314589,0,0
28.991666666667353,6.990838012936592,95.6287587229537,15.673026635385213,192.07120795203747,2.630126326046094,3.6961503983601145,14.725124236355953,18.783538297194102,0.011502187529010222,95.88394709760344,96.83246569503524,0,0
29.000000000000686,7.228475720523306,95.54750289159438,16.45476344433297,191.92682003471003,2.74673443465938,3.81114721408092,14.344629463695444,21.88319765711555,0.012773507401160789,95.82054148282315,96.81992128759343,0,0
29.00833333333402,7.28911305114832,95.8316199439501,16.96941308631068,192.2086994469568,2.8523197487987875,3.97416350511911,13.082652850308707,20.462659211792726,0.012152543357313306,96.10843121263667,96.86201351561736,0,0
29.016666666667355,7.593369991706311,95.46221325512073,16.942495494418438,193.32733992774473,2.9634121689597914,4.1328664134814534,11.337568893289752,20.129377345844354,0.011775995799673922,95.76373753878393,98.31067676663713,0,0
29.025000000000688,7.6555511918707,95.77873199058087,17.644477234641386,192.07189610300486,3.066625578618671,4.2880656998052284,9.809113657680202,11.966091626556096,0.009564641550388053,96.08419727392675,96.80987603684947,0,0
29.03333333333402,7.730053132219098,95.14937371511348,17.869538935213143,192.09662964972654,3.1483931052150282,4.369864059603065,10.72011540032394,7.435613387460662,0.009248298564367374,95.46285685964598,97.47604631703362,0,0
29.041666666667354,7.972383967886401,95.51872507516453,17.903717725897934,191.56477238826284,3.2330752198841863,4.4813116547269205,10.210651515220844,11.670241016459775,0.010314490869325343,95.85085156698544,96.55814100676824,0,0
29.05000000000069,8.08732111051097,96.1089644218182,18.384359368413243,191.67862025590472,3.3019504709995635,4.634338344772479,8.96020709789323,18.941384984918734,0.012109471352839574,96.44862780246712,96.12277624543754,0,0
29.058333333334023,8.236736964560123,95.16985545648942,18.747533911372614,191.42448906264525,3.378439245035687,4.763757897794716,7.963673452516493,19.574083780686085,0.012348544055068356,95.52562600387625,96.82681107581942,0,0
29.066666666667356,8.328834416473228,95.20051528733381,18.75674200026134,191.45122920022408,3.431678574152163,4.927745343421169,7.371443172815198,17.24373566598762,0.011988059977372068,95.5641543347238,96.81395139811758,0,0
29.07500000000069,8.413267154565574,95.17513833043597,19.528297190393516,191.72557002288858,3.493012934085515,4.9974298604275,5.94053271819345,15.373168573039427,0.011440957306990907,95.54627161973258,97.18811528523595,0,0
29.08333333333402,8.406213839923282,95.10372177347136,20.26518044650919,191.35548262194328,3.5546454525700857,5.137096965433307,6.218672400356063,13.758302834309792,0.011605434811246429,95.47451139591325,96.97956772128627,0,0
29.091666666667354,8.485933056805607,95.05355058503818,20.03163408850122,191.05735915353796,3.6191937575221163,5.234416066242594,7.563650358582195,7.694313022111073,0.011222142441578153,95.43159088408302,96.69557627921998,0,0
29.100000000000687,8.69926165248637,95.07288902255425,19.822909679395877,192.00326326440103,3.6931535866453458,5.285571908780953,8.694358706806211,3.5776457212457506,0.01119059209055795,95.47005488839596,97.56655675020535,0,0
29.108333333334024,8.756494682782204,95.78800316567782,20.24540817588843,191.60486622561655,3.748997975487239,5.293031423119954,8.890513673961385,-3.05746661500746,0.01079427109608,96.18740951703346,96.50319362538801,0,0
29.116666666667356,8.975942752549884,95.74926780193226,20.212537629010853,191.41304587561945,3.8108881299702038,5.2704255020673285,8.100291048570163,-7.359622389073242,0.010692536043466205,96.16906900299698,96.32143842234387,0,0
29.12500000000069,9.099528489376326,95.04719113398329,20.923775502755632,191.1626473179232,3.8625163319873295,5.223254542274902,6.045788621623648,-3.2605024304477177,0.010649461678273742,95.48177816310778,96.84004200164455,0,0
29.133333333334022,9.130673015039122,95.01860829814183,20.255041698045773,191.09699724412735,3.9101221385087648,5.192327918982903,3.6231797436303737,1.8196599205048283,0.01072632629444037,95.45629949156458,96.72025848317162,0,0
29.141666666667355,9.18748739786838,95.81097980221983,20.39632367375691,191.14887706832957,3.932683872768156,5.230695555910228,1.143455230123884,2.445565389499105,0.010731214329467331,96.25047415648073,95.99454497930063,0,0
29.150000000000688,9.082463919294526,95.78707944786458,20.07936821729254,190.72110458323493,3.9382201217822623,5.288821610994907,-0.38206454981319876,3.3718251492051956,0.010837772021873526,96.21671237366618,95.56882877038127,0,0
29.15833333333402,9.191828986195333,95.79398067769745,20.609327470845415,191.1007941693922,3.939681253908713,5.3119173546241605,-1.8356277014368072,7.336194464925974,0.01100698871282102,96.23396725787902,95.98826995830103,0,0
29.166666666667357,9.130309745517593,95.79715957948764,20.844170130215787,191.39646037578478,3.928016867687659,5.330754425866454,-1.0199059949395453,5.157945315105516,0.010937570102925065,96.23127526717555,96.31428158821048,0,0
29.175000000000693,9.092155800554337,95.0042025120191,20.821334409475128,191.9287529958047,3.9175154637765313,5.326744781603858,-0.0006073704991056511,4.221896411464805,0.01089918129609524,95.43828263357578,97.6316655461939,0,0
29.183333333334026,9.019004822413137,95.12737891433386,20.761896824950497,191.2672363780681,3.9201389989121997,5.385092418772773,0.6752886433720517,-0.3674621394514872,0.01093926323704153,95.55396730171888,96.85436337992415,0,0
29.19166666666736,9.066573085090795,95.03132073732382,20.843589191762533,191.36968035524524,3.9204956492491547,5.396048406146596,0.24929445895446634,-1.9279441837598634,0.010974270459212843,95.46284444006164,97.05553895707733,0,0
29.200000000000692,9.149386536714474,95.75839855177571,20.582415020175972,191.302734709417,3.933827944088756,5.386820332966841,0.5097682825360018,-4.7326228964036385,0.011067397779821242,96.19450175139394,96.2259544619226,0,0
29.208333333334025,9.120299005330367,95.12069850580883,20.337202999170643,191.14813728338504,3.9269557171151654,5.3464012786148,0.195808035181611,-3.863729890379998,0.010943767244529834,95.55693139788245,96.68033891845941,0,0
29.216666666667358,9.071622380478857,95.13825938470865,20.60470021085115,191.25936389211336,3.9258031728726173,5.285537241625048,-0.8265842123231301,-5.083367994729374,0.010926790326732938,95.56977938326587,96.81052946846661,0,0
29.22500000000069,9.13613649150011,95.75708111764112,20.663421239238517,191.01404507213778,3.898457506414473,5.22196987669507,-3.193991004106847,-7.951506324677551,0.011205267676158925,96.1919309202275,95.95190188570375,0,0
29.233333333334027,9.03841942771055,95.70853686573224,20.283190065574274,191.2163196345855,3.8658322484242165,5.120042101588495,-5.651896384395948,-10.981748299938294,0.011760471029672814,96.13436978901169,96.16746558020868,0,0
29.241666666667356,9.021793214326863,95.09040745344475,20.196146576455703,192.21782765484954,3.809290784392323,5.069030222625746,-7.565513730442239,-9.830274309304862,0.011745131756716987,95.51742428721691,97.76810281498754,0,0
29.250000000000693,8.805126678154181,95.8061641996722,19.71318716944893,191.35061712430343,3.743451192603276,5.004659735231314,-8.925939824009582,-11.738428278422399,0.012155305729625532,96.20993376191927,96.16510941265973,0,0
29.258333333334026,8.699350177463373,95.10926722283864,19.2369996370241,191.15862839762644,3.695412965763063,4.865289997798882,-7.535327126080779,-16.753301854031243,0.012471681265247003,95.50628987231919,96.62567897933455,0,0
29.26666666666736,8.503500935294255,95.8254681939843,19.030105183466446,192.07727181005396,3.6285732827605317,4.721048000126136,-7.933211744474833,-14.941109031002394,0.011734986900960642,96.20202639629193,96.82571505723092,0,0
29.27500000000069,8.52146340166047,95.80895433667405,18.92012630213719,192.0342231477432,3.5576974087790965,4.604786529097192,-7.759568229928146,-12.672826393735491,0.010817105653912584,96.18716686540222,96.78550794349466,0,0
29.283333333334024,8.370749137442829,95.85886756450424,18.967664144671744,191.83877423777898,3.4818726382466254,4.527922175500845,-8.328409035285103,-10.989967054763055,0.010316577834894147,96.22365578105605,96.5631249115363,0,0
29.291666666667357,8.390661775757849,96.35342903695175,18.03579313834672,191.8943775927453,3.3945890349795835,4.433118922015696,-9.240585207292552,-11.294710978911738,0.010250926842837238,96.71807738067409,96.02656616761001,0,0
29.300000000000693,8.367328228236488,96.3198782542313,17.743486463589647,192.1143820599881,3.3008372096937157,4.356760747841885,-12.534118624407192,-10.033184422198168,0.010642047476137062,96.68263095607702,96.25226907790555,0,0
29.308333333334026,7.837871221126136,96.17441738046415,17.75593895196613,191.91259666933325,3.20203163310004,4.217414803661866,-13.478953478281232,-16.248550261785784,0.012137283617017047,96.4932680747765,96.25054306891559,0,0
29.316666666667363,7.760390305586327,95.55308858055446,17.397055967874394,192.1778426600693,3.119972813837966,4.01311785429059,-13.288841325784496,-22.406788102822624,0.013535251467014398,95.86770256441073,97.10411127245563,0,0
29.325000000000696,7.517958257455064,95.85701252017128,16.861261929495015,192.31235262612046,2.997065267033737,3.8238973059043304,-13.876887054167119,-24.354276839217984,0.01397971814451715,96.15137308251562,96.90681069183054,0,0
29.33333333333403,7.340948583343732,96.2633517949588,16.05786748761261,192.16106678951598,2.879820132866705,3.6894785834732615,-13.98973109051191,-20.136834843596912,0.012095975501398737,96.54285279037124,96.29307564077969,0,0
29.34166666666736,7.100502222869636,95.5108298283302,15.622501706729395,192.08341736639483,2.7389652074478743,3.50183135624912,-14.578466088847284,-27.84397073104087,0.014758297024767053,95.77440026600651,96.94786815087818,0,0
29.350000000000694,7.179525774378249,96.15995714540014,14.641448399045771,192.53973195178725,2.614458329813225,3.276490466018117,-14.378767281648361,-27.982277750539737,0.01418241015845556,96.42760470192212,96.66820201589773,0,0
29.35833333333403,6.900657750110668,96.2447865865023,14.556286983777682,192.48719233353802,2.50546922420111,3.0623035706875217,-16.08199046129827,-19.90516604837852,0.011493685117241359,96.49185469491991,96.54641020224642,0,0
29.366666666667363,6.353986794379352,96.30415212033694,14.269377385132827,192.24725232139292,2.362990080106312,2.949401335510472,-16.706566853345883,-12.600670667433574,0.009060680622719364,96.51353720489237,96.26905984995416,0,0
29.375000000000696,6.31610987865605,95.97917824593884,13.887584431167681,192.10848622560513,2.2217115569411408,2.776475273940702,-18.161297146603545,-14.237534736399573,0.009801528594000075,96.18677612211023,96.42702463287388,0,0
29.38333333333403,5.971414454531725,96.16024917295391,12.241040041064423,192.68906747965298,2.0787167898397487,2.6727254631906394,-18.10296730742896,-13.911447389289782,0.009345267805235036,96.34547893696089,96.7322126733542,0,0
29.391666666667362,5.9407498960404155,96.07180185145336,13.064837384398857,192.89528981869705,1.9367350354551158,2.5580581943962644,-16.7775099182507,-15.457523599574602,0.008899543166966506,96.25530437493937,97.08522258657477,0,0
29.400000000000695,5.566214982261158,96.09333590548795,12.5540762743978,192.46624131503506,1.7743483122161312,2.3896314615936416,-16.30106059292971,-24.896071578682918,0.011699199808698602,96.25441265040106,96.6259132040451,0,0
29.408333333334028,5.24915715583586,96.08496261485601,11.709410323803013,192.44547918088193,1.6431787158233933,2.155979625130691,-16.500331164934057,-25.965949724841252,0.01189010648460398,96.22823749578365,96.57682964285785,0,0
29.41666666666736,5.0873123168098004,96.12474232873853,10.460771354880194,192.62017582131494,1.5028221247014033,2.0018977829084172,-18.78429446045629,-19.9411284695268,0.010465162916915016,96.25926882318991,96.64493130503047,0,0
29.425000000000697,4.920091848158506,95.90047942387287,10.960630062371365,192.66157339133974,1.3620116946696088,1.7675536790561193,-16.803879247583293,-28.22555997736929,0.012449435320267543,96.02660702910927,96.9494580062123,0,0
29.43333333333403,4.617934929613455,96.07449229807622,9.627581399753126,192.4513623547931,1.213261728988751,1.5664537649928378,-17.74197102766548,-33.427138677385756,0.015233742161918418,96.18541154118566,96.5069823364355,0,0
29.441666666667363,4.229393494523379,96.26235048965555,8.613230365107597,192.94607395264865,1.0640874003900933,1.306421849809597,-16.625203018176126,-25.195163249898833,0.010527091392482202,96.35521724911841,96.78305847810564,0,0
29.450000000000696,4.209729647272638,96.40889986471558,8.968294626796762,192.86769046312253,0.9342142511569932,1.0850425044165806,-16.97161181109356,-23.050386339899124,0.009660603813627766,96.50076578363449,96.57609551214873,0,0
29.45833333333403,3.8061788144577804,96.2383477555419,8.286706584956107,192.5976288724534,0.7799639825157911,0.8500703782396489,-18.603283810082985,-27.275132844073205,0.012207577400603853,96.31358458641357,96.46339298651165,0,0
29.466666666667365,3.785572365277744,96.28117891719234,6.538251910473491,192.80130317755248,0.608790845299414,0.689744333448603,-19.706593118281234,-26.126308900711585,0.012238430569669667,96.35557052821159,96.55936843162296,0,0
29.475000000000698,3.196137655117184,96.16735900368673,6.979503457841076,192.8489779545029,0.4417733216371657,0.43194826939256586,-20.117082461569854,-23.404756467932316,0.011175553402515082,96.22045641990286,96.75561637314932,0,0
29.483333333334034,3.1739409693327048,96.4198399881555,6.403575980619905,192.92256992650505,0.2832466570644238,0.23366387917199516,-20.78707526621959,-28.156674044453563,0.013695818239040314,96.47206561807579,96.5567575463269,0,0
29.491666666667367,2.757194403848473,96.28938334031068,5.059662281582348,192.9148796029163,0.10935736233636693,0.029012542590094573,-22.103123382386844,-27.648428296401367,0.014297569441053426,96.32885063696085,96.65292487205346,0,0
29.5000000000007,2.311332108707802,96.25343700767337,4.3138954311264115,193.2307512861525,-0.07658971185049616,-0.23502129869578012,-21.062888117023906,-25.6881069060191,0.012686500122046862,96.28118399722186,96.99798835299218,0,0
29.508333333334033,2.1567167118090538,96.1666662294295,4.5108471924900755,193.05927067079898,-0.2441993145413096,-0.5144809942418244,-20.42295688371616,-32.50621953984189,0.015661840407133365,96.19084738506825,96.92119853650058,0,0
29.516666666667366,1.9678222751856538,96.17226435994365,2.9559040624077397,193.27167286888186,-0.39356336623549587,-0.7854967195473472,-16.608926204771546,-41.79531086715842,0.018152714001527848,96.19239448431256,97.10443572980537,0,0
29.5250000000007,1.6529205472543254,96.23422616520878,2.56326133342111,192.63024511675314,-0.5308624126865538,-1.0636157185416053,-16.643429420657455,-29.29400800072195,0.011897108418200464,96.2484204127636,96.4003173752735,0,0
29.53333333333403,1.3182247174085546,96.2185913945197,1.9643794001003698,192.93259102965743,-0.6764745633694473,-1.2832456737757043,-14.644010962612262,-26.97503406431554,0.009925790748302354,96.22762101575165,96.71615811899987,0,0
29.541666666667364,1.2463919812749396,96.47513664504271,0.8768454594941204,193.008969424523,-0.7989323118826243,-1.4815769485444887,-15.027969125980416,-25.590641287243173,0.009737846419235918,96.48318756991111,96.53454011766163,0,0
29.550000000000704,1.0700847600848533,96.43674466276559,0.24601991591742944,192.92575040004044,-0.9199285323516389,-1.6881216056041468,-15.724053623753042,-19.831256775402114,0.00812949470868718,96.44268143589338,96.49252463810475,0,0
29.558333333334033,0.9365179493974551,96.24496169667765,0.5781597446499518,193.13618942122014,-1.0680916924550663,-1.825311541849648,-16.63043369134743,-9.383648667222635,0.005560478147359937,96.24951801367366,96.89189042728015,0,0
29.566666666667366,0.4061850557280309,96.42221953543987,0.493919879827331,193.25191481381103,-1.2253182301073915,-1.886902467711226,-18.488618174366625,-9.65874963000904,0.006582291626357151,96.42307507251601,96.82973502546403,0,0
29.5750000000007,0.3508256974538426,96.34445122063659,-0.9699798209262553,193.497891982532,-1.3648414662523947,-2.0652588668216056,-19.113911522999636,-13.608024590764758,0.00831598545935952,96.3450899614278,97.16241855312425,0,0
29.583333333334032,0.04006612386342567,96.46355894366593,-1.0584373609416957,193.44517436826374,-1.5085768094755936,-2.209995089274781,-19.057240946153687,-18.437421496928355,0.010219814987682874,96.46356726439465,96.98783655835774,0,0
29.591666666667365,-0.2303279361362911,96.34479275503753,-1.3650331800421327,193.22490675893482,-1.6489712654691455,-2.2931311200573634,-16.294844228639146,-22.372958694815463,0.010466160781038347,96.34506807288734,96.88675887549692,0,0
29.600000000000698,-0.5941409705017122,96.28825685873431,-1.864390059120126,193.70080322081537,-1.7934503539917603,-2.510973692100125,-15.176647808144546,-28.812194211321334,0.01285348772517736,96.29008989707313,97.42082796554199,0,0
29.608333333334034,-0.7129732024337727,96.2829964488185,-3.0652188075944764,193.71801681438393,-1.9295448053994304,-2.781480749859968,-14.338679451831252,-27.920150209387675,0.012462771814410356,96.28563618707923,97.46340981632619,0,0
29.61666666666737,-0.7081319447440819,96.42058471021261,-3.6792175351071137,193.7600816522763,-2.051731934191172,-3.011177130334641,-15.272682167816702,-25.040559511594267,0.012215650489086904,96.42318500604743,97.38482948857738,0,0
29.625000000000703,-1.022479274372813,96.46509605807711,-3.4755117167408116,193.7985714801195,-2.168867170919106,-3.1471967221504253,-12.925623982230274,-25.48399841427238,0.011526190405145353,96.47051477710983,97.36438160794039,0,0
29.633333333334036,-1.1824221418938237,96.5506190616594,-3.973218056703274,193.3945910996822,-2.2533797862156266,-3.3260861587678097,-11.183247335744204,-17.027722771582617,0.00835221520002083,96.55785914834333,96.88417549806293,0,0
29.64166666666737,-1.590770028003135,96.54761208513548,-5.614370575464591,193.66610752965636,-2.350391761161085,-3.4706504458100174,-11.682991202770841,-10.690451996620716,0.007292500460403417,96.56071638416832,97.2018082073217,0,0
29.650000000000702,-1.6165516317188917,96.29762189481312,-5.086672538399057,193.8286945332536,-2.4630501567053935,-3.6003998728278455,-13.81180334034304,-9.757519988203123,0.008163229057175592,96.31118949413097,97.59278594810036,0,0
29.658333333334035,-1.7383801531701124,96.20881691611788,-5.223230398575936,194.0044140967325,-2.5972565594800825,-3.677307508556534,-14.747610368248324,-13.444603693957403,0.009803277922057596,96.22452087672885,97.85766709433625,0,0
29.666666666667368,-1.739407610925241,96.56087231190924,-5.322834228717227,193.6946147201436,-2.7217911707511484,-3.8131322835917763,-13.894982831849598,-16.703189765703076,0.010821458864233247,96.57653752580792,97.19981924136653,0,0
29.675000000000704,-2.069358035248399,96.32434212202173,-5.982444131856539,193.70027820195912,-2.8289728384308117,-3.961864548144274,-14.104349398405079,-13.50981673152494,0.010421575584738108,96.34656780559615,97.4545287313192,0,0
29.683333333334037,-2.538801167048291,96.24807465884584,-6.949240749182479,193.737649859663,-2.9269748205517248,-4.027408279308434,-12.87866397299686,-12.870857579138908,0.010088260527223891,96.2815526822276,97.5892886035319,0,0
29.69166666666737,-2.675791442494017,96.25703104210248,-7.421360363891381,193.89161779665818,-3.012370051597959,-4.042566586293091,-11.992990068589652,-12.462816730367004,0.009876652217797766,96.29421522025092,97.74984887518035,0,0
29.700000000000703,-2.6951384232510804,96.32557185214108,-7.344809060573539,193.47171660337017,-3.1025432493244347,-4.238871624801271,-8.716737408998895,-13.83523403975842,0.009646137787636011,96.36326874780909,97.25735384567243,0,0
29.708333333334036,-2.675983949921715,96.34043749240635,-7.634483049473431,193.86448803427356,-3.175429642192918,-4.408679564240831,-5.633503618586385,-15.68020696021485,0.009627681976361657,96.3775948357734,97.65002379627424,0,0
29.71666666666737,-2.8370195270888416,96.21427587365667,-7.49774149361275,193.57083571608837,-3.2410309803776642,-4.553943597137835,-3.7020996420935193,-16.409625364790372,0.009700212993483337,96.2560936340614,97.46805668321403,0,0
29.7250000000007,-2.8501744978216266,96.4770059485669,-7.744667236199575,193.52864404784538,-3.271395628201197,-4.66454090616082,-3.9773863364891655,-16.637376293063785,0.010072989604324789,96.51909744432884,97.17497886245901,0,0
29.733333333334038,-2.9772873018858945,96.42567826444906,-8.466670961550165,194.0769783661517,-3.2962198730898007,-4.7687116300748045,-5.551615952222331,-17.40816819980485,0.010884156728400818,96.4716314179304,97.80546888858404,0,0
29.74166666666737,-3.01670875792621,96.45435663949826,-9.712297578411494,193.61859412399508,-3.3324117942718425,-4.841699468099488,-5.213505294640447,-13.022941948778056,0.010128418642938897,96.50152043605152,97.39466081668289,0,0
29.750000000000703,-3.12174494081205,96.44390722159233,-9.001173678882083,193.8325063208755,-3.368195749561405,-4.997415023251816,-3.7765700556352173,-13.07213316414692,0.010207581314190861,96.49441710090068,97.56591062869727,0,0
29.758333333334036,-3.2183138183047504,96.71569637825837,-9.101622817926113,193.99427400631043,-3.393087202712231,-5.094283101147087,-1.9254605166184888,-9.213182319411143,0.009619920620889122,96.76922790724618,97.45632349992472,0,0
29.766666666667373,-3.137018538869768,96.4669333510634,-9.10365662777258,193.5833490279427,-3.404610246927352,-5.222392052505461,-0.9958722069544929,-6.550041396617789,0.009555294853540452,96.51792639438398,97.29953218802416,0,0
29.775000000000706,-3.1919012614071107,96.45855154053413,-9.413720184524209,193.79037629849375,-3.41638313259711,-5.273084559200044,0.012963931329104552,-5.3095315319031915,0.009537861228380962,96.5113485501081,97.53048313950988,0,0
29.78333333333404,-3.136418850356449,96.41419803655043,-9.367048646901083,193.71110669922308,-3.4183407462618063,-5.2939198401912035,0.08168007616803792,-7.8339698998029315,0.009741959936321987,96.4651994567784,97.49620086431088,0,0
29.79166666666737,-3.145808613874749,96.48413755870433,-10.320493278457207,194.1397656777301,-3.4181234414040693,-5.311412563359626,0.19471795462031388,-11.254947439385901,0.010082933041744457,96.53540755744552,97.9188327307758,0,0
29.800000000000708,-3.157071818262807,96.5033266619597,-9.454352349751275,193.49893648902633,-3.423644232804438,-5.3631932576053645,-1.0577843681582375,-1.6099491005832829,0.009638295423348708,96.55495408983721,97.19981516349097,0,0
29.80833333333404,-3.209200204397291,96.65693166873064,-10.069790149699088,193.4417669784312,-3.4254935763127996,-5.422122555604851,-1.342548858781221,-1.0849724620818897,0.009759770933143397,96.71019287316909,97.02768697811689,0,0
29.816666666667373,-3.215954994504898,96.47599067952405,-9.630651252782116,193.46953833962715,-3.442487389727259,-5.457032205899045,-1.5529687194546233,-0.8986445628519313,0.009876138500302112,96.52957652513706,97.20543511439392,0,0
29.825000000000706,-3.212627194188258,96.25914439496734,-9.87329770433223,193.452410172699,-3.4460506666979427,-5.524849544311605,-1.1017763621684662,-5.590782135576682,0.010211199306403795,96.31273982781308,97.42122686655864,0,0
29.83333333333404,-3.22900597817835,96.44696508521832,-9.804731209310773,193.4585467465879,-3.457627121660613,-5.5219914622860635,-0.522757269364888,-3.652816107274716,0.010094918748124293,96.50100286399325,97.23418708847176,0,0
29.841666666667372,-3.2975703810408277,96.45694941514455,-9.784849169666472,193.46722154404455,-3.4508955507888333,-5.506993252032604,0.9313794177182205,-5.1442371765029415,0.010051318799146447,96.51329991712889,97.2269390889407,0,0
29.850000000000705,-3.1701345362875486,96.63156133996688,-10.567856766792147,193.4756876548497,-3.439270268458513,-5.507269751749598,2.106850349663512,3.6055537528024906,0.010112067894172405,96.68354772130543,97.12626367719847,0,0
29.85833333333404,-3.2543957734648075,96.60725763525556,-10.073469189192338,193.4479481486443,-3.418449895315497,-5.474783165902233,3.03327355061738,4.341117596743999,0.010121594742039886,96.66205729061942,97.08047744711097,0,0
29.866666666667374,-3.0826468491395076,96.47349931260362,-10.016281661782216,193.66682169607225,-3.392367723738056,-5.463132482461147,3.896733578010583,9.08949865718896,0.010622589150250494,96.52273712040827,97.4403263933981,0,0
29.875000000000707,-3.1222297571143827,96.48111323274878,-9.012174012523587,193.5753199408524,-3.3567211110455615,-5.373774265618079,4.742295828855272,13.128995211992777,0.01112766369921303,96.53161932386043,97.27269102686418,0,0
29.88333333333404,-2.938320040167241,96.5980231230489,-9.29023708243841,193.41075265213533,-3.315806636094503,-5.2212996286646245,5.034342502250904,20.42391403200047,0.012355889095116979,96.64270172102775,97.02088151003338,0,0
29.891666666667373,-2.9691592637144026,96.40592319576592,-8.855793434116833,193.84009124269835,-3.279263715585707,-5.024772147160048,4.298392686671154,23.97133416498954,0.012603899843977029,96.45163520625879,97.61183107008092,0,0
29.900000000000706,-2.873077307578342,96.40127768791103,-9.077145966406647,193.60064246597045,-3.2524202734510923,-4.811219272235117,3.9500472894752097,19.746353936967463,0.010962782731630316,96.44408179394449,97.39716105298815,0,0
29.90833333333404,-2.803264538483006,96.40219732750325,-8.25818064790326,193.52948996280548,-3.219393791260119,-4.748714809550795,3.092329521214821,13.617232692090072,0.00935847609905327,96.44294656242928,97.28035302374498,0,0
29.916666666667375,-2.724831276105931,96.40119029350234,-7.603646581859266,193.69656988660188,-3.1878192733562396,-4.6287563711484765,4.12499365945298,11.598073310468719,0.008948809697324922,96.43969201261115,97.417625350616,0,0
29.92500000000071,-2.7154166067408596,96.42826812449744,-7.303379632422775,193.70279307270397,-3.1117482958256564,-4.582578552754563,7.390135429761486,10.364194141532591,0.009195312554626245,96.46649356558024,97.38266071855031,0,0
29.933333333334044,-2.681738906849091,96.29659952488913,-7.628376359946174,193.6915159372864,-3.054094817848791,-4.460400198284996,9.135964724999376,6.5296120379238,0.008641404391991347,96.33393381161898,97.52045408564418,0,0
29.941666666667377,-2.528671299899372,96.64805939008983,-7.732873195072614,193.89916730080955,-2.9938586076934746,-4.363204290437115,8.726020255238517,8.41602717601652,0.008556801047272522,96.68113343570846,97.39025468304402,0,0
29.95000000000071,-2.3220774116280722,96.42867168237433,-7.622778028219443,193.82555783085775,-2.9176970263092423,-4.286352010532842,9.539735888664236,10.296593218874763,0.00882587129502399,96.45662634538249,97.54102141379992,0,0
29.958333333334043,-2.0517116565232527,96.26463335499272,-6.141319673008297,193.95654831849788,-2.8350800660209745,-4.187126516491449,10.27531119220879,13.78559856892264,0.00947389798734255,96.28649518853976,97.77747768768236,0,0
29.966666666667376,-1.8245625090145836,96.6414162309112,-6.282461403546279,193.4033430533429,-2.7466588962443295,-4.052124147419732,10.932746165872192,18.88304322616016,0.010674690145188404,96.65863830752805,96.86456186316795,0,0
29.97500000000071,-2.131290151211317,96.70497720783271,-5.789053470568376,193.99607069863453,-2.653084686394991,-3.867941242424386,11.512040809654437,25.588927190587327,0.012675204122854389,96.72846020937217,97.35982798431996,0,0
29.983333333334045,-1.834769313571826,96.32359933872425,-5.2483319424510455,193.4156479000032,-2.5550086058886694,-3.62117414061221,12.013195123555528,33.90325046220414,0.015797669485292598,96.3410720720976,97.15203705351232,0,0
29.991666666667374,-1.4510746589824066,96.49233820115455,-4.6538793002983425,193.62369566606208,-2.453081824140973,-3.2984191810899253,12.436209107575463,43.826013041010604,0.020442377690397695,96.50324838673531,97.18414768132754,0,0
