# dp_gui 3.11.0 data file - 63 header lines start with '#', then the column names
# dp_gui.py version : 3.11.0
# written           : 2026-08-29T10:30:43
# source video      : D:/Double Pendulum/elad_noam/movies/29_using_gravity_1.MOV
#
# frames processed  : 3600 (start frame 0)
# detected M1 / M2  : 3600 / 3600
# length out of tol : 0 / 0
# left empty (NaN)  : 0
# rod refs L1 / L2  : 93.88 / 97.28 px  (median over the run, tolerance 10.0%)
#   on the marking frame: 93.85 / 97.10 px (reference only)
# max angle step    : 1.67 / 2.43 deg per frame
# origin clicked    : 299.64, 259.25 px
# origin correction : -3.92, +0.98 px
# origin: circle fit moved the pivot by 4.04 px (dx=-3.92, dy=+0.98), R=93.85 px, residual 0.26 px over 3557 frames, arc 43 deg
# marker offsets: fit rejected (implausibly large correction)
# angle zero: subtracted +1.05 / +1.05 deg; mean angle over the run +2.67 / +0.48 deg (should be near zero for a free decay)
# time: file timestamps / x4.004 slow motion -> 120 fps
# angles: joint fit of both markers, weights from the measured scatter (M1 0.10 px, M2 0.21 px); Savitzky-Golay smoothing, 13 frames (108 ms), cubic
# energy: L=0.255/0.255 m, m=436.0/497.0 g, g=9.8; E from 0.058 to 0.217 J
#
# settings:
#   csv_dir        = C:/Users/ekolo/Downloads
#   degrees        = 1
#   equal_rods     = 1
#   fps            = 120
#   gate           = 120
#   h_margin       = 10
#   interpolate    = 1
#   joint_fit      = 1
#   len_tol        = 10.0
#   max_gap        = 5
#   min_area       = 100
#   movies_dir     = D:/Double Pendulum/elad_noam/movies
#   origin_fit     = 1
#   pend_I1        = 0
#   pend_I2        = 0
#   pend_L1        = 0.255
#   pend_L2        = 0.255
#   pend_c1        = 0.255
#   pend_c2        = 0.255
#   pend_g         = 9.8 
#   pend_m1        = 436
#   pend_m2        = 497
#   playback_fps   = 30
#   s_margin       = 75
#   scale_down     = 2
#   sg_window_ms   = 110
#   unwrap         = 0
#   use_timestamps = 1
#   v_margin       = 75
#   version        = 3.11.0
#   write_video    = 1
#   zero1_deg      = 1.05
#   zero2_deg      = 1.05
#
# columns: Time [s]; X1,Y1,X2,Y2 [px] from the origin, image axes (y down); theta1,theta2 from the downward vertical, + to the right;
#          omega1,omega2 angular velocities from the same local polynomial fit; E_J total energy, zero = both rods hanging at rest;
#          L1,L2 rod lengths [px]; L1_out,L2_out = 1 where the length left the tolerance band (mis-detected frame).
#
# read with:  pandas.read_csv(path, comment='#')
#             numpy.genfromtxt(path, delimiter=',', names=True, skip_header=63)
#             numpy.loadtxt(path, delimiter=',', skiprows=63 + 1)
#Time,X1,Y1,X2,Y2,theta1_deg,theta2_deg,omega1_deg_s,omega2_deg_s,E_J,L1,L2,L1_out,L2_out
0.0,40.97514282569097,85.3339714726651,42.36678785914001,182.42474972412344,24.520631471009924,0.1594136750867355,-7.197044202265064,42.22961774445923,0.21681545703509864,94.66176111230656,97.10075127089893,0,0
0.008333333333333531,40.583558487903254,85.37053123488141,43.267830628380416,181.83993346755477,24.47023543634128,0.4487734126078686,-4.956450601028201,27.630269250248073,0.21222079451652398,94.52593730223957,96.50674009650034,0,0
0.016666666666667062,40.55665765475698,85.06458564456267,43.37410130196691,181.5622087866701,24.437049852945776,0.6268106624180354,-3.0665358967181198,15.512220693832242,0.2097875190178624,94.23813565115927,96.53874486847958,0,0
0.02500000000000059,40.61680730223322,85.37674337897812,43.2550609276579,181.4822391543746,24.41815239668232,0.7142029239989258,-1.52730008933482,5.875472075211756,0.2087593681518558,94.54582669492414,96.14170115213699,0,0
0.033333333333334124,40.629706170253776,85.36782338322928,43.2615491182188,182.2537465437287,24.41062074340984,0.7316276968321028,-0.3387431788783018,-1.2799766056133899,0.20853989719796795,94.54331437320877,96.921662717707,0,0
0.04166666666666765,40.61544074709901,85.36442741212863,43.22822554591267,181.96440179267518,24.411532568987326,0.6997624803992308,0.4991348346514341,-5.954125348643195,0.20868358642873286,94.5341181504418,96.63530252825392,0,0
0.05000000000000118,40.62514677955438,85.09839366662777,43.335232679396036,181.96591047062435,24.417965549273678,0.6392847741819491,0.9863339512545654,-8.146974153877638,0.2088897578620501,94.29813972449665,96.90541975223616,0,0
0.058333333333334715,40.66173512671197,85.06579964419831,43.20446270762904,182.27324668858034,24.431940235063212,0.5874309901532913,-0.17747742942118894,-1.0849031187259002,0.20885739066237807,94.2845001716707,97.24069736708542,0,0
0.06666666666666825,40.564462692799005,85.0323967966591,43.10065617665101,182.06103449293312,24.43214310039559,0.5746227029788633,0.45046440421581696,-0.04073728428868346,0.20885188933413534,94.21244152732676,97.06177831969875,0,0
0.07500000000000177,40.556736497031814,85.36478806145311,42.68680403899936,182.35850037992304,24.430077837088895,0.5920111514651654,-0.7722938278481033,2.7593406451327476,0.20884304855052704,94.50923719968583,97.0170985808762,0,0
0.0833333333333353,40.55085936721998,85.106299183001,43.127836319245155,181.9762172754758,24.424459960685326,0.5709192171552313,-1.4480290300157077,1.7390077840354436,0.20873165779410563,94.2732960919821,96.90418897784576,0,0
0.09166666666666884,40.60395447139468,85.03551239454174,43.73079509996422,182.3623961824449,24.42211041599806,0.5997706492943301,-0.6141073529713236,3.9929556588841786,0.2087468061343971,94.2322635137104,97.37709915673439,0,0
0.10000000000000236,40.68041123103138,85.46692466101001,43.26677399973995,181.6935659189594,24.413599636866778,0.6432946644295854,0.32874424689557574,5.50379137358586,0.20872039227895023,94.65458820858387,96.26139288498504,0,0
0.1083333333333359,40.58756143848854,85.33004225946354,43.08849963035659,181.36970061304487,24.415340461572658,0.7057956753631494,0.7397267322430728,5.642685292127516,0.20879862325491683,94.49109087911366,96.07221590299751,0,0
0.11666666666666943,40.559731819766405,85.38421462326636,43.33622132476632,182.00680008105275,24.42161954043952,0.7414692336148067,0.27023562776456805,3.2347717290636595,0.20877467852285747,94.52806965194722,96.66246900694502,0,0
0.12500000000000297,40.60814956679844,85.03454213634626,43.15545491234577,182.73445544796186,24.425607439987008,0.7638730452988083,-0.7443889830769833,0.36118156811341134,0.2087914356486711,94.23319567741254,97.73311529681563,0,0
0.1333333333333365,40.56996607494836,85.05664183880708,43.90538752439915,181.76369266923933,24.417668984379585,0.7414647173195222,-0.21635811121331164,0.4030242834105129,0.20864860077032477,94.23669385232893,96.76455299625614,0,0
0.14166666666667002,40.60519890130059,85.42195005125734,43.48146001812223,181.7163086719234,24.401799778502053,0.7430609510919965,-1.24268046222059,2.820875492224632,0.20840355961746226,94.58166697819239,96.33730523622499,0,0
0.15000000000000355,40.59707341300152,85.39933011022691,43.43334469172988,181.4545528730618,24.39008502005293,0.7639628024468172,-2.3427744768896166,-0.8448543440174169,0.20826286907680913,94.55774930155721,96.09708764985739,0,0
0.15833333333333707,40.61919480993027,85.43353699298302,43.17228893720273,182.20756014421767,24.38091686150091,0.7722993980619236,-2.5307036548651074,-2.082693583786527,0.20816724725179458,94.59814073298939,96.80769518224473,0,0
0.1666666666666706,40.51208420362446,85.42394663662373,43.27593655000522,181.61585686109908,24.355856320444662,0.7654384779124923,-3.9970179456059483,-0.39823943300682985,0.2077791712226711,94.54353296496963,96.23160848923871,0,0
0.17500000000000415,40.52801343277907,85.4807869905693,43.2969393819866,182.0061420941749,24.317976370812016,0.7568804742715995,-4.085953157099617,-1.0652412441779628,0.20717782824394115,94.60171677794543,96.5650616361288,0,0
0.18333333333333768,40.413413954968014,85.59599184869808,43.347396130405464,182.14193268843195,24.263189784483284,0.751937718779689,-6.077481791366744,5.300011669657175,0.20624896046067054,94.6568425844534,96.59051166670139,0,0
0.1916666666666712,40.421709911757496,85.50630976098893,43.1281806782252,181.91417426569092,24.21444444756311,0.8095512460720922,-7.57942532322598,6.7562648682780875,0.20555570724037953,94.57929816367039,96.4458465791385,0,0
0.20000000000000473,40.367664789792975,85.58202841556835,43.38082593658272,182.29461768569934,24.127805241689916,0.9063529442801689,-10.232608955005176,10.906821856313345,0.20439399921994728,94.6246899509015,96.75951665562194,0,0
0.20833333333333826,40.12356085970027,85.81977847793576,43.14110947932142,182.10879636307334,24.050233005175105,0.9932076958743206,-11.12373254664986,11.143098977661657,0.20322520245990194,94.73613098530062,96.33628893078725,0,0
0.2166666666666718,40.0267609419841,85.76341082768624,43.15076744979263,182.15845889292842,23.952267034744143,1.0962195592935882,-12.46917027213594,14.297669329035934,0.20183819448177198,94.64409241101757,96.4456567615213,0,0
0.22500000000000536,40.021646711069884,86.46910084480055,43.47295756102529,182.19414121227288,23.845400167745275,1.2330697063675549,-13.25960170329903,17.100847208862433,0.20031447922712875,95.28188498541566,95.78723766732824,0,0
0.23333333333333886,40.026486478925115,86.48718952950179,43.45080641719847,182.25842654196884,23.738576833067896,1.3207625593320458,-13.238547500195933,13.647116227665292,0.19849177679231067,95.30033353855346,95.83243608475053,0,0
0.2416666666666724,39.51161011257751,86.2548843911539,43.492872564511295,182.3956250616081,23.624395413268278,1.4200906995781037,-11.6057864318857,8.602998261972642,0.1964838963826212,94.87398176012042,96.22313893952277,0,0
0.25000000000000594,39.74577627785539,86.47844008686843,43.33120879045419,182.38425106663357,23.557461773697785,1.441790711556305,-7.995130593238173,2.7230560786243037,0.19513528864455632,95.17482509459855,95.97280815933667,0,0
0.2583333333333394,39.118699383513395,85.97145555647592,43.51233991123997,182.51478278872884,23.506283265139892,1.4965646680057265,-5.713576991047405,0.4675496125228098,0.19418396218284384,94.45297143000217,96.64325175696827,0,0
0.266666666666673,39.15497334226911,86.04365426521946,43.31521195224435,182.57471363583988,23.461296821477735,1.5294414312514193,-2.969619993321365,-0.11314151336871284,0.1932795559625311,94.53371026647808,96.62066553541315,0,0
0.27500000000000646,39.095383036502774,85.92966157793256,42.78696202339342,182.5067055884819,23.438491649213987,1.5495892909463116,-1.4618148455309996,3.0862603828841477,0.19286278572487658,94.40527375983234,96.64757206071985,0,0
0.28333333333334004,39.02576767292505,85.68615286719898,43.28718481772126,182.47366559861797,23.445084126507854,1.5441104712918172,2.2891492173985903,0.5099530079323423,0.1930012483250163,94.15480516490973,96.88127939295886,0,0
0.29166666666667357,39.220241306641135,85.64655123125323,43.27641463865144,182.35841471821016,23.467110991428246,1.468044625565577,2.692277827837615,-4.109906571428466,0.19330345825859263,94.19957041281475,96.79688570000124,0,0
0.3000000000000071,38.97862961160718,85.66610866825908,43.67769050800974,182.6432751753655,23.46544918760083,1.451634535662337,2.4653615980496344,-4.961046932975906,0.19328402630315855,94.11703215019497,97.09094703964494,0,0
0.3083333333333407,39.00608192062811,85.49432708538353,43.34491729274658,182.69798569544855,23.47106495357795,1.4338025122941391,-0.890394175913506,-1.0474014587577056,0.19332085649551978,93.97209367988613,97.30044573160194,0,0
0.31666666666667415,39.12182755339581,85.59442601593145,43.26121217952113,182.40488457830764,23.48717153699946,1.4617601137418244,0.07493499102862511,-0.4567462753573855,0.193576833578891,94.11122757734276,96.89891326604526,0,0
0.3250000000000077,39.31071905324263,85.62306097385363,42.82847949643577,182.58719248397318,23.51021223821071,1.4741839124513545,1.6371266917509895,-2.1394723704579275,0.19397215112633015,94.21592860559846,97.02792091994682,0,0
0.3333333333333412,39.11417519040737,85.98064351788804,42.7611873583619,182.50347983298144,23.554385410957405,1.4154128238912298,4.781605470859349,-1.5506552813696473,0.1947978927258518,94.45946093735672,96.59171096974896,0,0
0.3416666666666748,39.17859775875315,85.99212559699669,43.67084250650999,183.0171650078065,23.608024637065718,1.3992337052300226,7.319302320298872,0.014187121268423827,0.1960029710443263,94.4966041031731,97.12897886595405,0,0
0.3500000000000083,39.3556075334937,85.96867488948266,43.56191425396214,182.88616706298723,23.641232372155727,1.389124273573133,3.39733738224631,5.45408556787949,0.1964651068128762,94.54880700772459,97.00872798582598,0,0
0.35833333333334183,39.761833126728796,85.94403182722897,43.68654096629064,183.05343794835596,23.599735605153278,1.44339378586867,-3.7209013051521707,5.800514565561547,0.19549244258509368,94.69625114183546,97.18868292565702,0,0
0.36666666666667536,39.44459982188682,85.94016563720271,43.29619465482467,182.4175442441445,23.529900057627096,1.503741964913465,-11.29077386606475,6.499805135459397,0.19500937654622108,94.55997316443481,96.55423017985437,0,0
0.3750000000000089,39.21658563555986,85.62218720965336,43.38329797985586,183.0313889313402,23.383852343626046,1.6670052225881298,-22.880724441144352,13.830351223716619,0.19491028425338497,94.17589676491606,97.4982772761467,0,0
0.3833333333333424,38.73555577882997,85.98592912869253,43.52675565868163,183.38505108882913,23.13170081362738,1.818075939240606,-40.458061409845406,25.28537892683465,0.19696325285379945,94.30812949910195,97.51689368973078,0,0
0.39166666666667593,37.86497701702002,86.3278122394189,42.998455785894016,183.28122842306811,22.76685711655132,2.061744854766335,-54.563407761977544,42.47694923589862,0.1975114088738783,94.26689583593924,97.08922449968571,0,0
0.40000000000000946,37.11526381522783,86.3453386784343,42.80946845437666,183.39848915557553,22.273301068380185,2.417620272670562,-66.8119044304697,51.04361870359682,0.19756695403779068,93.98436210118938,97.22004929031421,0,0
0.408333333333343,36.45030551556301,86.4848327488989,43.12514027176923,183.49910190386214,21.642634691900064,2.896538991759592,-79.03561908364227,61.67032864004346,0.19696011002154634,93.85228323159164,97.24362106942702,0,0
0.4166666666666765,35.01125184162937,87.06087690949374,43.11662259605783,183.23991431991067,20.908278022108043,3.4937566998321317,-93.39419302483539,74.06934207745832,0.19845924751015875,93.83700785813673,96.51996825663134,0,0
0.42500000000001004,33.84935126621816,87.9331841305605,42.2483443872655,183.75172369509778,20.072848045665246,4.1778781872812125,-105.25477333508485,87.43667223210181,0.19779178393912256,94.22326386027436,96.18594289046709,0,0
0.4333333333333436,32.68828333055075,88.13076216335605,42.7639168480144,184.05911104663863,19.158463522117827,4.958570449487708,-117.60446211572163,101.70504449531067,0.198347867376099,93.99763351591568,96.45603407900938,0,0
0.44166666666667714,30.81706932546746,88.63421701751997,42.00806978207175,184.52956064593303,18.14907211167687,5.857841644940847,-129.0082462466426,112.173721020859,0.19900957637405758,93.83877763547166,96.54613105055603,0,0
0.4500000000000107,28.96948767096035,89.38723327527583,42.275042696481314,184.1006998113454,17.051292901550465,6.814741630599571,-135.55050033446807,119.31674107617303,0.1944361356473996,93.96440117686328,95.64349710156115,0,0
0.4583333333333442,27.205211561037007,89.65491662792442,42.397464785748475,185.76780569561663,15.887737456198803,7.799115104392049,-140.4703156726029,124.71836016728504,0.18869588472337817,93.69166244464265,97.30617659214786,0,0
0.4666666666666777,25.535782548932676,90.30001524734092,42.297263652318414,186.0072356979881,14.689188041657452,8.8602361537387,-147.74284845176894,130.8399805611121,0.18767192748038974,93.84119001833031,97.16387855148608,0,0
0.47500000000001125,23.510654820022925,90.92678683630231,42.04606459132328,186.06715716582187,13.436785193466234,9.891531573917117,-151.56960777927742,121.99488552835201,0.1861395582704004,93.91715207799173,96.92910544221556,0,0
0.4833333333333448,21.534430378208985,91.70019217598991,41.51224328291284,185.44034636321885,12.148625761564828,10.947827563895286,-152.88666542709066,122.84288303198146,0.1802352746604381,94.19478189808294,95.84534164736858,0,0
0.4916666666666783,19.469408914338377,91.75174724060025,41.17838269546724,185.89514322553418,10.8874301618411,12.006524872184974,-154.9626871130436,121.0794189784869,0.17851642790817257,93.79467471651424,96.61396664150486,0,0
0.5000000000000119,17.192389594925206,91.94570886950714,40.61680951200032,185.73722649063535,9.604452853081414,13.035309934828764,-156.17844238618446,125.13373070029544,0.17510055685287673,93.53925186519217,96.67239640210575,0,0
0.5083333333333453,15.064871127097607,92.26840091319929,40.33286192171847,185.89203648149754,8.275298010209022,14.063126537981343,-157.3534121013315,123.27346176890751,0.17510766094439045,93.4901500114046,96.97348346750552,0,0
0.5166666666666788,13.121009238684966,92.4890624949752,39.353343688390346,186.21856451036479,6.962924075662276,15.04397044850745,-155.34014901474768,117.5176093320779,0.17278691586055306,93.41513562930305,97.33116108797901,0,0
0.5250000000000125,11.078260055456443,92.56998750518125,39.76715420491889,184.5685222118666,5.694658833179477,15.996624939486242,-151.99133953577098,112.22771905596684,0.1698432381526569,93.23052307353925,96.3679564777434,0,0
0.533333333333346,9.109113163196529,92.65800711726081,38.51395295176213,184.28730218953996,4.4332724771180265,16.88569663956924,-148.78419948986127,102.26536982438068,0.1702873457664289,93.1046842299692,96.23186747867886,0,0
0.5416666666666795,6.9674022369947055,93.31822482773606,37.738960286522804,184.1091661649537,3.2290114362188356,17.65337470892287,-142.28885078158729,86.33115016680969,0.16883867518459095,93.57796631115667,95.86388169531617,0,0
0.5500000000000129,4.961766689737151,93.71093292645747,36.492882215204936,184.16605281515666,2.092185911239512,18.30353557013256,-135.1217313590322,69.9084617055431,0.16786181306611558,93.8421977504278,95.7932145841204,0,0
0.5583333333333466,3.5360762366527227,93.83978952570777,35.98566258423552,183.83376039804347,0.9969465103310917,18.85156403101791,-127.1726211259359,54.437490706614966,0.16613426775187667,93.90638920425252,95.66551336558038,0,0
0.5666666666666801,1.7595466351998015,93.83401369549614,35.34997159690398,184.0949355399536,-0.032712488289170755,19.267749806018408,-117.39929891531308,36.25734298578556,0.16384644530245351,93.85050948486108,96.30862194694272,0,0
0.5750000000000136,0.05998712405977802,93.74886995552947,33.44869589414561,183.5182416849591,-0.98804763563813,19.458995252436893,-109.05592339913147,24.946604489185695,0.15915467796218064,93.74888914751912,95.7775859689005,0,0
0.5833333333333471,-1.083545669081441,93.82361441158679,32.40999565294067,183.57339040332738,-1.8888501629337777,19.61954115405838,-102.8688058096522,8.009988417783202,0.16392382528945593,93.82987100316775,95.7958224603642,0,0
0.5916666666666807,-2.5782046011291824,93.73539010763807,31.35972219594419,183.6303842021929,-2.7297791481596256,19.65207106175441,-99.01189382170774,-3.9173214391638513,0.16918192522193953,93.77084033747579,96.08794325274923,0,0
0.6000000000000142,-3.9628373994287314,93.65208181427238,29.990011216318127,183.91235886097581,-3.512212313768059,19.565997067318122,-92.55616400894542,-19.181157460397085,0.1731449529093565,93.73588698252915,96.43502238124634,0,0
0.6083333333333477,-4.972028249607145,93.71972530957117,27.949018042994968,183.26203040651802,-4.232326653447711,19.32902511009605,-82.06799575327113,-32.91113805969879,0.16830480335591824,93.851520909447,95.40240925193852,0,0
0.6166666666666814,-6.210342347059732,93.6583024793589,26.343756565676646,183.6572841088809,-4.891979936802855,18.99215926802733,-75.16353290289422,-45.44800669919578,0.16922392721470692,93.86397591932044,95.70572631964747,0,0
0.6250000000000148,-7.291102690335829,93.66715571786409,25.027249559260785,184.13797681875172,-5.466417151731588,18.555079866535834,-65.71075326175446,-62.393187782107574,0.17109133685246736,93.95049887422431,96.07000240864899,0,0
0.6333333333333483,-7.971317876431949,93.25380242074937,23.379037213003986,184.3184758165679,-5.968171292952093,17.939423789668357,-52.756733903203816,-80.88775227708858,0.1693494761965244,93.5938757324179,96.31001767687941,0,0
0.6416666666666818,-8.474158710825801,93.12888466708438,21.64727263096211,185.34349454692193,-6.352948235153689,17.19503542417939,-41.035826645521226,-94.82629705753378,0.16476880830053098,93.51363817749457,97.009457793396,0,0
0.6500000000000155,-9.033892026592408,93.26019911529687,19.704309875720757,185.2484470591748,-6.66734844723422,16.390691103166667,-31.058583749765432,-106.40642691211394,0.16082329102442117,93.69672323071362,96.37282816417954,0,0
0.658333333333349,-9.583619174831195,92.61623487629839,17.51085824827641,185.1909502350735,-6.8845362353279445,15.481966135990968,-19.810580476769328,-119.62762660431709,0.1575203021356364,93.11075512071558,96.4582222031358,0,0
0.6666666666666824,-9.438951215981998,93.02273969108404,15.642333840756297,185.54629159032123,-6.998822068011832,14.398002659560003,-10.028905930331279,-134.0051722079465,0.15802035666307201,93.50039518468823,95.86281091303447,0,0
0.6750000000000159,-9.69450810988985,93.0975611347838,13.936196048166725,187.49774426001437,-7.044746934737854,13.228227314711818,-1.1527882321195042,-143.81250864458698,0.15390161095066057,93.60095820416332,97.31292181967747,0,0
0.6833333333333496,-9.61306296032205,92.67260391244673,12.201713761954185,187.1734220236445,-7.023373614899359,11.97039119643074,8.457562490544035,-156.21624252607072,0.15298486158211277,93.16985829865985,96.98602531874604,0,0
0.6916666666666831,-9.593116065661942,93.09569043717687,10.043441562170248,187.46997897447955,-6.894626793754977,10.568956911308605,20.44748667409263,-174.35399314004556,0.15794808597869237,93.58865024042139,96.39554311477909,0,0
0.7000000000000166,-9.146352097772873,93.44701456547938,7.9453441094056005,189.41676862188342,-6.683982909478987,9.0934038825187,29.10263568895002,-185.08391095751966,0.1568701523443563,93.89355828754894,97.47984290552155,0,0
0.7083333333333501,-8.826870692099188,93.54427077004897,5.470786909793735,190.19773499918892,-6.391885339023423,7.4705077650645295,37.509594890821404,-200.23590668314353,0.16360473664675723,93.95980119239971,97.7052463299418,0,0
0.7166666666666837,-8.256248711956342,93.31249939259874,3.4880094715953804,189.41994171532184,-6.063632248949485,5.756371516346386,47.24650423921858,-214.79184803818055,0.1692389192127406,93.6770419349769,96.82235315306828,0,0
0.7250000000000172,-7.490194573183255,93.69708988489987,0.9253862699889668,190.3463866027393,-5.625926326721872,3.985879108022218,55.735874438986734,-220.3807268464184,0.1627779101047051,93.99599814695915,97.0149914032926,0,0
0.7333333333333507,-6.517526042412892,93.65646383554986,-1.4505319536263483,190.43951659280134,-5.150922511449877,2.127549436845748,60.578662840352656,-222.19262302835747,0.15574991164761132,93.88296631388033,96.91560106664313,0,0
0.7416666666666842,-5.975373229848851,93.97918830975578,-3.4429548195162694,190.51510065634642,-4.601781104043386,0.20196725006292326,66.74800991943617,-229.4358365874182,0.15756988369624114,94.16895943248248,96.56912299277457,0,0
0.7500000000000178,-4.862847556741992,93.6286627847827,-6.455676801696707,190.77216687489255,-4.04459684538325,-1.7042189355397102,71.10234358164907,-233.97878908130824,0.15890356610734413,93.75486004056891,97.15656175425708,0,0
0.7583333333333513,-3.956863329084679,93.83575290618768,-8.276012740540349,190.94313269418876,-3.414342877193429,-3.6955765969139707,74.9833337487914,-238.6492854569755,0.1628512538378093,93.91914230270719,97.2033860569145,0,0
0.7666666666666848,-2.7666887670711686,93.81071381041329,-10.105691985984773,190.88020258329942,-2.78951403918931,-5.68992207120987,75.8440631756421,-236.55358476845876,0.16107639587891898,93.85150287743454,97.34652854045022,0,0
0.7750000000000183,-1.97301949047539,93.83320489674696,-13.327767520439178,190.9634094864071,-2.1676385930863935,-7.658882610341841,76.49213926045147,-238.29698778772274,0.16770484445424927,93.8539458259731,97.7916506990919,0,0
0.7833333333333519,-0.5738796684364571,93.99601768957234,-15.469013118484948,190.52172225124792,-1.5523920198872685,-9.58251601381978,74.95653502727141,-231.94972409164043,0.1654423165065224,93.99776954466655,97.66819667436597,0,0
0.7916666666666854,0.13948445291442102,94.02782880420449,-17.396138598368108,190.35850537413154,-0.9242739345565232,-11.469647712732511,71.45698514970525,-220.12263255485013,0.1585582846325737,94.02793226241548,97.91372388085627,0,0
0.8000000000000189,1.5096081398075443,94.07111697124992,-20.126582144680466,191.44600586622022,-0.31755806040521506,-13.24062792741354,70.49978477550478,-211.64389064931203,0.15629352913877836,94.08322892500213,99.74965522413791,0,0
0.8083333333333526,2.033181210495461,94.06467869453297,-21.81597783378572,190.1622488554114,0.26374671843299097,-14.955003605341586,66.98921177151976,-193.6708542998941,0.14494263153521647,94.08664944475618,99.01275361257443,0,0
0.816666666666686,3.1358653934310086,94.06801359375993,-23.991280192918904,190.2502988870691,0.7696903576795548,-16.537704299082716,60.584459312019064,-178.47206869388026,0.14066434033951092,94.12026791951627,99.93454874019567,0,0
0.8250000000000195,3.9086721886101303,93.93327387792124,-25.0455953352195,189.27587508036362,1.2377394873933547,-17.924046313088407,52.49874596933404,-165.11601967484074,0.13988022544973644,94.01456089193086,99.64216583299192,0,0
0.833333333333353,4.761005984571857,93.97797482013414,-26.44331604947598,187.59610568018746,1.6595200401694985,-19.321839404614966,48.55439067690838,-159.3176050450855,0.14655129747468054,94.09849589275534,98.68163020205246,0,0
0.8416666666666867,5.441893179689207,94.01347725883642,-28.12749199831654,187.4633279645402,2.046476355994635,-20.6808339214318,40.76358492773844,-152.56925983939402,0.15497847218607896,94.17084531677997,99.29641593807725,0,0
0.8500000000000201,5.649537918796288,94.16410220618542,-29.597371537746593,186.76872283884938,2.3442270822982554,-21.902318741851293,33.62196991604187,-147.35319939046704,0.16444924142539108,94.33342685916192,99.08562150361344,0,0
0.8583333333333536,5.922873628407278,93.67492798922882,-31.469944599276683,186.25230357455024,2.597768794828396,-23.01126706424302,23.625473677513007,-130.9584978986273,0.16333291653740645,93.86198679873172,99.84384470398903,0,0
0.8666666666666872,6.572943593278926,93.79925139003677,-32.46629136787754,185.6492675293535,2.755405583964475,-24.032352994143043,16.099798040863337,-119.02034424506348,0.165640921421911,94.02926751183242,99.80224111283836,0,0
0.8750000000000208,6.91569685931069,93.65113931856843,-34.48811980985328,184.32152797237512,2.8758510654318266,-24.988619052786046,10.57117716546076,-103.25335876731523,0.16320841735185,93.9061380247095,99.67645365584642,0,0
0.8833333333333543,6.684537027437448,93.78880674520377,-35.23639275560293,183.96197439992284,2.934764594928482,-25.712596734834733,5.633212740349664,-82.37379203917811,0.15572276587406986,94.02671591606486,99.44126165109067,0,0
0.8916666666666877,6.677096536503432,93.74873319946681,-35.89353476736152,183.81253016586976,2.9488552919473854,-26.342199557172833,-1.3525131603386373,-62.83620913074166,0.15223854862128006,93.9862149182666,99.61800125286122,0,0
0.9000000000000214,6.71426426499301,94.0522999364947,-36.695447421332055,183.97717121808608,2.920028340834377,-26.800540238018396,-9.771686054210992,-41.22400390265333,0.1491324945793595,94.2916564069405,99.85432160753307,0,0
0.9083333333333549,6.621114358180766,93.77755229587274,-38.22800195637654,183.56701866856918,2.806863708868075,-27.09398560628395,-17.662010268026297,-25.34454842195504,0.14895827453244204,94.01100185589586,100.3672830442783,0,0
0.9166666666666884,6.504161916785965,94.0543645661977,-38.10272443735419,183.39059066308783,2.5918479848975267,-27.26133392088153,-25.09575877412966,-13.148697755669785,0.14982661920369678,94.27898820092946,99.85357080969037,0,0
0.9250000000000218,5.989656390292798,94.01491732644683,-38.47407781469382,184.17895757904734,2.3578630945998778,-27.31435156011943,-31.1928751635404,-8.155881924977606,0.15194873313019652,94.20552353005851,100.53147673303253,0,0
0.9333333333333554,5.498618861641153,94.06665842742001,-39.74833538196133,184.00684450012375,2.090103562873217,-27.36241383910058,-39.19330483020509,3.9189600546182732,0.15346320824315107,94.22723086818642,100.68030561691413,0,0
0.941666666666689,4.8580028415665355,94.13240388755332,-39.34039222652574,183.57611803200587,1.7557029032760232,-27.321800133053873,-45.05847812365801,13.78130249913971,0.15400168063952124,94.25767689296258,99.76811177199708,0,0
0.9500000000000225,4.060848634978588,94.0440185360381,-40.120645404301705,183.5603434089989,1.3626084425041596,-27.174887000453825,-50.08415753253789,22.3285257007225,0.15371689384363751,94.13165203077487,99.82573232541007,0,0
0.958333333333356,3.273030298832457,94.28019586054734,-40.295389346492634,183.39234107624873,0.8864301088867489,-26.8126098993386,-57.060483001291864,37.257936826974465,0.15219892380242017,94.33699199593043,99.19264899847872,0,0
0.9666666666666895,2.8472053524124634,94.12488247815747,-40.37607799758518,183.83894019156764,0.3860493427344369,-26.43544688469288,-61.392443151198,56.03151860309449,0.14998078163586648,94.16793551865604,99.58345432329246,0,0
0.9750000000000231,1.725481115512939,94.14574336158154,-40.3553319155676,183.8552299878226,-0.15129758705956156,-25.910139897416208,-68.10134966076166,76.62135763223505,0.15034183921994737,94.16155414066169,99.08878249378425,0,0
0.9833333333333566,0.7549410047494733,94.2315020723255,-40.40441346569147,184.44971315878286,-0.7443062709134478,-25.219730215683906,-74.32064031337057,90.0859555448668,0.14958141970673777,94.23452615006528,99.16359247256014,0,0
0.9916666666666902,-0.3656306377148395,94.15353802255385,-40.268817263254014,185.90915843937046,-1.358893232848323,-24.421249631997878,-78.24215896038707,108.62249797732146,0.14944163818158795,94.1542479547669,100.05677478785503,0,0
1.0000000000000238,-1.5793972597174344,94.21604456005161,-39.75995157618879,187.58094336616904,-2.032186066217844,-23.48066586686735,-84.2662688591278,119.91842431239093,0.14811865582579875,94.22928179841782,100.87001069192749,0,0
1.0083333333333573,-2.4374885031577334,94.04447799939283,-39.3801743748375,186.73048102873247,-2.757446805911473,-22.427356333131915,-88.57580260564177,131.0362439105603,0.14605974314290426,94.07606067635543,99.77703742328876,0,0
1.0166666666666906,-3.9337554611941483,93.84111921894072,-38.61645497562579,187.45526383245056,-3.5343363438060065,-21.29654882956114,-91.44243649642686,138.50217384049571,0.1421979728758318,93.92353319744696,99.83234805075702,0,0
1.0250000000000241,-5.158349124274646,94.00001871816823,-37.87901717906072,187.7970196179101,-4.296781546379149,-20.10126381359653,-94.7606663449708,146.4483837711889,0.1392972968638868,94.14144722014785,99.34042226474416,0,0
1.0333333333333576,-6.4335536569018315,93.98811308003309,-36.47718178626001,187.8968339526072,-5.118561166860648,-18.82932112394615,-99.88083835917308,155.7218306913455,0.1385542789687335,94.20804643448096,98.5975022355952,0,0
1.0416666666666914,-8.149850961598982,93.68400041888395,-36.33485129506675,188.608774967606,-5.985412143792785,-17.419504731017017,-106.28375037366804,174.128979598316,0.14472167154287652,94.03782220565151,99.02074058965266,0,0
1.050000000000025,-9.36496528947384,93.3019191116569,-35.059879907033114,189.6127278768559,-6.8713205019856565,-15.917571710594428,-109.1430868433156,188.99411050500424,0.14971744318771796,93.77073469260661,99.67948897446452,0,0
1.0583333333333584,-10.863120753070515,93.3995880555413,-34.177571044136464,189.9965731579781,-7.770663983507964,-14.353391403004034,-106.67576722860436,188.92965281407606,0.14392823713490088,94.02919994044724,99.37072568546022,0,0
1.066666666666692,-12.176902499716842,92.75566685026206,-32.54330981770203,190.26466038566446,-8.624979718016649,-12.80585394779805,-103.94895763777276,192.32552887020998,0.14288716634461762,93.55154027232483,99.61322385772496,0,0
1.0750000000000255,-13.97761626780078,92.52985716041354,-31.176703318432768,190.07174968229816,-9.464358299965824,-11.185263377682256,-97.7018862546128,193.6760656610546,0.1419706997088861,93.57963572624347,99.04660212307188,0,0
1.083333333333359,-15.218911305084358,92.60735234580386,-29.16692707875205,190.28554941154272,-10.249414457508133,-9.622015693615609,-90.10061148451403,189.2522948387319,0.1381340887553284,93.84954432394379,98.66902921401324,0,0
1.0916666666666923,-16.138116037716824,92.49015551881331,-28.24758520646702,189.66153095666732,-10.981158554900334,-8.065372668700988,-84.78899191062922,180.53536497772848,0.1313388174529302,93.88752663235455,97.92300775626376,0,0
1.1000000000000258,-17.255440213874575,92.39373099201492,-27.173050327015456,190.21567331975632,-11.693827755238438,-6.569933193720118,-78.1941096604622,173.59470393539033,0.12828347819311814,93.99123226982088,98.32340205224918,0,0
1.1083333333333596,-18.284428868322376,92.12014093976381,-25.039462304473826,190.2331304229117,-12.326411671240878,-5.098758777278342,-71.34955921898188,167.58746297772547,0.12716963305052786,93.91720133076096,98.34525500523048,0,0
1.1166666666666931,-19.247639972116527,92.05919338859059,-23.546029859300173,190.10038896672182,-12.886365842015865,-3.701007236628801,-64.13340211387413,165.39744692461213,0.13088662065901513,94.04980984485901,98.13537683226993,0,0
1.1250000000000266,-20.076316518223788,91.86228578883544,-22.67919348867019,189.77221178543147,-13.345113592959713,-2.3740888272233294,-56.47057291624545,161.82812256165147,0.13407637829500407,94.03051651080932,97.94451785159899,0,0
1.1333333333333602,-21.00660664752183,91.80909734811439,-20.916988489822412,190.3098556315831,-13.763368730520682,-1.1183720016401808,-45.77365774963483,153.57317588683995,0.13510960791539528,94.18167485620147,98.50079905174637,0,0
1.1416666666666937,-21.496700945315236,91.73019459537852,-19.189127155863556,189.72217334763434,-14.123969574511944,0.13996205439903053,-34.75988798620423,139.74824213917893,0.13143403308088875,94.21537428699378,98.0191450512415,0,0
1.1500000000000272,-21.68494548327055,91.58819929866598,-17.31649095295148,189.90566132384635,-14.384925097733717,1.2607509745830583,-24.190935222633538,126.99079388794101,0.12906329617427525,94.12032252061493,98.41446404902202,0,0
1.1583333333333607,-21.911103773101328,91.47011926351087,-15.959733754565544,189.69411154399677,-14.537974483130139,2.2602721610132077,-12.468505530860323,118.59791599733236,0.13235336393060804,94.05785021270961,98.40412320941883,0,0
1.1666666666666943,-21.938751583352026,91.4220031986402,-14.665135229744575,189.5140670310708,-14.605793799609195,3.2985913877534814,-1.9140978672056632,113.72783682550235,0.13906418766528095,94.01750629477581,98.36136681525478,0,0
1.1750000000000278,-22.152985016586964,91.53624918545108,-13.390518522897704,189.24818951588134,-14.541395885157764,4.179961729998028,11.155703162442599,98.10813368600617,0.13672369537045137,94.17876437969507,98.10404732828604,0,0
1.1833333333333613,-22.00882217605817,91.66123909497463,-11.617816840471274,188.6164783259406,-14.392096674437042,4.889108866304762,22.013905788251616,85.1075461359741,0.13523013367796288,94.26648930560349,97.51046818787219,0,0
1.1916666666666949,-21.381316004009644,91.61173376176816,-10.156966691299711,188.11555441204786,-14.157674859409104,5.573522245483192,34.55425700333669,76.58414979381088,0.1411143256526488,94.07374998850855,97.15437930219656,0,0
1.2000000000000284,-20.779921300274108,91.79741035722543,-8.20993111858655,188.39219673457,-13.849195942521504,6.119175404833896,46.28860991386317,62.023061398846316,0.14015489453216112,94.11997491254672,97.40922650577076,0,0
1.208333333333362,-20.091502195621043,91.67379718659191,-6.632362381323214,187.81766190838562,-13.413556960617557,6.566401850671579,58.661636625352834,45.1392319537318,0.13807584172564935,93.84963266355938,97.0813636502052,0,0
1.2166666666666954,-18.983637149600323,91.97134338022369,-6.321268196712249,188.13034806414146,-12.884903398329294,6.946983781225478,69.52942164069776,32.262706783133005,0.1383947903318541,93.91009787339539,96.98912191220613,0,0
1.225000000000029,-18.324237911902454,91.72443227624439,-4.598663787632229,188.3282380197084,-12.241553270882763,7.137174949572243,79.49382657706938,16.49873860769851,0.134549791797288,93.53688668889588,97.57400611413763,0,0
1.2333333333333627,-17.069734600073783,92.04878477336479,-2.6522339729643774,188.36347047166396,-11.529346267949828,7.26793998362694,89.49947324918145,9.24255117185647,0.1391701653255395,93.61813188464181,97.38779700503989,0,0
1.2416666666666962,-15.9250704030195,92.35963810972294,-2.253718650404603,189.067787682355,-10.745038615327376,7.269880398713713,100.61865149638245,-3.6264934381313716,0.14106341296533875,93.72251927418571,97.66970898137407,0,0
1.2500000000000295,-14.224589228414285,92.50012301451233,-0.1408293282839237,189.67167040640322,-9.865256728871856,7.140632347135807,111.63460823257287,-15.396989252458543,0.1442500884612401,93.58745480253768,98.18687241917331,0,0
1.258333333333363,-12.789938531194988,92.5491583111255,1.126266582691021,189.40957674976784,-8.883103942998726,6.97892456607023,122.50612045805586,-25.505640324314665,0.14945794766247777,93.42873878914087,97.85500204323043,0,0
1.2666666666666966,-10.95850628394555,92.62796080447123,1.7646402738358278,189.7385959735269,-7.83415908960058,6.744903615653925,132.79367409578998,-43.5691753129395,0.14752282279517992,93.27394053415955,97.94056320681548,0,0
1.27500000000003,-9.275538663068229,93.04718063476037,3.5853144545674853,189.47032684143198,-6.678637717582444,6.296416678068525,139.85255834514186,-53.50667010091657,0.14634925120065745,93.50836027632928,97.27705108249619,0,0
1.2833333333333636,-7.304300326110929,93.57170335097999,3.9358805928844207,190.1696561823672,-5.479149378764556,5.826088324467971,147.9540654485607,-60.32806041960904,0.15109243139771023,93.85636084601737,97.24971032505266,0,0
1.2916666666666974,-5.175820013758194,93.76541258036121,5.5399071515066725,190.25046169007607,-4.246256554313909,5.311222030308267,152.01625611304675,-72.06695709614003,0.1444783186686074,93.9081557117388,97.07827517207174,0,0
1.300000000000031,-3.0051945375531046,93.86282754101205,6.977590075519406,190.29039734779565,-2.9558627729631493,4.682758739066488,158.67644188753187,-75.58983406696265,0.15099740960089347,93.91092368943194,96.9429327360851,0,0
1.3083333333333644,-0.9284380105081551,94.12296906647964,7.316242444083177,190.05645846623565,-1.6207351986670955,4.006271752674136,161.27139061745285,-81.16107033195138,0.14848464779849202,94.12754805596946,96.28711826725016,0,0
1.316666666666698,1.3976531332373314,94.10631188767434,8.60785250232863,190.07342441843667,-0.2481007444428458,3.333622353030723,165.7260242816075,-86.98566945160873,0.15151552076380304,94.1166901850096,96.23758965411616,0,0
1.3250000000000313,3.5754941335516763,94.04864841466406,9.980193054903854,190.40528321509584,1.1731233677077293,2.5387879622432905,169.58759704779408,-90.53036607884175,0.1567028760075475,94.11658954150515,96.56925617574647,0,0
1.3333333333333648,5.734540249519687,93.96196258841525,10.409572433940642,189.99645679410145,2.609636956145754,1.7854695652945,173.6587356280193,-97.94013343258898,0.16148110652767533,94.1367907108592,96.14821892925187,0,0
1.3416666666666983,8.450082532803325,93.62907785782625,11.992614877124996,190.08792680566148,4.043907967630081,0.9617264046972094,174.8481049753533,-97.22784727446401,0.1678899024589411,94.00961714270555,96.523878267255,0,0
1.3500000000000318,10.569389722949953,93.44017636518089,12.541844869606795,190.11919229723526,5.48096432953667,0.13067361100654504,173.75482176646517,-97.18874884741861,0.17060963649916516,94.03604924852867,96.69913495422799,0,0
1.3583333333333656,13.122714623226617,92.69861301406388,14.02161031920605,189.6934486238681,6.904710943821639,-0.5870950116670157,169.61015678402183,-91.97346211256307,0.17217550735623544,93.62285241229205,96.99900076003462,0,0
1.3666666666666991,15.359766280146122,92.54653996027986,14.539011703843475,189.58454197977028,8.287277665086924,-1.291541784810018,163.8351642944638,-81.11481313099044,0.17607329923791948,93.81249638934246,97.04147295877752,0,0
1.3750000000000326,17.460862633240485,92.41819273446748,15.841595281201482,189.4330927056053,9.646191670234916,-1.992122669644132,156.8286316689327,-73.28893968323906,0.176598319293924,94.05319809662015,97.02841255615417,0,0
1.3833333333333662,19.34269103343991,91.9141964274416,16.711381872337032,188.95589454433724,10.920141367904918,-2.5886899464442963,147.25100797914058,-66.89908692079314,0.17157856250616144,93.92741453546688,97.07736585482742,0,0
1.3916666666667,21.49515618563186,91.78384271827491,17.837281439872076,188.9373500773819,12.115224096573552,-3.1146058491763453,140.37273197154795,-56.52098231951338,0.17620206696434515,94.26725583986061,97.22234331588456,0,0
1.4000000000000332,23.294314014578962,91.16697973950568,19.524624617418628,189.2076517823125,13.250901947285405,-3.5299748044409616,130.54372831732974,-46.716677543776385,0.17516527928817105,94.09592584290378,98.11311804624428,0,0
1.4083333333333665,24.89870054076005,90.60498578057218,20.00681626563045,187.44700428027443,14.265718577658543,-3.8766305131980143,120.91106580347869,-36.452803920637244,0.17513605179893865,93.9638693164353,96.96549426913644,0,0
1.4166666666667003,26.4740096396136,89.95397257714018,20.7317851304224,187.23541731777755,15.264372516220286,-4.111436608441131,113.54125479782333,-27.089879275079877,0.17962096141243222,93.76881341260132,97.45077030552216,0,0
1.4250000000000338,27.64202208255273,89.53219470449386,22.199940526890604,187.1555396486815,16.215747450666647,-4.276632868524071,106.72365794944378,-12.699854807972581,0.18975693650843484,93.70216258665394,97.7749136013442,0,0
1.4333333333333673,29.16593871044859,89.07669544431644,23.647398840458724,187.21486267695934,17.04275850141821,-4.3425348569700315,95.0263149674088,-0.8072530807287872,0.18869335550638056,93.7299826743884,98.29320500461286,0,0
1.4416666666667008,30.25501740022634,88.99847212479585,24.61841919791414,187.0009051027576,17.76026118648506,-4.307424285495117,83.33575433941009,12.381915255176716,0.18896896699359012,94.00050062864592,98.16439328439917,0,0
1.4500000000000344,31.351967823703834,88.75357660863682,25.82869631334376,186.39371596401992,18.401670201625198,-4.204324086219562,71.85158158209914,24.594011592571885,0.18930429833854845,94.12833392365832,97.79623377981274,0,0
1.458333333333368,32.85796463947691,88.6110965460474,27.70455446445573,186.17868995065675,18.9477597679112,-3.9393117386853844,60.196744821280014,31.387036616537813,0.1847387994589864,94.50699588571234,97.70359726846898,0,0
1.4666666666667014,33.36662129254615,88.85720137491006,28.644819795990205,185.85728362090765,19.406586076354,-3.5868840046364854,48.6516260555484,42.177202280262584,0.18412582690806278,94.91540261022713,97.11493893888404,0,0
1.4750000000000347,33.16632170232271,88.0856042617832,29.19490654000788,186.04573623202998,19.798878224674414,-3.1851866988961066,37.67224067457607,57.155906004495925,0.18845165294669375,94.12267831625618,98.0406017628392,0,0
1.4833333333333685,33.926892552482464,87.94008075100658,30.952964617877516,185.60282306388433,20.073764745178845,-2.667756062858161,27.937267098666403,69.51738890369873,0.19161748122876165,94.25758240460684,97.70801135747153,0,0
1.491666666666702,34.40186587667694,87.8752835333101,32.249354427108536,185.57700246149972,20.276970153334275,-2.0451629907540343,17.901634515454788,80.74029639910212,0.19349421843418657,94.36924197987663,97.72542753584396,0,0
1.5000000000000355,34.44498169481711,87.79048093016615,33.90581064157647,185.17056482532246,20.352078287344977,-1.3100391888073404,7.421931774981388,93.12741593768702,0.19539875226741943,94.30601945743523,97.38157651656876,0,0
1.508333333333369,34.48649219067966,87.79037244673003,35.459311750351056,184.2112924474468,20.337352497506988,-0.5383256002814379,-1.7240639773656532,101.54245930569796,0.1945683417709705,94.3210879811794,96.42582740988175,0,0
1.5166666666667026,34.46416087294484,87.897128996628,36.65059414174613,184.22780833065121,20.27888802760166,0.3711012806925302,-15.829963851688959,112.48228714923836,0.19265561991128521,94.41230677473189,96.35548905689457,0,0
1.525000000000036,33.9627249258349,87.98229708675268,37.81510570531078,184.31503789289138,20.115659734130677,1.3592481521605047,-30.68945102523481,120.87671663082283,0.18861685886731916,94.30986843936077,96.40973907698732,0,0
1.5333333333333696,33.49839460187622,87.94376560918431,39.28642597083502,184.20158114947122,19.8074439590193,2.4067848300149626,-41.54796997890718,129.97740034039677,0.18741626735593542,94.1076423593013,96.43167715909514,0,0
1.5416666666667034,32.862383062406145,88.58677194381028,40.44747690737558,184.28835170057295,19.431765476704964,3.5261392914619187,-50.767053640455046,137.6851992655866,0.18611091112714107,94.4857258212317,96.00169798798873,0,0
1.5500000000000367,32.401900504798284,88.86517317793755,41.57982290973735,184.3932967204144,18.961719749252982,4.693284673967701,-61.25797026223123,147.31902112847854,0.18608575832957586,94.58806563339625,95.96799803693835,0,0
1.5583333333333702,31.144295450794576,88.23999521209561,43.40290548570176,183.7284361198714,18.42046460440226,5.9404441982041645,-68.88508222973192,154.9974255768323,0.18560509052230678,93.5749106019185,96.27209287735316,0,0
1.5666666666667037,30.23199208323587,88.79100226554556,44.163646310807685,183.97805022274923,17.77788585777231,7.322661183272049,-79.16042292715952,165.4202410797582,0.18729236942065164,93.79667066927776,96.20116989061833,0,0
1.5750000000000373,29.083290699302612,88.87324552600506,45.44197773316643,183.92438424448147,17.067690730530696,8.746366110797979,-89.97302375139637,174.19204485778573,0.18862083825501985,93.51091683983064,96.44856459870697,0,0
1.5833333333333708,28.10451398806106,89.49899486300842,46.76215536192098,184.04444292501069,16.28868180590628,10.187359166858736,-97.9604674336326,178.84766640299878,0.1877873334402973,93.8079622846266,96.36881928757008,0,0
1.5916666666667043,26.618257882072673,89.97862632873853,47.894552378124,184.34473657482016,15.452541584173728,11.698975778196926,-105.36315085040987,183.5405687944454,0.18851192878138123,93.83328220137716,96.73491339975622,0,0
1.6000000000000378,25.35422281468539,90.21414434451589,49.36479127460007,184.29849584928394,14.583195148768889,13.277712233860562,-106.631259790495,187.44617793571678,0.18961284423363756,93.70927624493672,97.09980739342895,0,0
1.6083333333333716,23.628500454600616,90.89633518868465,50.220621916257706,183.13721616265843,13.699319878056714,14.791187695565002,-107.66718547827476,187.73637293685823,0.18913438191545628,93.91724966408871,95.99750541908016,0,0
1.616666666666705,22.525956729718875,91.52242991844514,50.67342085172374,182.25284305686978,12.808657039065684,16.313891047165203,-106.66480355744156,178.74683822553018,0.18308018745409171,94.25377395502989,94.99625047742026,0,0
1.6250000000000384,21.111903700075292,91.54988635737749,51.90723151509366,182.56493323647288,11.917132313372194,17.754388208608496,-104.50883996141992,168.82689513452928,0.17783072067518502,93.95261662077318,96.08377060481325,0,0
1.633333333333372,19.640610751278818,91.58155507595825,52.90862900324351,181.13948869780853,11.036627425415494,19.12222411989449,-102.15689038403042,157.71596139914413,0.17348809735574378,93.6639462163218,95.53734616907043,0,0
1.6416666666667055,18.527995556525244,91.89369435405541,53.57364536681741,180.37245384696246,10.176253864683275,20.41884394998612,-102.11179504026423,149.02819985850937,0.1729623539562808,93.74293403440697,95.16663518286921,0,0
1.650000000000039,16.899280143908417,92.07213318647638,53.55254128547978,180.82588051447595,9.332699067797789,21.660037751927902,-100.22537638836215,143.47860403574236,0.17440813528136756,93.61016707009203,96.02441989970373,0,0
1.6583333333333725,15.647226725634656,92.30050593059525,54.217100620987146,180.21224879300058,8.521402667009339,22.83621035300333,-100.07790624463246,138.34668689993876,0.17777842928537835,93.6174080993875,96.0005713806385,0,0
1.666666666666706,14.247082715716036,92.30161560378554,54.70254750976512,179.87225303418114,7.690293725812571,24.032767171427984,-97.31058222075039,133.01516688681863,0.18094903981647859,93.39468726312776,96.46378165751304,0,0
1.6750000000000398,13.039329041581997,92.40046605173131,54.505136284637054,178.12971180740277,6.897038823216095,25.044161566561733,-93.46052722762985,122.2736223316098,0.18104329432134536,93.31596984670843,95.23086027204894,0,0
1.6833333333333733,11.842431459447543,92.67069393468995,54.792248334810616,177.33703733748416,6.132493192730709,25.94847044055402,-89.27023940666427,111.24524117111307,0.18112876517591392,93.42430463861474,94.93722386307226,0,0
1.6916666666667068,10.77540910886501,92.64225913593646,55.39230823719027,177.32534658022212,5.417629096541852,26.764485156205883,-81.88800858678067,91.95007190509035,0.1780163849402916,93.26680877607753,95.71777779975716,0,0
1.7000000000000401,9.529077616273927,92.6532499605824,55.359557945186005,177.33313984018542,4.778489263145927,27.51337781378859,-75.27234523078309,72.7733280980416,0.1772574811355585,93.14197790725262,96.28663810311632,0,0
1.7083333333333737,8.55691886117052,93.46949444292454,55.32273739128966,177.06996562877646,4.167716938364668,28.018075106785478,-68.46599638859479,50.86369373715555,0.17642320170491432,93.86036038612124,95.79186064216776,0,0
1.7166666666667072,7.788598674217956,93.55401244479816,54.19935573657552,177.23529246881873,3.632812790654447,28.414444764297244,-60.89005573153425,34.15724007325628,0.17572370180327157,93.87766248596883,95.6896807266056,0,0
1.7250000000000407,7.012932301902031,93.54155655634679,53.94423706859681,176.3075955011547,3.143298874959622,28.62374579809801,-54.33893600654453,16.562523404088463,0.17593599680091243,93.80407252595852,95.14601709855147,0,0
1.7333333333333745,6.455572711140467,93.62213754088276,53.78455270326044,176.7544203683098,2.731173582522829,28.705128838656005,-46.13454939939422,3.4125757549241245,0.17361769965083518,93.84444073440254,95.66090526016265,0,0
1.741666666666708,5.7260510164418905,93.71902837929946,53.51532131734235,176.91359204790376,2.362045697589863,28.667619877968836,-39.23972280689374,-9.304146198391576,0.17210481658637056,93.89379074572946,95.94347179408291,0,0
1.7500000000000415,5.144794013833125,93.82376257239429,51.84339138410167,177.14379810446212,2.071158287242608,28.524197580724465,-33.037383303122,-22.63565720142391,0.17148171575187376,93.96471321025669,95.51433042960359,0,0
1.758333333333375,4.9257879581919655,93.82528296547741,51.89136641594002,177.01865753350052,1.8106774948661868,28.231534202051183,-27.94038401705568,-39.85496445121262,0.17375836400080802,93.9544948927989,95.53482680094353,0,0
1.7666666666667086,4.524492065117788,93.77312711729547,50.00908760453974,177.01053865931118,1.617861614044646,27.90040389833333,-20.01289660469242,-55.99937733354059,0.1743258525681508,93.88221555653536,94.85417814519133,0,0
1.7750000000000419,4.547845092124992,93.81085162381987,49.38232278065227,176.77693133027208,1.4831740162391644,27.39291764156397,-12.75511747815782,-65.3402098941832,0.16994202055782548,93.92102414991177,94.30535918737827,0,0
1.7833333333333754,4.139031432593872,93.81301650504457,48.07301344559466,177.6258528782679,1.4094337912233934,26.81022644921769,-4.1701709760173395,-76.9866229593265,0.1664035419260239,93.90427917286712,94.62973272943015,0,0
1.791666666666709,4.15904805173182,93.866570162779,47.60661012880883,179.23010198382417,1.3923474997791652,26.046297266289596,1.5768497869447813,-94.11758026192354,0.16912362029874695,93.95866471390771,95.78425348356613,0,0
1.800000000000043,4.093081353447421,93.77403533451923,46.127288154411254,179.8747563642238,1.4428929430495487,25.178965257874353,8.914475094762539,-115.80903915772272,0.17619672449405765,93.86332094000083,95.81340565506063,0,0
1.8083333333333762,4.595281361948996,93.81584809500242,45.52842130902588,179.87249996413811,1.5549059418207745,24.04646893017198,18.270007331424015,-137.4730596175872,0.1819092042210113,93.92832354822504,95.29569390508993,0,0
1.8166666666667097,4.656395063319171,93.84353768308125,43.60026513556483,181.13914292863262,1.7560510624773158,22.859238645598296,27.11733884185894,-158.0082451678947,0.18897335051820274,93.95898881885434,95.58842875260105,0,0
1.8250000000000433,5.018594564299467,93.54907153880396,42.210232680255736,182.95881589626066,2.0273528616040584,21.520438457124317,37.38509097237223,-170.67191105721122,0.1851241700670525,93.6835902235449,96.83656505584041,0,0
1.8333333333333768,5.4533426441148025,93.50347110522716,39.46303865506531,183.2139109907156,2.354245663490625,20.08976228183167,42.724841171826036,-183.1216512086345,0.18610301516392358,93.6623619962692,95.94072361205691,0,0
1.8416666666667103,6.348944658416092,93.6054743534055,38.2053062600237,183.99484656812035,2.726391518274222,18.551798348977638,49.37584314924938,-191.44612838564373,0.18058267547151008,93.82054107284652,95.83875199449669,0,0
1.8500000000000436,7.040722658663133,93.61576245316934,36.12126359556988,185.12363375925707,3.1649340671342325,16.91960687191119,54.8260454301911,-197.0747305309148,0.1729472816946287,93.8801510184365,96.01754200225406,0,0
1.8583333333333774,7.808333594359117,93.6331998008967,35.28126708272402,186.17747019330994,3.637974827638755,15.19119589335434,60.742734543266536,-200.12446140288824,0.1620803248125937,93.95821506646153,96.53602465877812,0,0
1.8666666666667109,8.557549619282273,93.54874381371354,33.17811529861752,187.52860373490546,4.149382407369765,13.480128282486891,62.010324742101844,-207.66033731268385,0.16302895320015587,93.93933747163797,97.15135781437804,0,0
1.8750000000000444,9.206716996266895,93.4855247504882,30.448193986228038,187.26836615070556,4.698485780229123,11.71006712883284,65.55604522407567,-216.71369151472368,0.16575417241962453,93.93778247182276,96.1583157392712,0,0
1.883333333333378,10.37839039808637,93.22152765908334,28.65954666048083,187.90183169522925,5.265273542992935,9.90048887495435,67.7004531048206,-226.37229886832316,0.17254454751676196,93.7974637522163,96.42904462176898,0,0
1.8916666666667115,11.28575776562656,92.99043400961477,26.356870546326153,188.37602840839565,5.844743504034021,8.003413845795563,72.03242513880035,-231.5715334801058,0.17202379806797152,93.67277697197261,96.56888763601508,0,0
1.900000000000045,12.129871789553764,92.59960991917171,24.03447121729477,188.87378334780283,6.4438019013448695,6.058666064323484,73.3666057675051,-236.96969586065688,0.1766620855953418,93.3906930417254,97.0074015573096,0,0
1.9083333333333785,13.002295401937946,92.54672097440863,21.788589131277664,188.6676357616846,7.035841884527129,4.0633618238531595,72.07476856093602,-233.8245777721098,0.17211426685879205,93.45563251529734,96.52165154534502,0,0
1.916666666666712,14.276871656013217,92.39034938521331,19.71795628946359,190.0827825133601,7.627560430115192,2.07555111065314,69.10108458085725,-237.08761053451616,0.18172289569168765,93.48692809053071,97.8438393179959,0,0
1.9250000000000456,15.008137704388734,92.5262268665009,17.178458201110917,189.512699813099,8.190993593302865,0.11257870535268918,63.763247884125114,-235.63976555558307,0.18822173918473117,93.73551544374784,97.01075314458545,0,0
1.933333333333379,15.964864953228872,92.4129176219202,14.775767366917936,189.33689626246957,8.700023757325368,-1.7906147392827878,59.71818808935187,-227.59396023060222,0.18378936840031734,93.78179064386991,96.93127250058899,0,0
1.9416666666667126,16.595156926906842,92.42555789379861,12.063775744238232,189.8441561391262,9.155435657989367,-3.6124633520775795,51.37886924815095,-216.11530318901183,0.17985274710861177,93.90358345350077,97.5239288559848,0,0
1.9500000000000461,17.277657667505313,92.39929541789866,9.857902801042034,189.6490579547098,9.545282941645159,-5.306128657306568,41.78730276564045,-198.34459151153675,0.1685136501467257,94.00078323184127,97.53240013320989,0,0
1.9583333333333797,17.936292747404142,92.131057532755,7.309883519051998,189.67873962345436,9.869675656025493,-6.874462875872104,33.307426648033534,-178.6137785504526,0.15463691754644548,93.86076048927153,98.12477186906759,0,0
1.9666666666667132,18.293162430471742,92.17017717124071,5.723563239915113,189.4850429978352,10.105158807646541,-8.335384545457222,25.898623904978837,-164.30429906905727,0.14862674543807186,93.96798045869414,98.12327926980085,0,0
1.9750000000000467,18.576051074583578,91.86353326328816,3.8080443675311857,189.48820912111364,10.297740202225178,-9.730125843260403,17.299237711674678,-155.36083836146435,0.1521380454499064,93.72288096906107,98.73536022340244,0,0
1.9833333333333805,18.59787319053243,92.00926185894514,1.5891354657342776,189.21530571546344,10.429022981566337,-11.084543428311505,11.312040217742913,-154.4290901829452,0.1642579284517387,93.87004397058233,98.68288666849148,0,0
1.991666666666714,18.790283088280663,91.61222683462927,-0.07459562447507562,189.24181005859987,10.513455544999347,-12.375279395587597,4.355760713225179,-153.57813348733458,0.1782054947116274,93.51938218432205,99.43550255986634,0,0
2.0000000000000475,18.909558360890063,92.0550660261876,-2.2797624352563686,188.29354920726098,10.479280385104474,-13.541204661888747,-5.820632817531992,-144.33995092641425,0.18383163690543114,93.9771598766938,98.54355869764268,0,0
2.008333333333381,18.645685253332207,92.03342829956,-4.79118228354434,187.47594923752058,10.34300036086049,-14.605867615880497,-17.75271233777975,-132.23043390377535,0.1879536181266781,93.90321348674166,98.27798106867145,0,0
2.0166666666667146,18.589987225099723,92.11845072310592,-7.005802137703479,187.69765632915852,10.156390062409764,-15.627305361692374,-28.73410018819857,-113.17123465027353,0.1819444765969127,93.97551057937736,98.94710191505897,0,0
2.025000000000048,18.246208366430555,92.3535655204359,-8.856454299485275,187.2790688742984,9.884299145306182,-16.448236327037932,-39.72259860761214,-88.65807038034974,0.16977873737219618,94.13875495293448,98.71882044760558,0,0
2.033333333333381,17.471295499457316,92.42187693193279,-10.33013163493376,187.84181969591276,9.529939432550226,-17.192675273235313,-50.95179824380915,-71.22351308219721,0.16854247385697896,94.05875558421282,99.3875486557047,0,0
2.041666666666715,16.329624883221815,92.43294262580707,-11.820984066868046,187.88629512059595,9.076226036981845,-17.743891760574165,-59.47150535351786,-50.78708592896298,0.16019013362822188,93.86429316461333,99.5178340135842,0,0
2.0500000000000482,15.67429087795654,92.42359561361917,-13.5132953872108,187.3418479886928,8.536366249793472,-18.101323058669436,-68.11470461052592,-36.51052298443904,0.15861451864485598,93.74329000348024,99.30453074218092,0,0
2.058333333333382,15.052792412554428,92.35597333878792,-14.841721286504079,187.61586562661506,7.945829435841545,-18.41605238666918,-74.73747806712976,-33.670182992308426,0.1653813172548353,93.57463529595165,99.84051796736446,0,0
2.0666666666667153,13.740854482246792,92.433461625044,-16.0436024114324,187.4849056797471,7.290535020487767,-18.66480116701394,-79.78841059673736,-29.861530850907705,0.16847473828817883,93.44921567295664,99.60868882449857,0,0
2.075000000000049,12.585856066911791,92.61571938041789,-18.34632473031257,187.55153946988037,6.568499641410139,-18.834188306419847,-87.83794922315778,-20.25636931839784,0.17094154268955775,93.46697411005309,99.84793310294893,0,0
2.0833333333333828,11.309833109924913,93.1973627891806,-18.558815525394262,187.39313226498678,5.811118572902005,-18.906749253249952,-97.07614759671061,-1.3949933739985318,0.16729053128030458,93.88109903400417,98.81790909769025,0,0
2.0916666666667165,9.899851880798852,93.17618647096646,-20.53090927546128,187.69594163589608,4.978830533685397,-18.819805461386647,-107.08831139504252,19.43443528699995,0.1642776244972306,93.70063389611657,99.29760994599815,0,0
2.10000000000005,8.65917545351039,93.71432805643184,-22.070348129191242,187.4328419764164,4.051034048808151,-18.593118700492592,-113.3766132636688,33.82014123099159,0.16021914821091698,94.11353039071058,98.62790411942329,0,0
2.108333333333383,7.0004003155746135,93.74350495700367,-22.835433040081565,189.06624550022286,3.064534670721989,-18.27612828307513,-119.16264868972387,48.85396819121536,0.15556296911958833,94.00452290290116,99.88294056892984,0,0
2.116666666666717,5.152347893517519,94.0060067564329,-23.583226345380066,189.38588719942436,2.0501618519688214,-17.803247987669835,-126.33489155034448,66.76768539844137,0.15228904399386556,94.14709764568605,99.61453116969703,0,0
2.12500000000005,3.598256048599585,94.07746356610102,-24.050066121958363,189.7505875615385,0.9909308475513133,-17.21101846970137,-130.89708120842855,75.80249945198433,0.14977883866032338,94.14625110763757,99.58803328660188,0,0
2.133333333333384,1.626244520257278,94.24102839485369,-25.13604801263841,190.13997695527326,-0.11010559950081934,-16.56674899251237,-134.58622701862032,89.3019975480645,0.144718389161262,94.25505877224461,99.56318916452145,0,0
2.1416666666667172,-0.2174467013344339,94.06044431616101,-26.045051007987407,190.3160252585626,-1.2488933902431927,-15.783220362445372,-137.71246863793635,92.07679007454483,0.14351755438918845,94.0606956598852,99.66043350688508,0,0
2.150000000000051,-2.181698983628162,94.11225440660775,-26.255609239737563,190.4217196137056,-2.41783941435005,-14.96588478418514,-139.26180021485766,94.09012785045608,0.14107391380183953,94.13753895205261,99.27268629132789,0,0
2.1583333333333843,-4.061597287150671,94.03428465604253,-26.334475974471328,190.6517260511609,-3.5946421934535637,-14.16075393340874,-142.64540348189848,103.40421709012286,0.140232643311073,94.12195951687696,99.15145539405478,0,0
2.166666666666718,-5.931156422654847,93.77965375787664,-27.40882073094667,191.55905813291372,-4.795519348316154,-13.244613194653011,-145.50990425245445,113.73859455660501,0.13936248377269633,93.9670265330197,100.11044892555768,0,0
2.1750000000000513,-8.050223963711854,93.62148565678586,-27.5536529485376,191.75362002577094,-6.024167351681815,-12.278774693423475,-146.33466210959014,120.02399986616466,0.13819056089598236,93.9669552685926,100.05148443665732,0,0
2.1833333333333846,-10.079372358741121,93.46388961179389,-28.03680796323334,191.57648378887217,-7.24378029765093,-11.277906012771302,-147.33315783259857,121.38462987927275,0.14007545733606408,94.00581050398824,99.74242141458939,0,0
2.1916666666667184,-12.01815973812921,93.07251935638999,-28.049422954207213,191.54790218023822,-8.423723027296996,-10.263008464393026,-142.5036630319063,121.2447371775175,0.13502610265271642,93.84524507313506,99.77175162643302,0,0
2.2000000000000517,-13.989689989877828,92.56453993982439,-28.07418518580749,191.54122224390727,-9.577209509919882,-9.215936137692571,-136.79033217982803,126.68502197465479,0.12983313778392258,93.61573308095296,99.97377978673968,0,0
2.208333333333386,-15.869726326953181,92.54100790612472,-28.038995976482507,191.9538829420204,-10.700908478302015,-8.165114361781066,-129.9875731938386,127.46714475532298,0.12628936242638256,93.89188653964636,100.15493421047996,0,0
2.216666666666719,-17.618966864717034,92.4526237349927,-28.335319691253968,190.73742016369698,-11.756922098257867,-7.146208192671801,-121.66458049389371,118.67870663353679,0.12298362841101529,94.11650030076623,98.8672919975796,0,0
2.225000000000053,-19.110151280696183,92.0666800741281,-28.078237331930776,190.32980184200056,-12.76508577379005,-6.202236312247274,-115.78576806945671,111.49278408237528,0.12370963006787683,94.0290990164372,98.67151395914668,0,0
2.2333333333333862,-20.31237627732224,91.61895301682546,-27.47006323547293,190.51284238983033,-13.696700678560571,-5.353615637032882,-107.78635936898283,97.29192469251572,0.12352295003064961,93.84362089098435,99.15257857419041,0,0
2.24166666666672,-22.071154950365095,91.18918429218343,-27.495600801386896,190.70396362730457,-14.553726074045741,-4.585714609706194,-99.33944395144611,87.10480329616352,0.12342513523429677,93.82218934088469,99.66251009737073,0,0
2.2500000000000533,-23.31235978706371,90.90530022188881,-28.121814310354406,189.46530779303004,-15.353508398235943,-3.839105337738968,-92.5959117265019,82.37933524559939,0.12504772345698179,93.84689513922793,98.67728180911256,0,0
2.2583333333333866,-24.4291902211263,90.83924066957758,-28.296623038189406,189.24542975678918,-16.115812195658076,-3.1168168665393643,-86.50034276522861,79.27110852220109,0.1277581394479652,94.06674747372426,98.48215618711107,0,0
2.2666666666667203,-25.573432363000673,90.30896625576304,-28.20843589706811,188.74839415248317,-16.764884973930855,-2.4644229600933083,-74.62273018258459,71.34534176920617,0.12597098462206135,93.86005449076575,98.4746881602481,0,0
2.2750000000000536,-26.14492602957767,90.17651111561781,-28.169777871027176,187.96902354442267,-17.286341419901284,-1.9848965404740484,-57.625957723110524,59.731884741924524,0.12162056499632756,93.89015025058396,97.81347306029866,0,0
2.2833333333333874,-26.994945415958963,89.73720367993508,-27.498394528163086,187.95018506103713,-17.727691863986124,-1.5543228300675942,-43.00976767536999,52.55925070472155,0.12049016756159503,93.7096195825421,98.2142717367149,0,0
2.2916666666667207,-27.71507255061209,89.5246086005688,-27.274597774148045,187.65839338159446,-18.0318242504449,-1.1927975923696008,-30.908863917011605,42.007169271292625,0.12006433790485938,93.71649156669666,98.13477331444427,0,0
2.3000000000000544,-27.928100525102987,89.37665620916442,-27.394598962242068,187.65593339094755,-18.259594624515326,-0.8763365027904927,-18.776320229829988,25.850238853499235,0.11953431699182993,93.63848286933865,98.28072520739421,0,0
2.3083333333333877,-27.538934713872205,89.63502522086344,-27.29705201324941,187.49976775933584,-18.36289579174731,-0.6571884081311534,-5.245640808972778,13.506172195777266,0.11929230208007313,93.77009476117502,97.86504145690814,0,0
2.3166666666667215,-27.70905909091101,89.62290687734259,-27.50295680124219,187.5989316546988,-18.37180470445585,-0.5942788737361648,4.933736287394466,0.7668393524171985,0.11916720121743518,93.80862110087973,97.97624155542466,0,0
2.325000000000055,-28.15375309603672,89.76583109936905,-27.014268998475696,187.55355046756296,-18.27249823654074,-0.6489920571551979,18.13428152609701,-12.812219964967124,0.11931319555143816,94.07729931472868,97.79435813604607,0,0
2.3333333333333885,-27.537139284094675,89.72753156372238,-27.039725252276522,187.49116986096266,-18.0807616308988,-0.8077124511608793,26.360986791444386,-17.281246673099236,0.11886490021011697,93.85799891575799,97.76490369162482,0,0
2.3416666666667223,-27.150595270277673,89.82072669587774,-26.8500340583094,187.67607471048274,-17.782278757132786,-0.9745328861845898,37.531280716142945,-21.68891196404219,0.1192330007731277,93.83452332540506,97.85580959811021,0,0
2.3500000000000556,-26.31326136931585,89.87318539131473,-26.452631660865787,188.09577118704567,-17.404319344070462,-1.19836492001251,51.967098412273266,-33.07106843323376,0.12110710155177795,93.64602061097715,98.22268467354112,0,0
2.3583333333333893,-25.8744261450509,90.20706593495191,-27.058187060028214,188.60152298966693,-16.966262448357313,-1.4748819263558353,65.49285745076172,-44.20619839438157,0.12367630061525103,93.84455590458327,98.40157757371568,0,0
2.3666666666667227,-24.74935720313908,90.66201278295995,-26.342386980683212,189.12153696641786,-16.36823116398996,-1.8933043907583889,76.4494060431575,-55.077372602229964,0.12397676271121139,93.97941925669771,98.4724105844123,0,0
2.3750000000000564,-24.104545747020605,91.24809846404793,-25.930888326955593,189.6418095930007,-15.673664206057046,-2.458657317647932,84.92036058800423,-64.45831547925057,0.12246791644112331,94.37819980787299,98.4106595697188,0,0
2.3833333333333897,-22.389841143141776,91.18468849776787,-25.449234319576984,190.28946026126903,-14.910839553008639,-3.045831910632491,97.28478120501443,-77.266644498574,0.1246856934949041,93.89330329075702,99.15198269779417,0,0
2.391666666666723,-21.293977792817653,91.69124569595192,-25.86189856432099,190.3622110288988,-14.060475355209574,-3.7313719815701125,106.91468146338853,-87.43842465578726,0.12520455191050806,94.13138704766033,98.77664349384592,0,0
2.4000000000000568,-19.98066798191297,91.88602807679024,-25.597749323700096,190.43969156527174,-13.141212600329956,-4.458985595614139,116.25679577273573,-95.48647345359724,0.1265542432663449,94.03334115478471,98.71360691313586,0,0
2.4083333333333905,-17.974492477882333,92.32839992337392,-25.46870960090774,189.9426376720728,-12.153662077312703,-5.260183726744801,121.72430121999655,-105.42449722153971,0.12369041284583204,94.06176594263964,97.90149488923322,0,0
2.416666666666724,-16.402247983850653,92.39400280445454,-25.51734058462034,191.51881847736445,-11.114267816597286,-6.202753694472274,129.30971915203935,-112.24307567866302,0.12516135826017738,93.83861408371975,99.54302584967454,0,0
2.425000000000057,-14.449245119297242,92.52313095147565,-24.760608050143045,190.81877613785696,-9.988026707595731,-7.167074736371429,135.36930345062757,-113.2320614941832,0.12676485473877497,93.64459645693096,98.83500426518222,0,0
2.433333333333391,-12.76377574407854,92.57358074565525,-24.7825663302778,191.0975212963237,-8.83485928921729,-8.124838081052593,143.054922462511,-115.57759625993695,0.13222762514309316,93.44935432263553,99.25431068113143,0,0
2.441666666666724,-10.771329788606689,92.7574855308045,-24.477640374257415,191.56119651382653,-7.61877404519578,-9.075589798409613,146.25130134934412,-116.54886324215475,0.13288955181082374,93.38079388938783,99.74986844044892,0,0
2.450000000000058,-8.83192971229482,93.16226315769251,-24.6382503635707,191.51461455679947,-6.383203212181091,-10.004017002588915,148.83364816759445,-111.23766076164658,0.13627301560264815,93.57996718906278,99.61438047924791,0,0
2.4583333333333917,-6.534433309514379,93.70697228484568,-24.053137080692974,191.77096652311405,-5.152520186600726,-10.934887526236148,152.1946174590864,-111.95023116905321,0.1408183631732962,93.93452758953615,99.6165244715225,0,0
2.4666666666667254,-4.439920998922214,93.76675310901254,-23.03799996062173,191.86238401502703,-3.8762416443346646,-11.849055019113154,152.7424572643511,-106.44572776468145,0.14463786288659986,93.8718109289641,99.84308360579932,0,0
2.4750000000000587,-2.4620718779631217,93.98715265169648,-22.7956214329223,191.88490772530673,-2.6226580772880803,-12.749828634602288,150.89551198554167,-99.84449365307681,0.14652595494142417,94.01939513475692,99.98711760000167,0,0
2.4833333333333925,-0.5043742546544605,94.07922588476566,-21.88085321993014,190.9622369243345,-1.379908812880907,-13.53426770431376,145.80617224343442,-90.24513696587113,0.14506532857273013,94.08057789185567,99.21326363468792,0,0
2.4916666666667258,1.5695157700803337,94.0516683637328,-21.094711596255987,190.93138047934917,-0.17437560934696172,-14.23244553668385,141.451118687731,-80.12286960205451,0.14638544125778896,94.06476333757561,99.4954562867958,0,0
2.500000000000059,3.4532243723977603,94.06334982741157,-20.63329820721901,189.43172623317054,0.9905010265482537,-14.81864075842223,136.52064825763154,-70.12303340627052,0.1474023176060104,94.126715332684,98.36304076353532,0,0
2.508333333333393,5.422461616916455,94.01205247370558,-19.311216060432056,190.07845059204647,2.10760547896425,-15.324616720789741,133.02494693377724,-56.07544635817646,0.1546675846644372,94.16830199332313,99.19933295581447,0,0
2.516666666666726,7.042768277142163,93.86803124951479,-18.824928325425727,190.28736348015923,3.2013062847665648,-15.808172498492032,128.25722128469133,-44.81057340311138,0.15900492611751815,94.13186429506963,99.82898053834815,0,0
2.52500000000006,8.74447126735959,93.20510961106027,-16.975240225848605,189.58971701315363,4.250823738533766,-16.19942754559287,122.06711638153037,-38.08811918770404,0.15766539292161497,93.61441254078048,99.75718572288181,0,0
2.533333333333393,10.452079351848514,93.09795528306961,-15.936383032150157,189.33784248031134,5.22073314916237,-16.418596768705836,113.73861536856681,-22.31343947658438,0.15908283493071895,93.68284389719265,99.79211809922428,0,0
2.541666666666727,11.902409387800734,92.64515802737611,-14.76185405710913,189.39427111678026,6.1218133786370394,-16.523262049304414,105.60024394586299,-9.389746324426214,0.1590529787000592,93.40659856322947,100.35623462767956,0,0
2.55000000000006,13.306865309870151,92.53853173499158,-13.341676329182004,188.30371050955677,6.986898125895308,-16.53068950950709,99.0581833895213,-0.379812070383818,0.15898125385492667,93.4903873135793,99.40379387736027,0,0
2.558333333333394,14.588208867679729,92.49655218714622,-12.560398684740843,188.03797454872347,7.766773275699475,-16.51330987160065,90.10031480755927,11.87941140519717,0.15792988765610394,93.639884688505,99.32376492516099,0,0
2.5666666666667273,15.66796718085175,92.4368261578324,-10.724863549242226,188.17140710309985,8.508452962796538,-16.366448773411054,82.26040828763601,23.43745080322956,0.1584381741684293,93.7552773219384,99.30604967832201,0,0
2.5750000000000606,16.538771514827094,92.41195943861055,-8.257635210757822,187.37348426573726,9.184916861935445,-16.19694177364143,76.84386964254206,33.487396402636186,0.16216255403222135,93.88024930997499,98.14557037377507,0,0
2.5833333333333948,17.779412000405333,92.34371207071365,-7.486337425244979,187.49840930917952,9.802709077104838,-15.861817480922502,71.10063332551272,44.72514884501849,0.16610764486268348,94.03971847086221,98.45188926873803,0,0
2.591666666666728,18.69744155561546,91.65393731244296,-5.945187687023629,187.6711778098845,10.346041366657333,-15.37408880503095,62.632624657098305,61.278851610098236,0.171125326599332,93.54164070401417,99.1290555222519,0,0
2.600000000000062,19.204687260044697,91.85409833810075,-4.4987264701380765,187.5423140171019,10.799428837247603,-14.784842683881628,52.17693447715739,74.30980421777309,0.16917906614255562,93.84026531431807,98.58035525547297,0,0
2.608333333333395,20.220468816284953,91.8835129228246,-2.1510697005240855,187.28808245577846,11.144368360682956,-14.024615781207329,37.54668368974148,92.81678154157149,0.1674692968562721,94.08213064227036,97.99243656210055,0,0
2.616666666666729,20.64536089071061,91.86763349199492,-0.7722460675685694,187.84364295881068,11.397363305763905,-13.175825046092319,22.646688167477148,117.00438341677999,0.1745208020633897,94.15887111540363,98.33670871548242,0,0
2.625000000000062,20.71583284668117,91.8235947785372,1.9932528449135178,187.65339451105257,11.586069695305811,-12.18764081619922,12.227841815922712,137.50075145296813,0.1850914795890608,94.1313884343827,97.64161775952195,0,0
2.633333333333396,20.69735839387778,91.85112356102672,3.786106765147456,188.39720739733383,11.696364093185606,-11.058514543408277,6.22577419184815,142.19182012575584,0.179389949809305,94.15417964120138,98.01600244744465,0,0
2.6416666666667292,20.67062528058921,91.92278183360213,5.302435858030667,188.92738057599405,11.700735806195032,-9.854428555592753,-2.545122711021494,148.5465419447591,0.1719867472492198,94.21821782181271,98.21442573929811,0,0
2.6500000000000625,20.596844601199567,92.38831954910808,7.9875337559570925,189.4956579908437,11.647249858771902,-8.592322917947389,-10.704823636852575,153.03219191212673,0.16314931792613319,94.65638698278141,97.92257093862342,0,0
2.6583333333333963,20.64820176573534,91.86375852479784,9.992607317450908,189.44242993175715,11.511955246324765,-7.234099634595804,-15.151226280155548,161.19283448470657,0.16403900659776172,94.1557134031753,98.1587428943222,0,0
2.6666666666667296,20.605335099743005,91.7765801015554,12.072142187118065,189.54617350178557,11.320454636818848,-5.803661050790856,-24.30918017193347,170.168151184593,0.16080421952492818,94.06125923944414,98.1412694789017,0,0
2.6750000000000633,19.902120494355135,91.85799895827245,13.747070254605948,189.300061607644,11.068483762694829,-4.323215330444061,-34.82784465221218,186.64725924684873,0.16789075307609913,93.98928860668013,97.63626486515085,0,0
2.6833333333333966,18.914549916427237,91.87410340423992,16.144933604295378,189.1816735012224,10.735631723239301,-2.7300010644736723,-46.589882499478215,198.64162615090095,0.1678966827145163,93.80091190854162,97.34697721396175,0,0
2.6916666666667304,18.598494839577942,91.82455411643076,18.573029504314437,188.88265014076177,10.355864083673548,-1.04719794715913,-53.942803376116295,208.42374985827763,0.17040354598957563,93.68912823257098,97.05809936502753,0,0
2.7000000000000637,17.85513934242488,92.136289055975,21.14722379941617,189.42869935211803,9.880809976948758,0.7429406607525015,-61.17911426163867,224.39681347813496,0.18369431953350102,93.85042227898384,97.348091513419,0,0
2.708333333333398,16.77729419117526,92.20348210226842,22.950637659441956,189.4444216620629,9.377632851161115,2.57070767612439,-60.665037992542786,223.52349719683707,0.1797935032378719,93.71744614617162,97.43669994436794,0,0
2.716666666666731,16.064473028350907,92.29857053643201,25.483613148534406,189.15160313160283,8.836050404769846,4.4805519498927735,-62.258479817906654,225.23611511682213,0.17934570042010334,93.68614314159447,97.30996929135715,0,0
2.7250000000000645,15.148485771437723,92.3649286928582,27.50678804426315,188.68779525957336,8.307496860829454,6.32125546083155,-65.45101488706251,220.03807321023197,0.16822690447392352,93.5989138484215,97.11242072307607,0,0
2.7333333333333982,14.48749316472794,92.36756187748455,30.15802169966327,187.94002220625487,7.751827037405154,8.167082060590726,-69.08902155905952,221.80570579187656,0.1693166819041254,93.49681248785423,96.84864809515204,0,0
2.7416666666667315,13.221806463676675,92.56672200517266,32.16219323585967,187.4042060111488,7.150511587430408,10.064364447221548,-69.41214521569098,222.87926860705662,0.17417611600177807,93.50622540208667,96.71032325281342,0,0
2.7500000000000653,12.75937797602791,93.02070026357484,33.7309666598448,187.34367014425544,6.547683228136783,11.913056164837482,-72.55248143638839,222.52876457738745,0.1760996495660363,93.89170572452595,96.62623959895664,0,0
2.7583333333333986,11.255926262119207,92.56124616059532,36.141262514638704,186.1667161285684,5.966731321258119,13.751616844141921,-73.00244782195418,217.60732114057615,0.1756135156749079,93.24312396536585,96.85692524711938,0,0
2.7666666666667323,10.530682053938964,92.63927096184727,37.66907511235957,186.2436263445175,5.381261037303499,15.46507203303203,-69.64661106179608,206.66263306543615,0.170786109466603,93.23588251775017,97.45905665662148,0,0
2.7750000000000656,9.588244811012263,92.96559789136688,39.925080691519845,183.95353144917362,4.838801754346679,17.194366224430127,-63.689634685874246,200.1494933243363,0.17589862937266876,93.45874399891763,95.91208299458785,0,0
2.7833333333334,8.765002610111654,93.39967060033217,41.65763716185342,183.84030272925173,4.335846283800763,18.78872312511184,-55.29024307211885,189.00575940731716,0.17732064365294775,93.81004071529773,96.23634109645376,0,0
2.7916666666667327,8.009035195488824,93.51017796534097,42.76398188799107,182.9762040035787,3.9035050175499477,20.31087096243166,-48.471246640674636,175.58174848438833,0.1757186742850365,93.85253341211583,95.97956102563349,0,0
2.8000000000000664,7.763785930504359,93.30932957240941,44.23733481779431,181.1886715189076,3.5390938164610684,21.700133923633146,-36.45873016363169,153.04244212377324,0.16784297467443254,93.63176468072795,95.1477719622645,0,0
2.8083333333333997,7.14024416032368,93.40071096800136,45.54729413907712,180.8911459876042,3.2582642091598215,22.90827909529358,-30.746461390622123,141.06956959260523,0.16820486151184433,93.67324002081473,95.54934697835361,0,0
2.816666666666733,6.855009928145653,93.35237346924305,47.712575344795546,179.50970217369326,3.0462325626547284,24.076685593676178,-20.581893061089776,126.21948652343077,0.16980980029945814,93.60372211325792,95.35421302314074,0,0
2.825000000000067,6.554964478447805,93.4535422040683,47.861165981256654,178.94026539063327,2.8840020303171965,25.058456278161714,-15.977362736609864,118.24851288262226,0.17381655855347145,93.68314741617773,94.94304673733107,0,0
2.8333333333334005,6.390191428169321,93.35456572503506,49.34405097840136,178.23932939539668,2.7668494693709316,25.992940039042107,-11.55793647552955,104.67322752956628,0.17256908718211328,93.57301688092855,95.13389066801696,0,0
2.8416666666667343,6.506087744058452,93.40688381116553,50.309713124495666,177.78912623162762,2.692235537665765,26.839799461348136,-7.162174758196888,90.96800988529122,0.17172506172959778,93.63319454683774,95.07428901851075,0,0
2.8500000000000676,6.109165363154323,93.42231055445922,51.73329816603849,177.3435528528421,2.636452737225558,27.473409896258467,-2.3143611764939576,72.18021547058507,0.16673658889628928,93.62184579876744,95.5213923836912,0,0
2.8583333333334013,6.448620119505397,93.4061593492541,52.911669397043234,177.03726289637007,2.642641438449181,28.00706985687919,1.643207240587786,56.80487328357155,0.16466922003881734,93.62849622750511,95.67118912543809,0,0
2.8666666666667346,6.000461783145117,93.40262189722256,53.26350554253418,177.34672478477535,2.6922645119748347,28.41560003565279,7.775852192021384,46.227299199251235,0.1664765294920798,93.59516717697824,96.33487278757353,0,0
2.875000000000068,6.526652547370877,93.74080299186409,53.63923530487768,176.2005519245982,2.8055437463782615,28.75487768535138,15.310528486193027,25.448860085082966,0.16475412958471347,93.96773562789294,94.96949851469401,0,0
2.8833333333334017,6.704111865822374,93.64892377333751,54.2806817552239,176.45571979343174,2.9783003512543407,28.916237795343996,24.753791875163667,10.771614941465954,0.16658648351296712,93.88858311751137,95.50128517226666,0,0
2.891666666666735,7.032269056732166,93.70172821080831,53.98024866017591,176.41596445775667,3.2158248717446503,28.94290278716225,34.797222892300255,-6.083706440403468,0.16828802747102056,93.96524185984126,95.10918813007162,0,0
2.9000000000000687,7.6759646349360695,93.51273671220969,55.11929108305038,175.75232432853898,3.518613853142773,28.819956782697936,40.6943908164499,-16.50525564244743,0.16889641533268707,93.82724743103061,94.94324091669846,0,0
2.908333333333402,8.325482924095017,93.33781114030364,55.34103714162803,175.92669637425286,3.8678581797550446,28.662966268397998,48.5167289244964,-26.607971097936005,0.17120863583628854,93.70838091858373,95.03360617470128,0,0
2.916666666666736,9.05933729557768,93.51220490048621,55.30581833794009,176.28742985550548,4.31236610504029,28.380254500004114,53.1566851644153,-40.440025623891856,0.17071126065547126,93.9500082894385,94.81811469943722,0,0
2.925000000000069,9.723278739157141,92.99290444533978,55.769981127902504,176.68844004342725,4.77763114728826,28.008806282455545,59.840232615571466,-52.21544509228319,0.17181280341926053,93.4998525486508,95.52612982806545,0,0
2.933333333333403,10.48173174474363,92.98183149673451,55.55979262139136,177.02679111311988,5.323179746773579,27.39531765600025,66.25382177345527,-76.90210517655238,0.172531064458735,93.57076300242451,95.37078593216376,0,0
2.941666666666736,11.28409430692756,92.6618828419285,55.46328092555286,176.8115315887847,5.90057247530849,26.70121582476367,71.11191268021808,-96.16074821619058,0.17411029138240375,93.34642637047719,95.04190609674555,0,0
2.9500000000000695,12.466688710083137,92.63785612511055,55.89014759261739,177.7783182009104,6.491311983615284,25.8690999148021,75.38732447919065,-105.25379008360889,0.17276124167713913,93.4729410837746,95.57455238610254,0,0
2.9583333333334036,13.521663309789123,92.55791603385086,55.153717428294506,178.70412938917883,7.135636561657545,24.935692654611447,80.38394590979999,-121.8149755683078,0.174801294814654,93.54038271887005,95.67861833026149,0,0
2.966666666666737,14.583709523557676,92.329339722763,54.65536810374659,179.16090727551602,7.832329506017873,23.82351008479525,85.4878910046659,-141.87463336274112,0.17940470997998048,93.47401541128362,95.63189292822526,0,0
2.9750000000000707,15.816820779964761,92.33669200558825,53.31584016666029,180.4128759360675,8.551893548001436,22.62949631922223,87.93714978958215,-151.01957104003893,0.17844772404010234,93.68156974624405,95.72664535394198,0,0
2.983333333333404,16.772438988571995,92.06581690430232,53.38656598887332,179.59213472821693,9.296552799927401,21.333321535736523,89.36344322466219,-160.10068509804915,0.17793615757895376,93.58113779967569,94.87597487144522,0,0
2.9916666666667378,18.003200065727587,92.00823696122939,52.653458900945914,181.29520356948012,10.057620627090033,19.985150291962437,91.02773867641454,-161.5825558961698,0.17307271198804797,93.75303131803446,95.7747505527971,0,0
3.000000000000071,19.46888891716782,91.67681992158617,51.306967640973376,182.2800164515432,10.839211290524203,18.633097193975484,95.5176246635612,-163.03345270189607,0.16994898171626582,93.7212726471635,96.03438175085658,0,0
3.008333333333405,20.645007534247615,91.38453176969898,50.44900488598336,183.17375461469078,11.634904813822079,17.237626712239955,97.09703168959655,-170.4860874257655,0.17169317238006654,93.68750707995311,96.50668209315785,0,0
3.016666666666738,21.80666156117906,91.47236282135628,49.8827427241194,182.847553041742,12.446593874559058,15.799617373198446,97.89395021463251,-174.78263348850507,0.1724902835702058,94.03575728713864,95.59127429467445,0,0
3.0250000000000714,23.189279455419584,91.06770560909428,48.32761583720265,183.08600960448695,13.252949033442944,14.34077343142619,96.94044016119175,-181.12530528568396,0.17629115524882533,93.97377126925473,95.3902732265307,0,0
3.033333333333405,24.504104763062973,90.71601493500737,47.7024281338338,183.31086507975323,14.046701026856452,12.75480504251207,92.47796105582945,-178.49232086771045,0.17375320298037877,93.96726300115186,95.45663141208574,0,0
3.0416666666667385,25.7424791602997,90.23301733708075,46.27376507764615,183.72678635963035,14.811791191715214,11.229829859288854,89.63098925492933,-185.91746628904917,0.18190076619243545,93.83321720516876,95.72156782805891,0,0
3.050000000000072,26.65942027264032,89.95479207875024,44.436668091685085,184.48463495185496,15.519222003369153,9.73404730506097,84.5723344049432,-189.71198017593704,0.188989580685059,93.82211523518565,96.18691040694466,0,0
3.0583333333334055,27.8515204292184,89.61811736096843,43.46028500837196,184.52500029762814,16.20880956659959,8.17811324136603,77.79010946277486,-186.8087301053818,0.1913422662708264,93.84622608045291,96.1818587907318,0,0
3.0666666666667393,28.784513768080334,89.50180312838773,41.678216075765256,185.19823747785568,16.81484625512028,6.682757972667108,67.43180996155218,-173.41256955610308,0.18484153736395426,94.01659957740166,96.56114698159519,0,0
3.0750000000000726,29.701434967641777,89.3749463445663,40.0660686654282,185.83465289890563,17.307207878109512,5.295988458553,56.509896389682005,-164.26078906839848,0.18380550490467984,94.18097617476238,97.01495049856257,0,0
3.0833333333334068,30.470620384315627,88.82179118297074,38.67031352862893,185.79617647949829,17.759168938222494,3.934911965574025,48.79914772685596,-152.0892275458921,0.17894776821843994,93.90297809737629,97.32043141756142,0,0
3.09166666666674,30.72810803629216,88.37093936613559,37.39402397723695,186.00332758988282,18.19012541112417,2.6520445553790224,44.43093714572694,-146.4544641218261,0.17994830414649643,93.56088684884969,97.85968355561056,0,0
3.1000000000000734,31.453657874506465,88.4079234908009,35.76830177639295,186.45403460814646,18.50451951363709,1.4588785502886064,33.178298459624024,-138.87677380330706,0.18268569441114657,93.83652556250048,98.14100089786612,0,0
3.108333333333407,31.488305978128043,88.41775801143996,34.373462312463865,186.04778284596102,18.705447760165413,0.3789390018515967,21.930528750952153,-124.55052043853293,0.1784569228932451,93.8574096443204,97.67264650997616,0,0
3.1166666666667404,32.207018682917585,89.19003963677369,32.47503778950955,185.94247074803064,18.838737175094845,-0.537771727487084,10.712941326888451,-110.29850267975041,0.17492359511522215,94.82697518560352,96.75280233760684,0,0
3.125000000000074,32.9209128735725,89.16814026825284,31.381708568649064,186.5464357380127,18.880237274222377,-1.411685608367146,-0.11393457865537339,-100.12229524319542,0.17527036505380522,95.05126902534319,97.39045938123583,0,0
3.1333333333334075,32.5228131551682,88.72998516106941,29.755550713902668,186.3537024033186,18.822806144480666,-2.2258261971551527,-11.611674509940942,-89.9707501210492,0.17631552896481129,94.5026118274494,97.66293006874955,0,0
3.141666666666741,31.73305218887288,89.7716545502958,28.225076202051415,186.20009388648077,18.714340664989678,-2.9839326351387996,-22.518855127757995,-79.81184230812487,0.17743334884698303,95.2152118199575,96.49222667311818,0,0
3.1500000000000745,31.618337986099394,89.37481095196017,27.451434775434453,186.39731672520077,18.48197456481467,-3.6794274868557735,-33.89404239858249,-76.27523583481629,0.1856371877505687,94.80282764613003,97.11194421329209,0,0
3.1583333333334083,31.00489569421524,88.71613775558689,25.884126178783564,186.1624822468674,18.14170827507905,-4.246206428715694,-47.93319438308608,-64.72219180865586,0.18940131115214154,93.97795834810115,97.58079900853186,0,0
3.1666666666667416,30.279295695723935,88.87132506880619,23.569236469988315,186.65710921343327,17.699027683288218,-4.758439445959255,-56.375967657813455,-62.58673055145463,0.1953914350182937,93.88795538999933,98.01573585701676,0,0
3.175000000000075,29.3264033090332,88.66256675006031,22.2130316242924,187.0726301640966,17.16275748523406,-5.186235113641352,-64.21808223541635,-52.29402046513049,0.19105228882538983,93.38676926499264,98.6668162954492,0,0
3.1833333333334086,28.621569748389565,89.07873868102502,20.774140059566722,187.41920565371305,16.57202634750866,-5.483101118572363,-77.19700815834584,-33.09261641046022,0.18629740028528552,93.5639671020007,98.65307697749404,0,0
3.191666666666742,27.036486016004122,89.39676828484977,19.00631200029989,186.75752825224657,15.9127307481741,-5.6694047486525365,-91.55627358303543,-8.15019151815958,0.1800352809279917,93.39568381819745,97.69135722340819,0,0
3.2000000000000757,25.925290158557463,90.03775443076574,18.47578196359507,186.85681031522392,15.10884554611227,-5.688102567876796,-99.66915295144332,13.321616534825088,0.16715896995082957,93.6958798066397,97.10522516685005,0,0
3.2083333333334085,25.021001047572785,90.77810581669564,16.632069281790567,187.34711762887736,14.2402341450057,-5.577602991177901,-107.36382691212818,24.574240330832584,0.16257305307618797,94.16323586777288,96.9326994287905,0,0
3.216666666666743,23.275182760486135,90.88316099946161,16.219466939049884,188.91682431511418,13.313279089413586,-5.344981701318108,-115.39870211659766,31.30283424158974,0.16224291499748134,93.81621973725062,98.2872436730199,0,0
3.2250000000000765,21.704335751660896,91.65717229852578,15.264160047052716,188.60722089428918,12.31413363506772,-5.062563425259573,-122.82292939358824,38.49446682179894,0.16075549645415954,94.19190742405881,97.16371640600781,0,0
3.23333333333341,20.155437122432208,91.92092579198544,13.912209787880503,189.44254196685108,11.253040809826876,-4.770435190923632,-129.66995432046048,37.439893675407035,0.1654597633676267,94.1047195631123,97.721254130863,0,0
3.2416666666667435,18.198859327273855,91.88949897059842,12.514305385372499,189.42971750598014,10.147859039926278,-4.405192419042203,-138.77769981843008,41.43356367732318,0.1717651031685583,93.674321464751,97.70572340169439,0,0
3.250000000000077,16.373661052998788,92.40025219324832,11.049094801646167,190.43013597839365,8.95273640192314,-3.9822459019855665,-145.67385827876345,51.34915952274489,0.1687000329747943,93.83977505117102,98.1743811831485,0,0
3.2583333333334106,14.31970506710815,92.43598115064651,10.198603217655947,190.59373160510637,7.704837804458403,-3.4638712126217364,-150.51622671284352,57.23779557295597,0.16557943828080068,93.53857260238495,98.24422351840118,0,0
3.266666666666744,12.215529796178263,92.66601122890296,8.819501583179264,190.68043190765644,6.453172757725351,-2.984754813080166,-155.443636475464,70.48972626848202,0.15777900343215334,93.46768856282094,98.07323625034071,0,0
3.2750000000000776,10.104739917151736,93.10533893643122,7.368806851069569,190.65282501256377,5.146472712608777,-2.4048931849348656,-158.85871231805598,78.2277829740601,0.15252705709385284,93.6520683554881,97.58584615360648,0,0
3.283333333333411,7.9040360621360195,93.69374847455168,7.184233775822695,190.80923781564002,3.810332336246314,-1.732918564444521,-160.24157399094824,83.14113145497153,0.14647248710689942,94.02655098047627,97.11815682605608,0,0
3.2916666666667447,5.689791805294594,93.63624735759004,6.004615969390049,190.57067102517084,2.4679020546181882,-1.0158307463886675,-161.32593975259684,86.32047875162186,0.14268544554758522,93.80895772792375,96.93493491007433,0,0
3.300000000000078,3.6120373552947784,93.81762613367454,4.7798241819546705,190.50152241746275,1.1266524992172666,-0.28195021970857864,-160.56825910411348,86.78316688156252,0.1386347069061875,93.88713323567812,96.69094852511707,0,0
3.3083333333334117,1.4723242255647095,93.78647046546132,3.7491753154164984,190.4755224122086,-0.20223918617510275,0.4275433062523823,-158.83162437163696,85.91823236336045,0.1351600788417313,93.79802653038087,96.7158560797874,0,0
3.316666666666745,-0.8680682831831588,93.88398295680105,2.6989409572582916,190.5571113476442,-1.5332799351154622,1.127136103189259,-158.03404821795382,79.65155427520568,0.13929317515911377,93.8879960291899,96.73891310012655,0,0
3.3250000000000783,-2.940992771318345,94.1286000606533,2.001200536843446,190.48463058378934,-2.8466716427940124,1.74214741431209,-156.29506067017462,70.48420359774437,0.1455265803744772,94.17453364821812,96.48269219331912,0,0
3.333333333333412,-5.022112314917076,93.7444565421626,0.870769323961615,190.51867362547233,-4.135094179336072,2.311702089552635,-153.71211062634413,70.02401888603788,0.1442493834867169,93.87888337900624,96.95346897402584,0,0
3.341666666666746,-7.0060282374042755,93.63005942565349,-0.3252748645013481,190.41720916014356,-5.40285446420003,2.86669054459357,-149.75620738345344,61.76829030498328,0.14780828039769656,93.89181252758256,97.01744595358176,0,0
3.3500000000000796,-9.071672562189857,93.54788580488622,-1.6745116705276315,190.36877081097737,-6.612903728448748,3.3859390992108804,-142.1130340322792,53.64684755693429,0.14455158244132216,93.9867127930306,97.10304713354707,0,0
3.358333333333413,-11.101210354933581,93.10150696767045,-3.068231572391535,190.54392186842546,-7.760458034661258,3.8203122581725735,-133.808039012392,46.066560543841604,0.14055706375293875,93.76101253183903,97.77296645705117,0,0
3.3666666666667466,-12.68017251423333,92.65863958109799,-4.129470175864692,189.92621267241321,-8.807244904037763,4.123482927260973,-123.1293780353981,35.51726730408454,0.13504652671659256,93.52224475498082,97.64269192086898,0,0
3.37500000000008,-14.362156794900724,92.58151925416155,-4.668472714807872,190.1794874321015,-9.78679690226772,4.361986894416274,-111.20635924312708,26.770742869471018,0.126911249232613,93.68889611480112,98.078187705049,0,0
3.3833333333334137,-15.784548365475015,92.39532106423803,-6.3851744713687095,189.41103768131478,-10.688885359651643,4.52186626862013,-100.55366188218214,14.527036451625083,0.12491292606118476,93.7339176694629,97.46998256040753,0,0
3.391666666666747,-16.988447798219962,92.39570447690193,-6.964282431496879,190.1616000162307,-11.505271827660605,4.640950531018496,-90.45814923930241,4.845574010456362,0.12250307363719948,93.94452386582115,98.27845248021742,0,0
3.4000000000000803,-18.20752820906318,91.89579725005194,-8.533005610547885,190.24941540574156,-12.23245966345987,4.6284964209768935,-82.06779292827756,-8.966157387120164,0.1265490191731402,93.68218419585703,98.82828841897638,0,0
3.408333333333414,-19.060531044057196,91.86819947029744,-9.907052978178395,189.64415428171304,-12.868454994606147,4.524864852050544,-73.27690219226099,-20.862460988168454,0.12855051777743753,93.8246764854312,98.20348008083272,0,0
3.4166666666667473,-20.247809875895424,91.79461035526413,-10.892127548690436,189.5222531463633,-13.419717995063483,4.278216150497494,-61.98956541444871,-33.85489861190832,0.12795342084816008,94.0011930511798,98.17444146677003,0,0
3.425000000000081,-21.131641916632244,91.77261375290038,-12.380805755775551,189.78040793018613,-13.860340098666454,3.895820500541063,-49.478205753525735,-46.31944626971588,0.12542781341197085,94.1740883955444,98.3976872340573,0,0
3.4333333333334144,-21.630414573457923,91.63172965666143,-13.318440407225065,189.4867695471537,-14.211239974291473,3.4488571309089577,-36.404721365933916,-62.42493129606245,0.1263471598822523,94.15013921652557,98.20742205408894,0,0
3.441666666666748,-22.06253624861233,91.5432194712559,-15.28123838297773,189.9153363869359,-14.485692269358914,2.875395526280642,-23.97691149833718,-74.4801594566367,0.12508047228305852,94.16430606596035,98.60557482827569,0,0
3.4500000000000814,-22.11950253459747,91.30040902183043,-16.193254536904643,189.77970762657776,-14.657799443659494,2.2711793731582897,-13.364338130446512,-84.51403240865974,0.12430310025746527,93.94166849663465,98.65745115810132,0,0
3.458333333333415,-22.17484060752434,91.39485376873245,-17.952966005073957,189.5778541269218,-14.768505390774719,1.5575772341821714,-4.735788498944236,-93.44435274482957,0.12485353247824804,94.0464930307191,98.27372886227036,0,0
3.466666666666749,-22.16781885214783,91.36574895638819,-19.213898233911035,189.96267535790696,-14.753550539085637,0.7507335304817402,3.7908486685701557,-97.25938311585682,0.12017450452167067,94.01655319688864,98.64116555903703,0,0
3.4750000000000822,-22.193811357298042,91.35225045713423,-20.546790494927958,190.0932287536915,-14.622603984951063,-0.15902245139733853,16.494948820318726,-108.42800130321768,0.1188590616357712,94.0095682691199,98.75471367323321,0,0
3.483333333333416,-22.027688999972664,91.37098266049213,-21.83832422902844,190.17697378871094,-14.43238606022725,-1.1177997781292734,27.77349340466754,-115.73678173508306,0.11608226061739035,93.98869908145058,98.80617258980396,0,0
3.4916666666667493,-21.58274257140891,91.58538757373748,-22.90753999466858,190.64029283604742,-14.143055702290141,-2.1171901422037487,40.21923015268082,-127.92628900824286,0.1174815723391256,94.09409117439529,99.06376403477648,0,0
3.500000000000083,-21.04966242474563,91.81889959976934,-24.696147026743684,191.02924754624263,-13.774772084832744,-3.2472589398955853,52.34829382725897,-138.71593199807026,0.11880492612615301,94.20084188534766,99.27733875166531,0,0
3.5083333333334163,-19.867843329483545,92.27707258708102,-25.48767160951331,190.42846864172566,-13.33037622788623,-4.405051842434896,61.61552853594089,-149.21765673070527,0.12175212362618382,94.39168037388848,98.31215091418117,0,0
3.51666666666675,-19.008479489168163,92.75459299339923,-27.20457816247227,190.5863303280059,-12.787791207803613,-5.6614904914925575,69.8582926731055,-155.63852528597553,0.12200814303603691,94.68229408850037,98.17446136022345,0,0
3.5250000000000834,-18.35633743505741,92.14075088031257,-28.22366223462819,190.79271248504938,-12.189032900467618,-6.948899471993804,73.84126136981475,-156.74032922578405,0.11953277709435195,93.95144009975319,99.14420622085132,0,0
3.533333333333417,-17.03792561407766,92.3503736435909,-29.57420157625455,190.50385031461576,-11.532393058599931,-8.232432278886908,78.17677239352871,-154.03883792582056,0.1147831934370358,93.90890490971393,98.95081201086364,0,0
3.5416666666667505,-16.06484960163925,92.46538935231422,-31.046135105292816,190.9277475654635,-10.849323048738267,-9.633887432768928,82.53195508117383,-160.97862720222338,0.11892407009039374,93.85056004520352,99.59555662898073,0,0
3.5500000000000838,-14.890668785532053,92.51064379775437,-31.75901175991481,190.08042642988335,-10.140068588933433,-10.975592638325752,86.98987728487742,-164.49708694276364,0.12139723230556632,93.70139397445166,99.01718778869811,0,0
3.5583333333334175,-13.425856856250274,92.5062219602869,-32.942282984119394,190.66139486702008,-9.390624394198559,-12.370214722801052,95.12517103928587,-168.12473731153705,0.1255968268244776,93.47542315331013,100.0766149365338,0,0
3.566666666666751,-12.343317849431454,92.66532992879291,-33.997319993162755,190.37414810491515,-8.587251942651697,-13.730160409151065,99.16105374171498,-168.28736721170912,0.12827017150209263,93.48380002088135,100.07951317934773,0,0
3.5750000000000846,-10.81096608925736,93.09850353066224,-35.05196222684679,189.90765692443773,-7.757717446180914,-15.144622669962883,98.89188524394748,-164.52416686735774,0.12923607155251604,93.7241076107519,99.79798632518684,0,0
3.583333333333418,-9.580120267309663,93.2587562891153,-36.93511589076149,189.03240296267768,-6.921127756131615,-16.452620843197536,102.01913704024535,-159.43218750364343,0.1312226150310849,93.74952975310713,99.60365044872319,0,0
3.591666666666752,-8.191213623464474,93.59404818054747,-36.167409096793726,188.1787532303195,-6.087919854794903,-17.74265227603331,99.66733472453063,-150.79234275357962,0.1310352947980622,93.95180591903421,98.63535848018346,0,0
3.600000000000086,-6.64524615477455,93.66332542958747,-37.291718621901104,187.68050399522735,-5.274439952548238,-18.91070868363974,96.88550775108821,-133.4324731324728,0.12760460549521468,93.8987637138336,98.88597544708634,0,0
3.608333333333419,-5.567318261553335,93.78226027821432,-37.70063845975505,187.3365047959831,-4.4755205598592465,-20.015597287131364,94.8465778743416,-122.29834910936918,0.12885595935616712,93.94736492055624,98.91889068449275,0,0
3.6166666666667524,-4.229087288286332,93.94940606376275,-38.540560755006304,187.11101055629553,-3.660678650282735,-20.992404186738973,92.8373293469806,-108.32448590334681,0.1300837514325388,94.04454305820049,99.2792111324447,0,0
3.6250000000000857,-2.7520116272160022,94.05071924480228,-38.30065552851067,187.31531977383167,-2.911370754671043,-21.883375678091305,89.62212591945578,-102.31967056552257,0.13288355923833528,94.0909738416016,99.80977805335749,0,0
3.6333333333334195,-1.9172386347066732,94.10199449317969,-39.05875885626107,186.91780459515581,-2.1890010292700697,-22.6836493849184,84.1726218044176,-96.86295188073164,0.13423941275371387,94.12152342358698,99.97133153686725,0,0
3.6416666666667528,-0.48245165853318905,94.17473177073703,-38.68313113228265,187.13811874468115,-1.5268154825231548,-23.49553984183978,78.5795065715141,-84.43944026592837,0.135375974970795,94.17596754848387,100.50613528498361,0,0
3.6500000000000865,0.6866083402941898,94.13038906811948,-39.224666133697774,186.0429300054899,-0.9009457213350351,-24.141915014632296,73.34566195894485,-77.62765351959504,0.13678788728810032,94.13289317304823,100.20391714749535,0,0
3.65833333333342,1.6224261657899932,94.10868387023021,-38.310859027727524,185.24682937659003,-0.31452929674928953,-24.658949784620916,65.44121569453874,-59.675147696904986,0.13537114604935896,94.12266807974777,99.5029086644467,0,0
3.6666666666667536,2.1385404023896557,94.10980867002161,-39.2156804199742,184.90208625788665,0.2121390653274706,-25.103070006050096,59.46970153079189,-48.180943244614696,0.13593564587279783,94.1341035064377,99.76677427589195,0,0
3.675000000000087,3.040452942043321,94.07484269806002,-38.43043684229382,184.62970393206626,0.6864536906593859,-25.45174785573356,54.06966024607104,-30.539241170874895,0.13771859521017404,94.12396285089955,99.59928510092212,0,0
3.6833333333334206,3.761469039630815,94.1197802393587,-38.20767165035647,184.47644886689608,1.1491618996195305,-25.69220812954955,48.910479565066325,-18.187135042826426,0.13917791686790526,94.1949132471668,99.62798972037197,0,0
3.691666666666754,4.481310186816818,94.09032099124465,-37.19933575250496,184.30342107962196,1.5399750808278776,-25.806394548799,46.63618526962391,-2.8251742321224107,0.14369109305529548,94.19697789858188,99.37645432130633,0,0
3.700000000000087,4.934598880415426,93.93871322531487,-36.2860240127573,184.3092429372109,1.8787644630605522,-25.742540949590776,41.608636807930125,8.979685677873476,0.1441696832969157,94.06823113325001,99.32760136089989,0,0
3.708333333333421,5.639098115481265,93.99825899428589,-36.67280639878316,184.5286422230152,2.177814038560332,-25.602664907633244,34.49286457935797,25.75246416695326,0.14562812678078618,94.16725610058347,99.93021340497988,0,0
3.7166666666667547,6.009244238833962,94.03930430409457,-35.116710031644224,184.46547266513466,2.4470878244383814,-25.252050421913882,25.98932404713291,41.91048011814445,0.145193312913396,94.2311082940239,99.33899556124287,0,0
3.7250000000000885,6.4416954651649165,93.75819635773951,-34.368380607037174,184.5214654727232,2.6430905353719742,-24.88844412609086,19.65950116117075,55.26493834477421,0.14591600658658654,93.9792254954379,99.5159953447579,0,0
3.7333333333334218,6.410116445648787,94.02646208960942,-32.82867375714033,184.60717224179257,2.772464111763575,-24.399263972078597,11.635950712691223,67.60673532913641,0.14429231005736876,94.24470895459085,98.71447567734083,0,0
3.7416666666667555,6.447865396757213,94.05031768512254,-32.14358243968149,185.72386996023556,2.8540200164132328,-23.798230945144258,5.464480633416976,83.0235268622063,0.14669289832804822,94.27108371524733,99.46527048598647,0,0
3.750000000000089,6.64125169459641,93.79320480623863,-30.8521720994471,186.4170398639032,2.8784718034508936,-23.099981022325498,-1.5931865811417525,93.59988428418443,0.14435059858704946,94.02803566966614,99.92462983964063,0,0
3.7583333333334226,6.682385583898342,93.8004998848042,-29.38497780409835,186.99292194226143,2.8174486725673074,-22.17852468076596,-8.850164531074384,105.34171593505131,0.14173831630058453,94.03822656628019,99.92838551030957,0,0
3.766666666666756,6.484190143384244,93.82663860634602,-29.063394573740307,187.64749995923597,2.7104145220270532,-21.23016700743489,-15.6272105554003,121.13162703161507,0.14434695114424967,94.05042708027126,100.32938156003627,0,0
3.775000000000089,6.060884820995004,93.80741209275351,-26.98395763673221,188.18263498150952,2.5295485465705254,-20.112002574195536,-23.655639078076582,136.9940266132597,0.1461104021654318,94.00300467726042,99.9932213120389,0,0
3.783333333333423,5.788021806143381,93.9447343801254,-24.73252930927725,187.6845371840896,2.3085442507477074,-18.984964342700952,-32.550544218170394,150.12758516473463,0.14535828423858232,94.12286817867752,98.5832372673727,0,0
3.7916666666667562,5.191153946398804,93.93490413845171,-23.792527341438582,189.4996982430353,2.0161538776047854,-17.702113551460144,-40.45339137072393,162.91991745169648,0.14494656101898018,94.07823496853736,99.86332486577037,0,0
3.80000000000009,4.510828794007925,93.84820020854193,-21.208555077512525,190.0441400145163,1.667171563574832,-16.33483794152059,-44.642733735756174,172.22084416067764,0.14354718749723805,93.9565445234733,99.57482383557237,0,0
3.8083333333334233,4.010511515342164,93.79949562553304,-19.963993327638885,190.6543254123746,1.2794338076435365,-14.816570532162643,-48.21515991628391,183.5674369175166,0.14550880716317804,93.88519362614684,99.77792809787228,0,0
3.816666666666757,3.1015778457015744,93.98529259937834,-17.87512293722892,190.76667661064636,0.8626981700309306,-13.237003312191566,-52.00204507369522,186.87852060573005,0.1373654817490335,94.03645575054234,99.02857298211018,0,0
3.8250000000000903,2.4472144428113483,94.04559812880399,-16.13576478283829,189.92462441895867,0.3977675701937629,-11.642371605052922,-56.4398102549152,197.5590344490314,0.1398028955962678,94.07743292593396,97.66327251965858,0,0
3.833333333333424,1.601634218762574,94.05855004891663,-13.257294026060261,189.97051821458263,-0.09450856092492156,-9.940838401388188,-58.537692423319164,207.73335970315202,0.14477544316032098,94.07218541883285,97.05613523109459,0,0
3.841666666666758,0.8893210687584814,94.06261020915412,-11.254433124732767,190.40183917040895,-0.5880223517824817,-8.153652530971483,-61.69707991999841,218.42363630663746,0.15117533853199205,94.06681418716487,97.10158496523637,0,0
3.850000000000091,-0.07383016186059432,93.95035901632923,-8.753142352351514,191.25743577776268,-1.1102852111974457,-6.305777661822625,-63.80997071924301,231.15887051529884,0.1639807531334032,93.95038802575515,97.6933858966691,0,0
3.858333333333425,-0.9832264499239001,94.0047070294529,-7.150944743726423,191.3044182676657,-1.6356411934423183,-4.351621421657515,-63.127513698662604,233.42007288530934,0.16464370343978807,94.00984883481678,97.4949975947038,0,0
3.866666666666758,-1.917352980494793,94.0214702382026,-4.273230308389766,191.05092230101286,-2.1324474729355565,-2.481773281405821,-61.095656168511844,228.5594983934429,0.15693975735530907,94.04101822186439,97.05804822678687,0,0
3.875000000000092,-2.5587839925462346,93.9394096870559,-1.6124163729812677,191.00987373649025,-2.6411335650948655,-0.6219681633699369,-57.8283516632247,218.1353472927831,0.14356018476503918,93.97425215383755,97.07507714364118,0,0
3.8833333333334252,-3.3931961847393906,93.82751893869965,0.7298328164109238,190.60905816991624,-3.1126872604248086,1.1827280073795494,-53.728299252831086,215.26480048852494,0.1449301589423344,93.88885498577652,96.86932282259355,0,0
3.891666666666759,-4.117268067570019,93.91460666852328,2.953285669604388,190.63494310686144,-3.543462725168817,2.966451116479348,-47.898909462049005,206.54603574256637,0.14054379832664576,94.00481499393352,96.97843167888206,0,0
3.9000000000000923,-4.6007989919709145,93.69999129885406,4.919014739547042,190.42693927969805,-3.9171990359056674,4.632400432388716,-42.58652262224142,196.63288708043862,0.13505734226754296,93.81287609262306,97.1942864533286,0,0
3.908333333333426,-5.176328151623745,93.77809364066371,6.630889670767151,189.97151745760107,-4.24469385962075,6.318625105703162,-36.61849954653492,189.38253259783255,0.13575667010039938,93.92084550306383,96.91535058147556,0,0
3.9166666666667593,-5.829127880600761,93.73771907691685,9.249452092403775,189.6587591101616,-4.507866914906054,7.90169113925864,-29.147848685241527,188.78286602899934,0.1493738761570902,93.91878784136526,97.09896752829887,0,0
3.9250000000000926,-6.016833755931311,93.70196785993579,11.935657775241001,189.29692893806157,-4.718810995194429,9.428277740565955,-20.497084024468947,183.76625464235516,0.15883033754555775,93.89494698476034,97.26607083513343,0,0
3.9333333333334264,-6.149648942382096,93.66618879655425,13.359749426310149,187.50648007010426,-4.884228401618183,10.846308313694108,-14.950511784190292,172.2866455143292,0.15441710610025616,93.86784915926371,95.8468407982915,0,0
3.9416666666667597,-6.324494879679942,93.67214739278307,15.516704342351094,187.1600747241783,-4.966917340159656,12.192892714382825,-6.25336730316669,157.493319432711,0.14996142755254116,93.8854111811754,96.00536724671534,0,0
3.9500000000000934,-6.343745020510933,93.5836083576599,18.414856219455775,186.93103294183175,-4.989461466464553,13.45570066712246,2.6838589964055446,139.78177820029566,0.14267292027881284,93.79837340873843,96.57499682556211,0,0
3.9583333333334267,-6.198100328483288,93.61023514091397,19.95237789984174,186.65314588610977,-4.914200181119222,14.612033460709355,12.2006464229513,124.71957925744343,0.14080064667440695,93.81520436911678,96.64797334403124,0,0
3.966666666666761,-6.143941589468109,93.69213776600799,21.300277410197967,186.42183289191541,-4.752919681102249,15.599030248706123,21.917555677018427,113.87113805595483,0.1450634860207356,93.8933687616938,96.7056436545736,0,0
3.9750000000000942,-5.911790629959394,93.64868619529284,22.830425736919953,186.03220777109203,-4.535018225368881,16.52073065118,32.56595622656564,103.90205268782009,0.1525979750693054,93.83509841502223,96.7513827313422,0,0
3.983333333333428,-5.040280209323039,93.73179416018132,25.531047971029867,185.84364623220137,-4.227855332731701,17.370567621987636,42.56902877468549,91.81361081300109,0.15700010433795786,93.86721291843652,97.05255998091211,0,0
3.9916666666667617,-4.517300669664674,93.71383395829679,26.781301036653137,184.33180041919303,-3.8527595759542135,18.050108106645848,50.71524615150932,79.92844008588037,0.1586305947892228,93.82264481724746,95.87084183566365,0,0
4.000000000000095,-3.6446456399563614,93.97755672926837,28.904599937284278,184.42302368257867,-3.399855872308015,18.60639957343482,59.09224112162949,68.77892000830853,0.1616663653164938,94.0482036545287,96.12406504122609,0,0
4.008333333333428,-2.834436014908813,93.85149051668589,30.06979160885817,183.8060697976714,-2.8757996945132516,19.083609552851346,66.54823837068366,48.19843966160652,0.15283614223472286,93.89428257208313,95.78368613253396,0,0
4.016666666666762,-1.9690279729572877,93.77961091451857,31.656916973966705,183.46248923823993,-2.2987023864879434,19.434515754360323,71.19699869920385,28.338570547058907,0.1418852674572908,93.80027982067419,95.77955333995337,0,0
4.0250000000000945,-0.9197762800761735,93.94942927981697,33.05521970937361,183.93708125673834,-1.6667611121699344,19.630049979180363,77.59165687519109,11.08305480730351,0.13729322497212726,93.9539315324735,96.18772198572252,0,0
4.033333333333429,0.14950875645729855,93.82546203208733,33.89872298424559,183.9137595755484,-0.9744028189966901,19.675674045906362,88.1400717920525,-1.4435024002906065,0.14347645983666446,93.82558115142649,96.20244703370243,0,0
4.041666666666763,1.5098286993967962,94.05904427349793,35.45241665326558,184.16476167297105,-0.19995635687374805,19.622202643024757,95.94698261809147,-13.162514740732231,0.14636208229712677,94.07116132133889,96.2867570597319,0,0
4.050000000000096,2.8029704835489087,93.64094631352128,36.04777442788646,183.50839045946526,0.6290511327306787,19.459097835151375,105.26448356115883,-24.079307903172896,0.15270937285688646,93.68288781855212,95.81948917950774,0,0
4.0583333333334295,4.163732704671252,93.71973855710274,37.42210938987717,183.7830383029712,1.5395571389715226,19.238368630391342,113.20475504967152,-33.043428853119984,0.15891026901098293,93.81218505742012,96.00790374156284,0,0
4.066666666666762,5.971998075011759,93.67665684821901,38.6743544065609,184.10810269076865,2.529010997498077,18.86057201612378,121.63547366043969,-45.81311379277906,0.16335496828771667,93.86682480656795,96.16283329233597,0,0
4.075000000000097,7.682233927260033,93.6209436115966,39.819823454298565,184.52242137756633,3.5691880610502404,18.344539127068845,128.80864907846012,-65.75257463244634,0.16161207362462893,93.93560454289361,96.41526497731313,0,0
4.08333333333343,9.284937330458892,93.31617991378704,40.12042718822136,183.61622137314282,4.650075411118912,17.7772551536528,132.89041209311395,-79.40980355075186,0.1600293939827946,93.7769667612086,95.41973025705714,0,0
4.091666666666764,11.134692781815207,92.61861397863856,41.06745794603649,184.034772950587,5.769317249573005,17.120413171555796,136.73339289797025,-87.86021484912091,0.16164709902113739,93.28552427182618,96.19191520892475,0,0
4.1000000000000965,13.041215488934828,92.615170458705,41.85398349172687,184.34187129286147,6.903800849564644,16.355761504481144,136.32957561072686,-98.00142381828833,0.15643866802326345,93.52883566325316,96.14553159612547,0,0
4.108333333333431,14.995575893041636,92.4230238956523,41.568063702742,184.09125753641683,8.027937344824462,15.527252584771924,134.55330418209323,-102.1405335934232,0.1526839698339999,93.63163270166919,95.44193086486918,0,0
4.116666666666764,16.665748621750314,92.29546287716158,42.08219507899549,184.38631596858363,9.142957218990507,14.6555450914871,134.47341334123047,-106.79710884945035,0.1525406607511255,93.78805704796791,95.53387343565574,0,0
4.125000000000098,18.406487285229336,91.92802516669292,43.64747476408974,185.46187826194677,10.29880136991361,13.669721925622154,135.92679023225244,-114.99293042227895,0.15494988851015368,93.75265641692205,96.87976632792068,0,0
4.133333333333431,20.335365396758394,91.68516803114193,43.4900942805316,185.20708341409426,11.451686268877834,12.68075781144684,135.55876706987468,-118.64353606767077,0.1575050543181753,93.91324253117027,96.34568037321205,0,0
4.141666666666764,21.95033500591717,91.56819816744093,43.046095244871545,185.25252685654777,12.580529850990317,11.694440259176414,136.0424932666856,-119.77153630507944,0.16299947815417193,94.16237105396043,96.0301230968078,0,0
4.150000000000098,23.835978895540396,91.1081861702774,43.667227613565736,185.12453960858267,13.692082273505822,10.752816286923979,134.73020411648093,-117.03635293672038,0.16819505443707383,94.17460101931187,96.08513485213264,0,0
4.158333333333432,25.693186028512404,90.2442826152909,43.63078862524083,185.24753786642327,14.770622966806656,9.87138571289538,130.63560905084887,-113.44220445583771,0.17111533098047804,93.83054062001477,96.68182918847765,0,0
4.1666666666667656,27.466000964389654,89.62347777771026,43.48543928461772,184.3050989446594,15.84029002527127,8.920353147689339,124.90768931661785,-106.91069489618823,0.1734829028829803,93.73766040363701,96.02724504481662,0,0
4.175000000000098,28.835257672109382,89.46107255578687,44.21125193033448,184.24293603540673,16.868238689031728,8.016679589673675,118.81601982812018,-95.35156778269958,0.1774520022190642,93.99338055335974,96.02095002705539,0,0
4.183333333333433,30.24528034252052,88.74047859080054,44.295902394192076,183.7086843040898,17.81574344191736,7.236515847550999,109.76266913060492,-90.7748908266336,0.1771680662108155,93.75313073984242,96.00197954438515,0,0
4.191666666666766,31.589664684161907,88.39081194538568,44.54120290810699,183.79846833126584,18.713915217028447,6.403596213339552,100.02710895218247,-94.85984239037526,0.1764968256713324,93.86608839843238,96.28272555039399,0,0
4.2000000000001,32.98204666686315,88.20310525751108,44.40682142901694,184.24403411785516,19.526531607579713,5.6050464976749135,92.56151444365781,-93.39488636542065,0.179533117606411,94.1679519762574,96.71807222398313,0,0
4.2083333333334325,34.448515793907355,87.9889464119563,44.11141225177426,184.32678775449097,20.230381635046744,4.9131811050374194,82.89771940534085,-90.23926692234429,0.18095371110934133,94.49208925137174,96.82123342787385,0,0
4.216666666666766,35.17241374966466,87.23722336629783,44.27840759418911,183.80722968915956,20.858471498304127,4.281020206720763,71.98956377522174,-79.87348759927497,0.1813069452476701,94.06078794927745,96.99837753846232,0,0
4.2250000000001,35.67193477886634,86.501604577043,43.56561682012728,184.20193958987784,21.420525438208255,3.6779653672782353,59.015314832824124,-62.24975056475784,0.18042172674829793,93.56823459524499,98.01870065344004,0,0
4.233333333333434,36.65033728917292,86.2937699654156,43.07197584059953,183.740015773535,21.844605717434977,3.173678510532073,44.85084756675974,-49.23817545772725,0.17924482579184264,93.75426368040124,97.65760730112936,0,0
4.241666666666767,37.09871864706077,86.28971092059606,43.92220916595978,182.93228347511626,22.179513973491993,2.840719159338456,32.05506108335826,-30.05560151409999,0.17904083667893067,93.92672216155427,96.88316083209303,0,0
4.2500000000001,37.22620663096496,86.35250927982037,43.698784824220134,182.59307299060998,22.398328534132492,2.6244946807170693,20.016029408062764,-17.428937529845655,0.1791682679166815,94.03481439899141,96.45797204916946,0,0
4.258333333333434,37.734832646954665,86.26014271562195,43.80942704744121,183.39436586127152,22.50476580672028,2.5236031818986637,8.9510680771705,-7.391052523944109,0.17915588427792706,94.15269415270677,97.32398472750316,0,0
4.266666666666768,37.75316271958361,86.30680708587101,43.38787889514965,182.72008140970115,22.570270242846362,2.4238831538903876,0.371621653072594,-2.4695848969503116,0.17970993897267373,94.20279318942254,96.57778984953688,0,0
4.275000000000101,37.41858444988555,86.23638794408657,43.10336309172164,182.83156269185662,22.561873137604533,2.408475699756383,-7.366895919647173,-3.299759873304853,0.1803216492359292,94.00460131225607,96.76230925705994,0,0
4.2833333333334345,37.597013424798554,86.39574310495846,44.03267979511549,183.24939483715247,22.457842080013794,2.447754140538762,-14.257117667125113,0.2246844257392087,0.17980611920474,94.22186500554136,97.06723265598518,0,0
4.291666666666768,37.00147544949727,86.32223236872119,42.97888632716377,182.89678434595083,22.236561111128026,2.5283799625801655,-28.590599269964635,16.569273476647297,0.17912359258527477,93.91824629197058,96.75935887759424,0,0
4.300000000000102,36.64931900175407,86.24414489022286,43.07767772476462,183.76574113622155,21.950854762087722,2.7150435255277836,-41.253111913601934,27.970598294229532,0.1792727183631606,93.70819127023042,97.73323656893439,0,0
4.308333333333436,36.42520968400516,86.46829350322321,42.712772572902686,183.6015479540476,21.56040847314381,3.021353230002139,-51.90565204129776,40.69562009356435,0.17819611739518137,93.82729710421853,97.33654281558614,0,0
4.316666666666769,35.27434325131555,86.52454742227178,42.826878645445454,183.53761976841992,21.078713930586066,3.4204632847274428,-64.88257589649993,52.6316643308209,0.1787249590547293,93.43862476749425,97.30661332570648,0,0
4.325000000000102,34.460629484038016,87.66492751397351,42.93899604913805,183.90068339749655,20.508343162588897,3.8628773220117636,-77.33543665899522,63.62017897158164,0.1793746916629022,94.1948751284611,96.60850588889802,0,0
4.333333333333436,33.104635147792415,88.14943207810171,42.57648334866759,183.46199099442202,19.823991840030846,4.401439698460542,-87.16148733660644,76.91086585407204,0.17753289255882665,94.16070966151604,95.78204317886237,0,0
4.34166666666677,32.467407574552404,88.07773726945192,42.603541036415955,183.7776347928155,19.062855844201707,5.095816152517122,-97.31759724049623,82.19139351020684,0.17711976126453344,93.87129676913334,96.23518892556402,0,0
4.350000000000103,31.030085481953964,88.74290126017763,42.628784371821276,184.16894007504476,18.200607357242696,5.809113366349366,-105.25200754188748,86.61664796358701,0.17466523602064177,94.01153508528093,96.12834493443823,0,0
4.358333333333436,29.285802969963587,88.65595257625313,42.05347130653394,184.2362111207886,17.274282606092534,6.560363145970167,-111.50052903215014,87.13146384115056,0.17157420941516222,93.36774701575685,96.4292444136783,0,0
4.366666666666769,27.89642551258095,89.06168336738,41.92837882353604,185.15913262259608,16.319425575175906,7.261650757665443,-120.32146000024917,90.22845852093683,0.1722047321111595,93.32842011204534,97.11650460699074,0,0
4.375000000000105,26.361818430760824,90.02659659649578,42.07405770120807,186.0592877444115,15.287860857378819,8.048712858280089,-129.7008823536697,97.7379061392335,0.17340468158852218,93.80689508625997,97.30956906698722,0,0
4.383333333333437,24.64100588268366,90.60166177386213,41.52714916036491,186.18235459806857,14.175152523831732,8.929722641070438,-137.87343168053832,105.30919984551043,0.17394728016909866,93.89270625078267,97.06086067797713,0,0
4.3916666666667705,22.799094818860343,90.92189819943377,40.87673620622082,186.25825078702945,13.015167569793983,9.829109452653197,-137.88607494451915,106.67760547493876,0.16524371467824706,93.73681398867568,97.03515467518135,0,0
4.400000000000103,21.06152173066386,91.54901682812692,40.496557060418134,186.46468811706097,11.876510941430741,10.68450016873782,-139.95607833872046,107.53257275190941,0.16123161948648512,93.9404608239064,96.88501047374551,0,0
4.408333333333438,19.040695275157194,91.76664564228065,40.04004587483923,186.35295531527868,10.706078201010989,11.557348246975915,-141.44165366634653,104.31301737126769,0.1589554609432433,93.72121066758207,96.88933224645862,0,0
4.416666666666772,16.996835792006383,92.02925917037328,40.132782440495994,186.33833326179865,9.5165012857134,12.418697739133126,-141.27741965265744,102.10665874609792,0.15506778501921126,93.58566647937153,97.10547607268974,0,0
4.425000000000105,15.206498536757014,92.34787489713852,39.36840141632212,186.0245158996309,8.336121842107774,13.261537630231144,-141.1792596821013,101.15756243039966,0.15222398534162007,93.59149318055536,96.74249645461592,0,0
4.433333333333438,13.61591954222138,92.47995179192702,38.58664896080058,186.26081164544013,7.134649357897971,14.084869348126778,-142.17699122556994,94.13816300736733,0.15500700777485887,93.47692093996994,97.04837454877935,0,0
4.441666666666771,11.473111181350252,92.57391446108261,37.72206272091092,186.12905602880397,5.955376507265671,14.884726501512917,-140.75272019885057,87.56438737803691,0.15520191408640516,93.28216291889605,97.16775170128508,0,0
4.450000000000106,9.522276860082915,92.93398924649068,37.054621664703696,185.86708750256076,4.8137652346460404,15.531200626378707,-136.70416313477043,74.94331116946736,0.15480732393226493,93.42055509290724,96.92569711852943,0,0
4.458333333333439,7.76539681768259,93.42862663859682,36.461544516906095,185.69231996734965,3.708713854268208,16.156762723393786,-132.60931334461276,70.1947963509561,0.1512006851875971,93.75078486770337,96.62327876571877,0,0
4.4666666666667725,5.962431841733353,93.62353530506783,35.50004737475587,185.6502915226389,2.627363055434976,16.659893205419525,-127.95462189024632,62.22001383293849,0.14889140451824856,93.81320246365433,96.65089027683557,0,0
4.475000000000105,4.16713798564263,93.74402014244362,34.17938415781459,185.56465626342123,1.6067215181360341,17.10252281073105,-118.3969833133745,46.236813293911425,0.1439577148016915,93.83659388244152,96.60105660892135,0,0
4.48333333333344,2.9335310835874155,93.87657000536228,33.576966707180425,185.22060149499316,0.6171793312584114,17.44520109460419,-110.3225188640241,28.578830846808994,0.14403759298122365,93.92239349904823,96.34704061669962,0,0
4.491666666666773,1.438405915407377,93.98496946295313,31.95437105333281,185.52642499716944,-0.2690810624132848,17.64972512346486,-103.53809667484875,15.295148328468347,0.14386460701536397,93.99597595923834,96.49384544944813,0,0
4.500000000000107,-0.03860077216642832,93.7888748467393,31.210460739950353,184.25551629856693,-1.105251409721479,17.712613975178137,-97.13304524184136,2.080019028220044,0.14463096569013478,93.78888279021635,95.7116349299373,0,0
4.508333333333439,-1.3428583703374626,93.8235520618394,29.11892567622812,184.97257072640178,-1.8964975785782134,17.71006699375164,-91.15779305154305,-7.469853531183628,0.14351214067301976,93.83316146279775,96.10444261745833,0,0
4.516666666666773,-2.3206968964593626,93.9823648162465,28.12472988573916,185.0568430510312,-2.610406081612186,17.554777057063944,-83.9967706956874,-23.82308160977202,0.14674075829670707,94.01101281519779,96.02856136425497,0,0
4.525000000000107,-3.835589605919149,93.79376130436071,26.74085306482016,185.9027821202116,-3.2805627305820693,17.26308697821372,-77.42544649030312,-42.1925482965478,0.1540402346137233,93.87215458933724,97.0514840795949,0,0
4.533333333333441,-4.486127181396735,93.7241495252872,25.41651793878447,185.86571854558605,-3.888649581131704,16.819119472432035,-67.04016824997288,-59.736642452221815,0.15446900068605762,93.83145283606164,96.8722711961787,0,0
4.541666666666774,-5.558556662759709,93.71901854408236,23.467389990720168,186.4972622047016,-4.410672437696553,16.26517681362898,-58.27794046638818,-77.69116270117665,0.15941030517494648,93.88371524944655,97.2126950345473,0,0
4.550000000000107,-6.244641968355718,93.54938289986734,21.720118641360333,186.10417934656658,-4.861261759116015,15.56906613836397,-50.37878060009364,-86.90535004728923,0.15497621310227538,93.75757353013643,96.6872182930539,0,0
4.558333333333442,-6.725440294199127,93.66630699677177,19.178653693407288,186.6778300885033,-5.240147837917972,14.834463869363283,-40.64442770138543,-102.82302779559834,0.15708851437608828,93.90744706126523,96.55136204716356,0,0
4.566666666666775,-7.424269617188027,93.65510817927532,17.420762195931903,187.12266160920296,-5.535230777052566,13.94444897060041,-29.868540948791008,-111.5929459181564,0.14794844102301674,93.94891732968753,96.71328321368952,0,0
4.5750000000001085,-7.6059142249859475,93.63845126934035,15.832119066711758,187.75870743654826,-5.766482875947308,13.016577116771577,-24.142889289598333,-114.68459245707461,0.13964357936288962,93.94684394549117,96.99465977858559,0,0
4.583333333333441,-7.972920074084295,93.57013357757376,13.781348871015158,187.5887232165495,-5.932163022763857,11.990533353419993,-13.95745724547661,-122.68551587548208,0.13151125473648095,93.9091973782799,96.50255652073595,0,0
4.591666666666775,-8.05224069619106,93.4612271466421,11.955857605103237,187.62674966374743,-6.001959138873774,10.886725669587074,-5.706199696045721,-133.57107913417218,0.1304329637769963,93.80746004442092,96.26769774204494,0,0
4.600000000000109,-8.016752659839877,93.52580249355532,10.057971352263,188.90201744835656,-5.996719982590678,9.708703225959015,4.300562725346768,-144.37157839122642,0.12742832668124304,93.86875974078153,97.07377620767691,0,0
4.608333333333443,-8.016366923649567,93.63931567488027,8.232197079507959,189.57652921704027,-5.93696292618827,8.484101535788444,13.062640666818236,-159.85474773431548,0.1335455095522584,93.98182578942836,97.30346743255718,0,0
4.6166666666667755,-7.992917427553148,93.61634805976234,6.037898491892297,189.34737142628643,-5.788472161153194,7.100015514436628,21.135865305803616,-171.6496881770663,0.13575133131770034,93.95694414491274,96.7537732089418,0,0
4.625000000000109,-7.240513907322447,93.6731949133835,3.6878445832128977,190.14591895077376,-5.587245595131988,5.655605080701033,30.064229946020227,-181.08441858917482,0.1343159497670552,93.95260766430523,97.08972912977003,0,0
4.633333333333443,-6.92617007300782,93.647650810046,1.6888503653513611,190.4997553584368,-5.2901424123796295,4.09188572114398,38.267881320872085,-191.67117133282798,0.1362191719228485,93.90343089642965,97.23450381734752,0,0
4.641666666666777,-6.312066099158296,93.74125464449389,-0.33727075659430295,190.03755975982892,-4.931383948449316,2.4105562502637645,46.870322331066895,-204.1008585897901,0.14167239719574098,93.95352574951082,96.48148298119813,0,0
4.65000000000011,-5.841246922949774,93.676918332355,-2.8227242550177563,190.40833361200595,-4.5084765783758325,0.6295886136009661,54.693087964326764,-217.6372364056301,0.15136621576376008,93.85885783377921,96.77850061403673,0,0
4.658333333333443,-4.890893330541014,93.62807412639899,-4.991400385070956,190.3600326667722,-4.0139382441692275,-1.2111774799283215,60.703750482361876,-223.95968924919006,0.15325834204382627,93.75573103650355,96.73201075509853,0,0
4.666666666666777,-4.105472068445063,93.98193696343765,-7.175566858145937,190.47469809785525,-3.5143497214230623,-3.0580395252027754,62.09356651113398,-226.12458917225857,0.15524468509985923,94.07156518472705,96.54158913836835,0,0
4.675000000000111,-3.0741980571337377,93.70929528226924,-9.950179109395318,191.04789498295565,-3.01128354433911,-4.920534619972852,64.96460691566294,-229.9615799523114,0.1601050384642213,93.75970731606415,97.58115651662224,0,0
4.683333333333445,-2.239314485262237,93.97397939652541,-12.403814767568516,190.9663042736213,-2.481838494113509,-6.8115976268694025,63.01785359269281,-223.96916893304765,0.1560102702639803,94.0006560242134,97.52347487171033,0,0
4.6916666666667775,-1.363480047283299,93.79419535297922,-14.515548210463233,191.03864380556246,-1.9595227664306767,-8.653243484673427,60.655752176416264,-214.4907533496364,0.14874645074435344,93.80410523933463,98.12981020982384,0,0
4.700000000000111,-0.5593339008672116,93.95599496864048,-16.31333619685648,191.131945611356,-1.4461155996168127,-10.364915122140843,57.213375146548344,-199.8835701491364,0.13669657576703376,93.9576598525094,98.44467467393814,0,0
4.708333333333445,-0.042805148669113,94.1112906408274,-18.818630743189882,190.9117367386188,-0.9654398711717094,-11.982210091157857,55.824294205664344,-185.62380755059746,0.12565746343647488,94.11130037547585,98.6045536042189,0,0
4.716666666666779,1.0490922429630176,94.10964723519919,-20.98338015929016,191.3631102461868,-0.5036082907751497,-13.517431068064347,53.554420074078195,-174.35465536765207,0.1210690705565467,94.11549445903093,99.71793172637298,0,0
4.7250000000001116,1.6505172771844672,94.06173530462922,-22.39878292998429,190.57719670188072,-0.07675285858704868,-14.940089540111194,51.3690797116129,-168.00050023958374,0.12318048442665486,94.07621514389498,99.46659303092105,0,0
4.733333333333445,2.4720696482473317,94.17828917314279,-23.96087607106477,190.37764362549274,0.3124264921514041,-16.298937938979638,46.30634383930895,-159.4964376848417,0.12530727723680402,94.21072805114017,99.76480549998062,0,0
4.741666666666778,3.0769644157990728,94.10643251234279,-25.19078526783414,189.83484005705435,0.6709269068686623,-17.59285459871737,41.05280830527712,-149.58900185297207,0.1265576159253663,94.15672227842376,99.81479691520158,0,0
4.750000000000113,3.5571120362188866,94.10079485931993,-26.798500433813953,188.0477402642686,0.9839687080913726,-18.818438417591317,33.90001442923709,-139.6636307697771,0.12951276864417505,94.16800220453881,98.72938650346826,0,0
4.758333333333446,3.9137779197392932,94.11591155033227,-28.45856948416394,187.45960113046618,1.2362428828239418,-19.894952542834705,24.801853459848928,-128.96953950897193,0.1328520162451623,94.19725295652208,98.79784036542196,0,0
4.766666666666779,4.307860948007151,93.9509533582472,-30.143654070668614,188.07096471110287,1.4230039534584178,-20.918868281936604,19.626227030290778,-120.7113102196397,0.13629357492709282,94.04966402316867,100.22715911440233,0,0
4.775000000000112,4.437881599992129,94.06565316441981,-31.204105491218566,186.9610340314988,1.5925621810094188,-21.907440808331398,15.24659679145624,-109.71931487334442,0.13688935043925987,94.1702813967574,99.49825641813878,0,0
4.783333333333446,4.7880866052942155,93.98695730670329,-32.44003136943655,186.62393527480305,1.7130693746075556,-22.7861772468498,12.38165901290288,-97.95363254404005,0.1357524275388271,94.10884080208332,99.83758037433937,0,0
4.791666666666781,4.777012836128624,94.17787676234803,-33.69870169903765,186.14577899408306,1.782260190321106,-23.581461176193045,7.514928398474049,-86.53135251667733,0.13643815361175582,94.29895186639432,99.69190363262994,0,0
4.8000000000001135,4.814901852686835,94.2077104785647,-34.35841732732984,185.49862313909392,1.8309130483720233,-24.27074531305562,3.826364637743572,-79.58681384296362,0.13958771327673736,94.33067366166786,99.34072513310862,0,0
4.808333333333447,5.0267399525957375,94.19758700527393,-35.49499527302685,184.6094970881116,1.7872125242368433,-24.831114847112225,-5.850236750687181,-65.1332226147305,0.14050950831544196,94.33161459535809,99.07736628777829,0,0
4.816666666666781,4.95413386305268,94.15504230236559,-36.2743290746967,184.5129567032581,1.7129195764870222,-25.25172454948268,-13.313477717437966,-45.243320101018725,0.13672335611856568,94.28528746996159,99.3193780240714,0,0
4.825000000000115,4.635313546139291,94.08239172666589,-37.258049657852034,184.82203108039835,1.5786537855091165,-25.53998567369263,-21.361424545118425,-25.73113592369048,0.13453933591086908,94.19651036360547,99.94366428437056,0,0
4.833333333333448,4.152886556723733,94.11818024338993,-38.0442047950305,184.32572291483018,1.3736442620772202,-25.730989099599626,-28.78772404899256,-11.250215485492456,0.13494304886618247,94.2097570269675,99.58913230552824,0,0
4.841666666666781,3.8619607186130382,94.06786118544375,-38.22374387264255,184.2266030789151,1.115908649790257,-25.809552821934037,-36.72129201919873,2.167872410486267,0.13612125596107205,94.14710430276666,99.49776515458034,0,0
4.850000000000114,2.8517535828569907,94.14662069306297,-38.37808620493944,184.38029651162117,0.7910787456131234,-25.782171951008248,-42.3479382687414,13.29682354309804,0.13634208501300726,94.18980139283026,99.20693494235177,0,0
4.858333333333449,2.884894649498567,94.1807079035496,-38.38400760348565,184.56892053320865,0.4187759818963531,-25.60797926193169,-45.23700741909647,21.17518056515598,0.1347039358891169,94.22488184313332,99.36373219415032,0,0
4.866666666666782,1.94484881199367,94.09269408131422,-39.38456933587474,184.64130651063556,0.0037247671833682055,-25.38486560348712,-50.355248065467464,30.59514907535458,0.13425306795169245,94.11279145993544,99.5347779287059,0,0
4.8750000000001155,1.1946282061728128,94.22437877616778,-39.90200846501104,184.78433252446132,-0.43361514029441234,-25.050896677901644,-55.41264056469857,42.399279034156876,0.13309420752356482,94.23195154673239,99.44867404131821,0,0
4.883333333333448,0.4588598996755353,94.09481296266006,-39.962027919498745,185.76451702263597,-0.89895754973027,-24.6080625930596,-59.4285517454723,55.51287777625889,0.13115578623818314,94.09593178711559,100.18574157300947,0,0
4.891666666666782,-0.349502263844097,94.01248880565475,-39.95930827955487,186.25881667837206,-1.4288287280671683,-24.059322470671198,-64.7880286825927,74.00576568992858,0.13080297471842606,94.01313846088638,100.39084489435827,0,0
4.900000000000116,-1.248407671084574,94.19881289792556,-39.7546752071808,187.01877545106163,-1.9826856390029868,-23.451191534752937,-71.4813771810189,90.18429793195476,0.1321745321018688,94.20708504720656,100.49018901329124,0,0
4.90833333333345,-2.479425818956538,94.14436879792413,-39.34606661017437,186.4171435908993,-2.604044073363694,-22.653073637348328,-73.0369201238456,103.5636319540713,0.13035720975529852,94.17701274064314,99.36505508086732,0,0
4.916666666666783,-3.2943756295813342,94.08457679526259,-38.57781853685008,187.35214024183745,-3.2555331522341424,-21.673476474898624,-80.84730819178037,118.41952293605684,0.13156838008548277,94.14223548191556,99.71840218661428,0,0
4.925000000000116,-4.490900539362253,94.02018650058977,-38.00907090068841,187.46289923372166,-3.9187728280738634,-20.666331624961497,-83.51456382545203,126.38016329509915,0.12894119672936588,94.12737995535693,99.27239448757892,0,0
4.933333333333451,-5.91847034331624,93.823444782168,-37.502871515103884,187.70150163353458,-4.633531191758781,-19.572293903040656,-87.13782675155743,137.70246281448362,0.12874827283152346,94.00993076264464,99.04879583098845,0,0
4.941666666666784,-6.9602957040497655,93.65231291974112,-36.805732573774826,187.62737994613684,-5.368468854675468,-18.3924308630576,-89.16352712231503,146.05888508697583,0.12723254905423032,93.9106034029434,98.60052395682446,0,0
4.950000000000117,-8.172730833035526,93.51393149482186,-35.450916728644295,189.00783381569272,-6.099704240718705,-17.178156820256465,-89.16381925848498,151.45490695162633,0.12451077568655355,93.87038357697003,99.31356808726295,0,0
4.95833333333345,-9.62730297994619,93.2726002450674,-34.799056219150536,189.87130390578432,-6.861739351117295,-15.822846696240024,-91.05586612508925,161.6406497408958,0.12585462971280936,93.7681338149791,99.82447951312544,0,0
4.966666666666785,-10.396203226671897,93.34129064417476,-34.029261956363534,189.76615885002383,-7.636626174083819,-14.398531594083074,-90.20249916034354,172.92009340045232,0.12957209199374864,93.91846240569834,99.27878259445176,0,0
4.975000000000118,-12.063204918954906,93.01541225776299,-32.56682326420974,190.0001462143539,-8.371038619273127,-13.025484791596407,-88.37353874323232,170.6176403969554,0.1243049122423523,93.79439125234677,99.12838637786145,0,0
4.9833333333334515,-13.002276884401336,92.65530066087337,-31.331376553915046,190.1236184942806,-9.083079174473685,-11.609882211590886,-86.28084680082084,169.84698166123894,0.12130659859276793,93.56315484599415,99.17675572415675,0,0
4.991666666666784,-14.170408133528891,92.55670622875243,-29.85855717227241,189.82980264462583,-9.798613065072406,-10.220977280583186,-82.49308770435144,164.81407676471846,0.11646793784980902,93.63516612142236,98.53006295843737,0,0
5.000000000000118,-15.61529696918478,92.67153228930158,-28.14044868704354,190.517894351557,-10.480432659603418,-8.826889817092766,-79.12930420969445,168.00073534462814,0.11957538819939373,93.97792504776265,98.64476668517878,0,0
5.008333333333452,-16.342170002701774,92.49888717593842,-27.35429816044967,190.88365520556,-11.078614722710558,-7.472783838719247,-71.34369146099193,159.9491790093716,0.11484385555416488,93.93141460227345,98.99913912153534,0,0
5.016666666666786,-17.189392180542026,92.39701946933064,-26.84646589239821,190.76362309739795,-11.649223022504657,-6.167132020081646,-61.21021554309107,147.03336244174798,0.10805205557951991,93.98236223011394,98.83950516872052,0,0
5.0250000000001185,-18.21079946486037,92.36910001239482,-24.486506030447284,190.9869156925398,-12.122764706024258,-4.915419047846842,-54.62338134827352,146.6605385986036,0.11176444219628401,94.14713938431245,98.81729637275248,0,0
5.033333333333452,-18.985283272804107,92.25338330294608,-23.535564662580892,190.71160175374297,-12.548517598515199,-3.7266588211405076,-44.60191157670241,138.88381290698524,0.11138738396360948,94.18666419291483,98.56330879810696,0,0
5.041666666666787,-19.502923161231248,92.63364429668042,-21.513015231149037,190.309901349084,-12.880783113992052,-2.615764368386457,-35.54188919826542,133.7093913135292,0.11360394470736557,94.6644392975356,97.6969378327528,0,0
5.05000000000012,-19.69502007047782,92.91454735996012,-20.78205478761691,190.755565563944,-13.131946312668608,-1.593402347938224,-27.478540555321224,127.00748701975188,0.11416645109095036,94.97898149950228,97.84705661218722,0,0
5.0583333333334535,-20.24534992331081,92.14777967440182,-19.173027362211425,190.18392240310413,-13.36685967306344,-0.5014304209496944,-19.772696890298047,117.63776878033848,0.1126162850224981,94.34557484291142,98.04200710306544,0,0
5.066666666666786,-20.307087450687614,91.74860423671748,-17.15882892850976,190.28024207405383,-13.485981726195579,0.45098471089282016,-10.263580760300844,104.3291871710429,0.10864546492925031,93.96905969581523,98.58192119567603,0,0
5.07500000000012,-20.29025181525986,91.78587747195093,-16.594841357794277,190.4027849337436,-13.52427580805155,1.26913125664791,-2.168997555513661,101.12515355524238,0.11324877591232063,94.00181712085488,98.68612108993301,0,0
5.083333333333454,-20.236925114724496,91.71968079497321,-14.84122101204002,189.7477696157594,-13.474076759921545,2.0844235417349792,8.969218484033524,92.16682291560181,0.11539331126891916,93.92567797589084,98.17647284670433,0,0
5.091666666666788,-20.16839595005916,91.82909527497907,-13.579911486312195,189.83263085561663,-13.33392745060706,2.7646166695394965,23.132626366713414,81.1104245522256,0.11937310249547695,94.01780115605526,98.22474797032736,0,0
5.10000000000012,-19.91139619687402,91.86663473165049,-11.79367966452423,188.9911118552855,-13.094118653669504,3.460126962615055,37.60221019506167,69.77668387359071,0.12467587655280798,93.9996929538995,97.46312830111235,0,0
5.108333333333454,-18.938312894324607,91.88930325549131,-10.60326383333739,190.13311567335063,-12.723121288464577,3.9628098891218433,48.79867535361002,60.89595203413379,0.1284989747584384,93.82059341137737,98.5967530968672,0,0
5.116666666666788,-18.390227541365444,91.81159560977295,-8.839627428514856,189.55521049002022,-12.2979247977105,4.403998102709971,59.240107312257095,51.078555918382996,0.1309706142019036,93.6353008081657,98.20910452892683,0,0
5.125000000000122,-17.422723164389307,92.50958020125262,-7.346409603883724,189.906513775081,-11.774674506943867,4.831321112375319,69.33164399588716,37.90861323269197,0.12975976051768034,94.1359320954275,97.91677468418969,0,0
5.1333333333334545,-16.438779340390905,92.42510356153815,-6.116985028304721,189.94103826800045,-11.187501185788038,5.13522811850235,75.14345809192218,31.870578222491172,0.12909206031750564,93.87562641369225,98.0606799869144,0,0
5.141666666666788,-15.397031547855587,92.44442293059745,-4.22120967712362,189.5388025471397,-10.53184537520436,5.3497849805083275,80.32249936406245,22.03798878838663,0.12345621929460338,93.71787402335178,97.73544673048539,0,0
5.150000000000121,-14.194251460722622,92.5205283049363,-3.6459069831814146,189.29668787651167,-9.795769008267294,5.446566502617205,88.53472424335766,11.290950073916468,0.1221521271522823,93.60301775239272,97.34933298507953,0,0
5.158333333333456,-13.026677846816082,92.52482743530652,-2.0040439426806484,189.29820466809912,-8.99978263116248,5.4548449150882625,100.85160283597484,-7.781720648561542,0.12112894822436182,93.4373481411902,97.39910163458889,0,0
5.1666666666667895,-11.462193960056819,92.68150127222873,-0.4160746991376483,189.29483978195782,-8.092544399060928,5.302599034824426,111.74919452040913,-21.266724116546502,0.12339182072715227,93.38759322550345,97.24275771861856,0,0
5.175000000000122,-10.173154812601293,92.70915950355919,0.5458587902748535,190.3441399764527,-7.131413789080099,5.098936592217785,123.41763616892231,-34.84166976967985,0.1283037526102606,93.26564927505481,98.22162014832041,0,0
5.183333333333456,-8.217240798694942,93.49684458221884,1.4727965285620188,189.75355376498675,-6.076762281951515,4.8116657524250925,132.92222990976782,-43.93461698976513,0.13378470981037305,93.85724795227762,96.74322139612464,0,0
5.191666666666789,-6.184900390017272,93.64074929769714,2.8212965157691245,190.0752627523422,-4.947188049932009,4.430782376066818,140.42292416516173,-48.32139571754651,0.1401910107819604,93.8447810049584,96.85415307533239,0,0
5.200000000000124,-4.340499908422937,93.74277395080043,3.801905685597494,190.05384122496156,-3.7688154212160123,4.075602629882433,145.10776131385725,-52.077312868355754,0.14240228739164262,93.84320757223661,96.65464524970089,0,0
5.2083333333334565,-2.396669318386439,93.78058847619525,5.312747641912897,190.03982108096324,-2.5549480707187855,3.5666853049103406,146.73551845309248,-55.11775737086918,0.1394677909274118,93.8112082789854,96.56746331724045,0,0
5.21666666666679,-0.4690209863724091,94.08928351489112,6.641049107949816,190.63784184737574,-1.3191292540356203,3.026972910287957,148.7148836449885,-60.232290399723134,0.1366406356658052,94.09045250731457,96.81000574748128,0,0
5.225000000000122,1.6899958788979506,93.98503352289009,7.867594185423973,190.05173117533406,-0.026779135675653553,2.4656310877737684,151.60434694936464,-68.4076444259665,0.13456323098139267,94.00022666126644,96.26511890961791,0,0
5.233333333333458,3.757313249714575,93.98662449396323,8.888993185483063,190.54907081061714,1.2682526922400996,1.827261369969751,157.12074397701005,-81.62018417184086,0.13586742026886522,94.06169776601809,96.69870825207458,0,0
5.241666666666791,5.788453312836912,93.89342442696596,9.911990606069939,190.49229432315622,2.5745666918696797,1.1954674958544453,160.11524774793503,-84.88152612745299,0.14122529371114245,94.071681936581,96.68684101277574,0,0
5.250000000000124,7.966173409947889,93.76438996732054,10.133924645685969,189.83197405549726,3.8882163138487966,0.5296213828927498,159.18242064497983,-85.30407030227708,0.14193115587945648,94.1021824653452,96.09203847332486,0,0
5.258333333333457,10.327165398220476,93.53858114179076,11.702006112666258,190.61848455512973,5.185499061326485,-0.10671279839807186,156.00378480804662,-75.87689698217851,0.14673364982671533,94.10694186499515,97.08963813782252,0,0
5.266666666666792,12.566846948904303,92.67472344468729,12.868043545209392,191.82013054128294,6.4734305402014165,-0.7136685379176274,152.14564431499593,-66.43436445566051,0.15186082646692967,93.52288494152893,99.14586460230858,0,0
5.275000000000125,14.406290452904958,92.55804604412981,13.638235127271518,191.16373113469916,7.730299151007942,-1.3072304445045095,147.8780356841071,-60.77811615591192,0.15438000560460763,93.67247777293348,98.60867629759444,0,0
5.2833333333334584,16.156998828403804,92.43313958943338,15.461442175011317,190.0269518191489,8.952976821329484,-1.817274907223731,141.83925497012956,-53.909204422212575,0.15528764669280815,93.83460931607654,97.59629083416567,0,0
5.291666666666792,18.060655071405566,92.40482317987937,16.053774062687527,189.09246102094244,10.116731901358923,-2.286904474693875,134.3494546957873,-50.49986243166205,0.1513470655529252,94.15327189488987,96.7084633456024,0,0
5.300000000000125,19.89109071145464,91.76321527858346,17.564469328816987,189.21793379284088,11.166913391256596,-2.632120959157789,124.35808127877928,-46.702793928888624,0.1435653701451498,93.89431914634116,97.48248728746766,0,0
5.30833333333346,21.93147192178043,92.21750435913174,18.135143231437215,189.25959177217095,12.190185354610879,-2.9697232190857843,119.81766763263616,-38.08453882504984,0.1506768689892657,94.78954357355205,97.11631603909338,0,0
5.3166666666667926,23.164631744221882,90.79771513736182,19.00631454535142,189.00891071969153,13.154756005323204,-3.1858845189973044,113.58411514241466,-25.89258589386826,0.15783200951443277,93.70605763775849,98.29918890630299,0,0
5.325000000000126,24.509540172512747,90.72504279045609,20.590049119564984,187.69917393903336,14.083300255071642,-3.368676062398743,105.44269465890315,-14.61238793512828,0.16154249969671186,93.97739594603642,97.05330763109313,0,0
5.333333333333459,25.65501536878799,90.26992909642104,21.425205032259445,187.23274405687835,14.94786282332605,-3.459552553236315,97.28158824216727,3.2607899223630867,0.171624393535053,93.84476497197716,97.05502965090932,0,0
5.341666666666794,26.7916779278026,89.91267746093547,23.11647027291639,187.40711644672893,15.727504985006098,-3.400473619475139,89.43300747232645,13.688411803890808,0.17569148660589873,93.8194200279522,97.56368578759793,0,0
5.350000000000127,28.55521603683002,89.2413638489486,24.724880306090487,188.06990326150907,16.420818848481964,-3.2628530693146773,80.86114328832439,25.329665428763505,0.17967605225307848,93.69856660872921,98.90273845667873,0,0
5.35833333333346,29.13706973951884,89.16889752867945,25.935215216385533,187.51323904329314,17.000709658445928,-2.972346458305775,68.64798879598595,33.379356133553564,0.1737884370660585,93.80864096385642,98.39645003926859,0,0
5.366666666666793,30.113005037778866,88.95329281052778,26.91994444785144,186.89487056026798,17.52590978687504,-2.674122792171697,56.7524225991308,39.42903870672826,0.16766960459543157,93.91209386570395,97.99361350638802,0,0
5.375000000000127,30.748829425147793,88.73369324963363,28.746501502484424,186.5164256856529,17.983426865316627,-2.342425639797126,45.82477289527925,47.308012512674246,0.16537719836720566,93.91037657648334,97.8032314382506,0,0
5.383333333333461,31.099216420113013,88.40953760074831,29.65201455092978,186.37035619825434,18.34635015054601,-1.8516767596736516,34.675177877810825,59.05241342857072,0.16635277326337627,93.7198356844652,97.97150796810087,0,0
5.3916666666667945,31.406555751274826,88.38958465002355,31.03109444822343,186.2859275998493,18.60874137555707,-1.3351967730184264,25.249213720552984,70.71532679302587,0.16926059544494088,93.8034669868956,97.89706294950827,0,0
5.400000000000127,31.71556556445262,88.75128847342341,32.24103531647939,186.17635485590017,18.74122002422661,-0.6801770427987357,17.01731124401035,81.23686920039475,0.17170332790861087,94.24790875539846,97.42648345337267,0,0
5.408333333333461,32.47699426847624,88.84892965056258,33.55367041220263,186.54090772582936,18.817275546977356,0.04013046871931294,3.8003868017747777,92.28860382452436,0.16994375454176547,94.59855948567747,97.69791098983066,0,0
5.416666666666796,32.40936513716816,88.84836282174973,35.27014220211601,186.21074108283324,18.836528157902972,0.7882470670144056,-2.7981135059987103,94.70496692136425,0.16672740710114775,94.57483029167734,97.40439798114681,0,0
5.425000000000129,32.146309282866135,89.16464426247171,36.904864424334626,185.91342929617656,18.75754536554628,1.589072498045447,-13.691600354363835,103.66256161920005,0.1655886837221403,94.7824824899771,96.86573828001534,0,0
5.433333333333462,31.6377260948554,88.70364232990664,37.46321432668868,185.67122666718024,18.618238058314063,2.503682793287131,-23.82097864930929,111.063627598396,0.1641419077163908,94.17686486098961,97.14241465675791,0,0
5.441666666666795,30.922355714285974,88.3963938442875,38.951582306506516,185.55713021401328,18.38947964928057,3.4851613064922815,-34.236404749958034,121.44718921679048,0.1652364402390769,93.64888962286325,97.49193387956039,0,0
5.450000000000129,30.751841085715743,88.9380360247311,39.99274923264398,185.1324276703033,18.076032705341717,4.5810381332363646,-42.876714336521175,132.92649199261706,0.16844251289999823,94.10446313590808,96.63723592612575,0,0
5.458333333333463,30.371577592532166,88.5494527548272,41.30283821892392,185.19413113609835,17.625988985345675,5.812369381116452,-52.07962621125123,146.8754932572519,0.17338368020376427,93.61323789207687,97.26091876134753,0,0
5.4666666666667965,29.093211589681747,89.0722513631573,42.850021361712386,184.94311906688262,17.15817232184305,7.026403607748171,-60.81254650900941,158.39561032761645,0.17741575691693656,93.70315322070795,96.85284244341535,0,0
5.475000000000129,28.47751328768391,88.93982680900649,44.31819435585039,183.75926223721456,16.631148423545657,8.318348047071623,-69.82537157942234,166.9113788472952,0.1792566708332073,93.38769488463822,96.13351398772171,0,0
5.483333333333463,27.351704083886208,89.25352627304432,45.58461260476225,183.90565775092585,16.02179278844631,9.726708030151446,-78.34620963073576,169.1266611778892,0.17627558418047418,93.35045617706156,96.39224526089642,0,0
5.491666666666797,26.414933523902224,89.90374620723094,47.07709646036489,184.0762453805205,15.364165364636134,11.122584808644588,-84.40693857533208,170.3514499993679,0.17416595903314702,93.70396093637859,96.41257479061616,0,0
5.500000000000131,25.169371538384954,90.66379278086589,48.0382447833805,184.16346626181496,14.631518580232411,12.516256839292977,-87.77338302543738,162.34798493927607,0.1658658194299205,94.09261705919893,96.2557754347227,0,0
5.508333333333463,24.504505514021506,90.8969237997843,48.79254315430223,183.80129040724114,13.866831395952053,13.89535779751476,-89.8076228676333,157.42159414950467,0.16162852370464753,94.14202858846045,96.02671559075857,0,0
5.516666666666797,23.02150289439425,91.10330490747856,50.123014647371186,183.73299460103067,13.131585032188084,15.245937558619199,-93.10784961092043,161.37345204627462,0.16515256955359847,93.96702485756165,96.51295950296262,0,0
5.52500000000013,21.75265928281755,91.56035442973348,50.92355541684311,182.95563273909085,12.33859968453916,16.60236227072468,-92.6012015323928,160.53717377425653,0.16578313740695894,94.10885553003375,95.9376780962881,0,0
5.533333333333465,20.501603673864285,91.2470369437807,51.6866276437055,182.87579959480377,11.563732552299598,17.95565733450108,-93.93878422204114,161.77530268847443,0.1695026712003478,93.52185575692928,96.79016409200416,0,0
5.541666666666798,19.17562876462961,91.72769522690993,51.89148210760056,181.6333711710123,10.803158892530952,19.18750942554076,-92.32350011748107,152.64454651413814,0.16651695800280253,93.71059070435831,95.673181335862,0,0
5.550000000000131,18.065194105299273,91.78133309580795,52.95722884942564,180.10849118981952,10.047612028976795,20.393421219172883,-90.95686225103971,141.05818032630387,0.16373843809679034,93.54231311500583,94.9691578648028,0,0
5.558333333333465,16.9658254588029,92.03611762814813,53.97815955684724,180.3317246042251,9.276580458593997,21.48397637876593,-86.74047610160993,121.04767339820543,0.1574067895718798,93.58678422491545,95.73937061971478,0,0
5.5666666666668,15.673206142814426,92.44045352703853,53.82318815773005,180.12260655901656,8.576685671443002,22.40398871381573,-84.16095751250043,105.85539927801698,0.15526412068944673,93.75972930357534,95.62207427190438,0,0
5.5750000000001325,14.64831105506352,92.28233407642415,53.76465280388852,178.70877874270343,7.8825625636787615,23.31196811882534,-81.71288807391403,96.0154634872834,0.15604533910408147,93.43769153483326,94.86631925749151,0,0
5.583333333333465,13.669430923253575,92.37782465084877,53.50422217611652,179.39359304407014,7.197457382085561,24.113335898613318,-79.17682102605433,84.19908808820664,0.1567841205228495,93.38370215936271,95.7003372158213,0,0
5.591666666666799,12.43885440646915,92.46143047961385,53.89272439968318,178.6584114861427,6.563783749051589,24.806597688897444,-75.86961162546012,77.26493659423134,0.15764945194471958,93.29437938740898,95.64697000979271,0,0
5.600000000000133,11.49157052701219,92.5779261636888,53.60314434393775,178.84543664913514,5.9582994794257464,25.478124681535522,-70.24079065320446,81.11798538589025,0.1584917405045636,93.28841624739222,95.99722920321692,0,0
5.608333333333467,10.752672810504638,92.68583592977546,53.79727595910419,177.660904036729,5.407864291776703,26.067327831032397,-63.41574550628149,74.24822972765982,0.15764016063056419,93.30747105441785,95.25544635348584,0,0
5.6166666666667995,9.728719272312905,92.99734758438893,54.052614027349314,177.36237997889555,4.900569183500358,26.56609367313707,-58.336726812214614,58.622226184458384,0.1567289875673623,93.50483750272561,95.29987585081994,0,0
5.625000000000133,9.120229569159793,93.35874229554139,53.05228458717517,176.8178057920926,4.43970135346399,26.94435191775911,-50.820257560761824,40.04095997380013,0.1550690628590532,93.80316279528898,94.31564418391731,0,0
5.633333333333466,8.618097214302114,93.55348317117324,53.79974138563046,177.25349808179192,4.046087370997583,27.203086751789467,-42.511336769991466,14.947637120730011,0.15523435716916723,93.94959187273864,95.11610518761961,0,0
5.641666666666801,7.994377352958229,93.26736420873806,53.587665090776404,177.0467475888022,3.7288014135729846,27.2488603415485,-35.68939383501366,-4.074548406168905,0.15592957399357799,93.60935474463483,95.38203691622049,0,0
5.650000000000134,7.5704053735511865,93.19501504461823,51.68234349811281,177.16728772055137,3.453183463625441,27.211171736617747,-28.6292660699767,-22.839558885495304,0.15772214544800223,93.50198857075988,94.85360121506416,0,0
5.658333333333467,7.121706099457531,93.6855404511864,51.04577270839315,177.1738808974855,3.2441578461637763,26.979010560688184,-21.406196302229397,-34.988393622037236,0.15590961587089103,93.95583636686938,94.33783237886779,0,0
5.666666666666801,7.075307477169592,93.69561768640779,50.60254654198469,177.2120454527036,3.0940126282663627,26.6133469055014,-16.48447364529066,-47.09355929494823,0.15542397462490243,93.962379437379,94.17862946257219,0,0
5.675000000000134,6.795548161410015,93.50278232873535,50.150318600231294,178.45427446187222,2.9735331459471244,26.149147917030312,-10.90430401035616,-62.9488591589305,0.1570737634375785,93.74939881422658,95.37500791847572,0,0
5.683333333333469,6.596639102964507,93.30916676901575,49.49482250711521,179.11813683058938,2.8863338409818393,25.583647896179606,-5.668708255994674,-69.33399135583345,0.15225764088411964,93.54205605278705,95.93452706092937,0,0
5.691666666666801,6.561803241539796,93.35613158599,48.400217366282,179.2055702367847,2.859666387387721,24.941911351599558,-1.0911346178439019,-80.3341169080218,0.15131442184437516,93.58645503747518,95.50172256629715,0,0
5.700000000000135,6.668848962362579,93.66821968641767,47.175654362715825,180.1586987375602,2.896566665078621,24.210765603931655,5.397928388607215,-101.7098163158355,0.15837556649756257,93.90531894257006,95.5060430037713,0,0
5.708333333333468,6.6886910504775345,93.53596125279915,45.438542603434264,180.20762941955763,2.99852903290027,23.260903956017117,13.045104210469596,-119.2299900738019,0.16132867991032285,93.7748081067292,94.9396074259046,0,0
5.716666666666803,6.771226528206232,93.57109433522095,44.92825797396831,182.35893568247394,3.117818535599996,22.209843565240934,20.217483367117843,-133.8423592394867,0.1623799937171979,93.81577268128798,96.63974244511336,0,0
5.7250000000001355,7.0589627602427685,93.47369985977633,43.898259030061304,182.96698824286398,3.308303385711647,21.032437760609735,27.11990426863825,-149.14382487874514,0.16498821713521084,93.7398608955979,96.77903913179732,0,0
5.733333333333469,7.669951563482134,93.5670927180135,41.640158336567545,183.34922404864443,3.5698002092948538,19.72556277698974,34.47963866658032,-161.83185546829682,0.1645390158707185,93.88092988827655,95.99378133231777,0,0
5.741666666666802,8.2599085368546,93.54617988231098,39.997472007679285,184.49199691164193,3.8595498443627023,18.40333829590898,39.11309594563997,-166.97169100266262,0.15794065837836646,93.91013715042102,96.32452735517144,0,0
5.750000000000136,8.690618337936261,93.1727815796446,38.17300567179104,184.8424616395065,4.21748628249875,17.022239694309906,45.24129044487209,-173.60896924250068,0.1525951330246209,93.57720916111911,96.29403618698763,0,0
5.75833333333347,9.093250473934805,93.4570661004143,36.54637016399,185.7785029956729,4.613626944312618,15.530426491035715,48.39787238760905,-180.62857799023666,0.15063913485740477,93.89840471636843,96.31677678951738,0,0
5.766666666666803,9.988114086831278,92.9616726892861,34.79555938370681,186.66839225620117,5.037333972112143,13.943248644552272,51.72201058231285,-187.44113297847989,0.14896905773030644,93.49671123735594,96.93481641881795,0,0
5.775000000000136,10.721815532386362,93.04996228745671,33.308494663175914,187.69991642136233,5.497724841149309,12.28194810254764,55.896083472383324,-196.23354455322874,0.1503400274596105,93.66564370145352,97.30761476733299,0,0
5.78333333333347,11.25560996108857,92.678939808802,31.476287213831657,187.43887851802896,5.964363682008438,10.576774120401954,59.18417966559425,-212.10621995873694,0.16435572428580247,93.3599198782845,96.89335257248585,0,0
5.791666666666805,12.441381593819305,93.10047588592619,28.988853323779555,187.98887879857864,6.453502787936074,8.802002565599784,60.915559864528156,-222.0390115073237,0.17332098185677136,93.9280926355313,96.32044345811384,0,0
5.8000000000001375,12.907406863243185,92.49715273551112,26.41277763261218,189.37073978697873,6.962158461807897,6.978194780989306,60.030318460387804,-224.80644635850555,0.17559719863645995,93.39338529098177,97.81046420417601,0,0
5.808333333333471,13.863187267738855,92.42258184947258,24.262060159042225,189.64531893408486,7.478334146452402,5.149321358563468,58.75470373548445,-221.34451555558175,0.1699779961387189,93.45652249545162,97.77728347439975,0,0
5.816666666666804,14.67215631339474,92.37677214570505,21.864714987101085,188.8626382201943,7.92961604260737,3.4104998340772905,55.56946628616015,-210.69904124270002,0.15664014899653766,93.53470052843595,96.75358004962392,0,0
5.825000000000138,15.247974203777009,92.37489164848898,19.52549055789712,189.44958466633364,8.34822879780594,1.67073282635802,48.84532085643043,-197.8742588250697,0.14550205766812807,93.62489692591991,97.16888993226453,0,0
5.833333333333472,16.02006520877183,92.3951435904479,17.92292227995006,189.3804119096443,8.752855771805365,-0.0021234353883416964,43.320182626468075,-186.35719024617896,0.13688979531334233,93.77369059812452,97.00393361085855,0,0
5.841666666666805,16.637804926312132,92.37872734821013,15.863014822115932,189.53724449131636,9.101393411231529,-1.5824289391509663,39.822634927056605,-185.09217378327762,0.14180873783485293,93.86504045298742,97.16160637388015,0,0
5.850000000000138,17.09097364127462,92.0683869563606,13.870649293098214,189.52238024536678,9.433870042857066,-3.09068398884963,34.38184309290962,-180.58359399177385,0.14511127843480587,93.64127966208542,97.50718587304793,0,0
5.858333333333472,17.2244971408162,92.34013602577721,11.615425453312017,189.5650260055914,9.715459032629122,-4.627912704399232,31.307340286491595,-182.24869253359384,0.15561647555279245,93.93286976885686,97.38655408619063,0,0
5.866666666666806,17.793945884084625,92.35331426114567,8.92523988628938,189.43811207466518,9.922319209069897,-6.135106841802789,23.90492409767692,-182.60819537791315,0.17010723333260636,94.05189612731719,97.48903483247382,0,0
5.875000000000139,18.47526334387152,92.42761151759498,7.068350380535212,189.94511516233644,10.085980560119003,-7.583795057993883,15.876941131999821,-175.82771024435522,0.17521228518289078,94.2560275339082,98.18238732305959,0,0
5.883333333333472,18.450729586548565,92.15957189799889,4.67094205025018,189.5528207810978,10.172908680194748,-8.963185414274983,7.722383849287757,-161.4228514278211,0.16903801120626705,93.98838287096105,98.36324248697159,0,0
5.891666666666806,18.534028156303638,92.03689486722487,2.766862077255955,190.0359229626111,10.176140164596765,-10.199574626728577,-3.5041327950668353,-142.8860863616073,0.16153310087320527,93.8845046666342,99.25932215064019,0,0
5.900000000000139,18.39187034351892,92.06345812258883,-0.17654560901757588,189.4844880566173,10.084502450932096,-11.366796278846463,-17.113567892229362,-126.63917205555103,0.16188634075434427,93.88259272209346,99.17481103785015,0,0
5.9083333333334735,17.85698452681908,92.38325531738127,-1.8075971313495485,189.3512270573296,9.945031988082325,-12.40610773385113,-28.12764034434468,-111.10519368261696,0.16056205106040622,94.09323971161537,98.94181782820749,0,0
5.916666666666807,17.807065123160786,92.38495562401562,-3.1586274398337606,189.57126105033205,9.65979512121454,-13.26962153477156,-38.05109066963426,-98.56571575728326,0.16142271333577973,94.08544836451503,99.42202083574477,0,0
5.92500000000014,17.11180853786772,92.32789118563977,-5.265649855224292,189.73155912850558,9.304277131622367,-13.994112930235422,-44.927674747464906,-80.38191204399214,0.1506450965563224,93.90023153445352,99.94110852326298,0,0
5.933333333333474,16.270296741356677,92.43453740336946,-7.139044506122043,189.14508239482205,8.908488967079947,-14.597274755806245,-51.90647213223099,-65.92485138820201,0.1453963307528201,93.85556062922808,99.50340079708174,0,0
5.941666666666808,15.602037081442635,92.49149043948393,-9.25143688708334,188.85968808110243,8.464396034555262,-15.134362548273783,-56.57920269384139,-55.78291248836992,0.14184290134034772,93.79818422980189,99.52147851091364,0,0
5.950000000000141,15.045937724933712,92.35531257821128,-10.12185083525679,189.1817846775504,7.962015044140645,-15.532741681486051,-62.87930644663583,-48.572088384467044,0.1435582362252137,93.57288070505095,100.043906762054,0,0
5.958333333333474,13.599437856016895,92.13513152946888,-11.772365326890164,189.38756289375812,7.414530509640399,-15.88819158119655,-70.02809884968806,-33.28029586605405,0.138779950674202,93.13338376732692,100.50753107612364,0,0
5.966666666666808,13.013417417339614,92.60701798295764,-12.644137897053835,189.37451083017532,6.756721930287383,-16.131748093732224,-77.97439339541333,-20.347783181936244,0.13770555319911937,93.51689052023575,100.11122722575867,0,0
5.975000000000141,11.934235368663057,93.02494333108655,-14.504084327736106,189.04468327137243,6.0825742760940065,-16.2347942526921,-86.35651303081298,-8.319385357137437,0.1384448637281146,93.78734485838967,99.59304798312552,0,0
5.9833333333334755,10.772821274638662,93.19799024043022,-16.002164144082766,189.45214499763057,5.332724252361602,-16.262238025100075,-95.44249410809309,-0.2538672127394355,0.1441786180275324,93.81854327941056,99.90876914563516,0,0
5.991666666666808,9.222477470420134,93.4862302123135,-16.97785543527311,189.62072331375253,4.515913060870088,-16.263173515563697,-102.01094038029069,2.1063547641752107,0.15113747238789488,93.94003049819648,99.64084608352029,0,0
6.000000000000142,7.899340158847967,93.94368545739809,-18.301909436358013,190.36960102805477,3.6420431757254574,-16.216169338616076,-107.58681854910664,12.934926205634854,0.14901638039435472,94.27521207753254,99.92228317042046,0,0
6.008333333333476,6.159555011117168,93.82126763697613,-19.86079097513078,190.47169701330955,2.740198082355987,-16.087417602375538,-114.85504419709173,23.2976828176355,0.15093687794163513,94.02324382270633,100.09177740390898,0,0
6.01666666666681,4.902080709161287,93.87983067591512,-20.35902707511519,190.04487436021753,1.7489694477572033,-15.826156536384973,-118.17405170203173,35.328560477397566,0.14417017074925154,94.00772842175064,99.42755751446691,0,0
6.0250000000001425,3.022127463335555,93.95069935999851,-22.184207290782577,190.22372874733406,0.7369732811248468,-15.416636926306056,-122.27732048957026,47.27287454851754,0.13938271247013345,93.99929342626716,99.51811643691534,0,0
6.033333333333476,1.4144196802207647,94.17220615728866,-23.05080596121297,190.01891157974364,-0.31369931536578904,-14.942926560200032,-127.04954060330998,61.94763003405041,0.13510989319549216,94.18282749823702,98.9198574909261,0,0
6.04166666666681,-0.4782642064166067,94.02247009037399,-23.120935438059742,189.6851365897666,-1.4015172445934414,-14.3603211324101,-133.4283135068794,81.04434945585486,0.13259733155862996,94.02368647604926,98.30583056095044,0,0
6.050000000000143,-2.296822314214519,94.00734044666768,-24.163808472421348,190.4474317335028,-2.510712299345397,-13.676882833986067,-136.13629749272457,93.22005420241236,0.1289140073764492,94.03539466923482,98.88809984551378,0,0
6.0583333333334775,-4.1864627759451265,94.02041720199094,-24.58531298838795,191.76092657431684,-3.651105608655543,-12.873709842881414,-139.113742598216,102.75479964874506,0.12784444063238753,94.11357671139062,99.84648347514,0,0
6.06666666666681,-6.077326858139197,93.95931297854673,-24.972462802532615,191.77195894018655,-4.80016711498268,-12.031997543208739,-136.44609599786895,105.9781403411307,0.12155674900823588,94.15564984185049,99.62098108518205,0,0
6.075000000000144,-8.05419245361622,93.79651075175883,-25.493608474227354,191.27257907897047,-5.910062355838427,-11.159787675015547,-134.1115788525281,101.3197735813328,0.11939637941617143,94.14167751471555,99.02382101126565,0,0
6.083333333333477,-9.89372517220158,93.62198767472182,-25.520961289318503,190.61603872588955,-7.041572579731688,-10.283515095914158,-131.5275101993269,99.79465984058098,0.11740097894016532,94.1433076429165,98.24488000896869,0,0
6.091666666666812,-11.368129402516214,92.77612201754965,-26.166483372608408,191.63122162832298,-8.10630352412146,-9.475426640600455,-126.17500968061825,97.99358785030383,0.11293068274784401,93.47001221101672,99.9566005788515,0,0
6.100000000000144,-13.293287093091234,92.63607034941725,-26.31750898603269,191.69760182599595,-9.148386619417295,-8.646482846066505,-121.60881394431367,94.60509092826307,0.11122605229063431,93.58500420217722,99.91404993494041,0,0
6.108333333333478,-14.689296612226254,92.65246337595119,-26.6788339181229,191.2701343256872,-10.143939291448152,-7.876597891370065,-116.67215886531346,92.99904817906322,0.10978540961003302,93.80967116771029,99.34381726287698,0,0
6.116666666666811,-16.436525699200384,92.48393297810594,-27.005376265950698,191.63368564303357,-11.088112160562428,-7.1167580677793705,-110.8964212113572,89.82361180456542,0.10861820544051382,93.93315301936407,99.71145398507949,0,0
6.125000000000145,-18.095427590135326,92.41648372359379,-26.93575892055082,190.8077557279169,-12.001269810407365,-6.378806938881699,-106.8094994084937,86.25220654201028,0.1104285965265901,94.17139142809299,98.78761999694206,0,0
6.1333333333334785,-19.080440032193447,92.21004855546994,-27.14402733554442,190.34244683740025,-12.862012943844315,-5.667330313819814,-100.31980424485339,84.18658357806058,0.10996553632223582,94.16345494099211,98.46313539981429,0,0
6.141666666666812,-20.6928289667901,91.79153741591676,-27.31650500054894,190.47747383568247,-13.666706576314898,-4.969137958344477,-91.98945213120457,79.24958945440291,0.1088468341618043,94.09505572465788,98.90797304184447,0,0
6.150000000000145,-21.73166092204502,91.5191128501217,-27.456107948118753,190.43128341461522,-14.37372799856153,-4.380395996161626,-82.79927904666778,71.79844805233486,0.10770000647469002,94.06387778155889,99.07768053166053,0,0
6.158333333333479,-22.790006232737593,91.09267338486569,-27.45974770905138,190.45638672969278,-15.04446819442091,-3.781482607401826,-73.2808395329067,64.34109930293577,0.1070950910891657,93.90026372960854,99.47338345069285,0,0
6.1666666666668135,-23.877254285583657,90.89429152134011,-27.557874460968375,189.86843951162427,-15.616590000224596,-3.2837161041424396,-64.67383116173657,56.81725274063313,0.1073096928655266,93.97816503520795,99.04256123141263,0,0
6.175000000000146,-24.415972600050733,90.72051535291166,-27.29467784008244,189.99222182206512,-16.097059067100357,-2.8586257111819333,-53.5291271093284,48.40865782216617,0.10613822967438002,93.948664833005,99.31343639788501,0,0
6.18333333333348,-25.103331182208873,90.64160027055101,-27.536669355652858,189.67659016468355,-16.492274686520236,-2.5330211054621112,-39.5923996903839,32.74303865847418,0.10451549406107885,94.05358545026347,99.06487953859971,0,0
6.191666666666813,-25.445548874888967,90.31588688643234,-27.725309057051728,188.5000953584278,-16.802264118734424,-2.2683944755764305,-31.858532434734066,25.305262294709028,0.10536041272432728,93.83195288187923,98.21067202580605,0,0
6.200000000000147,-26.08375990940777,90.24328541024255,-27.426899668232974,188.62054934628503,-17.035013034523836,-2.0474637200637824,-21.183283001903636,17.49945212997532,0.10521690701506614,93.93728276167096,98.38643241806007,0,0
6.2083333333334805,-26.0007651319932,90.18765602868189,-27.72927104299043,188.43044053465013,-17.126951423880673,-2.024672722881941,-7.837302328268876,2.1621513359688924,0.10459918236542709,93.86081763652453,98.2579891925866,0,0
6.216666666666814,-25.972245267890226,90.21569872062571,-27.67268355877081,188.92100379457526,-17.14120012179638,-2.0596762387755527,3.343190057932476,-8.752811575956045,0.1045697487037951,93.87986908760661,98.71995107435247,0,0
6.225000000000147,-26.003023641978356,90.18704148491065,-28.00520462641577,188.986536963017,-17.057390079175832,-2.138489939876222,17.62459810320041,-16.47680150819015,0.10487146830254579,93.86085281056357,98.81978058780943,0,0
6.233333333333481,-26.04984711256071,90.3065583487994,-27.518494192989177,189.20888146224843,-16.858555200786462,-2.3107337216278396,30.098409515982212,-27.214456618478046,0.10542354307367896,93.98866429199268,98.91322682778035,0,0
6.241666666666815,-25.048589675608692,90.24998640115308,-27.72105199858697,189.23167783012553,-16.573005413210222,-2.594502983700762,40.71986165432732,-38.46557337304953,0.10577477787296585,93.66158171921573,99.01776251263233,0,0
6.250000000000148,-24.409435006703742,90.75423016696368,-28.357605474048224,189.82439959302963,-16.209035442525874,-2.9561572192037415,48.355327540191055,-44.336997118734146,0.10507157950178359,93.97952335772253,99.14880997847943,0,0
6.258333333333481,-24.071433172466467,90.79146458408559,-27.510245032063548,189.8721538612918,-15.78879070476874,-3.3208626664889698,57.60145244153396,-52.35051788565933,0.10521560468951074,93.92829145843007,99.14034705735092,0,0
6.266666666666815,-22.920423367476243,90.98468108280315,-27.35950805335011,190.08054282895097,-15.25463270822135,-3.805740831099515,67.54368520930583,-60.71917662745847,0.10562151551285481,93.8272774788001,99.1952382327902,0,0
6.275000000000148,-22.15239325092693,91.29462269066039,-28.026802928629646,189.96695911179438,-14.637355029515222,-4.313321240488547,75.25370473898934,-64.80149562605172,0.10495848047470524,93.9437952127428,98.84704681409016,0,0
6.283333333333482,-21.24076106311878,91.71948601747908,-27.972293413275732,190.3734297451993,-13.947056211800474,-4.956365620200402,83.99026369509278,-72.18552637052822,0.1052619832905517,94.1468748597161,98.88333601175376,0,0
6.291666666666815,-20.17834762038262,92.55458383360411,-27.528718327757527,190.68115389191786,-13.219388113392718,-5.589805198283896,95.84185736753552,-84.89576644069416,0.10865227438091063,94.72864773288306,98.40148220908561,0,0
6.300000000000149,-18.494952551716036,92.08991337123052,-27.356436207517614,190.8906613826034,-12.401316094206889,-6.3016921055983985,105.02245727748486,-94.68158992122564,0.11061402424852629,93.92877841540883,99.1973472437083,0,0
6.308333333333483,-16.82340518190909,92.13952232684517,-27.39595155650198,191.01189252120832,-11.47938631864615,-7.105808381858647,112.63250740572431,-92.76950718093003,0.11320030470143161,93.66279163325149,99.43603132011107,0,0
6.3166666666668165,-15.491089059505835,92.46021793395471,-27.090099531481766,191.44148283572525,-10.518229059570391,-7.888937421511445,121.3366974830997,-97.17037174541231,0.11750224177695356,93.74895061089452,99.65855630844489,0,0
6.32500000000015,-13.701246526626502,92.49384454514711,-27.5036495934205,190.89737070126813,-9.466495959774006,-8.697944470769528,127.19908288422978,-101.92067930088655,0.11905704851693022,93.50313061670842,99.36679671991362,0,0
6.333333333333483,-12.09433312302161,93.00766560232216,-26.76879458152524,191.70201166005978,-8.402454185134612,-9.558480325037026,129.3575301135318,-101.48782452818494,0.11837573755332764,93.79071784821778,99.77932532775304,0,0
6.341666666666817,-10.237179660524813,93.08569762293251,-26.340157673900872,191.8588297324535,-7.31376466170425,-10.36543093190887,131.71502663708216,-94.15548805801795,0.12126999766126279,93.64692706837681,100.07715787143518,0,0
6.35000000000015,-8.248104986200016,93.45898633294297,-25.569056123099923,191.3974266988846,-6.19730805908678,-11.161016041527882,135.41086018625066,-92.48292918473454,0.12582546853123455,93.82224343003422,99.45830005384155,0,0
6.358333333333484,-6.496729890944489,93.6822844265862,-25.696296908383655,191.8156768011404,-5.088048674723079,-11.957787140612727,135.16454632261073,-93.46912045618312,0.12447753511220361,93.90728360814025,99.99393017876311,0,0
6.366666666666817,-4.649654910892816,93.81490146646428,-24.906898291596914,191.2607258510081,-3.961249678112207,-12.727423633072627,132.8364544724957,-89.699443882148,0.12281157788685482,93.93005391222125,99.52911433027239,0,0
6.375000000000151,-3.0566165362634434,94.08463970930347,-24.49438775113492,191.5856281507319,-2.862758269095653,-13.458170154721536,130.51881838069417,-90.46950423563831,0.12045128178470943,94.1342782087333,99.82995933945246,0,0
6.383333333333484,-1.0107504262085127,94.19278349344529,-23.138622709456282,190.54879795435193,-1.7668928186695259,-14.156326161331663,128.0643158708507,-78.98257973262395,0.12382096600422043,94.19820634527571,98.86417073224341,0,0
6.3916666666668185,0.7342706057187387,94.17157555501387,-23.23065076668757,190.00681080297693,-0.737263049726875,-14.775665689281496,123.17662142733217,-69.28428732589327,0.12358521936221711,94.17443812328327,98.78618208746626,0,0
6.400000000000151,2.0990008216211935,94.0188209440621,-22.533723476104566,189.5715387683024,0.26666864677944685,-15.26945134393761,119.57009614540108,-55.105815381726664,0.12843130104554756,94.04224846397909,98.67670946037194,0,0
6.408333333333485,4.0359523150810945,94.00912907942603,-21.372512720848928,190.59355693190196,1.2507990077670954,-15.646665927748577,114.61735055315705,-41.605736088374925,0.13157321457845494,94.09572392708286,99.87062530630418,0,0
6.416666666666817,5.530998369139131,94.00136804629716,-20.692177616868943,190.32702509209292,2.173966323057412,-15.938332849393484,108.25474405950878,-25.414995082226085,0.13514800845181663,94.1639481836591,99.83129351109008,0,0
6.425000000000152,7.001021963649753,93.87631896445703,-18.883754255690288,189.99262047323765,3.064727702436012,-16.155657704564785,102.29746063353583,-13.492169517396777,0.1371459421974941,94.1370148817774,99.54077082106676,0,0
6.433333333333486,8.119599803565908,93.67974746519013,-18.449145173496785,190.08202086428088,3.9167558386025823,-16.294290250400408,100.64946340693787,-6.670496677801324,0.14295683494747102,94.03096822915238,99.99648256898456,0,0
6.441666666666819,9.756521851695314,93.46593342275975,-16.351321222577607,189.94998110827214,4.737144320337595,-16.29436782251019,96.11771450184523,-2.8126511006941564,0.14077472333515084,93.97377522069849,99.95394403309501,0,0
6.450000000000153,10.896447073217761,93.15084054859426,-15.504324603551591,190.0268995496823,5.51476730287105,-16.27885474150241,89.62212715331572,4.6917313803454626,0.13875640964201752,93.78598857894002,100.40902127155307,0,0
6.458333333333486,11.936516441387145,93.01190217805942,-14.21456704845377,189.43363120342292,6.236308559020805,-16.15053459496434,85.74969069939559,17.551634619290535,0.1459742749795887,93.77470006103138,99.90509994956842,0,0
6.46666666666682,13.240168348108174,92.50403939786793,-12.900818282717747,189.19783498645035,6.912414175742649,-15.915946698843308,78.49888868049192,30.134195641145354,0.14743189160424475,93.44677288600472,100.16507019594995,0,0
6.475000000000153,14.312302667303417,92.5675290040852,-11.12685493610206,188.98950126885433,7.528562417293154,-15.654590650551953,69.97171599731821,43.619861493766976,0.14839685032725747,93.66744062673355,99.72134914349489,0,0
6.483333333333487,14.942583866978627,92.55242704004917,-9.475523224099955,189.44392260649755,8.064190207435788,-15.22635317555807,58.12136119816549,57.63738416097193,0.1445129450834437,93.7509070016142,99.92099812859392,0,0
6.49166666666682,15.776974025924464,92.47450585931023,-7.897715756105579,189.49906380918378,8.474153176213306,-14.687169398925858,46.726834940480686,76.37244203657089,0.1472231832140558,93.81069844819565,99.87119595580964,0,0
6.500000000000154,16.477782376843496,92.444131044075,-5.66460126460657,189.37328985848166,8.851615443567976,-13.99491945374249,36.879249363909935,89.81161871835825,0.14695418588913256,93.90119635314942,99.42608803424595,0,0
6.508333333333487,16.701957342649397,92.2658194098712,-4.497080176829225,189.41475053483367,9.137960758474144,-13.17442490604645,27.72574905264046,103.07840243406396,0.14770978459704676,93.76532840261716,99.434973779224,0,0
6.516666666666821,17.072506079836106,92.33854588845952,-2.834470151406033,189.62906599062035,9.328198636685526,-12.276848111989803,20.52627752283535,111.3867775210726,0.14512507526586438,93.90355435573876,99.30625863670527,0,0
6.525000000000154,17.08316514459182,92.41706831041108,-0.3182343698358592,189.2872427794403,9.472268642759422,-11.29804838121902,13.846339991474956,123.34027737809855,0.14823074351208243,93.9827061030304,98.42072650982051,0,0
6.533333333333488,17.27520862810457,92.41477824151787,1.6607091354827093,189.3657029251156,9.560270865136307,-10.235811469941025,6.033149540404396,135.32510340559367,0.1501877911172551,94.01555228031935,98.20027694161422,0,0
6.5416666666668215,17.669405845009013,92.35127286354714,3.8428487493208694,189.3713771436673,9.611401565636237,-9.12121931854113,3.1494411660189026,140.0700248586072,0.14921008056385787,94.02640853735177,98.00037916072425,0,0
6.550000000000155,17.253458610336683,92.35528244402593,5.761035477945545,188.99598740127175,9.588914655664931,-7.960214740372007,-3.1230275435936132,145.607680029301,0.14472422150052244,93.95307354916287,97.32164016336426,0,0
6.558333333333489,17.182711584221753,92.34380072137776,7.430231242264488,189.94800814299987,9.49285341230691,-6.621792651939216,-13.980294440551152,156.03203753068757,0.14122531755771162,93.928819374333,98.09022468739326,0,0
6.566666666666822,17.026398327438077,91.99072406905827,10.001308012893052,190.32731766837156,9.369111828136745,-5.233198434128264,-20.561548673673354,168.2723501916425,0.14660124658944707,93.55314828884276,98.58720776370542,0,0
6.575000000000156,16.726344886887038,92.28390915509397,11.793744861469012,190.7096983051266,9.15679973885423,-3.7659689510089334,-30.5364028299188,185.74039062103344,0.15640278335546398,93.7874751884319,98.54931005754143,0,0
6.583333333333489,16.481211036982987,92.40164681119427,13.894834519312898,190.41032603577702,8.867869602631556,-2.1737017809472854,-38.02811312088059,198.6017883363804,0.16329923226342702,93.85997363448521,98.04279956650724,0,0
6.591666666666823,15.336749055539318,92.46821717088062,16.24460286431537,189.58801131540383,8.526473953141911,-0.5256653817634811,-42.913243736315806,206.00551342136023,0.16578456392291674,93.7314624784748,97.12403725758458,0,0
6.600000000000156,14.836953078646449,92.50485696379411,19.351127386867237,189.88177513725003,8.16029217777218,1.203112857908715,-49.747875110583,213.61189330378835,0.16750692588473548,93.68715887756424,97.48149548834861,0,0
6.60833333333349,14.680336578020675,92.96416855434228,21.480542509246963,189.93063775527577,7.717320870147159,3.02955548971027,-54.75113093319384,218.814889307904,0.16868356828171693,94.11614588923695,97.20462411841665,0,0
6.6166666666668235,13.276175477965356,92.52699528324985,23.414267523945686,189.92196454456058,7.247288762535564,4.8540821029506995,-56.581455683139836,220.70849726601614,0.1696063845332234,93.47460452694233,97.92119764251473,0,0
6.625000000000157,12.789388643612146,92.53799047388395,25.614472974159927,188.74446781728471,6.757655775285523,6.684669771838085,-58.1967689071227,214.41642782054473,0.15939107176106626,93.4176008192353,97.05755545505949,0,0
6.63333333333349,12.006683702053923,92.4907838197957,27.75023620570892,188.4501130289804,6.294655065320069,8.424203776217285,-55.77434574296998,204.20771679523492,0.14941594013073534,93.26685126625294,97.24223520524419,0,0
6.641666666666824,11.109626358306233,92.64564557497863,30.15821613266775,187.5702937108723,5.844896779432215,10.094967196284248,-57.06752992386087,200.91331465551917,0.14757117120596552,93.30937488712338,96.81703153947208,0,0
6.650000000000157,10.3323408856042,92.85770635376292,32.05785229485139,187.05753944779366,5.3724608487040495,11.719171784271492,-53.80232807352616,195.65903434828255,0.14831826957427774,93.43078131674802,96.67267659962963,0,0
6.658333333333491,9.844546692112036,93.33329388384823,33.83756863591987,187.16274166694132,4.914451161984166,13.404247175924628,-49.33457024781863,189.91657461259055,0.15120520183612607,93.85104606120251,96.84849184822775,0,0
6.666666666666824,9.115256458239973,93.02229383699125,35.260225232115495,185.89143100884064,4.536468178890426,14.909902129088112,-47.073459280313905,178.92599718832076,0.14561767275926263,93.4678289626705,96.47919999269637,0,0
6.675000000000158,8.770003222979827,93.45447502768707,37.443679435023974,185.90454516895664,4.159678002411466,16.388327031332764,-40.698904020530414,170.02010987750157,0.14761991827263987,93.8650726267852,96.79460303466723,0,0
6.683333333333492,7.938090655701733,93.54344400333531,38.70599082808088,183.40199402934832,3.841083129753143,17.787684053438703,-35.453415184204985,163.50123135417053,0.15242710981010665,93.87965274362314,94.98011736039797,0,0
6.691666666666825,7.599278446056876,93.52414568383824,40.66597694932256,183.75855799715134,3.5867899427457766,19.07614263966921,-29.59936895620507,156.44811584064468,0.1574121022958499,93.83237638892295,96.10231899093208,0,0
6.700000000000159,7.19678168329239,93.52718275964668,42.6517005612663,183.2542334263739,3.364040360018653,20.28931040490698,-23.745064093353726,142.420502354096,0.1542800068342638,93.80366507526945,96.47795029950183,0,0
6.708333333333492,7.074517559294525,93.50430927708788,43.19914133200769,182.64121462515777,3.1988838603515064,21.469974211853096,-15.480674243198111,129.09693337467468,0.1553821708117784,93.7715556663217,96.17887677526102,0,0
6.716666666666826,6.884411969826663,93.5378171403193,45.077269462458055,180.82042813753299,3.0823520576649566,22.450578571578447,-9.776921438972312,110.09909495268927,0.1480578235201344,93.79082238442152,95.27302108122413,0,0
6.725000000000159,6.834613016933422,93.62535503271471,45.8553840745579,179.83250339010186,3.0028895572730163,23.319233772316405,-4.481285119278308,95.87890199610078,0.1461240861745332,93.87448556499851,94.62712614173645,0,0
6.733333333333493,6.840994757776632,93.64550381866911,47.136319701597934,180.09596309635987,2.9753427105713315,24.10030231346308,-3.033044417974574,88.2931989819068,0.14740391865773939,93.89504563462492,95.3802658921216,0,0
6.741666666666826,6.768158022184825,93.73228221777197,47.98972370629236,179.42162690116976,2.989239499806979,24.77584404776266,3.4274245582684477,74.99176685643042,0.1476331261895183,93.97631985114823,95.08880727887666,0,0
6.75000000000016,6.996466187446122,93.60820142748429,49.444986384301565,178.8767245577571,3.053455196314787,25.34499819172393,9.505313880593398,63.672793448787,0.14916071011365073,93.86930229633407,95.25018584612164,0,0
6.758333333333493,6.848293048085911,93.58946673721408,49.655299529351744,179.57602687790796,3.170516442863066,25.8526529136827,17.300397825282424,48.82294420714488,0.15004114771514487,93.83968990692884,96.05273722656892,0,0
6.766666666666827,7.164427389358711,93.55841505261083,51.36058764322235,178.9460069021457,3.3387724331869677,26.200368138817804,23.721821486590507,42.67607147327136,0.15491399733843592,93.83232943380436,96.14749826723498,0,0
6.77500000000016,7.582630110658504,93.4594909857014,51.95512710188331,178.3728039118257,3.5657609504232832,26.52843861479062,31.538968473149218,30.81571653287291,0.15795599412207695,93.76658645115255,95.80808526072403,0,0
6.783333333333494,8.449764506410137,93.30549253239207,51.84865606291664,177.2891930292102,3.864272177800829,26.630113061906457,40.40631718295525,7.7557914848236535,0.15528122163369895,93.68731748174915,94.53425695203121,0,0
6.791666666666828,8.751633094178889,93.44378967041342,52.89469947265406,177.64023222330383,4.21498787562527,26.646811915562008,46.25888131121642,-7.748235713392534,0.1550289113411698,93.85271924554765,95.06656219647705,0,0
6.800000000000161,9.451466672495659,93.47139832455758,53.61105674190032,177.91678525314865,4.627173952814627,26.50363730751685,53.1709616591773,-25.256293199811424,0.15512164656789285,93.9480309905929,95.29476779245186,0,0
6.808333333333495,10.062864248166196,93.14739460129971,53.86961873577474,177.97772618185013,5.104735938581441,26.198100419622353,57.57364519034893,-49.810088631584335,0.1533364862591684,93.68937163780777,95.47364502732543,0,0
6.816666666666828,11.037448192899323,92.99540852490804,54.01064908095817,178.3816143175772,5.595642828409056,25.714834258850672,61.69481457395712,-62.05487026537352,0.15284865312749796,93.64812475071498,95.59027217365535,0,0
6.825000000000162,11.86627236024805,92.55236647445093,53.34495850908082,178.89389403971472,6.118254433814853,25.23968287903361,65.71495542971084,-69.67976742748361,0.15306408189543896,93.30996173908045,95.78799918015085,0,0
6.833333333333495,12.627877563342569,92.45195669435202,54.2078154772068,178.56471847489564,6.696170805972109,24.647185013653417,72.4946206592754,-80.73862798222532,0.15489318111145955,93.31038306838694,95.62582798801513,0,0
6.841666666666829,13.845764485027647,92.40909488086027,53.434671551011554,179.12617122315487,7.330531531451823,23.8550380053764,76.17310214457235,-91.93009789252518,0.1542835199363548,93.44060151173412,95.32645431376571,0,0
6.850000000000162,14.710113850442841,92.30685476793616,53.222443504261896,179.85283184674734,7.981911479937901,23.00662795861467,80.11427598651058,-102.22520172894383,0.15425507169387176,93.47161540618546,95.64255139867485,0,0
6.858333333333496,15.759437083643324,92.37692290107594,53.62343178911511,179.80670278112723,8.653040772972068,22.133781547899943,82.26790952457401,-109.36818835318694,0.15334663173211416,93.71155607428916,95.27669444796149,0,0
6.866666666666829,17.012214666273852,92.02512006564552,53.47055233484213,180.02216704821495,9.360408610207926,21.175441419586708,87.00504170102859,-122.24500401828523,0.15592535534933116,93.5843906372631,95.2506727703688,0,0
6.8750000000001625,18.393927732258252,92.04247652198973,52.16923597302071,180.63605792663486,10.0717652927056,20.164468212381642,87.39724009119246,-132.50842295594262,0.15682056817631418,93.86242092403417,94.81347010240687,0,0
6.883333333333496,19.27227817371227,91.74546140273065,51.54416645672837,181.90687834926086,10.801928404451882,18.976202902926204,87.12155672810943,-138.37054249087979,0.15572017021167905,93.74780207559475,95.76301937155876,0,0
6.89166666666683,20.468581611939104,91.72196530487406,51.88134331943133,183.0119038640463,11.548214797804109,17.830101000146765,89.55975941640546,-148.90458768807204,0.1596125353592419,93.97809187567671,96.54332954807977,0,0
6.900000000000163,21.6656307883535,91.57923527519728,51.091807174882895,183.0501522989053,12.271448425058793,16.56658102575774,86.21684301795224,-153.2662178221393,0.15942091719592266,94.1071511153493,96.08760855536585,0,0
6.908333333333497,23.00275566864787,91.24879101401058,49.860483572429196,183.6132281418121,13.024851568424916,15.214680438356236,87.35182757705293,-154.14733464171908,0.15852520633204348,94.10349956229093,96.19005558834633,0,0
6.91666666666683,23.798793388382766,91.04872506553221,48.899807763711244,183.83517337751272,13.748019417762157,13.963398882260728,87.72056505726775,-152.77794066285557,0.15756114686255973,94.10766654636488,96.12172445926196,0,0
6.925000000000164,25.101059028260014,90.25010451557853,47.74061529153648,184.2449764529896,14.450453976487259,12.717916374869208,85.82918690579983,-158.1376039048188,0.16184037002096296,93.67574141373551,96.68291192516062,0,0
6.933333333333498,26.283476460409194,90.13842702746092,47.08374656833963,183.85397195425412,15.168011637034235,11.413293358445099,82.55383704847095,-156.6675163780183,0.16252433367586194,93.89226358880578,95.99611761674875,0,0
6.941666666666831,27.000705793135243,90.03437218649299,45.43521108295409,184.10419922721263,15.848193209262114,10.095245375029009,78.87188597009649,-149.72984424655334,0.16001624470072295,93.9958844223692,95.85908065880493,0,0
6.9500000000001645,28.434517696058496,89.19750009387792,44.954904257139454,183.78849730943335,16.447143636889354,8.85290664081327,70.36525047902188,-144.74602694562122,0.15969265255410514,93.62006098911074,96.02280940672773,0,0
6.958333333333498,28.84495083142099,89.12613808679686,43.93940806125398,183.9109508518194,16.969478779880134,7.672956308388048,60.09669505648297,-142.0258355765738,0.16237481766846695,93.67763702578047,95.9791819613172,0,0
6.966666666666832,29.74147758685388,89.07972291707415,42.139580453219374,184.31821103431963,17.43111879551767,6.50634139322817,47.39700593300371,-135.38557556191608,0.16402324183630546,93.91353749077945,96.0420875113806,0,0
6.975000000000165,30.48408410819434,88.54748410858986,41.42910116572097,184.67540594472467,17.770999084820478,5.429423830075539,36.86267458346916,-130.20629997753943,0.1666723942536037,93.64793818273012,96.74900906429788,0,0
6.983333333333499,30.730366026162987,88.42294080355663,39.97303820901693,185.5644945952987,18.08076411131655,4.373171881379184,29.040951843707454,-121.07185403912169,0.16506618713727317,93.61074647951074,97.58026676615319,0,0
6.991666666666832,31.058188770498536,89.32144772352495,38.34650473127471,185.89606248607498,18.319010614829676,3.3811795456188873,20.72497339394313,-115.85799615304242,0.16752405049414998,94.56707732149874,96.8492424651791,0,0
7.000000000000166,31.491611522777763,89.17215946922335,37.20349005228912,186.25127653049708,18.44015456228713,2.4362742949291976,15.323966809748798,-107.71389177034486,0.16449732996808164,94.56952797125588,97.24700779835018,0,0
7.008333333333499,31.67630969497475,89.1077338328036,35.988084765544336,186.08600509778336,18.523689248827793,1.5781058076813954,4.911854914254902,-96.00283164496315,0.16241223070961253,94.57048601286621,97.07407739352037,0,0
7.016666666666833,31.676804748475778,88.95187328287813,34.72960609303795,185.9276005877586,18.55582862036384,0.7972119318550841,0.7248586073657878,-92.98741113708572,0.16326273763748667,94.42380907168628,97.02376658509966,0,0
7.025000000000166,31.729396021624954,88.34066787225214,33.59544121816504,186.25154890563516,18.50094607395242,0.09761102454071492,-7.148030635072532,-80.16956092619262,0.15796182046740803,93.86601180412787,97.92866153179473,0,0
7.0333333333335,31.254994578781922,88.76937947533094,31.829258800362656,186.25740490035344,18.37643297845484,-0.506969830575997,-20.582440143649503,-68.28025403281376,0.1588985161572638,94.11098457967057,97.48971679447028,0,0
7.041666666666833,30.815069744468534,88.74460276839665,30.78380043419151,186.5272207016613,18.17036988443045,-1.0537799476737137,-34.02890526624553,-58.62865016540598,0.16264166115590095,93.94239215538943,97.78262293297605,0,0
7.050000000000167,30.334922684773975,88.52900933726386,29.70083512834174,186.64003660764217,17.81928728438168,-1.4894917328199064,-47.11726196344477,-46.88059402244659,0.16412719473751158,93.5820123128829,98.11307628995301,0,0
7.0583333333335005,30.219402464068825,89.22124956369521,28.38789535012933,186.83741556753887,17.381253380106596,-1.8707574611875295,-58.96214792071545,-38.188125710355465,0.16735492774022465,94.20001942140219,97.63334616614537,0,0
7.066666666666834,28.65835531318658,89.09731430811212,27.295568144958455,187.56950032878046,16.86532254873191,-2.1936685980574224,-68.21364154345162,-32.220947957087645,0.1697498331648526,93.59290970033665,98.48161558664134,0,0
7.075000000000168,27.844543468434328,89.53211667183155,25.51511104180054,187.74113679646086,16.24656466775052,-2.4045672076049267,-77.26396099531743,-23.962465944937385,0.16945852448823873,93.7620313170741,98.23664229436031,0,0
7.083333333333501,26.903425868510116,89.94779916574248,24.252866535426737,187.0195942686911,15.584358971528088,-2.531278473366213,-87.2855685128543,-13.712989729341503,0.16945436396828395,93.88504086500235,97.10797531246871,0,0
7.091666666666835,25.458271931326696,90.23170297528503,23.051311843147236,187.48005628627084,14.823995157706724,-2.5570195639088973,-95.24149871015094,1.4352917919339812,0.16138398185151948,93.75438033259799,97.2781356655462,0,0
7.1000000000001675,24.499016614220753,90.82535755844452,21.598107475664964,187.59747363663547,13.99186054144223,-2.5000612472713426,-100.99828287167222,13.44259597738475,0.1526905297394996,94.07150147990177,96.81558616297801,0,0
7.108333333333502,23.119570940385817,90.99974783485408,20.61947678940925,188.8949937708257,13.095200664098547,-2.2994770365887223,-107.53366083882375,28.0473922438525,0.14372906713882516,93.89072726566006,97.92716501373924,0,0
7.116666666666835,21.534603799987853,92.01116869743805,19.839076080333772,189.0445778520821,12.182643009811043,-2.0701954903964506,-117.34212052932008,41.30183603633652,0.14270385844494138,94.49758899512122,97.04822155207522,0,0
7.125000000000169,20.084945650086755,92.30565979340423,18.876198813104967,189.1945619198176,11.19951284127808,-1.7644911452708067,-122.23532422403743,41.75792332863384,0.14266814139145634,94.46554859663189,96.89644175189109,0,0
7.133333333333502,18.187343737442635,92.2950528417885,17.83480173412335,189.18653812620147,10.13751461076321,-1.4360791571503713,-129.22885954208147,42.26612447829663,0.14722038032128415,94.06995403045771,96.89212664857614,0,0
7.141666666666836,16.40257980638251,92.22656672783677,16.474720870573893,190.06584721306348,9.02414192996957,-1.0499736454455904,-137.5856890925585,46.083225143219714,0.15298320145627153,93.67381829897228,97.83930708156107,0,0
7.150000000000169,14.457175561501007,92.45007602574287,15.667945852058043,190.66150284448418,7.826389672472379,-0.562059921195085,-143.95807354624273,50.81506336685714,0.1547393254346332,93.57364202798617,98.21888984543388,0,0
7.158333333333503,12.64970038620027,92.67102808569814,13.858704709990665,190.5448501400258,6.604518241817546,-0.08848953696093466,-149.70470682945768,58.28306378514523,0.15397424695928175,93.53039274118808,97.88128899323476,0,0
7.166666666666836,10.676646909364937,93.37357566831747,12.578195286434383,190.41537149171427,5.361988614622469,0.47408738456341,-153.82989068144713,71.91299212044805,0.14585275935463837,93.98199520288054,97.06042459653763,0,0
7.1750000000001695,8.166201318038762,93.48132639115869,11.626978002311322,190.31716394971818,4.079872247067603,1.0582956253581794,-154.82040782216683,76.97998615529518,0.13960977463447488,93.83733386993195,96.89765947083616,0,0
7.183333333333504,6.189478697756162,93.66358481907531,11.052009872018065,190.51414258430435,2.7885252161527343,1.6367784299446415,-155.778161041925,77.37301224252298,0.13833661657479723,93.86786866500215,96.9725463667766,0,0
7.191666666666837,4.107421880204133,93.98330005108744,10.031659086317976,190.197153085038,1.492924163124511,2.2563805133054435,-154.01479858273785,74.76102825667252,0.13510925663088802,94.07301208632958,96.39606891420905,0,0
7.200000000000172,2.2002129156728687,94.16348265334528,8.814420451315645,190.25493994165168,0.23138806161821224,2.836276226681805,-149.60018504442615,69.20769911540286,0.13009764195771867,94.1891841045518,96.31882425110352,0,0
7.208333333333504,0.17130555548420023,94.0812981939286,8.073939040554595,190.3280202540471,-1.0031154013747192,3.432979478084989,-143.39952788681035,57.7454943230419,0.12773744127708353,94.08145415249625,96.5706121100879,0,0
7.216666666666838,-1.8926886419737867,94.08841439438248,5.893327370063052,189.99943555853628,-2.164839574234764,3.9087137536971484,-136.9159891738532,48.15226889939945,0.12464642182000141,94.10744919263564,96.22653493756518,0,0
7.225000000000171,-3.8367027403405656,94.06314681541033,5.018765057517389,190.65873638592524,-3.2962857310376092,4.272049889552876,-134.60122933750984,42.26888050975805,0.1279923914306167,94.14136113704315,97.00065584517596,0,0
7.233333333333505,-5.479818479522744,93.75684989880182,4.313847416349636,190.51260773417073,-4.401908717035792,4.599678619607463,-128.88155710201542,37.861338412656856,0.1239738653697593,93.9168531921453,97.25015458073332,0,0
7.241666666666838,-7.075454859681652,93.7285547593861,2.94145598014416,190.27512946826533,-5.446567524816183,4.83537511168435,-122.20243109851059,27.7505066056496,0.12387895436786955,93.99523412787816,97.0648215925328,0,0
7.250000000000171,-8.779488123790369,93.49341951039384,1.741856925292784,190.35984004840424,-6.436705351772966,5.025489173461974,-114.39517480635415,17.774408340085014,0.12233058572433952,93.90473312598395,97.43614385580204,0,0
7.258333333333505,-10.211259243217679,92.69082511229726,0.2354568294015893,190.41582745712913,-7.365200507794666,5.160154223714983,-107.90053365524258,11.425281293204401,0.12064667069791746,93.25158913032354,98.28178854701066,0,0
7.266666666666839,-11.928643625174399,92.62069176802186,-1.3630183060457695,190.11063745885008,-8.221558387221922,5.237109098570808,-100.74617872966395,-2.1102441249461394,0.12499208490084124,93.38567921433845,98.06080740634786,0,0
7.275000000000172,-12.89871789741596,92.42364935967959,-2.3535291066349897,189.86812547623384,-9.047420537390055,5.179149287896052,-94.47678240461346,-9.897201596018226,0.125961559368581,93.31938643367796,98.01340179925869,0,0
7.2833333333335055,-14.130740199499595,92.49883252208156,-4.124209179323425,189.97793886074868,-9.775383347262391,5.077759938008381,-82.8501006311029,-15.138257267479515,0.11521563851108008,93.57196073896202,97.99136102556653,0,0
7.291666666666839,-15.270560813058236,92.43629175029554,-4.984413222014832,189.84784238139844,-10.422307132902354,4.907200961295068,-71.55349468692967,-25.439495344185286,0.11079791496395819,93.68915657690097,97.95312669139588,0,0
7.300000000000173,-16.247441350308005,92.42934533222478,-6.510706821263848,188.9728335500006,-10.956194904796607,4.544144612564956,-59.70982361223109,-43.27469968511133,0.11307625192664794,93.84648756866376,97.0332371744079,0,0
7.308333333333507,-16.98104818954999,92.27201793891697,-8.177405959958715,189.7843997284586,-11.413143016516837,4.117814436510805,-49.19478316538546,-59.05595686662882,0.11639680991303081,93.82153959584993,97.9089818084938,0,0
7.31666666666684,-17.768759893961143,92.25646126836449,-9.44211498121285,189.8849060467993,-11.794388252751608,3.658360616565008,-41.30164794496299,-66.22436336356674,0.11505883238405712,93.95202751367572,97.98288751286569,0,0
7.325000000000173,-17.77549278954643,92.22059101729815,-10.399302339601316,190.20777902769532,-12.125574101550214,3.1265464295310244,-31.53522545396953,-73.05971474563214,0.11121193275300012,93.918078938461,98.26442489395023,0,0
7.333333333333507,-18.438413973964824,92.2443137987737,-12.880133545955115,189.75400149964736,-12.36303392521163,2.4492523060885363,-23.585657140740157,-86.56366118587601,0.11665710503460502,94.06906259808233,97.66797672133025,0,0
7.341666666666841,-18.532465083437042,92.0807527849455,-14.626883416778636,189.88433030747888,-12.504322451574952,1.6513534993379815,-14.712062114850395,-94.37315956889452,0.11491337377806676,93.92719145972087,97.8815270843336,0,0
7.350000000000174,-18.92241029893449,92.00575977105717,-15.179286392926596,189.92666367980917,-12.561930236086218,0.8051560924488591,-5.089944012649193,-104.21011191622681,0.11471065449132523,93.93145076368567,97.99242010932667,0,0
7.3583333333335075,-18.940555603854303,91.96143934120596,-16.505006687386125,189.72982242369068,-12.558566938427505,-0.13377010240173726,4.651355243081223,-117.32347890029294,0.11849479247898564,93.89169810099825,97.79871486419438,0,0
7.366666666666841,-18.71068789404256,91.94653279843999,-18.80242440863122,190.2381444741681,-12.47102128075319,-1.1902360754825716,14.98939279898262,-128.00240287234988,0.11948196200501826,93.83099027039452,98.29165448500825,0,0
7.375000000000175,-18.42318284042369,92.26631978033441,-20.877488886745933,190.48748347281844,-12.339728083363726,-2.195880559170835,25.934266048896745,-131.315408594003,0.11286733032495944,94.08765823304677,98.25182245268918,0,0
7.383333333333508,-17.797848998685307,92.02148029395289,-21.649080081043163,190.1119636976772,-12.091679609200984,-3.2726006375180656,33.6377829977681,-139.90598050591643,0.11477434052963087,93.72681721081946,98.16605785721475,0,0
7.391666666666842,-17.419404119079953,92.09023413276219,-23.44715763881305,191.20353881049653,-11.770776463551234,-4.427279647682057,42.84642870664189,-142.28835919066586,0.10982910081510333,93.72324611584246,99.29642982824735,0,0
7.400000000000174,-16.90988534036529,92.12153286053797,-25.139528788502215,190.79585284402185,-11.366422892125238,-5.6910026355183305,49.31868794250405,-138.54032093561992,0.10186716222247494,93.66066964740044,99.01690994717231,0,0
7.408333333333509,-16.13778544713909,92.38881680258066,-25.974810280219113,190.16754442585847,-10.928991657537988,-6.879806321615833,55.11598776663052,-138.01243320298337,0.09835968844095877,93.78764091989257,98.27230857771573,0,0
7.416666666666842,-15.464733229954103,92.45469498721326,-26.779298927573674,191.09186641127002,-10.448003370977483,-8.003074035751117,61.3918967599926,-142.0289857894303,0.09911286465579972,93.73915190064547,99.2839915770136,0,0
7.425000000000176,-14.331248197496617,92.46049823424102,-28.930003969546586,191.1197637475724,-9.90402110313454,-9.190695507202255,68.50175173247263,-147.59500046567226,0.10175378377291366,93.5645681260932,99.73351664170866,0,0
7.433333333333509,-13.323378972811891,92.58962259966148,-29.759751317373055,191.5220830506064,-9.326468658251803,-10.467739963323579,73.63925597619615,-150.71265782802683,0.10416838693037311,93.54330890235235,100.28851413161347,0,0
7.441666666666843,-12.448159152756485,92.63259934124324,-31.08763566853457,190.5352536233243,-8.692931345846805,-11.7747509204678,76.99763258387266,-158.7636272992598,0.11160157060798159,93.46526160562358,99.66122515933131,0,0
7.450000000000177,-11.450724878048785,92.61555692520903,-31.74463637356808,189.78360965395728,-8.03905981291861,-13.065709303668859,78.61667618577634,-159.5032701314811,0.1144334892125034,93.32073984275628,99.26466297169789,0,0
7.45833333333351,-10.274538359712945,93.29779214883087,-32.968719188629045,190.1661095278253,-7.374665172218052,-14.364426735908363,80.16017449183207,-153.85914116229,0.11349912033685783,93.8618354729528,99.49118933520265,0,0
7.4666666666668435,-9.103175063779698,93.67601690559121,-34.52052351148989,189.95785480822332,-6.710442100224145,-15.646551677150747,79.35038696401546,-148.0068465027272,0.11379072791327394,94.11728820752556,99.5802887725329,0,0
7.475000000000176,-8.200970424041767,93.5151740876309,-35.447278610801156,188.3856518161678,-6.068102668241287,-16.82442915377962,78.79951862545398,-146.42273399323463,0.11754351793698081,93.87408428600473,98.7054651691014,0,0
7.483333333333511,-6.961270540863832,93.3132656571367,-36.10214951757006,187.85732724803967,-5.427002718483304,-18.05724165777848,76.4845685751913,-139.99699019927277,0.11928975299703559,93.5725645429389,98.93316132439867,0,0
7.491666666666844,-6.020843950815954,93.74371085030555,-36.397119221492225,187.85558164521484,-4.774464457969189,-19.195533720999048,74.53446791123558,-130.99974440337422,0.1198542326410843,93.936861166774,98.89268084058394,0,0
7.500000000000178,-4.976920456146327,94.20026404796647,-37.553649614896806,187.68278493871014,-4.140132626769097,-20.26476023230324,73.2568175636484,-118.00394321935408,0.11933863202637696,94.33164624840072,98.99608575479594,0,0
7.5083333333335105,-4.034941529762189,94.04567896017284,-38.853647162341865,188.0540195955204,-3.5616514596572957,-21.083384665609774,70.28053257570302,-97.53358420083914,0.11576101623662982,94.13219685223805,100.24924124869861,0,0
7.516666666666845,-3.0296104763997915,94.13780137078334,-39.06771573296242,187.49775667015,-2.9901619325749342,-21.80203899196975,67.78005037829888,-83.29970613162092,0.1160041697824119,94.18653930665342,100.07410396292755,0,0
7.525000000000178,-2.0386353573907128,94.13751410634734,-39.424338607392365,186.96085869258332,-2.4288777737293277,-22.450397732074297,64.48220431091714,-69.73978278556848,0.11699148379753854,94.15958579052453,100.06929652831727,0,0
7.533333333333512,-1.0119992400424236,94.19361238734041,-38.86506770171058,186.9687499426334,-1.915471802432484,-23.057874096980335,61.0137994835716,-60.24633875113477,0.11904042522259717,94.19904859943318,100.2002042930416,0,0
7.541666666666845,-0.3606353704613481,94.1347865713596,-38.96365262980941,187.15275755295426,-1.454039856644265,-23.606303923295503,53.679298221229985,-51.75030262115979,0.1191625880909224,94.13547737546058,100.71015771538794,0,0
7.550000000000178,0.10961051112105213,94.10830962811053,-38.17244980835488,186.5641287238293,-1.0074030248739467,-24.046760655748283,49.20662372585281,-50.60724367014146,0.12057024602185074,94.10837346126257,100.0679500487757,0,0
7.558333333333513,1.065642744910865,94.13330994341396,-38.90900428905274,185.54124706710866,-0.606765214212668,-24.43392748871598,43.34074326615188,-48.59636103425772,0.12138029034933062,94.13934159193286,99.76664459978242,0,0
7.566666666666846,1.5489028483464766,94.08856458486594,-38.905510789382156,185.38147611087322,-0.2708434363329774,-24.708248132424668,37.69943382067337,-36.848675590093,0.1210996777872051,94.1013128796517,99.85467078543617,0,0
7.57500000000018,1.8636758430653275,94.10052272735146,-39.12894523403866,184.9951416912167,-0.01373996395663537,-24.822219222879102,30.182199446550488,-16.2058023675439,0.12008232992008594,94.11897611644962,99.71071526850703,0,0
7.5833333333335124,2.140420830143573,94.16758051922693,-38.356120863783524,184.27851978872735,0.2087607630394386,-24.81016918062224,24.516580163459192,12.986733875859358,0.12387304605767024,94.1919031667542,98.79246562972081,0,0
7.591666666666847,2.9082297481120962,94.18800888692732,-37.61456535442317,184.7829813703862,0.40762710487528536,-24.714072770622685,18.364759737870397,33.835038176338834,0.1281095158888128,94.23289668874509,99.24487877064855,0,0
7.60000000000018,2.759171155566041,94.06575798285053,-36.94643413931089,185.1328871229004,0.5381608545537663,-24.442538105826586,11.75652494345599,53.51192972787518,0.13240122932833165,94.10621579021183,99.34665118484406,0,0
7.608333333333513,2.9176275740653113,94.19663202282237,-35.91347031904399,186.55467521218674,0.6176080023885399,-23.981217244544236,8.947211418354833,58.00279229466101,0.12929163071929084,94.2418061961036,100.18913267092759,0,0
7.6166666666668466,2.9254638212156054,94.1836701546244,-35.155534737550845,187.0145052482789,0.6821547001005684,-23.527173898378106,4.8439293511971355,59.327946406102576,0.12353427227051794,94.229093502826,100.3380605524048,0,0
7.62500000000018,3.253761688925299,94.16195317438815,-34.132379229682094,186.54486370606725,0.7384756640378656,-23.051640011091777,2.756070869469495,55.05105850119283,0.11571902771453635,94.21815319111272,99.66105403361033,0,0
7.633333333333514,3.1276554616638395,94.17661441247702,-34.02527810453369,186.47489671963365,0.732060334105039,-22.51850850332815,-0.7629575803732055,59.193744672980856,0.11172962462741998,94.2285356507425,99.49529330287875,0,0
7.641666666666848,2.8977069170603658,94.16205273118373,-32.4188220053698,186.95834367795885,0.6893581202106303,-21.899192444857515,-3.1825366034967404,71.04956963025336,0.11267576047668237,94.20662864112805,99.28952023555851,0,0
7.650000000000181,3.0155408453192694,94.20892397628603,-31.65908251758503,187.26330901712083,0.6302154078364677,-21.140182420159533,-11.387946699579317,96.13611979747661,0.1204081539563866,94.25717396230077,99.30482405546675,0,0
7.658333333333514,2.737660238633514,94.22482567366876,-30.556630644710932,187.16604450215038,0.4811470722230451,-20.23729104494728,-21.24388779056229,125.03821082360263,0.1334217192879641,94.26458803185565,98.72476873990874,0,0
7.666666666666848,2.5620588067247967,94.0715269581641,-29.002382223338994,188.10160715300384,0.2788630510962631,-19.168485493838155,-29.429906139187924,145.83851144314787,0.14173931842500442,94.10640960938692,99.18654101735966,0,0
7.675000000000182,1.8306373627498305,94.12052493754811,-27.195583255210348,189.6732696709147,0.0042850097521373405,-17.922343475495325,-35.409693168495345,160.13344091801903,0.1449632958456335,94.13832613592358,99.86415027146835,0,0
7.683333333333516,1.4899243244773333,94.08248385810646,-25.244267620450497,190.5090446809943,-0.2888200630802189,-16.58782750727699,-41.1822395112555,166.56510784539017,0.13913671634152847,94.09428060941606,100.06397279280057,0,0
7.6916666666668485,0.6242873773638324,94.07058382766706,-23.17776252167374,190.3520209412029,-0.652776032543125,-15.219350636706636,-47.12779517348847,173.41555821996016,0.13439034796421723,94.07265530645806,99.17990074629049,0,0
7.700000000000182,-0.08640242769524331,94.11234186416829,-21.868576857148806,190.21740720604987,-1.0549648936900866,-13.807966691840976,-48.37932409792064,165.99412601638534,0.11643510068134644,94.11238152622424,98.54261366151432,0,0
7.708333333333516,-0.5201717972155917,94.06057435061433,-20.04245243708203,190.24303165924158,-1.4542777814186503,-12.374020731636135,-48.42356809065279,162.94424658651025,0.10568989666375828,94.06201266114853,98.143693303786,0,0
7.71666666666685,-1.330455918269247,94.08248916601417,-18.069033941078654,190.39133029876848,-1.886331589633751,-10.96068444120783,-49.81799317818573,165.78878396789545,0.10185474224070168,94.09189593489778,97.75261057669911,0,0
7.725000000000183,-1.9957602364385094,94.04388548447139,-16.580021020609475,190.92744807478488,-2.3152106918202846,-9.488432553499772,-52.936685292882245,179.80358337582183,0.11095339219031208,94.0650596977311,97.97512624545017,0,0
7.733333333333516,-2.9353138244777552,93.98478114052767,-14.770154001160957,190.4128719570997,-2.759095678513191,-7.936729801169238,-52.9098193407463,192.08128325395728,0.12243339928180852,94.03060753436115,97.15163478056711,0,0
7.74166666666685,-3.3522605385191993,93.85734686852152,-12.97824737392244,191.3489467658422,-3.216157149001759,-6.325177148217615,-55.953585241575055,202.80440963519044,0.13106488831157215,93.91719337754976,97.96566578702262,0,0
7.750000000000184,-4.184895370650447,93.91319926191113,-10.10957708667399,191.1391098862087,-3.6776727312817643,-4.59604530025948,-55.56059946376792,209.08688074922142,0.13815815709657508,94.00639523389202,97.40626032324658,0,0
7.758333333333517,-5.138907233706273,93.64566919644642,-8.275127835677093,191.5431126434966,-4.102038805804919,-2.917205998958042,-49.59318029570842,206.6607029957408,0.13965656420364203,93.78656474574016,97.94766619543631,0,0
7.7666666666668505,-5.666431998170931,94.00465961825029,-5.480380928266352,191.16408089223887,-4.472366493134463,-1.2643242005396178,-43.49205646538654,201.49063808784507,0.13858119864623397,94.17528593815359,97.15959940889526,0,0
7.775000000000183,-6.190230465169743,93.7183104997664,-3.716691359603085,190.72410299033845,-4.809073406905769,0.40656381370425243,-36.63977319413082,192.75175225976486,0.13428341255787268,93.92252486034722,97.0373236050474,0,0
7.783333333333518,-6.902958724163677,93.67164985541291,-1.67371624756242,190.69760875491687,-5.085173333587757,2.0110812920348176,-29.468474898141952,182.89292872695782,0.12996274621198545,93.92565584430372,97.16677249578336,0,0
7.791666666666851,-6.915143805489659,93.60594605708246,0.9603937979067085,190.9407322558992,-5.318197049222692,3.474717579914925,-20.53830249066971,166.95195329882523,0.12005563804751818,93.8610267954279,97.65287858999281,0,0
7.800000000000185,-7.035682624922624,93.52557543251328,2.614357695239055,191.3263336277996,-5.481524036621706,4.821856414193322,-15.32008644505069,160.08579292500747,0.11961616973547162,93.7898400146912,98.27569171343244,0,0
7.808333333333518,-7.4298211968791135,93.59170250623083,4.950891095040281,190.25075230332453,-5.594644691796622,6.196383440463714,-11.71001377124619,157.35053193243587,0.12374341074097828,93.8861492502084,97.44872469423252,0,0
7.816666666666852,-7.602960265071995,93.60179205709886,7.151166460383085,190.23580897150526,-5.676463919535876,7.497022913983019,-6.489525837612588,154.99308847495334,0.13104420250044369,93.9100659199675,97.75386171627477,0,0
7.825000000000186,-7.520563995751327,93.60632551335448,8.787417998628772,189.4947223487115,-5.666416832040463,8.712682028475111,1.3919751230916282,143.08809102021445,0.1284210603596554,93.90794992398817,97.26528118698846,0,0
7.833333333333519,-7.519726679248715,93.53285912437877,10.412017830154074,189.56510861755237,-5.60920531488941,9.817558953212963,8.257624525784994,131.53107496687278,0.12544632480051465,93.83465258267593,97.69206929873909,0,0
7.841666666666852,-7.4036124447352405,93.51653894604618,12.973713459274453,188.28076015667978,-5.4987172421960375,10.842596373092675,20.05457466278289,118.21120006099292,0.12779586777628227,93.80914952007193,96.930351452247,0,0
7.850000000000185,-6.982113376915261,93.6231186704905,14.98967060340107,187.24975428959806,-5.308481692913887,11.847921448761175,30.09576797155974,106.74772934950472,0.1311378108749066,93.88310953945255,96.170193868115,0,0
7.85833333333352,-6.431450627579632,93.47145744171576,16.29109705943961,187.5622832927096,-5.028020460167359,12.667845670486452,38.10976718105211,95.97226977408789,0.13226454896157724,93.69245921339387,96.79564908977528,0,0
7.866666666666853,-5.680367496133836,93.58494903863442,17.974044132188116,187.72286201366114,-4.662908916588062,13.38328068502634,48.080348482242314,80.71997198086704,0.1312055495433384,93.75718245262566,97.06429749797707,0,0
7.8750000000001865,-5.345221286916906,93.86818297027685,19.910983555737747,187.65158783104545,-4.222481070167876,14.037766518215903,57.69625505706256,66.3885855411177,0.1316829566967055,94.02024869541391,97.12467714403465,0,0
7.883333333333519,-4.318604601547913,93.75930919870348,21.97872837364321,187.41900526706485,-3.708939906807209,14.538817708546736,64.98761650530712,52.566161362287986,0.1292205224393581,93.85871513675538,97.28149047596825,0,0
7.891666666666854,-3.549602526133806,93.74318737196705,23.583836400359818,186.8523661379943,-3.1461731609050143,14.953582248639737,70.3825038315822,49.895927970494036,0.13646355378243946,93.81036646740732,96.98217711756,0,0
7.900000000000187,-2.3670628484545047,93.70122544418541,24.371937109014656,186.6305370568523,-2.540543921704879,15.275399876976344,76.49444680390033,37.36761767993071,0.13390282538855702,93.73111882544981,96.69969532283791,0,0
7.908333333333521,-1.1012732990226892,93.85874057097243,26.187461364260745,186.42475033781596,-1.8800518064820635,15.524344800319898,83.34369794952815,18.80904982287695,0.12721929082214523,93.86520113678043,96.50461752516539,0,0
7.9166666666668535,-0.08115685846558574,93.8461677940694,27.813936984222327,186.2235101023266,-1.1694033062591056,15.687593020253635,89.54589741319957,7.342726770267273,0.1273030765354939,93.84620288572312,96.49720012740934,0,0
7.925000000000187,1.0743128581510222,93.92828297172417,28.802552788716643,186.50018805643674,-0.3751124263948928,15.647328177762182,95.10801128912614,-5.4587878272024035,0.12489627874098241,93.93442654391136,96.63546399050426,0,0
7.933333333333522,2.378313313086271,93.80199977496306,30.47369452735433,186.52942948658244,0.4652316394287576,15.549775061194966,103.97648568817303,-15.799174868318174,0.1310487876622779,93.83214553657704,96.8902815895297,0,0
7.941666666666855,3.9374262083661664,93.68764103344051,30.77518807015713,186.61327923673792,1.3860287388365515,15.332065857809985,112.30193877595502,-29.714899782700492,0.13388510220790817,93.77034396629423,96.72352194394252,0,0
7.9500000000001885,5.530403523123089,93.83877037730758,32.40976991673592,186.60889858355768,2.3299529031208386,15.104511523092064,119.82202963524794,-42.01174373417626,0.1378602692308477,94.00159673672374,96.58569782905832,0,0
7.958333333333521,7.147750589749994,93.5134993586671,33.68395279768783,186.38322901499453,3.3374546617729797,14.741041711199067,126.6327510443509,-48.46527044557505,0.14534654825734572,93.78627245389757,96.58652449518983,0,0
7.966666666666856,9.060310800022538,93.42715721133851,34.08399928621021,186.8056927039397,4.4093890987033815,14.281420424643457,130.43273842736733,-55.07973632777831,0.14774251016881568,93.86545123944786,96.67334625529803,0,0
7.975000000000189,10.775764517025895,92.5946534590891,35.62321350701922,186.37421316144156,5.508604696083313,13.736636831693616,132.46162103958514,-67.02843918582518,0.14403185655856277,93.21956312993103,97.01547061823392,0,0
7.9833333333335235,12.494061831714365,92.55390987227412,36.12999172258561,186.77778670788092,6.619432786784207,13.123092564151202,133.11429749924122,-74.42085290991676,0.1420766404994538,93.39340348065136,97.14317344897572,0,0
7.991666666666855,14.134074900854788,92.45173681271547,37.304099425621764,186.45038039421092,7.726597895338694,12.511229196841537,132.9316662857335,-83.98444766656833,0.13914169720405622,93.52590931389324,96.81216365539673,0,0
8.00000000000019,16.164232924553236,92.3164685250672,37.79274188321859,187.0577267741259,8.840426953352834,11.832225287584071,132.37315650479044,-83.0668387444661,0.14186677866274744,93.72093035698555,97.17869321198914,0,0
8.008333333333523,17.93171223795247,92.12304752295398,37.98999092551765,186.7488418725406,9.93542793814646,11.091398341503895,130.63607794540854,-87.71942740090029,0.14094607768168155,93.85202282690113,96.7283593378813,0,0
8.016666666666856,19.630801316004526,91.78093916632866,38.33912687830253,186.39418232272845,11.029040702617044,10.369207449507243,131.03920943304252,-93.34131086533635,0.14449740832806812,93.856854595505,96.44515138625147,0,0
8.02500000000019,21.35341842751024,91.54702193733073,39.34077298867124,186.16053765063214,12.106953298423505,9.559108308769979,128.58255518965353,-91.86128404063244,0.1472499939580838,94.00439194066651,96.30816310022766,0,0
8.033333333333523,23.022953242684597,91.12366891369851,39.881795524877255,186.49637280552355,13.180655865526218,8.796471468528173,125.68849734785871,-90.96308705914632,0.15051188044195074,93.98712365163743,96.85129431625364,0,0
8.041666666666856,24.68241461260971,90.64655532597106,40.241682366185394,185.74839717188217,14.170368859687406,8.100943640134968,117.39721276761394,-79.81389031194291,0.15032034754355506,93.94689767934385,96.36623441596205,0,0
8.050000000000189,26.13333294542696,90.10772850705348,39.8936183237193,186.06773715587934,15.136602884527802,7.436884452835407,113.5826543981639,-79.61802280443445,0.15352770750622957,93.82086030056108,96.94157371104917,0,0
8.058333333333524,27.781664093197893,89.72552613922238,40.940583851326444,185.45286997635844,16.0506907752815,6.78936375981455,106.19058202793605,-77.33700844915562,0.15344443311255107,93.92811560309065,96.62754021144353,0,0
8.066666666666858,28.949054353099147,89.49998022821296,41.00042571173811,185.60885824091997,16.90377539836443,6.174136410199537,97.80267459354988,-70.81966404115447,0.15402078704209154,94.06537199623037,96.8615093031552,0,0
8.075000000000191,30.230706918784055,88.99820677192463,41.68105738279122,185.07874503343282,17.691089104696378,5.6302324760475955,89.40441441994348,-57.896845631289395,0.15678078776293347,93.9924276174824,96.76042764668689,0,0
8.083333333333526,31.10128895671409,89.156235927355,41.8086174331852,184.00717720494492,18.401448997924476,5.173020437259697,80.75553976722469,-49.27174409109047,0.15835500182213025,94.42523274794303,95.45338100008748,0,0
8.091666666666859,32.56344803965869,88.22076802145966,41.67283596071281,183.74714816992974,19.048230969737215,4.744929746371616,73.39415529705576,-46.41560772789422,0.15980586146111486,94.03872637657186,95.95973245359882,0,0
8.100000000000191,33.104127490201,88.26397798394152,42.16357015750567,183.59652197672096,19.623462824563482,4.425196805056216,65.15371676279563,-42.03569441922693,0.16102388316776217,94.26777321246745,95.76203551291822,0,0
8.108333333333524,34.01206303718869,87.96689912723548,42.74204806799572,183.43094206452054,20.125071890860387,4.099194000488043,57.57597649694298,-32.98704267199111,0.16355108752898628,94.31328524713217,95.86238121687735,0,0
8.116666666666859,34.649416393829775,87.59849290490615,43.10806730763307,183.1151957725536,20.57549133856605,3.853011841256649,48.0244423798113,-25.747867656008307,0.16445448297892762,94.20232489511017,95.8905068397703,0,0
8.125000000000192,35.06719510903327,86.98551146380646,42.90807655715691,183.97276420580073,20.92785038558093,3.6633853569894033,38.04212344555502,-16.090074104965236,0.1652417052255899,93.78799164837156,97.30368243968469,0,0
8.133333333333525,35.49298122215374,86.51768035318003,43.15213745357352,184.06349602814794,21.235711553947656,3.5261604903933566,28.827300385572293,-10.404512881555666,0.16606778539582479,93.51502943233879,97.84604657252183,0,0
8.14166666666686,35.732461772652876,86.58603466623333,43.90136838372394,183.77274604613598,21.393594575239096,3.5083715804993774,19.190897934792112,-6.135694201804369,0.16546583361733846,93.66936651625365,97.52942071016776,0,0
8.150000000000194,35.94334975212997,86.44394513581864,43.76373989227688,183.8540817659848,21.499925816293576,3.531333188541412,4.513273600033397,10.052246727655563,0.16570367766459393,93.61880175503404,97.72355509421332,0,0
8.158333333333527,35.9344998552586,86.50778098034692,43.951761776890756,183.34851219347303,21.484908804118575,3.66208337815736,-7.69006199074776,24.108210661988135,0.16621690683869605,93.67435321362647,97.17203152457496,0,0
8.16666666666686,35.72038737708187,86.60050790649024,44.104412581503034,183.10250709880222,21.35613452142395,3.9448723485299264,-21.48188559205221,39.82600266001764,0.16707490487983323,93.67814069477932,96.86551360903091,0,0
8.175000000000193,35.59910920138254,86.65003576574804,44.3659895688341,183.84561325344959,21.14564116732595,4.354571626372986,-32.93509396527034,51.757628249307494,0.16772124907696773,93.6777736399482,97.59015562312113,0,0
8.183333333333527,34.71331114563288,87.13616183348148,44.70854930887874,183.87051842927764,20.816901321617678,4.776410974683843,-44.63118556472876,59.66840056461451,0.1672509105061457,93.79618686153609,97.24937291285049,0,0
8.19166666666686,34.483741995943156,87.76184453368899,45.290595795071404,183.27727955192466,20.41248908052523,5.257130328063177,-54.85136194203137,68.44137924225002,0.16681903468062398,94.29353009617452,96.12484806624421,0,0
8.200000000000193,33.72963338133594,88.00792572492497,45.20591367689378,183.13019505261383,19.95168473342321,5.826151503293329,-60.4589116869014,69.32452997921013,0.16377291208021916,94.25010959379964,95.81206151352545,0,0
8.208333333333528,32.73965795259739,88.24272914575738,45.6752861728715,183.73034822747286,19.415428119111546,6.431745036692239,-67.13663004324604,71.9604976032136,0.1611994566758308,94.12047837715538,96.35982500683542,0,0
8.216666666666862,31.873696978880847,88.09314487064984,45.6202458422481,184.10948667035643,18.81740486492443,7.07952988451914,-73.98872061703925,75.04194886375154,0.15887527028168913,93.6820939790674,96.99538905665067,0,0
8.225000000000195,30.679346252786164,88.83314099229318,44.9371373574752,183.46220426928954,18.124572845127098,7.753536787719417,-83.659802425626,79.10273122876332,0.1584303856982694,93.98164302168261,95.69714846256774,0,0
8.233333333333528,29.71737426115408,88.78196001232038,45.67052645534438,183.5768865369527,17.38170036541463,8.437948062945912,-95.73061726069818,88.1940140094189,0.16077602866665108,93.62349468272778,96.12794161814473,0,0
8.241666666666863,28.516828145370486,88.98362165473173,45.60928442878316,183.49859811870726,16.55362761399041,9.254788033742134,-102.9455229471044,100.95997364944056,0.15941321105166661,93.44139559245161,96.04807565894396,0,0
8.250000000000195,26.914596660400893,89.84877567652762,45.52917741904742,183.95786731702617,15.673524166648122,10.114068277109375,-110.568704209798,107.77148885855107,0.15937683976119077,93.79337931838816,95.93239153810316,0,0
8.258333333333528,25.471425083757598,90.27275232545878,45.44697088362876,184.1928894843228,14.752900086120148,10.992031229238675,-116.09224316880518,112.77667848885618,0.15817911845263533,93.79745896457483,96.02090706686008,0,0
8.266666666666861,23.76957783939645,90.893644720554,45.174792765653486,184.45018154737528,13.772668578985858,11.869693633942035,-119.03119746723078,105.91151067976669,0.15569014093749578,93.95023938899475,95.97400069324829,0,0
8.275000000000196,22.5253239425565,91.54113440146864,45.50218485309848,184.40816039876484,12.785076754090191,12.713625695911885,-120.90757611454815,97.089044513054,0.1541747954782351,94.27178531366029,95.66723919338783,0,0
8.283333333333529,20.995472759116414,91.7723250723651,45.65445544298655,184.29675244390063,11.754096197105813,13.499471217349331,-119.90221712872246,91.31779586152194,0.14935579469492843,94.14334562552285,95.7540343141424,0,0
8.291666666666863,19.16015581641165,91.74546488108001,44.345563050111714,184.3165041696198,10.73813806564134,14.290679020703466,-119.59220393574866,86.14978867314642,0.1467192276497169,93.72482007000418,95.93592680788407,0,0
8.300000000000196,17.61610118225156,91.93153650901672,43.98428627453956,184.27147780774135,9.748252477691846,14.985422606724848,-121.01470238365751,79.98714160952906,0.14782314852010847,93.60413679839154,96.03096346550454,0,0
8.30833333333353,15.885980595980815,92.12721165872057,42.8399632263234,183.9063114294986,8.72213701234187,15.645766871558362,-122.7477914439566,74.62533972674724,0.15010015192061,93.4868306635035,95.65521592872622,0,0
8.316666666666864,14.359611392763444,92.3750564020915,42.74810687169526,183.75603087634437,7.707255958886566,16.287959953515077,-123.39445098448218,74.08988036568206,0.14963266713162637,93.48448793591783,95.68902325461049,0,0
8.325000000000196,12.652762819348371,92.47510754820667,42.02875023399907,183.42918250835464,6.720008446391964,16.840861721354017,-117.58564373027458,70.57132542149176,0.141138398241353,93.33669119384442,95.58029288740401,0,0
8.333333333333531,11.129734407803372,92.69503252818538,41.543607789135656,183.8136497264507,5.750814020296072,17.396426929072213,-113.54519429893857,67.57451349651323,0.13617309241186693,93.36080571304849,96.06042938785838,0,0
8.341666666666864,9.636068370257423,93.46217278100795,40.34873447010961,183.9346374273017,4.82059344025076,17.92024674274136,-109.73337568161233,55.29878102045381,0.1366378621599802,93.957605091782,95.54336564165973,0,0
8.350000000000197,8.0110428760126,93.58576888921942,39.86660488441118,183.97719317617475,3.915053855070668,18.32347192272216,-104.78119468254656,42.97749639467344,0.13601909510606314,93.92802002889076,95.84042161580523,0,0
8.35833333333353,6.932505125389132,93.66270635450871,39.33842086256886,183.65268671239176,3.0649920404104805,18.657097965778565,-99.62642671475056,30.39626128272271,0.13614967010879298,93.9189128395579,95.64695468010139,0,0
8.366666666666866,5.754668707983574,93.66610068852737,38.04959794252665,183.84674451211004,2.2577935853340807,18.86937804256491,-93.51398467187504,21.575808116030778,0.13262041506239086,93.84271218444185,95.7888875324274,0,0
8.375000000000197,4.077170617039433,93.68113883595822,37.005796806323026,183.58256967409153,1.489616350161582,19.00415563364713,-89.48128454396726,10.788779533961721,0.13397939872878029,93.76981973877592,95.74216254846785,0,0
8.383333333333532,3.0774347685782617,93.93574968549456,35.54863237158566,183.65922317402504,0.7567468778263869,19.057939849340645,-84.8706728759983,-1.1233888926960278,0.13573456126582428,93.98614617980006,95.41844878544498,0,0
8.391666666666865,1.9832754578046137,93.73500169597361,34.50702807279021,183.7317787895944,0.07494239614225347,18.99484743863571,-79.92000968137107,-16.792572955308096,0.14053762638098233,93.7559807398211,95.69333504168223,0,0
8.4000000000002,1.0173549597447549,94.0718163618767,33.588621676436,184.14297899205513,-0.5394213657889708,18.734812193298694,-72.30617300832297,-33.136099152466215,0.14188985046463554,94.0773173763834,95.77944326984726,0,0
8.408333333333532,0.04040042388806331,93.77834241084929,31.918322875867663,184.08772933574534,-1.0985431624869026,18.357986344702464,-61.00155834325118,-51.97772824438029,0.14075232664837145,93.77835111325399,95.77049288066242,0,0
8.416666666666865,-0.9629232971726607,93.85864227219128,30.404470748528357,185.09223761319265,-1.5589890273506604,17.83328046353964,-49.88708524362561,-74.6638501887691,0.14556361660270634,93.8635815982717,96.47529387394405,0,0
8.425000000000198,-1.5387224685674097,93.87566724827678,28.935221557222807,185.7553321771507,-1.9272547628568433,17.143734985413786,-41.72872351436436,-90.5343748447423,0.14808806519850837,93.88827705387112,96.80151905796282,0,0
8.433333333333533,-1.958298273763826,93.82306339753069,26.867323740659973,186.04674230522562,-2.2484411646988725,16.41778775075141,-31.65756482538418,-102.7077869881518,0.1439461362061123,93.84349821605164,96.6236173809905,0,0
8.441666666666867,-2.1987635776710546,94.01218835609717,25.008357109210866,186.5489039965678,-2.487354512256568,15.55170771317871,-22.922896826329083,-110.01457115898738,0.1357039081673257,94.03789725835422,96.45346628087493,0,0
8.4500000000002,-2.556060278165826,94.06419625633396,23.436492051280542,187.35311186053679,-2.655840299430472,14.62948646380269,-15.484336744418396,-113.07953706426301,0.12438562937570641,94.09891849269962,96.84231797725148,0,0
8.458333333333535,-2.7725239935179458,93.89688906143442,21.515301547246626,187.92309092947778,-2.778306526642299,13.622461293931549,-11.975864720049216,-120.17758878877869,0.12368689019887213,93.93781275242657,97.11243538923662,0,0
8.466666666666868,-2.9299331610490595,93.87953188297166,19.76932042437358,187.31259728317377,-2.851282134546477,12.508457973452796,-8.632828308435831,-131.81008260068938,0.12937527896209788,93.92524162808476,96.15089091326075,0,0
8.4750000000002,-2.9450723597368507,93.9399997669953,18.19236948887823,187.86777264180148,-2.9102573198533674,11.326885673426787,-4.73028819187082,-144.59901858239252,0.13684974277061457,93.98615327497536,96.27677791204253,0,0
8.483333333333533,-2.9424150179030972,93.86144297804549,15.791759860885637,188.67419878168835,-2.909044474276129,10.060898127864125,2.034395563132932,-160.89357905320952,0.1464218320737083,93.9075517946159,96.64588957358845,0,0
8.491666666666868,-2.9345276817744503,93.88982278192663,13.737037481370582,189.3951697662456,-2.8533383153905643,8.708018156285172,10.307880914422531,-174.01729450833736,0.14994406442621688,93.93567093887545,96.94953526234232,0,0
8.5000000000002,-2.9450515856663015,94.07690952464884,10.884929249458938,190.61122481181394,-2.7206737800935255,7.253575553300306,19.03699760927319,-182.66479163638664,0.14643801853170046,94.12299524851086,97.51995897180089,0,0
8.508333333333534,-2.4649595735247045,94.07336355268558,8.737081249371162,190.66275751425974,-2.494766533683044,5.753706413284758,30.024082741042708,-186.47819910796687,0.13341541585208772,94.10565209281992,97.23680756000788,0,0
8.516666666666868,-2.1185165478695422,93.90684799254478,6.743157877525964,190.5840107278845,-2.237587420763404,4.1864879087595295,36.5429514846479,-185.2141797394437,0.12007308504786618,93.93074157196092,97.08245499665254,0,0
8.525000000000203,-1.3365229097603288,94.0576643148683,4.735514614810488,190.45427525629572,-1.9147227454105737,2.5980114077186522,43.527515787571325,-185.49870093319635,0.1102175386741342,94.06715957153573,96.58766091324874,0,0
8.533333333333536,-0.8172134937595343,94.0424761282319,2.840589617468315,190.6529860454338,-1.575452742937356,1.0236562580614448,45.1379389410728,-188.67490172213255,0.11137556816991223,94.04602678594907,96.67972977859566,0,0
8.541666666666869,-0.09060810162219024,93.94979099284404,0.7997878854944291,190.6196215103123,-1.2065205151572218,-0.5596465738694307,44.543532246040115,-189.85695509993957,0.1130867752872331,93.9498346854701,96.67393101188091,0,0
8.550000000000201,0.5964066879650476,94.01306069439647,-1.1288338167024632,190.9787377085663,-0.8165754260918564,-2.1975871364607227,43.52221815094764,-199.49240077518618,0.129095808252361,94.01495243877818,96.9810237810225,0,0
8.558333333333536,0.7614067998071095,94.16313920268101,-3.9785316289484127,191.3328036848609,-0.43352895581235906,-3.838820973214193,43.79207996158638,-200.7257679392434,0.1325126338702569,94.16621753483716,97.28520294416722,0,0
8.566666666666869,1.6865335082479804,93.9762234136623,-5.94563234769458,191.04277828022913,-0.07864206239235023,-5.474991529266543,41.04153822772817,-197.10757169536276,0.1331833773998703,93.99135578535407,97.36614416375359,0,0
8.575000000000202,1.9295342294596525,93.99736408353328,-8.393568515348132,191.3117467756732,0.26892870846557204,-7.073544069014663,41.73371566330561,-192.42732923615566,0.12942446620779435,94.01716628890156,97.8603879464624,0,0
8.583333333333536,2.781186965953286,93.70022724723992,-10.213221662064651,190.5680670968821,0.6110245427037356,-8.67817856342879,40.48019954766323,-186.70845387105385,0.12765377578871995,93.74149341206375,97.73552605234102,0,0
8.591666666666871,3.425354394261153,93.91437799592194,-12.797810509392146,190.8793687931843,0.9265155655841251,-10.21469720787805,38.746337878178466,-179.69527730152765,0.12555270510851768,93.9768239891474,98.31276885432686,0,0
8.600000000000204,3.8542010922804524,94.07949905699599,-14.114362583628004,191.4153228500499,1.1955958481440783,-11.69771772889679,32.62752542878695,-171.6818585490322,0.12746676584937244,94.1584144347973,98.98046208241108,0,0
8.608333333333537,4.110043515591433,93.80709321269433,-16.662991746812505,191.34703527935392,1.450466916189128,-13.084708553485994,25.03239704741478,-163.63578011360465,0.13155073548700136,93.89708831862241,99.7274249761839,0,0
8.616666666666871,4.813716877628797,93.76349460256404,-18.40507134545714,190.6955891817446,1.655417215633637,-14.431909248855055,21.982377189145062,-156.9831482384228,0.13329062346340015,93.88697881103121,99.67418465207388,0,0
8.625000000000204,4.891327782761953,93.95647267800439,-20.79562354183076,190.4960587542809,1.8658553544342278,-15.723608984876371,18.445017895334164,-149.31133682552806,0.1347464402384113,94.08370658924427,99.89850423370112,0,0
8.633333333333537,5.070336705524771,93.8924914346781,-22.408021483990407,190.27623482078684,1.9886965850698908,-16.859583490133197,15.597974499375958,-135.79637369482535,0.1280709173768808,94.02929470180287,100.22417950729532,0,0
8.64166666666687,5.106938664430634,94.04843382174829,-24.288204341570914,189.70678081586988,2.1008900605671035,-17.921616794552058,12.51700473923857,-123.91568912608014,0.12451384260734244,94.18698809732703,100.07294230705446,0,0
8.650000000000205,5.542654730897202,93.9323541318966,-25.12922931496058,188.38254279827055,2.1642677989317947,-18.902710531540734,6.231035046104959,-104.115387753468,0.11640044521531001,94.09573940527791,99.30560210801895,0,0
8.658333333333537,5.714894144848363,93.94058217258106,-26.63965506597776,187.80032188680593,2.200769052605665,-19.758769058893375,1.02087264214894,-93.98519348717082,0.11745627038288786,94.11425499896535,99.27974412667375,0,0
8.666666666666872,5.647869605897147,93.86569983602709,-27.8781088076343,188.1246970693411,2.171479305127036,-20.446419459484698,-3.8621404911649075,-78.69869121288633,0.1133069814527774,94.0354615918503,100.043739374408,0,0
8.675000000000205,5.184420409872023,93.9444668733986,-28.695177835319438,187.51707406015146,2.105451472796627,-21.08057504734945,-13.270645007764571,-68.85627359009766,0.1179279045811108,94.08741186318913,99.51713416785037,0,0
8.68333333333354,5.224874938605642,94.01248052030576,-30.232870032804723,187.10713496832471,1.9712722798269782,-21.635490959576686,-22.031281351563806,-57.86484546313391,0.12134721644862045,94.1575584417148,99.61860451368325,0,0
8.691666666666872,4.781054286663793,94.091566966068,-31.386943793322697,187.6081675862535,1.7753560388131226,-22.07846173547085,-29.489625681533237,-48.52664080805565,0.12470640549363399,94.21295799528899,100.2670368399764,0,0
8.700000000000205,4.613299167272321,93.8122767604932,-32.43479732054288,187.16627629229913,1.4750985104782026,-22.368378928882095,-35.7745922612339,-33.64359202683439,0.12246045984814957,93.92563973800833,100.43669987586652,0,0
8.70833333333354,3.889469326470082,94.04241289497003,-32.97118843363517,187.58483016794622,1.1371997753801981,-22.577360508522695,-42.221424631850645,-21.67999330924668,0.12267997011442722,94.12281017239964,100.54298543299379,0,0
8.716666666666873,3.1683142639694255,94.07259297957984,-34.43114766315244,186.40378707112455,0.7852783624481817,-22.74236151529236,-47.23366435291907,-8.642771094168534,0.12144929009493977,94.12593141731436,99.69337460222513,0,0
8.725000000000206,2.646929194563829,94.1400712105015,-34.852460203769844,187.24892642101236,0.3793038451733185,-22.73056747140557,-53.449404856306444,9.67006118450088,0.11869336711103662,94.17727561189763,100.37660645718073,0,0
8.733333333333539,1.8172886126830052,94.10897736058945,-35.209268927856264,187.0531933888152,-0.07099849013716338,-22.640841032419353,-55.35815893417023,15.867146013163723,0.1172870095500862,94.12652207405586,100.04795478371541,0,0
8.741666666666875,0.8326847056478686,94.19951084634317,-35.635779732996916,187.50708860243395,-0.5561282574938122,-22.50561723314949,-59.77156926525662,24.64804013232073,0.11724891897709622,94.2031910686116,100.18110083853952,0,0
8.75000000000021,0.16209314589776103,94.13414679521873,-36.12529683455892,186.45405899257946,-1.0881062088988318,-22.225555056191137,-62.62076134568805,34.52405265274041,0.11494928273910388,94.13428635227302,99.19546793942828,0,0
8.75833333333354,-0.6091922967822212,94.40065666707102,-36.2183739569848,186.79891270556146,-1.6280052208741542,-21.880398454825105,-67.59371421707486,47.693662583578664,0.11405058289868863,94.40262228576428,99.02247996017744,0,0
8.766666666666874,-1.8036325937459265,94.14928724369594,-36.319525561199264,187.3585846058108,-2.1951212422904174,-21.42583761860882,-70.7230293963906,52.206905055982226,0.11285808701999978,94.16656189449198,99.3947683838533,0,0
8.775000000000208,-2.636965646446124,94.17452658128514,-37.26629958434983,187.06681387652435,-2.794407597439641,-20.98296533832864,-73.58828566762031,61.68437696768233,0.11144724115048854,94.211437971351,99.13711619733606,0,0
8.783333333333541,-3.9908056033368053,94.12263050235396,-36.80483190756046,187.17962755391358,-3.443397876734108,-20.478328798596063,-79.67798877709538,69.43832486796656,0.11301774424241984,94.20719771889128,98.67302074299873,0,0
8.791666666666874,-4.959449697941291,94.17056200732833,-36.35023002575212,187.49192607713184,-4.120325669646817,-19.84230643514855,-84.65358539328462,82.06493741741579,0.11329952795771625,94.30106515879065,98.45942352785582,0,0
8.800000000000207,-6.050509395194179,93.92045377970254,-36.65515368354192,187.77453120449752,-4.841319603442343,-19.061069109244126,-86.41994460242421,92.4845478860324,0.11125721930438282,94.11514385117081,98.71794214465629,0,0
8.808333333333541,-7.174124072505999,93.9705457911582,-36.884780486304685,188.30911042873186,-5.584189714619069,-18.18373697644749,-89.11097825389632,110.15375756456424,0.11188528444798118,94.24399998140926,98.9064602663368,0,0
8.816666666666876,-8.558537308436765,93.56091108914353,-36.758950623039134,188.9385778767973,-6.3135309261371715,-17.21314252443566,-90.74269164016741,125.37434231091464,0.1132497007855795,93.9515441314858,99.45935166172718,0,0
8.825000000000209,-9.964599086794973,93.30786983871673,-36.388465311581335,189.64340480701276,-7.074934824270756,-16.15309054676747,-90.73658152130899,129.82612332170058,0.11130991896365527,93.83843460330877,99.89372354604264,0,0
8.833333333333544,-10.9016075860963,92.85166254569555,-34.69631539331646,189.83410692264323,-7.817699978543099,-15.051288225611511,-90.64471322635774,143.35916872761118,0.11445387601880386,93.48944478100698,99.85881351667831,0,0
8.841666666666876,-12.20235121072005,92.96264295282214,-34.05387976142156,189.93865561960206,-8.567325026636036,-13.85365060083358,-87.31266340707597,150.43315847908025,0.1152260841285897,93.76006804521663,99.40742594368685,0,0
8.85000000000021,-13.441552134962418,92.6628857358661,-33.1177207966769,190.11563718988754,-9.276603258327206,-12.611651901812177,-82.40929904400862,147.07204794715392,0.1105683200417773,93.63271712758896,99.41926563379711,0,0
8.858333333333542,-14.392681723375002,92.65713785547877,-32.63927096157084,190.85559751370698,-9.942922728856871,-11.465629709743746,-77.04397950150653,134.07333275148616,0.10148070883463589,93.76830212155687,99.87930465354732,0,0
8.866666666666877,-15.657434844121209,92.56281285294756,-31.80005669053497,190.19550966148233,-10.589048310659996,-10.318301319548414,-75.21704140604353,129.30691428456203,0.09862339498091366,93.87773745221865,98.95821201994097,0,0
8.87500000000021,-16.53112636654401,92.46515854736577,-30.020420097899144,190.2851187563249,-11.190177849648013,-9.211350812492444,-70.9253683263017,127.14264407652904,0.09767369172690232,93.9312710663288,98.74566147762201,0,0
8.883333333333542,-17.42910674929919,92.3796766381476,-29.658213042874817,190.4620381577402,-11.74920654757251,-8.193226802987116,-62.9635850383206,124.42491856165103,0.09738818978158781,94.00945919346191,98.84179623013551,0,0
8.891666666666877,-18.228776799827923,92.42069447667825,-29.055732416840893,190.64480183217148,-12.22704220790689,-7.1622613295500654,-55.193619092582075,120.52185791323676,0.0969974661357309,94.20123709999487,98.81901757109422,0,0
8.900000000000212,-19.146882552982444,92.63624018621425,-28.33353501264531,190.1669811315661,-12.662590215702586,-6.2181849071916115,-48.55930321213905,113.27292737521026,0.09515360136577522,94.59427100694671,97.9624418476998,0,0
8.908333333333545,-20.037981668222468,92.78584701993572,-26.363141237224962,190.72298281682765,-13.067862605092584,-5.259128110381039,-42.36679648192635,107.653217763164,0.09475630307460525,94.92488670808585,98.14117490468614,0,0
8.916666666666877,-20.0810406707439,92.41306029000015,-25.581334269442717,190.66693306825084,-13.365002768647415,-4.448310300193817,-33.99201716502919,98.59571837203029,0.09281820137967989,94.56966694761736,98.40770673883505,0,0
8.92500000000021,-20.372464140857115,91.77520619246013,-24.902615215430213,190.57856471596455,-13.636173910775673,-3.601498312251337,-26.404836376722542,100.46506904823116,0.09858238123886753,94.0091791626705,98.9071581043688,0,0
8.933333333333545,-20.800987267746276,91.89246428416953,-23.603449377502155,190.4553750460567,-13.802530253319004,-2.7553969832823673,-16.05118948512649,93.30407204757093,0.09952444179620246,94.21733419881035,98.6027442403727,0,0
8.941666666666878,-21.161917343914634,91.70456080267905,-23.10811095052605,190.37132372968824,-13.882159398975283,-1.9803819417621995,-5.200095923193526,85.61887336898367,0.1008879208343032,94.1145749482137,98.68595531304872,0,0
8.95000000000021,-21.145648306843608,91.79984604350437,-21.35428016000213,190.23464492413677,-13.86898218922028,-1.323302337827651,4.995070046198844,77.06066721816005,0.1014641512460277,94.20376943587674,98.4350199772454,0,0
8.958333333333545,-20.73779622703739,92.18814881873078,-20.447198692503317,190.19021482595286,-13.787984850819674,-0.8189911516224155,14.833132387255027,68.2778620133014,0.10200837687929232,94.49185665960098,98.0024968488609,0,0
8.96666666666688,-20.747673308419277,91.70460014363954,-18.36775883932125,190.13394709239367,-13.633610284661977,-0.30083578030046737,27.791561462357286,52.605735521941504,0.10047708281024459,94.02233583153371,98.45811461549746,0,0
8.975000000000213,-19.982787442413947,92.35563033387831,-17.856559989249828,190.29544078957457,-13.360399562294928,0.06280177644808027,38.635428430027986,34.92549178332369,0.09582059454253233,94.49272061030247,97.96288743845956,0,0
8.983333333333546,-19.453044985769335,91.82836853733244,-16.95527150495752,189.42048209137948,-12.99682454801656,0.3792023943742279,47.41189287169446,27.740024101180794,0.0969111929408184,93.866235822294,97.62407234031707,0,0
8.99166666666688,-18.866148945325957,92.0397288664388,-16.272036133532136,190.14460446006507,-12.58019034046186,0.6209416504303968,53.00220544463094,18.95412513264616,0.09340395390877321,93.95341008092676,98.13916667937018,0,0
9.000000000000213,-18.131208814657494,92.27569294619661,-15.355197482476395,190.21540114947584,-12.109483928370505,0.7729099542914681,60.59662907618596,16.75490364871287,0.0970489964997161,94.04012038370364,97.97904205420605,0,0
9.008333333333546,-17.00204494280666,92.27683172806127,-13.703184655838637,189.82217777339542,-11.576387914641785,0.908667739729938,69.41061996679898,13.317827235272134,0.10186117812985307,93.8300762336158,97.60111174723842,0,0
9.016666666666879,-16.08364291509093,92.44199727166153,-12.826275834470831,190.8349151249672,-10.943113211683572,0.9180200461328786,76.99446453415123,12.713886981225814,0.10756084717830117,93.83073285973009,98.44682180743706,0,0
9.025000000000214,-15.077842295266688,92.52330566699146,-10.941865843282297,190.96606745674706,-10.246685622244069,1.007157422572305,89.91383651137704,3.3195870160460608,0.11501745328030832,93.74381803526282,98.52960798666528,0,0
9.033333333333546,-13.885257690860552,92.4786805207591,-10.643417381418654,189.8586442518906,-9.43211878755941,0.9568084952291985,100.58610351273498,-8.196763762586984,0.11753159847306449,93.51527539392818,97.43391024108809,0,0
9.041666666666881,-12.246723560569247,92.56679155033879,-8.974390815772036,189.850262566739,-8.556419844873934,0.8524679719204715,110.29785867381666,-21.396528441723724,0.11783551299535056,93.37340700591831,97.33849133098093,0,0
9.050000000000214,-10.719469676132402,92.76380089459985,-7.891383380386453,189.8940364698969,-7.623647671638574,0.66181147344963,118.14580399600207,-31.60580020443126,0.11821270613300827,93.38109972874857,97.17139874988362,0,0
9.058333333333549,-9.038261600333097,93.52255124150827,-6.79232227285524,190.46190460175626,-6.633926574988306,0.37658555386658565,125.22860881476385,-38.452086014455354,0.12077448126572765,93.95827671619247,96.96536739148537,0,0
9.066666666666881,-7.198540952299363,93.7108006799698,-5.195284626516293,190.5044847516171,-5.579291764444949,0.002590446565919478,129.24905802479293,-47.97380428817159,0.11598463691308103,93.98687757300462,96.81441169613467,0,0
9.075000000000214,-5.569076559274033,93.97340543069322,-4.6982269727784525,190.95369589557356,-4.482285244786763,-0.41961076458405777,131.25712518088778,-48.520335066882815,0.11541023900097347,94.13827883472534,96.98420035064917,0,0
9.083333333333549,-3.8905086853874833,94.0057339281633,-3.352780283839077,190.95280368283062,-3.350422462283786,-0.7970728273017126,133.83433709788437,-51.80723271458719,0.11463606772822477,94.08620552027651,96.94856103032248,0,0
9.091666666666882,-2.02862857251949,93.94349207519537,-2.2693724701504108,190.77096186030752,-2.2234282329544675,-1.2169312234891834,136.90304850034173,-49.742509334289636,0.12037131950997138,93.96539276333355,96.82776906761332,0,0
9.100000000000215,-0.03949546361036038,94.02641297094931,-1.2415939501894355,190.89607666410757,-1.0661588355182636,-1.636692925974068,139.74425800227527,-50.20501722514216,0.12470223007688785,94.02642126591414,96.87712209183869,0,0
9.108333333333547,1.8874034196196066,94.04881571253634,-0.22619257078542443,190.96602848490073,0.11092359424043928,-2.0959358034733313,143.4668199717422,-53.59037476737161,0.1295301020973021,94.06775233096097,96.94025696053424,0,0
9.116666666666884,3.86538965721508,93.98189786870631,1.6681256474917108,190.59035061955905,1.2955994440176957,-2.581409039272768,144.90296470710183,-55.31050510174724,0.1322130818303182,94.06135425458241,96.6334368220554,0,0
9.125000000000217,5.9003023286270535,93.83420005642643,2.7337592238780575,191.39328367803654,2.492141652921863,-3.0611706459313526,143.28568328422247,-60.24190580238188,0.12697501448899784,94.01952280137705,97.61045944120204,0,0
9.13333333333355,7.68363939795933,93.78702487685229,3.65173802734319,190.54656950398152,3.7034998753707753,-3.5802285644744045,142.19556888235158,-60.178966642219734,0.1283932161505832,94.10124520775048,96.84351142493641,0,0
9.141666666666882,9.736667778608652,93.54777938669304,4.589644046259029,190.66346917837012,4.87743699475213,-4.000577724488319,139.15822674522641,-54.33510825829071,0.13139613889584423,94.05312183873743,97.25198741935623,0,0
9.150000000000217,11.545730941013918,93.05930007658861,5.553766506570189,190.1569358998659,6.023864991691193,-4.411220017482079,135.55699661153358,-49.56950165973685,0.13338961992786436,93.7727958083092,97.28234433983087,0,0
9.15833333333355,13.184641040762703,92.63681660140139,6.753046960581291,190.4011439193182,7.09875453753771,-4.7323578020897274,127.33171619272196,-36.41310662213857,0.13377486429822127,93.57037217739085,97.97565564127142,0,0
9.166666666666883,15.030389044663597,92.51977705022273,8.004909299960222,190.5050135579403,8.083745426903215,-5.004206746605451,116.29524324714195,-19.64579033216967,0.1328652420153933,93.73271435447106,98.2367748814902,0,0
9.175000000000216,16.73660445081197,92.25930342523128,9.772551135946177,189.48836393364383,9.034664897926023,-5.159374866460831,108.3628126496506,-8.52206861192007,0.13400693798458674,93.7650947690655,97.47814240085232,0,0
9.18333333333355,17.931594992966783,92.31846869679589,11.209546367071997,189.3938350186628,9.919536996452964,-5.1888483348619845,99.62957534891972,2.816014963254489,0.13437048058745305,94.04382893902755,97.30782437324116,0,0
9.191666666666883,19.19235489145382,91.76528363380379,11.99631166572357,188.82695133717226,10.75210463009777,-5.130328870184683,94.96864440810748,9.690861982404506,0.13842498642695666,93.75080675211265,97.32805543863341,0,0
9.200000000000218,20.26034411641888,92.39608613705951,13.654395674289962,188.78244485923398,11.535858165181677,-5.107711134629414,90.24677478191668,7.960230481383944,0.1343754171858187,94.59132241999068,96.61246660001886,0,0
9.208333333333552,21.758319007571348,92.78112928906586,14.6897020005344,188.76112403577747,12.29330589428866,-4.991399343469403,87.49181097147125,13.970833741928677,0.1413551672139497,95.29828119221035,96.23993317729891,0,0
9.216666666666885,23.015092907539785,91.14100463637374,16.5501239687099,188.4456776063857,12.99171123624868,-4.7967669499137155,84.87619856264119,21.969822800231206,0.15045429849427094,94.00200650874527,97.51920428910917,0,0
9.225000000000218,23.828084865673876,91.12449985807484,18.034178462751132,188.02958658618036,13.6560902276123,-4.593804792705467,80.52823904514163,30.179032396174364,0.15702828696570492,94.18838624135164,97.07813958449906,0,0
9.233333333333551,24.938588954382798,90.63019950935438,19.21452609458851,187.56792022510632,14.256154215878558,-4.261596557424944,68.79648248688221,45.04500669247765,0.15788507666835594,93.99875681167833,97.10657337785119,0,0
9.241666666666886,25.57787359425544,90.2956149727903,20.204103794387553,187.1701715130165,14.758300570868263,-3.834844811428438,54.98327721344212,55.32006813155854,0.15108077895242378,93.84841874490003,97.0234873972661,0,0
9.250000000000218,26.44796573010115,90.12233591372706,23.137715088077872,187.34841982014336,15.164775954401307,-3.3327717319731716,38.5701044340456,72.29760832065675,0.14879942389333145,93.92300209111325,97.28241953760462,0,0
9.25833333333355,26.724072017221378,89.92768446092799,23.995883225378126,187.4811934649548,15.45099848546107,-2.609566708573289,26.610128400163454,89.49610740944125,0.15381129145318795,93.81452157148094,97.59164991474772,0,0
9.266666666666886,26.983855625364814,89.83477780312688,25.281413081070642,186.79958763850664,15.634166026087982,-1.8778076623395616,17.186925880421114,99.28897336978811,0.15420518732099353,93.79987082799055,96.97975385114144,0,0
9.27500000000022,26.819636327352956,89.52472275825818,27.268102569904446,187.37857834812684,15.7612801802267,-1.0348441895423885,7.4075863054162285,109.01099156873612,0.15447548461367067,93.45570543136711,97.85488324950154,0,0
9.283333333333553,27.053660554581487,89.47387424886415,28.526690134154254,187.67475968919263,15.827130464236237,-0.0718090105406621,4.013455718646403,113.96904523070502,0.15680715312750326,93.47446026858927,98.2119326630263,0,0
9.291666666666886,27.067422700374838,89.47373324868067,30.761322798593543,187.6650029140962,15.83029484064139,0.8890692590593632,-1.5795338796094025,116.68617669028028,0.15386611975028686,93.47830931877637,98.2607263174966,0,0
9.30000000000022,27.134822383626275,89.51668128104438,32.66174830679012,187.60541237758343,15.762276846802205,1.86709716735105,-7.13644125698202,126.77507391730613,0.15926752271291944,93.53894810913275,98.244318300293,0,0
9.308333333333554,26.965291625404976,89.81952418333884,33.18976582674782,187.58405818589733,15.652102275859008,2.9589127698379607,-15.713629225955072,128.5233898980461,0.15230842317469406,93.7799225685569,97.96248357315467,0,0
9.316666666666887,26.761547539248856,89.83913489106561,35.694011441384596,186.72486124816015,15.465690940802997,4.109800667149584,-25.85397410136491,135.46145188973355,0.15031501453521035,93.74033595347608,97.29662318449064,0,0
9.32500000000022,26.565026202101937,90.03013291756054,37.24178434949125,186.84453526002164,15.210737847734164,5.201816315740342,-37.6268378991248,139.95159376225914,0.14523603245629157,93.86759531527363,97.40134324261541,0,0
9.333333333333554,25.619657424019753,90.21633094767907,38.03498928663067,186.6013636636343,14.886413636115547,6.421373040035211,-44.94229819630895,145.69563392169357,0.14543694236099558,93.78354448508165,97.18135107578264,0,0
9.341666666666889,25.159690818239486,90.73493784552824,39.94244209483987,186.00648706005535,14.484615751951464,7.64966851415317,-52.742705948824465,155.0836323189323,0.1493004665407831,94.15858424966507,96.41160627767744,0,0
9.350000000000222,24.400553448368274,90.76283028696758,41.19184644492345,185.94864855040169,14.02553617431521,9.00449378324017,-57.87822089959554,163.6987655724254,0.1547575395026839,93.9855221312706,96.65550951174832,0,0
9.358333333333555,23.609028358814047,91.07398357245052,42.82431659773449,185.78947207491785,13.526592785936622,10.430491011078733,-61.962278808472576,166.16871029423433,0.15537486197426986,94.08430636297572,96.6449743357916,0,0
9.36666666666689,22.744255657698265,90.82158854444401,43.56026312222378,185.2275553915145,13.011495874046158,11.739276416192316,-61.94137955905595,167.46347135309338,0.15724253871441007,93.62618282915855,96.67364037364763,0,0
9.375000000000222,22.16116803974825,91.49359915044926,45.88586101858585,183.8677039119665,12.474709670949238,13.086012611242008,-62.98271083550592,162.06296349560031,0.15275394609733617,94.13923759192576,95.37209386100248,0,0
9.383333333333555,20.9498478809295,91.5517743358568,46.77904385457607,184.07232859547497,11.942204968471275,14.458720069711086,-66.46199144894751,159.23824517796623,0.15134155040497976,93.91817454719684,96.05831731376513,0,0
9.391666666666888,20.22550941204037,91.58539465265613,48.260097411665534,182.99541513672818,11.378522120313349,15.762336926612788,-67.50378589687085,155.62605083453008,0.15073258294588587,93.79208785744834,95.61239443297714,0,0
9.400000000000222,19.30044053583362,91.66458943488959,49.076651716128545,183.38604785956323,10.79182961610425,17.082704445029837,-69.95440857143032,150.8330274579464,0.14998577300514526,93.67445735708385,96.43364914697906,0,0
9.408333333333555,18.554975729686024,91.93811016367863,49.723555117338385,182.83689605568458,10.225860130675548,18.281184662130553,-69.27108128349316,140.9732602203593,0.1466962648355028,93.79180787679671,96.09406650613307,0,0
9.41666666666689,17.365885067247863,92.07664409814373,50.90108971030845,182.04566481875685,9.66147392298863,19.43706318628799,-67.1353783026737,130.0610725643985,0.14405508952329038,93.69995919180056,96.01580411514588,0,0
9.425000000000223,16.564593154232742,92.18304611516811,51.88370313079526,180.7854023904377,9.111016564669791,20.44517442773372,-64.4652703023528,124.96081605398325,0.14515966622754162,93.65948824030839,95.38247777797724,0,0
9.433333333333557,15.71423845427842,92.1883693050986,52.07246169299368,180.3634899667831,8.61384642810354,21.442906616881537,-61.00424591993912,115.0717548310648,0.1444522367989154,93.51808769073055,95.37700090052567,0,0
9.44166666666689,14.794026775124397,92.31714734262795,53.09000296474233,180.58960962937869,8.102221863555005,22.35435822473572,-56.88460661159438,105.38731898218293,0.14397940088566097,93.49502083909911,96.22166798846098,0,0
9.450000000000223,14.397115441708426,92.30207508407722,53.165341192983256,179.95451003030377,7.645631938919471,23.22089502600384,-51.75761739484963,92.0922875005957,0.14263904607394373,93.41814597747327,95.8432297030118,0,0
9.458333333333558,13.528031173068033,92.43414350711078,53.86602112097723,179.32127322142787,7.206277840927992,24.016077649070542,-48.51331086440059,83.81562503489293,0.1439433230382443,93.41883382548001,95.7941895055759,0,0
9.46666666666689,12.877842364889265,92.44988131321884,54.27400400385478,179.36330840842277,6.802359900055194,24.66302135531262,-47.94971749562743,78.5485115845865,0.14603477663155084,93.34248431878801,96.26830219689494,0,0
9.475000000000223,12.500759387656903,92.52529110795086,54.07622886570602,177.54381530577518,6.417159207565691,25.211975041671405,-44.921758819802534,67.35593486123942,0.14570343750058168,93.3659385422711,94.6396804680586,0,0
9.483333333333556,11.667269591041023,92.59163790744839,54.18368922724648,177.68387919327637,6.091668382381864,25.658708324309572,-39.16271227040532,48.07650046969232,0.14372445761810537,93.32382648656271,95.122738951985,0,0
9.491666666666893,11.383095408553348,92.59691292077014,54.69435091286517,177.61855227237174,5.812125164414932,26.00338369562632,-32.22856063141964,33.27472729670637,0.14285542204175128,93.2939609167545,95.41773426042766,0,0
9.500000000000226,10.703778914010119,92.97136707069791,54.73023353928472,177.89963409834837,5.57173100015143,26.2927895131823,-23.098538480757693,18.482371110435455,0.14219121364026321,93.58550089642337,95.66158710366071,0,0
9.508333333333558,10.581694475227042,92.94006095566931,53.69673749589936,177.22594343140804,5.42456916754505,26.36798240532238,-15.002354483948967,4.1115438733606995,0.14125557965808078,93.54051094798754,94.67321120247516,0,0
9.516666666666891,10.571247852938999,92.97013524204687,53.63982626114399,177.58252210198668,5.307571774152825,26.305180646721386,-8.357593938179635,-14.52829741079968,0.14141088524396617,93.56921143246187,94.94292209659346,0,0
9.525000000000226,10.548380167313102,92.68114246480843,53.72142283574437,177.782850305073,5.22284851268251,26.206765998819414,-4.463706006524733,-21.602167907040442,0.14071781816522444,93.27948591590908,95.42647583653047,0,0
9.533333333333559,10.41890446932587,92.97822637819058,53.62553822045516,177.46736957166274,5.1992742744508895,25.925509232651564,-2.3131774947787425,-35.62696465257158,0.14164022914301722,93.56016326821471,94.89588251168365,0,0
9.541666666666892,10.453714971326125,93.31898327056024,53.056147372938945,178.02838831772078,5.177681671949884,25.574177586035486,-0.5441804014257293,-45.12661017370803,0.14144921518039943,93.90267725338202,94.81904107286626,0,0
9.550000000000225,10.451715255778144,93.04046550703976,52.02134457841277,179.02233624989947,5.197875483165315,25.21239699522158,-0.31176668341574865,-50.64380243968474,0.1406789416733396,93.62567262003793,95.50348778166732,0,0
9.55833333333356,10.333714282182545,93.36245597384567,50.965802475124924,178.5291295191816,5.213591529951534,24.72937891945248,2.6953267098332088,-66.89355040158229,0.14396523769524983,93.93260262727769,94.36275151614046,0,0
9.566666666666892,10.392082330853103,93.07815343329804,51.13625925809885,179.08105272340862,5.282674997609897,24.06598777598849,10.265907472819231,-85.03139307666788,0.14628987147322015,93.65648948003444,95.1661002657123,0,0
9.575000000000227,10.664639454625902,93.0152868504199,49.57003063327358,180.8379908269955,5.4172936959006845,23.268864119341117,19.362814308202164,-99.36057679802833,0.1454682381186272,93.62466620801945,96.05444704187738,0,0
9.583333333333561,10.764518482235648,92.69754623108014,49.122531547874765,180.34901065136307,5.5848645505867935,22.40453053440286,24.933417137580353,-107.93573177788934,0.14254802978925296,93.32046900555973,95.67714659919508,0,0
9.591666666666894,11.21832238279939,92.94951223230873,48.42423381066511,181.78315914281268,5.814195551530514,21.476434115152703,32.44113070142145,-122.09442114547907,0.14378459119631826,93.62404916103837,96.3104182765202,0,0
9.600000000000227,11.656229969990537,92.51715357681451,46.25363257386392,182.97959097435933,6.111741188568003,20.396405703311668,39.436086714464594,-140.8954775942188,0.15019722998235352,93.2485463858241,96.85263469229538,0,0
9.60833333333356,12.442934195762124,92.58307528123385,45.47976974694382,183.5330862937135,6.4476248368834765,19.1881376571077,42.05698554273193,-149.22014859826209,0.1494329959476306,93.41548287051071,96.76433747205627,0,0
9.616666666666895,12.831269607309938,92.51648054847772,44.45155199878082,184.20113220461263,6.822971311559733,17.883400296624526,46.436413823920695,-155.82611335023245,0.14605590034003058,93.40203773372576,96.98411007903907,0,0
9.625000000000227,13.272861548171026,92.48727847228264,42.42436294209063,183.33961914876204,7.229228787458989,16.59609955807779,50.142170845273775,-165.75143940954945,0.148009463515693,93.43481970275575,95.41466260441719,0,0
9.633333333333562,14.30878076273314,92.4007733273312,40.857867065421324,184.57427652659243,7.629461119291247,15.129234411936663,48.55322879112056,-168.1047654487421,0.14490691036226577,93.5021075612994,95.92084588624002,0,0
9.641666666666895,14.885518640397326,92.40612399447843,39.155591838355015,185.94474566086296,8.052587177216521,13.706453369484205,50.72149855314355,-174.02160039065168,0.1447225746874392,93.59738466899884,96.63596740490182,0,0
9.65000000000023,15.439239396556449,92.47928335186305,37.88694208568882,186.28113633235603,8.500527226619816,12.31385551143879,53.54909113963813,-179.66420839935455,0.14506684403794923,93.75920201462017,96.45043793883832,0,0
9.658333333333562,16.405236924194075,92.33538742162347,36.18704795036633,187.2450384557577,8.941149877807767,10.79496578576843,54.74931120263041,-179.91616779531748,0.14042028828549347,93.78142443384107,96.94927491681581,0,0
9.666666666666895,16.89312701888611,92.26517911492334,34.37402028522059,187.598389518256,9.38970978341794,9.293662800966956,51.94534706984513,-175.04857694006657,0.13378770194753065,93.7989393201496,96.92266316602672,0,0
9.675000000000228,17.351060716295255,91.99324067447589,32.02653718441986,187.71456225966648,9.804743737888078,7.8152962080553205,47.53224437356398,-173.68905728492126,0.13373637112522596,93.61525323243328,96.83976980343331,0,0
9.683333333333563,18.574912718574925,92.08440149768876,31.11330047810839,186.98484564355624,10.170049310200051,6.4222004848943435,44.88187077491371,-172.3974561642556,0.13332515402904255,93.9391525493509,95.72515587185707,0,0
9.691666666666896,18.958139637262722,91.98397059808195,29.17280347765473,187.36163029309392,10.524942755523341,4.925471724739743,38.9806555313355,-176.22631954379005,0.14341478843975652,93.91731419442719,95.92308025845355,0,0
9.700000000000228,19.215437141681495,91.75024344151143,26.716432615386058,188.9732279253044,10.801299424413864,3.4356014107658126,29.774569723836784,-173.64741222716182,0.1496757065826193,93.74081392927268,97.51191540028523,0,0
9.708333333333563,19.62812357221299,91.71570041052007,25.163011860209227,189.05356302131378,11.028875532028334,2.0580429119937684,24.04427063528128,-169.5013710079388,0.1509935713510311,93.79249936299989,97.49509980505866,0,0
9.716666666666898,19.941380714491917,91.63809751510456,22.793103764744675,189.5134931533629,11.214658928760654,0.6597844498642651,16.092903616681614,-165.88580703858148,0.15661006106493058,93.78272538686494,97.91693109825769,0,0
9.72500000000023,20.421688170651183,92.5705960161277,20.952594916589764,189.25779026565664,11.343508675048467,-0.684217999471794,10.906619791696345,-161.51843291932542,0.15818409423988689,94.79641657003936,96.68865183577142,0,0
9.733333333333563,20.468091323412924,92.46262904997582,17.873704065756332,189.75384810364153,11.432087412979946,-2.035489794146923,11.54934120014919,-154.283364279112,0.1483800497492327,94.70100597806237,97.32580413328758,0,0
9.741666666666898,20.456266681950698,92.91462247082023,16.714024429542693,189.2997339836553,11.532667499121477,-3.3235307791635695,9.024509866315038,-148.72122710609736,0.14601264989027918,95.13982297365357,96.45773218574733,0,0
9.750000000000231,20.866682551807745,92.87190591850498,15.155853935908173,188.98302319392457,11.57543228335551,-4.482178983181702,3.187645008779635,-138.58896029961326,0.14167454271976965,95.18723312321646,96.28063370901562,0,0
9.758333333333564,20.562627331180185,92.35930512011453,12.35837817833448,189.20658145906117,11.553986367699428,-5.541421469914519,-3.594783532693716,-121.26971412798669,0.1296595203124986,94.62062610779645,97.19415948725656,0,0
9.766666666666897,20.605920644016695,91.80368252665403,10.914146712346454,189.86531315968858,11.450585645092998,-6.509978743700136,-13.932211721123767,-111.08417647228389,0.1314407824958348,94.08783179052537,98.53940269938876,0,0
9.775000000000231,20.481888342733843,91.83846910314685,9.091651074291807,189.23756617227065,11.290690631439736,-7.470191831093809,-24.1457158466415,-105.50676566993333,0.13959184946109637,94.09469781711334,98.06284523157589,0,0
9.783333333333564,19.875253476752793,91.89203800888981,7.358657237481002,189.3283076428429,11.055754766460606,-8.24600501544307,-36.160471414139664,-95.08971252994148,0.14464886180132241,94.01687268885529,98.23691679606685,0,0
9.791666666666899,19.115566814820514,92.02591522902424,5.968059239372171,189.4168902272284,10.736606379043986,-9.085284372949117,-47.06822757437584,-84.3458009053068,0.14865402814723705,93.99028656404566,98.27440646754017,0,0
9.800000000000232,18.555131771419614,91.96219105903924,3.851316878395896,190.23001088477724,10.308814138911274,-9.68650271478368,-55.11317351771269,-70.36395249696916,0.1436571340967614,93.81544382154776,99.36179640944508,0,0
9.808333333333566,17.697804174239142,92.28529403958521,1.2485420157478915,189.83466554202982,9.83304338219738,-10.261980665883513,-62.848357976663955,-67.45759311797612,0.15221241670308583,93.96695040578054,98.92652882862477,0,0
9.8166666666669,17.03713595604518,92.25360377127782,-0.07284753492097717,189.4856031463155,9.289281550397291,-10.750893125988043,-66.71793300656124,-55.25309462561775,0.14262795975446352,93.81359928268765,98.72595017283176,0,0
9.825000000000232,15.86726726105525,92.4056235196478,-0.77507301167861,189.192887545424,8.671629843817033,-11.127439683227541,-73.86602029415334,-41.90058637529315,0.13772853807250396,93.75803660694181,98.20764719383503,0,0
9.833333333333567,14.83263155680908,92.42087387054914,-3.333268804138977,189.11308720266805,8.009186757010765,-11.386663489875637,-83.46840512798569,-21.833924100184692,0.130835160077321,93.60355167351291,98.38386074447317,0,0
9.8416666666669,13.63885005514317,92.6005065966246,-3.7930751505873515,189.93507502293653,7.274693954262673,-11.510147104477397,-93.63408449431147,-1.278050426377108,0.12588183387912055,93.59953019528568,98.88321509292962,0,0
9.850000000000232,12.452699952436834,92.65460187140951,-6.286239952702597,189.7797695195071,6.458354744437204,-11.479147469004323,-102.30493761416183,10.297099820357051,0.1270072681661163,93.4876728989166,98.91635890710641,0,0
9.858333333333567,11.043075236309111,93.3135624481547,-6.372869084451788,189.9375107289601,5.59622832746457,-11.368216989202402,-109.11848293301692,14.901901409091765,0.13128473964776166,93.96472980560551,98.18096810459551,0,0
9.866666666666902,9.210107014423219,93.51202583297214,-8.186787825356529,190.31354579760102,4.662598466883146,-11.262962953375077,-113.93378103554984,19.580744269679872,0.13235125781962465,93.96448822083575,98.3523574579115,0,0
9.875000000000234,7.811143162738635,93.7381559735046,-8.953487744618084,190.3641557153236,3.6956921735788355,-11.109137609504266,-119.39720706792284,26.275738579714922,0.13338755414289905,94.06304185397086,98.06955019559284,0,0
9.883333333333567,6.162221619353834,93.75156625286036,-10.5373968659141,190.82756493688186,2.6969944684833966,-10.88137634095529,-121.47862984722954,21.92696600203656,0.1381507188432094,93.9538671378166,98.50191256038455,0,0
9.8916666666669,4.4888095081195205,93.83760411050918,-11.913033447635367,190.23408020582548,1.6777905856518298,-10.613914767402536,-122.9203033574007,32.69327419901605,0.12847150627248505,93.94490596089196,97.78190556508977,0,0
9.900000000000235,2.8619521965152943,93.83291377193257,-13.176047452868485,190.36738954256361,0.6334542249630296,-10.321281638783896,-123.97162131399415,29.184641367116857,0.13147757371096924,93.87654913398804,97.85766421218212,0,0
9.908333333333568,0.9752269535141567,94.07246265859425,-14.474151238511862,190.4641755341603,-0.4329704221485213,-10.017655557318422,-127.83853255989567,44.40150366538092,0.12461838074042042,94.07751749628318,97.62195243696887,0,0
9.9166666666669,-0.7237970725540732,94.00573680875476,-15.29575878775142,190.7191735041161,-1.503552584476598,-9.58732674508651,-131.72349604779012,55.38455130026947,0.12247200781204048,94.00852320486216,97.80506584864018,0,0
9.925000000000233,-2.3679468493331752,93.99199507264007,-16.347196501074105,190.6113638957616,-2.609830243659373,-9.129188998183844,-132.57448200442926,64.14056066206591,0.11763847835530772,94.02181826584966,97.62541601757243,0,0
9.93333333333357,-4.307886978465599,93.93870582755403,-16.626064826228397,190.39356832739344,-3.687352435456675,-8.640425945345987,-130.97360480270288,64.26603622250349,0.11520837754421631,94.03743054111467,97.23825381685975,0,0
9.941666666666904,-6.177830692513562,93.89983945105138,-18.830754698411166,191.20730958223703,-4.764086059220028,-8.070494766872166,-128.56613510858128,66.49939422542637,0.11083266338101438,94.10284502074626,98.12665402035579,0,0
9.950000000000236,-8.044673419275792,93.88245501290879,-18.300977531484246,190.56206461853435,-5.836515913820055,-7.537247303357203,-126.21567835337537,63.6637920821013,0.11090086467781068,94.22649377788417,97.22211007552896,0,0
9.95833333333357,-9.510837624758206,93.52067554458904,-19.577963302791712,190.68336076141628,-6.878462371492735,-6.956975565240288,-123.53439626792563,65.61848276161912,0.10833373037459681,94.00304668807713,97.68282560389817,0,0
9.966666666666903,-11.105793651788812,93.02637878400787,-20.60248048606911,190.6851380077838,-7.894955086474083,-6.427081504011577,-118.42217050398834,63.85382641322947,0.10514287374360043,93.68695641497712,98.11941863849292,0,0
9.975000000000236,-12.531702833717869,92.72452521447701,-21.215964200184597,191.4732418705803,-8.856642297835958,-5.896663284712187,-111.63353777682742,61.52802873864025,0.10063174692392263,93.5675218874733,99.12984130275039,0,0
9.983333333333569,-14.315841835911268,92.64862388043309,-21.38316726087714,191.26333551664567,-9.765764382551337,-5.397036182879736,-106.84938429861043,62.52159830576971,0.09845349091667899,93.74812443141882,98.86763089988416,0,0
9.991666666666903,-15.780549889820744,92.48561157585715,-22.642405160949007,191.41174370094996,-10.601860026470055,-4.8662464147854925,-99.50412377656386,56.761156082856026,0.09630295021254254,93.82224737974168,99.16382745231867,0,0
10.000000000000236,-16.97996907261017,92.37289045245097,-22.327459829484322,191.25363744379848,-11.410032196125217,-4.425633129666699,-93.50352131592318,60.07110071314332,0.09344773624457492,93.92055281059257,99.0252381111085,0,0
10.008333333333571,-18.147286362575695,92.29866807459086,-23.476739883844285,191.0293871223128,-12.169949364060088,-3.962385478090368,-85.26948528539789,49.754894988289884,0.09339954792072769,94.06576492363641,98.87445554093114,0,0
10.016666666666904,-19.21960708574795,92.10616126710698,-23.424042666140732,190.7707199799434,-12.859266722046229,-3.5705183727857857,-77.66190030673603,40.50945674156475,0.09413160487002514,94.09005388399376,98.75410079864238,0,0
10.025000000000238,-20.335553560342415,91.91264070079319,-23.91486584162129,190.43162877207254,-13.493582617605748,-3.2230586874350977,-70.6954837291008,35.760739304029705,0.09431222355944202,94.1353719873601,98.58398697048014,0,0
10.033333333333571,-21.04636678788722,91.81640487841139,-24.257650583280107,190.23786200826095,-14.0365949905199,-3.025127634780379,-64.05726285232427,26.038617303206614,0.09648451823162141,94.19767385539119,98.47383189039293,0,0
10.041666666666904,-22.117373255653487,91.30411359395725,-24.98415652984789,189.9362263014579,-14.511091437150652,-2.866718495708326,-54.43561341073629,11.397564928974434,0.09797176193048474,93.94476759728637,98.67376603477904,0,0
10.050000000000237,-22.592598913785192,91.24423122211931,-25.697059220194316,190.0514055928274,-14.91210015849556,-2.8000924888423095,-42.86439246267407,4.4080528764693945,0.09526066917145748,93.99965562168161,98.85593245181384,0,0
10.058333333333572,-23.156685989964895,91.00885514334368,-25.834994744317893,190.20431587786214,-15.22599928785997,-2.731235271776648,-31.141695583539573,-4.691764671124816,0.09372883106968777,93.90869938690425,99.23161173797914,0,0
10.066666666666904,-23.523586688392466,90.9479261556736,-26.330307504962033,189.7873143917526,-15.449258547198045,-2.8096605418719736,-19.672511061898522,-11.087296450876039,0.09201647630096943,93.94085587594022,98.87923112880944,0,0
10.075000000000237,-23.553882548118448,91.01917107146414,-27.440287310971026,189.81772197301024,-15.554814621794193,-2.983216201997905,-7.199833664204544,-22.212010973581908,0.0915223967159875,94.01741799064158,98.87496044108497,0,0
10.083333333333574,-23.57230934748645,90.92781027462496,-27.16496916206523,189.96078459689352,-15.578703023829565,-3.22875057699152,4.588422716989852,-33.16228534059642,0.09177196355203954,93.93359595646166,99.09811909243481,0,0
10.091666666666907,-23.571768943465198,90.97405191935758,-27.29846870249474,190.10147945275617,-15.494458883677193,-3.576063246118457,13.251413668601575,-44.936582715430895,0.09298241854434375,93.97822308253163,99.19745551415691,0,0
10.10000000000024,-23.396237978941027,91.13794167767657,-27.971024250138267,190.3717356563588,-15.36754648211044,-3.962870302664416,22.005308954021732,-54.814618421928365,0.0939571565569377,94.09308351207764,99.33918933044845,0,0
10.108333333333572,-22.874603376752187,90.95138174914376,-28.900186730410663,190.04891030152157,-15.120139003924821,-4.44607672696237,32.136329898970985,-60.577041804827815,0.09322656914094551,93.78380095582715,99.28055106586196,0,0
10.116666666666907,-22.26789711749569,91.18035673622319,-29.321844892627663,190.45523538432826,-14.800405647485968,-4.932751292791341,42.092078923524724,-65.56173906772796,0.09272143804232647,93.86009107485616,99.52517123728187,0,0
10.12500000000024,-21.947489267549823,91.6177410769995,-29.594657304574408,190.3510605772409,-14.40990171758345,-5.475001648888415,52.47535488863967,-73.24515344486765,0.09348989771472027,94.20988676992098,99.02902381889483,0,0
10.133333333333573,-21.191009092005796,91.83728701899554,-29.97512388027354,190.23983230131267,-13.961631656144775,-6.1302114765498565,59.183548237151385,-73.30945718343776,0.09248783299679442,94.25044378328857,98.79383376836805,0,0
10.141666666666906,-20.31920168973198,91.85534454287762,-29.882725008755695,190.43465376717654,-13.436730493131517,-6.8034687571243575,65.82327611975037,-75.84459909493913,0.09209980654065708,94.07589637308148,99.04211823973404,0,0
10.15000000000024,-19.01550957579047,92.05882615121646,-29.943829749099617,190.70815214328132,-12.865689598563538,-7.477848680304827,71.64617855589854,-82.58562886286077,0.09210950039551102,94.00221846726213,99.25279694043407,0,0
10.158333333333575,-18.27363456373359,92.30258885241528,-30.255119871715802,190.281497417323,-12.253264264028232,-8.174273520210201,77.0863610922804,-90.89141898721506,0.09250612940173575,94.09406798001082,98.70877627524283,0,0
10.166666666666908,-17.17565075813962,92.27543494893513,-30.938879724361865,190.6929881091084,-11.589607925173373,-8.910101466010365,82.5152218375069,-94.29093285749643,0.09269159160641482,93.86031575687747,99.37525467445198,0,0
10.17500000000024,-16.168648958607942,92.4400434679377,-31.175528917274615,190.71219316455307,-10.84716456017959,-9.68489192842616,87.98747272480428,-94.51744321005593,0.09301656573028128,93.84341663377833,99.4113768745198,0,0
10.183333333333575,-14.67622463832367,92.60057436597634,-31.10718967878398,190.38543197716655,-10.100097633704946,-10.486110189623064,92.34604796263919,-96.42585894994352,0.09378287906433203,93.7563754767816,99.15571082999492,0,0
10.191666666666908,-13.496291503372216,92.6001104008688,-31.29494357030057,190.69395459482797,-9.312730753459014,-11.336896171940174,97.69337686501437,-97.2845576691894,0.09623520487409731,93.57847151240014,99.69550784337432,0,0
10.20000000000024,-12.120372269141566,92.99376904020727,-31.1869002901181,190.88544753624114,-8.486804594730307,-12.145472257653926,104.3747905201218,-97.01802624881051,0.10084248571968768,93.7802991264476,99.7312047934123,0,0
10.208333333333576,-10.605797849116126,93.3221937695514,-30.936136355331993,190.946204499989,-7.580643214395807,-12.951851065644256,108.46939770167384,-95.58861057400158,0.10404541162560177,93.92291944982341,99.71845433456095,0,0
10.216666666666908,-9.06799333215059,93.54323471040567,-31.083195515117662,190.99724315324613,-6.671907329735942,-13.752545140313499,110.37214787373273,-97.09607430114889,0.10567149021560995,93.98172834736532,99.90972369461412,0,0
10.225000000000241,-7.834952859040977,93.33222223432773,-31.433719866227587,190.6990760146051,-5.760000492305436,-14.482818174533028,109.75787786400178,-89.1756932009463,0.10645835528108805,93.66050498209655,100.18585738181511,0,0
10.233333333333576,-6.063582448435677,93.67050306018876,-30.73585038148695,190.24726769348456,-4.846015142316257,-15.233538355361354,110.57276970264572,-86.22571332969764,0.10922549557033268,93.86655514962617,99.67844436986005,0,0
10.24166666666691,-4.515680047878159,94.11500097357344,-30.110704063237105,190.54718219937632,-3.9368027037769933,-15.909025660283117,107.26745744822654,-76.78810886134166,0.1090943755421745,94.22327087588572,99.7710921575628,0,0
10.250000000000243,-3.0547661821852286,94.0690887236812,-29.842589474639393,190.02040514737536,-3.078329029203746,-16.502048808027954,102.32219941723325,-64.9214800036488,0.10840452237190545,94.11867535049369,99.62049287263956,0,0
10.258333333333576,-1.9063510771874759,94.08885643358371,-29.5400051207348,189.53392055107952,-2.2425674440839916,-17.015599396613478,98.26227221246192,-54.350279504780374,0.10907672220061837,94.10816691132084,99.36487860502496,0,0
10.266666666666909,-0.4803754691854989,94.05382513377856,-28.36201595716903,189.61321470098767,-1.4300316801531283,-17.457604553841104,94.05623434222136,-48.272487051897464,0.10818928509500259,94.05505187328744,99.5438737982343,0,0
10.275000000000244,0.9677943440471539,94.14805820296954,-28.589732676165394,189.5056124801862,-0.630424822176651,-17.788243228937052,90.26929389040322,-38.32457042802493,0.1095019385009488,94.15303228936448,99.83341405202425,0,0
10.283333333333577,1.9135910020944538,93.98736817089383,-27.187293304281237,189.51958556451478,0.11700726597036377,-18.083230167364523,89.56822997461133,-29.216150123708495,0.11521071863101273,94.0068465922267,99.86624067999713,0,0
10.29166666666691,3.107523322770821,94.02992982452429,-26.589541826476758,189.3047636915515,0.838407987255506,-18.293986564055718,86.68494013131524,-18.299382319033732,0.11935150309624287,94.0812648937424,99.7958398274612,0,0
10.300000000000242,4.440142375454632,94.06043520185341,-25.359833729309283,188.30094141361235,1.5306848374613586,-18.389128033979787,82.2901127324775,-8.558139371707341,0.12066841211344359,94.16517580653885,98.83982793840283,0,0
10.308333333333579,5.479024324821073,93.98976113354911,-24.235864951862194,187.84146237911438,2.1939647148930375,-18.41564068024313,76.19789827307275,2.403226807609756,0.12067850429829008,94.14932238467571,98.44346840401542,0,0
10.316666666666912,6.595803982964303,93.77628493216423,-22.84663510681332,188.68953698793194,2.7846133231167496,-18.38519494600223,69.46973267327958,13.440551945545414,0.12020286296374749,94.0079584176794,99.37495980053004,0,0
10.325000000000244,7.402711823834754,93.89997335722643,-22.226529393634788,188.37324530517094,3.3374036277521655,-18.17802648480207,62.83497756236261,24.11224571923535,0.11916110716973005,94.1913219932419,99.01056028360448,0,0
10.333333333333579,8.07991312078838,93.38699883894941,-20.868614055948907,188.8558813198219,3.8378522228907483,-17.8811203265872,53.39827210014525,46.19335496721981,0.12463250303054041,93.73588719474216,99.76133894374583,0,0
10.341666666666912,8.904578655156971,93.86366132702506,-19.496897782866878,189.0241991419415,4.268936468887987,-17.445605580638638,46.71864620820451,59.33289387794366,0.12644656801605114,94.285091285634,99.30846802304306,0,0
10.350000000000245,9.524958851712544,93.72668799913697,-18.18586563663842,189.32360972653743,4.631368080856323,-16.926126594832848,41.49993117774822,70.15024095285254,0.12820674066056048,94.2094309738382,99.53221206011108,0,0
10.358333333333578,9.906598273732815,93.28329907642393,-16.621570522630744,189.4881361854653,4.9513718131040445,-16.29999035853827,35.66936314696909,83.21103701215536,0.13169316158883193,93.80785988358694,99.79536273227097,0,0
10.366666666666912,10.45417955677016,93.08586787251028,-14.139735099479875,189.73465632724367,5.206350661104678,-15.500638681532063,29.01613139111645,102.42898089261956,0.14158480746540336,93.67106633205171,99.72887720157446,0,0
10.375000000000245,10.685667191477197,93.16033499772374,-12.608180463668983,190.24304083856828,5.4126447047282396,-14.581949508988268,21.335653659718744,113.03828507229586,0.1398148111666213,93.77116561190397,99.83814457391077,0,0
10.383333333333578,11.03486134838278,92.77937227930954,-11.29120145183094,190.2507351672907,5.572970609014364,-13.649605434276353,14.71670438405832,120.92438138353305,0.1366184271200379,93.43329216890916,99.99559822011967,0,0
10.391666666666913,11.017645623951072,92.774895367505,-8.967064818759066,189.65283599423992,5.665108696689866,-12.647484085015975,8.353252299559399,124.75167472807127,0.12851253312032718,93.42681481002371,98.917763983807,0,0
10.400000000000247,11.045060848701272,92.75368813472306,-6.480652256984338,189.6765007535741,5.731569987589042,-11.547120656774446,3.807037223352998,131.6366269299192,0.12693194502840566,93.40899331298341,98.49457967731884,0,0
10.40833333333358,11.060303686444005,93.42585065307628,-4.402858810000676,190.39068869636264,5.755620097868957,-10.436571650950937,-0.8136866986397397,137.08074681276176,0.12374760138576812,94.07826469428143,98.19006676417023,0,0
10.416666666666913,11.101322852331695,93.4569171652202,-3.3288914022354517,190.6740734444395,5.710588403978189,-9.301524035703663,-6.121069996997923,143.86781361783963,0.12175446102293286,94.11394548683278,98.2822799819523,0,0
10.425000000000246,11.010023590140808,93.56263995993635,-1.2312083951388173,189.93111393910135,5.601553310006136,-8.020126410354605,-14.57141006880207,152.2987875289378,0.11818189822497915,94.20821734715149,97.1428357502005,0,0
10.43333333333358,10.735038996590962,93.81572761243848,1.0056824597519425,190.21646557832065,5.453868742791823,-6.659905392705757,-19.888385840565,159.58730554736908,0.11740074167557113,94.42791859248821,96.89046732773875,0,0
10.441666666666913,10.541874741104667,93.05252643582918,3.5852365984539505,190.36902814652558,5.274333143703859,-5.277900139899338,-26.01653418363974,173.1128275375628,0.1253140070176988,93.64776451762118,97.56483136589618,0,0
10.450000000000244,9.907296039665258,93.04424661951418,4.890466186913277,190.05342029579742,5.027637579775514,-3.8441669118593023,-32.95752195844566,185.20654403065527,0.13127025993690244,93.57022145859517,97.13880974732369,0,0
10.458333333333583,9.282553800385134,93.2294828913648,7.170667035916613,190.1342595851973,4.732112528814558,-2.263702051150463,-38.92170245502258,196.34122767900436,0.13799559749048385,93.6904599478961,96.92778658252483,0,0
10.466666666666915,8.820602108258758,93.61224119385452,9.879763336986404,190.43471724557116,4.4173450982167655,-0.6108967077480132,-40.06828065149793,195.86047159124084,0.13369477218583548,94.02688297975538,96.82826907103981,0,0
10.475000000000248,8.6092375314571,93.52354548862314,12.046796587269572,189.95893945167126,4.092957215164359,0.9833658243060238,-39.296328391159015,193.45854610198705,0.1298891822988164,93.91896790124778,96.49664253781317,0,0
10.483333333333581,7.82693353066657,93.50749607544941,14.047916347974368,189.82141602251204,3.761401633329389,2.608164954240939,-38.7026566970519,195.2839593987803,0.13347383483688846,93.83449637949606,96.51461963237708,0,0
10.491666666666916,7.143770061086859,93.55487888134303,15.969154808011414,189.499009499311,3.4127011003018044,4.2478469645263335,-37.90029043911707,195.0944751508504,0.1353851082504356,93.82722852769577,96.3491754815211,0,0
10.500000000000249,6.822704793595055,93.63990826027378,18.711351684976538,189.25543125835458,3.1093157808455616,5.869272701571777,-37.21620744318155,188.28778378643923,0.12834206427804773,93.88813407291165,96.35179377211651,0,0
10.508333333333582,6.54383248734428,93.68733476269921,20.44903177499339,189.3286260911708,2.8132993996092357,7.47294765573574,-35.93989087678368,190.23106434918924,0.13633654396214112,93.91559209503228,96.64683737301917,0,0
10.516666666666914,5.887503267439347,93.79584784107334,22.62771077200546,189.53773101387281,2.5310914868419165,9.022185717908911,-32.210346611258295,188.39492828387077,0.14257502393743726,93.98044353454549,97.19435549850574,0,0
10.525000000000249,5.361004842480502,93.79374473079866,25.076429394669507,188.2592286802846,2.279554841443377,10.517366203002974,-26.260380262380842,177.49247756731552,0.13873936941688347,93.9468303006936,96.50090995987364,0,0
10.533333333333584,5.034536489039231,93.867442244877,26.716662604103536,187.55543160015816,2.0926195490645965,11.943404470081752,-22.38128707213362,168.2310775363433,0.1358570590146484,94.0023577962531,96.16420301913196,0,0
10.541666666666917,4.942185542077884,93.75956927652317,29.05787174851969,187.95459457296596,1.9318786434651452,13.34536625351464,-17.734112248515054,161.23849513883616,0.13814434659112473,93.88973335169011,97.2330659385225,0,0
10.55000000000025,4.674659949359129,93.84765782270443,31.091218500873598,186.24101392648822,1.7931372939361796,14.650717399219321,-11.48321400329728,152.40595721769648,0.14027758366828413,93.96401079375848,96.09561289583513,0,0
10.558333333333584,4.62171058264659,93.79010140698114,32.22081263691923,185.97781256656833,1.7047191940096413,15.884889898715263,-5.638265337611042,137.32286841522085,0.13418465158855009,93.90390476780799,96.23037214437879,0,0
10.566666666666917,4.561595939244062,93.73701722726747,34.0263213578017,185.61628553623848,1.6652608299116578,17.013077770190897,-3.209000641870857,129.27367539788156,0.13375284680767408,93.8479438036762,96.48818574821935,0,0
10.57500000000025,4.57232419762227,93.72877835609432,35.8430068398231,183.9012772269665,1.643860002932187,18.00641449501664,-1.3490468343286848,119.44611955702497,0.1305124726647362,93.84023678941789,95.4407415390654,0,0
10.583333333333584,4.594428248643799,93.72837148852096,37.493705155240384,183.44738962333656,1.6847845030379358,18.91185085178988,5.29863516433877,102.92033149202175,0.12557958157756133,93.8409100170183,95.56079026490043,0,0
10.591666666666917,4.688116810481806,93.78378886623358,38.54109723347688,183.46083630741435,1.763144802405354,19.720552589584422,13.04021003865889,90.25137322410963,0.12663372576469012,93.9008918665579,95.85404071445019,0,0
10.60000000000025,4.899958496946344,93.69902398544218,39.79175622687382,182.74426615797955,1.9133215627359828,20.41636555332314,20.55628297646383,78.92613292561703,0.12903261215079898,93.82705734006723,95.63729765312276,0,0
10.608333333333585,5.075358200037333,93.5286646595311,41.39653317433352,182.6947091885189,2.1272946629496854,21.093083580568873,30.21498294687732,65.47936658098052,0.1327844699817935,93.66627127121966,96.27985899687887,0,0
10.61666666666692,5.606514594391574,93.63450135678312,42.269627939046366,182.8261919190038,2.401124745080195,21.6199349653917,38.323071453432206,56.36717757821929,0.13871455712935354,93.80220066837742,96.43309362179527,0,0
10.625000000000252,6.500690778882931,93.68110426336108,43.90830137190472,182.36435488433762,2.7310018148278528,21.997572230896004,44.54136141715574,47.181530375098234,0.1418854931510709,93.90638038283332,96.24992608299547,0,0
10.633333333333585,6.94233682985976,93.68893748495373,44.65129565029407,180.67816873663963,3.100191099562585,22.29766897226048,48.627146976664065,34.25979563400468,0.1393982851873723,93.94579845697622,94.81082179308699,0,0
10.641666666666918,7.720761969415496,93.6296733289671,45.88032488148401,180.95074536258545,3.548100243256279,22.561467539837857,54.616337605353124,21.623781973353182,0.14037858843646056,93.9474634733555,95.29492044563803,0,0
10.650000000000253,8.53321368972917,93.57606182391294,46.97710468406593,180.55565098069746,4.012977369012962,22.695503269719453,57.39986348627183,9.783346546692288,0.13803936937005457,93.96432877612311,95.09669649713115,0,0
10.658333333333585,9.167594089045625,93.43426302882528,47.24836502855647,180.58135262914845,4.555161381090421,22.715703625435893,63.68889474135765,-3.7688351149939123,0.1390098621596607,93.88293928675866,95.10394492950462,0,0
10.666666666666918,10.037677307048117,93.16033729142231,47.78036798558322,180.65304317611282,5.092487068853666,22.622910806500347,68.46927833727922,-23.226833685598336,0.13581313695530906,93.6995379389461,95.28632788957994,0,0
10.675000000000251,11.015750005572958,92.98473001379188,48.78102151798374,180.69745910646407,5.666480046754488,22.308206549165988,74.21127573356202,-42.25926917616606,0.13444993164578634,93.63496549859485,95.49732235665358,0,0
10.683333333333588,12.283753938268777,92.60332525089592,49.896898459304914,180.62622046491862,6.307768443899908,21.90654609802708,77.66664737717362,-53.68618765975188,0.13418529403157198,93.41448741142432,95.7224044966442,0,0
10.69166666666692,12.988344941873212,92.4256795747848,49.39248379732732,180.78404685874602,6.957179571951276,21.43005620402371,81.39756959288015,-65.43474230833401,0.13456215365514312,93.3338274645901,95.56391785027743,0,0
10.700000000000253,14.543070908451686,92.35066456037691,49.816266269331784,180.826413229718,7.658379428508585,20.827508697008682,85.18629873062379,-76.88758216651354,0.1353253109380268,93.4887488214037,95.24786828883482,0,0
10.708333333333588,15.170457953614008,92.40222459410086,49.19937353108674,181.27638011386688,8.404579032741038,20.15861876712709,88.08994748809597,-88.57567514270548,0.13624142677619977,93.63927543750555,95.1660791181938,0,0
10.71666666666692,16.568362465946795,91.99489748014241,49.846959354043754,182.36049703493143,9.1359996545609,19.43561448896822,89.11526862225637,-92.99743587952344,0.13603306685211702,93.47497952492371,96.29852851283316,0,0
10.725000000000254,17.846735325599756,92.07385889086595,50.46670774669702,182.09177389199772,9.869958053235624,18.67948940058338,89.97500123658985,-89.91787260532372,0.13582794501183715,93.78753356836454,95.74595355368356,0,0
10.733333333333587,19.01404564695537,91.88980304919971,49.992602554079504,182.55114912823217,10.585962425027894,17.913829825942347,89.48936712651606,-87.64253501836083,0.13512259801104287,93.83639931436636,95.80788412709062,0,0
10.741666666666921,20.404279625860855,91.64704307796075,50.03342610435886,183.09780213973778,11.37540808437013,17.090106099487134,90.77476590197058,-96.88616160188049,0.13683909337704225,93.89097470994703,96.13078411216401,0,0
10.750000000000254,21.546627710784154,91.6443670831028,50.09875810071669,183.14901693939055,12.134335113940903,16.300325061037913,92.87631586142726,-99.63526859607838,0.13973053470681718,94.14322696705072,95.85575149736991,0,0
10.758333333333587,22.63011869423855,92.01967296197591,49.952747754033346,183.00599614255316,12.941055054550567,15.41698217591944,91.89026494159303,-108.72868795140245,0.14185955479118295,94.76150317583784,95.00019507695545,0,0
10.766666666666922,23.832915022744377,91.11827821488447,49.890332641864354,183.578502613992,13.679474260679198,14.512555709855622,91.4653222934736,-112.3492107183489,0.14404853694272335,94.18358914018113,96.061866049492,0,0
10.775000000000256,25.03816067824329,90.7575811274163,49.04481872421042,183.46113059730783,14.457914968342124,13.53181755616872,92.34438541609623,-115.32513904247716,0.14775119680588444,94.14801124956958,95.76151478988113,0,0
10.783333333333589,26.58134022999315,89.99603357354022,48.797746534486016,183.68206870256915,15.207636988761742,12.554623702886166,89.89510501803866,-123.10664871149493,0.151786208636302,93.83951037485451,96.2841725689324,0,0
10.791666666666922,27.15246406052012,89.41351440542576,48.97864573946175,184.0394675996136,15.886941467258362,11.56214092676283,82.98403029165665,-123.76673128357103,0.15247057961366117,93.44534693010196,97.11052066893059,0,0
10.800000000000255,28.40313364448554,89.38056473591803,47.41913888312593,183.7898548235621,16.524020534177424,10.559349225486315,72.23638697680816,-117.67063520981583,0.1504709537137221,93.7849846901845,96.30536075467933,0,0
10.80833333333359,29.16227716963579,89.1155317584238,47.364847442485434,184.3544017022075,17.1138076323707,9.60755349129095,62.03756522122558,-108.4631950194586,0.14845267550291608,93.7657528648136,96.96275528627977,0,0
10.816666666666922,30.41551522635996,89.00008201695084,46.35725343331297,183.67099721096355,17.63353571068327,8.707340009256518,55.72991840071571,-103.55251465387973,0.14922322480652728,94.05380463069483,96.00375618032334,0,0
10.825000000000257,30.83872252136712,89.60677176317535,45.32800648257052,183.92367759867045,18.077739402540885,7.872679952911792,49.12371196272538,-99.61650184529562,0.15053222894982365,94.76497429202244,95.42336231809293,0,0
10.833333333333591,31.4307249877121,89.84159282203211,44.861928613246,183.83882812653508,18.446961368499363,7.077027091658998,44.08901965959921,-93.14342385494817,0.15029686006625997,95.18089237894863,94.9519745751538,0,0
10.841666666666924,31.953832854853662,88.90673846520133,44.23185941303695,183.57801901220807,18.779248380950357,6.271177229084885,34.551092323472204,-84.85236322090373,0.14984508875670244,94.47462928551577,95.46413617989487,0,0
10.850000000000257,32.5195518160723,88.49366639436607,43.65698168014831,183.70082860028413,19.026778461070528,5.643036061257814,27.770467412867674,-80.60218733411081,0.15106849512993614,94.27963853470996,95.856382569348,0,0
10.85833333333359,32.80201133621973,88.47158777291065,42.54912814338156,183.5814054152554,19.240481770807726,4.943909360877677,21.161807244862516,-76.0499089702654,0.1521069426499242,94.3567368594385,95.60796879974247,0,0
10.866666666666925,32.76344368914477,88.48994918810087,41.778507990332464,183.78402218113962,19.37874271507691,4.33408023059992,14.719381962896815,-74.66981418453514,0.15464185164109434,94.36055505180347,95.71954728244982,0,0
10.875000000000258,32.94190248982313,88.55241032220943,40.98617321402754,184.04577836306885,19.44609402461463,3.7543311071674377,-0.09960006712511649,-66.02683512324852,0.15719037173964612,94.48120613922093,95.83158994439842,0,0
10.88333333333359,32.835696818149195,88.4584440541588,39.91319267645293,184.36688386061223,19.395215494323157,3.2871879045002577,-13.15208122634337,-50.99576901728591,0.15510143274098898,94.35613021958963,96.16922467053796,0,0
10.891666666666923,32.83839564018934,88.52605248473105,39.57207074676706,184.24855038385004,19.210257377627613,2.9361720045996913,-25.15927124766756,-38.04165546658759,0.15347490998346958,94.420454334593,95.95904847635676,0,0
10.900000000000258,32.544943663514694,88.4745257839985,38.00796009974926,185.49292828983113,18.96669299424352,2.625884585388238,-34.396483882792374,-29.487519875666738,0.15268421956167,94.27043582568588,97.17208947720698,0,0
10.908333333333593,31.609016523878157,88.33180822619198,37.47752088957902,185.29134223662817,18.645778684697174,2.430737664669304,-45.412264145431834,-18.97324013404865,0.15246658919005895,93.81704679915885,97.13696813783712,0,0
10.916666666666925,30.915794701965243,89.22431591478636,36.6704912252605,186.01279692083136,18.23620059827269,2.284051400773526,-57.08287834088727,-8.715195536917395,0.15328272267605714,94.42862337509565,96.95940690584261,0,0
10.925000000000258,30.20165145103164,88.87765887639313,36.20785849439529,186.34678907863122,17.719086734445053,2.23535960526707,-66.72420479054912,-0.7714097705359201,0.15318454902782408,93.86894053795486,97.65401100532733,0,0
10.933333333333593,29.189896460636763,89.08961239355358,34.770011100075926,186.3087936083125,17.129274876900077,2.275363121544155,-74.47406520080068,6.390425047556901,0.1513241256495963,93.74971515592092,97.37919118301106,0,0
10.941666666666926,28.401211099056017,89.06090169266542,33.926997504306435,186.6336664736611,16.462379449268933,2.3707995066491137,-80.71839627187514,14.075933104114393,0.14697492319179783,93.47979996878341,97.72910898194027,0,0
10.950000000000259,27.030752209097162,89.56056503495824,33.34627563156955,187.19269594724886,15.754406460884617,2.509803397020454,-87.316942962329,14.326401692198754,0.14825169932702487,93.55082241418617,97.83618360593616,0,0
10.958333333333593,25.893642964716097,90.18216514604961,32.104349357020176,187.63401358133416,15.014228593815623,2.6587322015119157,-94.91970705002007,24.151350900467556,0.14501200515400736,93.82592209199736,97.64955523372895,0,0
10.966666666666926,24.644818143734998,90.78520865882632,31.36091496441617,187.13324114146076,14.205091528365484,2.889374695687144,-102.60617516006447,33.53174880384873,0.14247464740231974,94.07083061483195,96.58182706793004,0,0
10.975000000000259,23.30348812544816,91.01199515500758,30.55817615248083,187.0530167768008,13.32230643024294,3.1781817011613342,-107.26427040093563,39.32673694595245,0.13770455635948808,93.94804852102054,96.31463197524727,0,0
10.983333333333594,21.94788606232169,91.96028159371502,29.446659341360547,187.61519712519214,12.391855084083026,3.5188489469029176,-113.30277553140687,40.038791486756054,0.13904918971621782,94.54312821881882,95.94839480691925,0,0
10.991666666666928,20.33308925461353,91.72288084274828,28.314090774727052,187.43407550197418,11.411572806503209,3.868360035498239,-117.645474426878,42.14472608237605,0.1371670770087845,93.94956832646481,96.04337128797742,0,0
11.000000000000261,18.71927357728811,92.00786852997135,27.973887037386422,188.00770022589046,10.417385351271735,4.276951030014608,-124.1566290666491,51.830027647149535,0.13456581021259506,93.89280629893778,96.44488351354171,0,0
11.008333333333594,16.90732381286745,92.2566456511488,26.639574501708868,188.40303098312393,9.368328228605758,4.731130303773862,-128.88823811024363,54.528327730854585,0.13450588249440454,93.7931035061469,96.63769510845701,0,0
11.016666666666927,15.1784097279338,92.35254638362954,25.50713256030099,188.93283464804836,8.286238722404274,5.134995141370482,-132.11143968490185,54.031264964521675,0.13480537174896812,93.59154312975869,97.13101768532077,0,0
11.025000000000261,13.276604428653119,92.4514126594579,24.453225080056374,189.17521489342636,7.163719572532473,5.613143597906589,-134.99107792418206,56.63133677881434,0.13309396239514681,93.39984972088716,97.3674009501189,0,0
11.033333333333594,11.556744539990465,92.5150758921285,23.69180605216707,188.4578637539214,6.031907088662939,6.089185623102403,-136.5167252255987,55.19211926869581,0.13294559836374287,93.23410112018506,96.70717791662264,0,0
11.041666666666927,9.726801478101951,92.91686371904837,22.92884171711353,188.96279103557396,4.889952857556155,6.567738461176852,-136.15019597366464,54.42618834518596,0.1295869388973756,93.42459114375943,96.9490279505875,0,0
11.05000000000026,7.9208101334954835,93.52595637731793,20.99023000654444,188.75846961729957,3.7816254779688285,6.965054296988756,-133.16686270932698,51.673741560567194,0.12361032603527145,93.86076789299597,96.1251336218646,0,0
11.058333333333596,6.089505367661336,93.66292615502869,19.952086229845126,189.39975415720568,2.6842017094340007,7.368339140626568,-130.7773088574824,44.22669275965706,0.12372797921278877,93.8606723369545,96.73526442864052,0,0
11.06666666666693,4.224918308685635,93.80615144644463,19.44490012147583,189.24226763804387,1.614701519503318,7.746838151948523,-126.24849791764284,38.60011102074483,0.11917403215840139,93.90124591243915,96.6421239425029,0,0
11.075000000000262,2.6787848080100547,93.8503747798145,17.784468370627852,188.98298878643942,0.5840793786481505,8.02130670271858,-121.49326479457332,30.76552322769983,0.11683721295143057,93.88859746720722,96.3244305647712,0,0
11.083333333333597,1.0840715694099616,94.1471646399632,16.68341573976159,188.6414890359061,-0.4283895537822428,8.27103797374544,-116.82380225176763,27.15028807832269,0.1118566284878999,94.15340578498443,95.77325765364135,0,0
11.09166666666693,-0.37502348932172946,94.0726229571049,15.207966377279948,189.18351390878695,-1.3881975153214188,8.423019946486448,-112.24751007742266,16.93552849514449,0.11347591466149476,94.07337047564079,96.3789974569427,0,0
11.100000000000263,-2.1016634908554535,94.04098049033155,13.997792684045525,188.95727400480666,-2.300669529597909,8.535059187636755,-107.39292782578194,2.786533044331466,0.11934983511749353,94.06446194504976,96.27198587155844,0,0
11.108333333333595,-3.414257518677341,94.17977817231281,12.984933417772655,189.56258524274125,-3.1669880376521746,8.494015545741,-102.37950885875175,-8.483381600697053,0.12276488480951464,94.24164562967846,96.78229873279885,0,0
11.11666666666693,-4.844214403393489,93.99366812327571,10.94481143739802,189.2414524489103,-3.9955977216247547,8.401737698041588,-97.67817260348693,-12.635590744592736,0.11981125115826652,94.11841509744275,96.54757250155896,0,0
11.125000000000263,-6.150526408916046,93.68204803827183,9.646257517966948,188.4264657133828,-4.783743298202317,8.25869016155455,-90.68751246228868,-24.93410066413031,0.12174267983288711,93.88373181628351,96.05229337724587,0,0
11.1333333333336,-7.220153920239961,93.57028828009527,7.626288358804236,189.36673221165324,-5.4966121681,8.039847327957695,-82.18439072526876,-31.835142363884938,0.11536969489825832,93.84843883332364,96.94006147242284,0,0
11.14166666666693,-8.35889911826052,93.64345092556891,6.528843567066649,189.86253889824485,-6.171013402003189,7.80812553301813,-75.24367680774658,-36.913194552613014,0.11058047698197182,94.01578109933827,97.36404763853064,0,0
11.150000000000265,-9.31592673505639,93.43194312791019,4.678807972209317,188.8726043503578,-6.76325112517464,7.389233785345685,-68.44327969394011,-46.994371055480144,0.1113990018565616,93.89523144223024,96.4612482508119,0,0
11.158333333333598,-10.256814152447983,93.37343521102832,3.536890083163489,189.27983601417003,-7.3068446526872926,6.905193428458173,-60.05548771124589,-58.960621747441266,0.1121725024272835,93.93508737242949,96.89326081597412,0,0
11.16666666666693,-10.851884983096564,93.04815890500055,1.4464011585578236,189.0488487923813,-7.759694811257225,6.3500865693784165,-51.4438570224753,-73.24449977425843,0.11580547846946798,93.67883049705834,96.78522769966013,0,0
11.175000000000264,-11.434543746326195,92.53140462580649,0.3535333445671016,189.2862963875432,-8.135283991666215,5.723648954309527,-41.71668692145312,-81.50213740126429,0.11092912042193293,93.23523814905698,97.4703433939074,0,0
11.183333333333598,-12.233445243991579,92.63972162056132,-1.8140365992216472,189.5676558940146,-8.44069335901824,5.08651573749819,-30.948526468508256,-91.20973368670028,0.10696344015650716,93.4439682615889,97.48635042417776,0,0
11.191666666666931,-12.368752087151787,92.59531397731041,-4.279511516098007,189.92090803707413,-8.667077771874988,4.264939383618152,-21.90397275629091,-100.48523339290884,0.105317091477795,93.41776168775463,97.66118508446586,0,0
11.200000000000266,-12.66095813265343,92.63926492544351,-5.325405069915344,189.68299569340945,-8.822982936928303,3.3933540493795853,-13.908363332127884,-108.6853399378337,0.10424270086355314,93.50044527574889,97.32058374312037,0,0
11.2083333333336,-12.730032199729006,92.69019680221294,-6.730646713962353,190.74371618569722,-8.928348260402736,2.3931824102562533,-7.61074005034677,-118.37244788574975,0.10753633678194907,93.56028165326943,98.23688355039647,0,0
11.216666666666933,-12.78378055048972,92.63937877674812,-8.168552288946554,190.82924325386273,-8.9640909677036,1.3336806032445756,0.014465395108689869,-131.7762547611965,0.11426966661737747,93.51726870105269,98.29826965893285,0,0
11.225000000000266,-12.811518395734932,92.68592073683874,-10.3502219717825,191.25982230779954,-8.91378455988806,0.1885250639165369,7.883043853925632,-138.9092353319849,0.11307412582123932,93.56716788724455,98.60462489664484,0,0
11.233333333333599,-12.716933623263625,92.66194563620388,-12.985464674748297,190.6843172497331,-8.802183703800562,-0.9614912871328777,14.373752898054269,-148.34335221259053,0.11706654461576926,93.5305114380612,98.02273943155451,0,0
11.241666666666934,-12.467553449034025,92.62052139265626,-14.459312972089148,191.30396764784263,-8.629801722544164,-2.2272313252243685,24.86864878392053,-162.94611195959624,0.12409862638675406,93.4558766052302,98.70354436796045,0,0
11.250000000000266,-12.139951553779778,92.78196462340861,-16.807457876383292,190.94590158459772,-8.390267228565548,-3.586163727501553,33.16974856052945,-162.50654430667404,0.11466280437647569,93.57281326917327,98.27483978614187,0,0
11.2583333333336,-11.40267789590865,92.71973438939222,-18.078817806644278,191.19631001652544,-8.109030729317102,-4.91047842396848,40.09759858308839,-158.17391012183012,0.10353660075788085,93.41825415001763,98.70261795592965,0,0
11.266666666666932,-10.826337443222368,92.79550018563475,-19.521240517781788,191.17919695631912,-7.7522590221171725,-6.249151022174542,46.19870194345151,-154.25614795852564,0.09540346616665962,93.4249133643519,98.76716625347693,0,0
11.275000000000267,-10.31484195554037,93.06527939384563,-21.52592310127778,191.22958985949913,-7.3626169974108935,-7.5320575834317465,48.95659985395295,-153.05528201788525,0.09362977686535467,93.63515468680725,98.80243007969753,0,0
11.283333333333601,-9.475035348350271,93.42310560147456,-23.41148329775677,191.69770523682416,-6.947129841015598,-8.802828371388127,49.98667420210811,-153.9705226499509,0.095799159318116,93.90235862360835,99.25785366878922,0,0
11.291666666666934,-8.996194147245543,93.28959495675582,-24.232157519824337,191.60850089076604,-6.519610313078853,-10.098323204552685,50.57141075150754,-151.21530408969588,0.09536719101883229,93.72235611811355,99.49242103774192,0,0
11.300000000000267,-8.267151460546184,93.67860488280581,-25.880617203628045,191.60706604356278,-6.078839594471413,-11.28963959595181,51.69577279492445,-147.04681901428748,0.09374393861600483,94.04268608488626,99.49983759181018,0,0
11.308333333333602,-7.30188310735701,93.22798412496695,-27.62493653690296,191.82225668655735,-5.660663761741782,-12.532211352597487,52.385671251735694,-144.35835693134123,0.09498327613141466,93.51349913738976,100.6670605642648,0,0
11.316666666666935,-6.839450306415865,93.62232504382479,-28.802672316949664,190.66951343065335,-5.2070634653199805,-13.785824251545092,53.80187775727407,-145.5919324787818,0.10023378446354414,93.87181593591079,99.50145674748983,0,0
11.325000000000268,-6.007885546737152,93.96963079887985,-30.16522820847967,190.635410449284,-4.7542792415434425,-14.996927861294024,53.94634416425594,-147.48182825813117,0.10720390915821731,94.16149001168408,99.63859774152452,0,0
11.333333333333602,-5.215225270317371,93.66876357156474,-31.255045875850552,190.3466430981357,-4.312079023994169,-16.203187482199944,54.14690360155531,-146.86806011009924,0.11259213884593011,93.81383609919088,100.12334716200073,0,0
11.341666666666935,-4.4934483287285,94.02254154133198,-32.239018235934275,189.85473533436863,-3.8523764939406715,-17.410506596388966,52.44191472663388,-137.53541950151305,0.11166550933285624,94.12985390286363,99.76786063989633,0,0
11.350000000000268,-3.9600558789884373,94.06924944891017,-34.15229309128437,188.22683606737132,-3.4553266436930534,-18.467376979685753,48.16719190858673,-127.27201489312176,0.1110756910865307,94.15256626585384,98.87983771071109,0,0
11.358333333333603,-3.0246621717332642,94.08024870834873,-34.82827660500259,187.73263354023203,-3.0907603792218485,-19.48173712300997,43.36820813679566,-118.59549429431979,0.11253374438508201,94.12885730889262,98.90520247044248,0,0
11.366666666666937,-2.6206204215794697,94.18040923130815,-35.71980357747639,187.71142949880897,-2.744330475781342,-20.373771917142157,36.99319477368025,-100.31972549931955,0.10773636961526911,94.21686226133129,99.21495692619767,0,0
11.37500000000027,-2.037357109345858,94.11565246992757,-36.6490783161891,187.63339651056003,-2.4480394608835754,-21.16373134672578,32.36478002838095,-84.29192639134953,0.10511347234935187,94.13770160690767,99.71729887712307,0,0
11.383333333333603,-1.5885320258398634,94.07654190510533,-37.380691002928124,187.84160840115055,-2.1934575945025854,-21.833593706539254,27.454785393680506,-67.57464320904549,0.10304001148969277,94.08995254978163,100.36416860238988,0,0
11.391666666666936,-1.5479009112381688,94.10351300385418,-38.00615798520129,187.2837009859786,-1.9681551499437513,-22.368899040335496,23.84373149042183,-54.3890915259751,0.10268099773046391,94.11624278995397,100.05874245289729,0,0
11.40000000000027,-0.9815584122084102,94.22959775850057,-38.57515734589429,186.87275873024873,-1.7750554562297862,-22.793634876807147,20.73323459152807,-50.29477691025032,0.10495225039932965,94.23470990375782,99.98016781154186,0,0
11.408333333333603,-0.6296945072182281,94.23572091242119,-38.40756558685916,187.46759303760683,-1.6245360050303888,-23.10962516605216,19.32074396709112,-36.54692798293017,0.10415650962482115,94.23782473644093,100.59497762451632,0,0
11.416666666666936,-0.3982356995341503,94.25762232423261,-39.27270974664838,187.1551725709955,-1.4783668318305787,-23.422131131076227,15.86018563247037,-28.88215999675392,0.10536328060408406,94.25846358757424,100.70342384591295,0,0
11.425000000000269,-0.256769791390691,94.1899407417664,-39.29536233009815,187.28519772864058,-1.3717565498857816,-23.565039373226654,12.338909590074518,-15.803377913311106,0.10510146908100637,94.1902907292638,100.94918811389903,0,0
11.433333333333605,-0.06189718593412419,94.14715481704434,-39.128487590774675,186.69031621688254,-1.2979700076300837,-23.708031768816884,6.888065604614937,-8.744046877161965,0.10568216277125275,94.14717516424028,100.45115831953399,0,0
11.441666666666938,-0.018295720510020708,94.13176669584783,-39.365955077374956,187.0250388501264,-1.233518072731288,-23.71713988914481,2.2186776748714885,2.708784884158713,0.10557328818092815,94.1317684738522,100.88309228207048,0,0
11.450000000000271,-0.050478261236317046,94.1411149714371,-38.50867891551592,186.92901406306072,-1.2259660343829442,-23.6806878920721,-0.25941856782158307,8.867883413212315,0.105479601345702,94.14112850460312,100.44215955166516,0,0
11.458333333333606,-0.08795288125315448,94.0656733238468,-39.3326283707484,186.7040510947129,-1.2531215974830983,-23.570166907465534,-4.745004472053352,21.807992655760216,0.10578322607751778,94.06571444250017,100.6082183039412,0,0
11.466666666666939,-0.23975729815623037,94.24270699057007,-38.15703629549909,187.26437421274898,-1.3213417592316878,-23.32085788445669,-10.097449088559689,30.37586260133461,0.10477295523419228,94.24301196625915,100.45272828229271,0,0
11.475000000000271,-0.4325678449518433,94.17314760565557,-38.560879284055424,186.38265555289752,-1.4247907126090746,-23.00454981324309,-15.114099052865607,43.80291683045031,0.10498707900949089,94.17414106269872,99.78156888458787,0,0
11.483333333333604,-0.4307174852005984,94.14290816149241,-37.218093776262144,187.4077818962606,-1.5789281309883088,-22.57441899250286,-20.106155179306402,56.87554005847782,0.1051932289730848,94.14389345387865,100.25790605803817,0,0
11.491666666666939,-0.9756341293613628,94.19828225660052,-37.37238767906165,187.03613569246056,-1.7739632534448793,-22.03786969945163,-26.276742762787105,71.78852949710745,0.1061894657124327,94.20333455907256,99.71755462071786,0,0
11.500000000000272,-1.4957373184613472,94.14471933618091,-36.081363826135934,187.29005364762946,-2.0057198407675396,-21.40916818028232,-31.230544437058718,87.18769949813553,0.10827648762894304,94.15660045378716,99.3590401771267,0,0
11.508333333333606,-1.8414678733728307,94.06179649387474,-35.68740717726484,188.33154493146702,-2.285033062883244,-20.609541701706142,-36.317033042908406,96.97832625672054,0.10690717831518004,94.07982017193575,100.1615349215939,0,0
11.51666666666694,-2.399065240877401,94.19767058354199,-34.15125694465393,187.42729703139088,-2.5960344175199457,-19.794245836358108,-40.06389894970394,110.44255113177402,0.10903610632856964,94.22821582411225,98.48839995450642,0,0
11.525000000000274,-3.0638812547409158,94.0868225142467,-33.286997205882464,187.81511202769224,-2.9443830086624296,-18.834155501415427,-42.62320033116718,114.18748802155676,0.10446307735143101,94.13669602854411,98.48060211489575,0,0
11.533333333333607,-3.596436397592238,94.12290053135035,-32.52528891482893,189.58723387024088,-3.3051060122957034,-17.83463412381308,-43.08527240533217,127.31078853431487,0.10822406797459161,94.19158539485572,99.75127792566286,0,0
11.54166666666694,-4.157227664127613,93.99951665737939,-31.27580059804239,189.83397378760213,-3.6859743470763084,-16.69432706326639,-46.9835123625237,134.66406616194777,0.10614423517462201,94.09140063614917,99.59749078875711,0,0
11.550000000000272,-4.926925322134589,93.97616746559288,-30.047753508864556,190.46480225470998,-4.089424646395743,-15.532504102682838,-49.610971452971405,146.0429298331969,0.10911390070796845,94.10523176025363,99.70512851531171,0,0
11.558333333333607,-5.524028398578419,93.69166240866798,-28.57336291002218,190.02058182357564,-4.500418254445442,-14.341894757636197,-49.81071477499007,147.53995516992399,0.10468644175318698,93.85436854322823,99.04813242592819,0,0
11.56666666666694,-6.251185359277311,93.82216896358642,-27.17808144593584,191.14640426517047,-4.913161277232571,-13.140612896715586,-49.62304290250519,148.60761115670687,0.10069669641123014,94.0301904040814,99.54869038244503,0,0
11.575000000000273,-6.901200562079619,93.60822484544593,-25.138411950063297,191.33608146830693,-5.319165438794877,-11.889344150218335,-49.51680040786172,150.45636527531576,0.09790542685562809,93.86227318743995,99.41493770710957,0,0
11.58333333333361,-7.844966072357859,93.70932494082757,-24.11874967493196,191.44173344428418,-5.740996420122235,-10.575885271157622,-49.477060161341086,155.58941907354603,0.09905654166058042,94.03712603829433,99.078048550776,0,0
11.591666666666942,-8.279359584141954,93.56873129602127,-22.487761272812573,191.2767854657552,-6.167686800455472,-9.236056683572587,-49.11050087560653,158.91649240325427,0.09947149295755642,93.93431359982651,98.73572062927519,0,0
11.600000000000275,-8.859090487617433,93.53245077305422,-21.31731519343452,191.3735055269965,-6.555501293278612,-7.903028940836858,-46.62183335051629,160.56970001608718,0.10035761664794718,93.95106615617306,98.63102634660434,0,0
11.608333333333608,-9.625014591229611,93.90652746470204,-19.147621847357694,191.1189927251437,-6.923289552058016,-6.5849766323328485,-42.09085497783843,158.8148720529005,0.09990853478149964,94.39850002177059,97.67775310154836,0,0
11.616666666666942,-10.165090283610763,93.3212653494133,-17.03994746926622,190.29504045225985,-7.230043411616752,-5.315253948612121,-35.76734090761367,156.93524834480812,0.1017006189644496,93.8732529898137,97.21716267727949,0,0
11.625000000000275,-10.750290237047292,93.10984157275635,-15.319845047324005,191.11128341907892,-7.502252664358273,-3.981249647001063,-29.702511008424878,160.9282820523829,0.11161614815439869,93.7283913117287,98.1079172907175,0,0
11.633333333333608,-10.994804812158858,92.72947780373022,-13.848235769543802,190.99456948274963,-7.7258271786163535,-2.710090039324591,-24.491465388606564,151.59685972255278,0.10480591506245052,93.37902219776113,98.3065120473443,0,0
11.64166666666694,-11.049377756410191,92.77404790014992,-11.931264260039537,190.72289765867828,-7.922617859172099,-1.408848849360195,-17.40182658741049,147.0663905272171,0.10685709272356414,93.42972071339592,97.9528197288064,0,0
11.650000000000276,-11.385485111584497,93.01269993536329,-10.196977367665678,191.1849484421249,-8.068668033419163,-0.17682122759544358,-12.430431454640518,139.84200269769326,0.10382237584253184,93.70694542290899,98.17944248940667,0,0
11.65833333333361,-11.379655635932917,92.64535657774633,-8.03710040602095,190.69420085073625,-8.161321462261597,0.9778540516805307,-8.78705802371456,139.37102737166032,0.10821540794100803,93.34162339390816,98.1058027780928,0,0
11.666666666666943,-11.640398797042163,92.63199043423708,-5.925534523812185,189.84665597076588,-8.205889157772054,2.097701247710316,-4.296354148891673,136.90777348791346,0.11143820681303662,93.36050843886171,97.38249775519522,0,0
11.675000000000276,-11.631162996000736,92.62140487817038,-5.083519053073128,190.6047516104788,-8.17485818087537,3.2007599583950186,3.3983358947401796,131.60030555096307,0.1152983248127275,93.34885427387687,98.20187308838426,0,0
11.68333333333361,-11.511042166268279,92.60645634057926,-2.0901328379994153,189.87992862251252,-8.086583500904494,4.231164724457396,14.106947200134533,118.44118566405533,0.11352801997686246,93.31912905569371,97.72861373392904,0,0
11.691666666666944,-11.381826527359234,92.75604803251326,-0.984255188300831,190.17043078039598,-7.945286410932017,5.1795120691525485,24.72736335975796,106.45433330998632,0.1141213779621677,93.45175451380678,97.96770618883447,0,0
11.700000000000276,-10.88591028682799,92.69968036471346,1.252529992802697,189.8327908533908,-7.6909884404696935,6.055936423296019,36.072251589094336,96.9923935008297,0.11969132847035491,93.33666901327103,97.88862490416219,0,0
11.708333333333611,-10.21240103038161,92.70702339364533,2.9310827579779515,189.39768200332708,-7.368897710521198,6.839069693780948,45.95834690229758,88.82315111269097,0.12540267435431973,93.26781503452969,97.579888442593,0,0
11.716666666666944,-9.439961142292699,93.07039079248858,4.943587506725753,189.5253074792385,-6.958286973245041,7.527275651948881,53.39251495176273,78.89357688513627,0.12500433671611955,93.54790488639784,97.52147160900797,0,0
11.725000000000277,-8.888449724198036,93.50759078973766,6.257955935409716,189.54067786873162,-6.485481194952605,8.09535747141481,60.80742558870349,58.28444077333503,0.11195123928545758,93.92909066844322,97.22020067006153,0,0
11.733333333333611,-8.109480829754315,93.50809622935299,8.233286497991632,189.03687284836582,-5.958604342951107,8.478352955159837,66.20738599438018,47.633517780002194,0.10790859139229658,93.85908448182354,96.91663018416445,0,0
11.741666666666946,-6.895800712350019,93.56233855227299,10.156300181769328,189.25118811287768,-5.361041416692093,8.842161734393846,72.79275400319855,31.681625945600675,0.10087165902718098,93.81611408939615,97.19634805451932,0,0
11.750000000000279,-6.097120593284326,93.70202952056269,11.134237540409462,189.44255844082215,-4.683454434449655,9.00949833830527,83.05885098686142,16.389699304013554,0.10119793268019572,93.90018751739238,97.27881876884943,0,0
11.758333333333612,-4.8411793954687665,93.77565146817471,12.24554184288576,189.29641674202935,-3.9858917816338497,9.196168320980307,89.8892522170502,9.522376927915621,0.10491632173265453,93.90053155451086,97.03696533373284,0,0
11.766666666666945,-3.5513061097101355,93.78186971718497,13.15326543121228,188.90829244902676,-3.230133587929013,9.267931291382187,96.41830924650056,2.41488493680812,0.10808638141581861,93.84908557218829,96.58198078380283,0,0
11.77500000000028,-2.265923435540567,94.09994139455858,15.141031993443054,189.37349719756116,-2.4012200470945677,9.285809850950077,101.54908496463634,-2.477828553294621,0.11121545189751147,94.1272191211187,96.85067130719574,0,0
11.783333333333612,-0.5688839471537177,94.06117081832343,16.650572972686238,189.50180709738214,-1.5191953512995464,9.161949619421305,107.59187172763178,-8.505613756580006,0.1151339131831608,94.0628911136541,96.98156912509614,0,0
11.791666666666945,0.9395727114479699,94.20269481445183,17.706648318212334,189.2573719257516,-0.6044199498325102,9.015363268994124,113.85552313947757,-16.150765689338364,0.11869191911833221,94.20738032227011,96.52215530714392,0,0
11.800000000000278,1.995232579083397,94.06338778588741,19.421144437097556,188.75090556274677,0.3835327758151706,8.848366728413723,118.36930078710596,-25.16384672945828,0.11841552755615092,94.08454641864874,96.27766317701284,0,0
11.808333333333614,3.988065298849567,94.13894104343797,20.054142933653683,189.21277217361842,1.3800656129538704,8.634237607404174,122.43173476751653,-34.41105123946665,0.11794585684761971,94.22337759604979,96.4217414089666,0,0
11.816666666666947,5.760281568700582,93.97972168466146,21.52230953057148,189.33560314917497,2.434847083316876,8.356226087913027,127.71363239927962,-41.81399301577127,0.12232225576905309,94.15608812858113,96.64980939114754,0,0
11.82500000000028,7.52774335110269,93.66405799736003,22.180423817383033,189.00277632063222,3.5048976717124476,7.954755342380363,131.0113296042507,-46.66009927381742,0.12563121249640563,93.96607196479427,96.45813732584281,0,0
11.833333333333615,9.219275531252098,93.58905012636643,23.80092937360479,188.9526344109372,4.583133404933558,7.59836357536738,133.5609500202879,-47.10069411183906,0.13227051950855984,94.04204030579449,96.47195362580067,0,0
11.841666666666947,11.059786805307628,93.07427324861266,25.103705108500552,188.94756239228565,5.705069829896708,7.159627409656042,133.69805808753904,-49.803524949577735,0.1330847165258362,93.72907353076883,96.89643549962548,0,0
11.85000000000028,12.682453798594569,92.55242342105362,26.04616901414568,189.09679407949852,6.803863755913008,6.788552772126553,128.04271411913024,-39.310646399055884,0.1346768616121743,93.41732021131563,97.46488798637974,0,0
11.858333333333613,14.705726433010117,92.48728210664302,27.280313313716594,188.95657532369052,7.870551235959357,6.478047525644997,127.80271724978851,-41.796817475000765,0.1368483724063707,93.64910966686391,97.2853779815709,0,0
11.866666666666948,16.15918766707438,92.40841049777237,27.874158177244627,188.54840000694577,8.917915160673893,6.085689928852731,124.63903698002547,-43.94536955116648,0.1343824591546423,93.81062667301896,96.8511131421737,0,0
11.87500000000028,17.876979234671413,92.03417655197904,29.579400480201404,187.84026300433356,9.937963853817669,5.733332965403578,120.46645594255477,-45.31387976783629,0.13180743702308462,93.7543387804411,96.51814784963427,0,0
11.883333333333615,19.524109812446117,91.72598196043532,30.05969075062615,187.66741991467086,10.929654137423283,5.327442662097504,115.89245053415412,-43.64515568851689,0.13158474281067578,93.78084362264268,96.5181743633362,0,0
11.891666666666948,20.908701490556556,91.97411426489538,31.752336752239163,187.17642933718298,11.893895627036768,4.983058619913492,113.1416893563456,-41.603903692645176,0.13555373523492165,94.32079035309889,95.81787526767397,0,0
11.900000000000283,22.70376121422021,91.24414209465215,31.831592924169176,187.3690155411703,12.835684715302598,4.604623364914075,109.9383020754539,-44.78703289965114,0.13585470473604833,94.02634864686283,96.55728148013635,0,0
11.908333333333616,23.759568849760573,90.81243884524048,32.50731314982472,187.21554225532628,13.704324605969441,4.276140688243095,104.88615400027403,-42.65363902017323,0.13699611963685676,93.86914381705553,96.79918066510172,0,0
11.916666666666949,25.16286859932342,90.23794490758911,33.91644445841127,187.33340589602102,14.556798816381159,3.951318688826217,97.9167919460198,-38.943088150632946,0.13695880169579633,93.68060982557651,97.4892488168665,0,0
11.925000000000281,26.515579749263512,89.95749467192496,34.46743625601807,187.01633384658533,15.336382643133735,3.6446412054604815,91.12097702812957,-29.748157106773757,0.14048689144764026,93.78393688201066,97.38403505624831,0,0
11.933333333333616,27.710328878182057,89.40037029476628,35.54908358250169,187.13021864278323,16.051399850561214,3.477982038650861,82.3975264363975,-19.238451342602033,0.1425123021089325,93.59641304760743,98.04371134061014,0,0
11.941666666666949,28.686280050552742,89.34955609207623,35.6920770699756,186.97790590452956,16.7144201426563,3.3559294200661403,73.10082102192634,-3.5012550664434596,0.147624847973717,93.84159971457123,97.8793945576908,0,0
11.950000000000282,29.402669638943625,89.11907011693495,37.03988475189312,186.6336345047023,17.281534155365087,3.338555025855296,65.64168824414844,-2.8316558514622376,0.14544124516209145,93.84415613347495,97.81317560746857,0,0
11.958333333333618,30.468835147998053,88.84039320322057,37.704555641952375,186.32238942467768,17.825273474378225,3.30653646793266,57.25510422487575,2.9520503036653527,0.14594055096260838,93.9199945686685,97.75016745963563,0,0
11.966666666666951,31.066851163656853,88.79755465470168,38.636462591519326,185.81981335841073,18.272516579008943,3.267332255424072,50.224683520639914,4.869436321717624,0.14533698342196466,94.07526217810685,97.31709870900525,0,0
11.975000000000284,31.690111788361552,88.73086022367016,39.655238383296485,185.70112630011636,18.642405000295184,3.41504913824648,42.28979061970063,13.480604682778464,0.14737330918298142,94.22010794512678,97.29684344628099,0,0
11.983333333333617,32.41614862002138,88.87421431177108,40.03853602126964,185.29883201493539,18.931190985563585,3.58540139195081,32.674111462705355,21.206228745939594,0.1472044923349407,94.60144111423425,96.72542421150757,0,0
11.991666666666951,32.70158562835025,88.77337884720583,40.06515735249389,184.41771816775554,19.168730223759244,3.810935927195962,22.695479280341463,26.579210039421962,0.14598165146946895,94.60500248167565,95.92737790954706,0,0
12.000000000000284,33.10940804047221,88.70124351176344,41.3043219443506,184.3395926670322,19.38263404499192,3.9944057564779794,16.66324555758647,33.89664480078351,0.14874488177207779,94.67916086089716,95.9888037379208,0,0
12.008333333333617,32.913931899404254,88.58757659392967,41.656037151419646,183.7529776694526,19.442428473355662,4.394128907729816,5.673521359177813,48.52809273228558,0.15111164435846547,94.504421271515,95.56609213576988,0,0
12.016666666666952,32.74434016297301,88.23816660993589,43.493537328256714,183.66260409535505,19.420237028946566,4.860495476470985,-7.882760259964687,65.56059941167777,0.1539267853377173,94.11782965725087,96.02795691415501,0,0
12.025000000000285,32.59099468572209,88.06611680212393,43.17357542624905,183.8588606441615,19.30611043088484,5.4594922491347235,-19.708713298508748,81.12950870860524,0.15745201246432305,93.9032154040004,96.37551965056271,0,0
12.03333333333362,32.593665051995806,88.11302765119228,44.22814588486967,183.66317640929532,19.076652293427163,6.1716761024910936,-31.88374640330547,88.59988389859424,0.1561684496561404,93.948138051701,96.25586772735535,0,0
12.041666666666952,32.23958374535034,88.31621461656357,45.15067881144655,183.51327185611188,18.7643643099314,6.952494394405054,-43.44832117135703,93.76531221558533,0.15451937591104636,94.01672470508838,96.0686009207775,0,0
12.050000000000285,30.859161143061332,89.03466873499053,46.262047421824214,183.66925981391512,18.382196120619515,7.721188887543599,-51.83700491605421,98.83156027175518,0.15357519947958265,94.23088699148983,95.87989744671077,0,0
12.05833333333362,30.48381848261187,88.8019916173804,46.614667218008044,184.10006691138744,17.950436060642794,8.514149533737708,-59.56739201692695,99.39818866553536,0.15109983748354505,93.88853446770871,96.65364677893156,0,0
12.066666666666952,29.661796179816466,88.72441915559108,47.36994446529304,183.961843959271,17.430092972966374,9.30809057118519,-65.64454241276546,101.79492484948531,0.1491118303025476,93.55129452396686,96.8697352062914,0,0
12.075000000000285,28.70793815909855,89.39661088228371,47.399801773689724,183.7837730472333,16.871518028375856,10.229068861736767,-67.61138308276654,96.33794013508913,0.14432781223122104,93.89302290684368,96.22017536327279,0,0
12.08333333333362,27.84207502556342,89.20061620943181,48.17062962845444,183.9635456008465,16.26473133278053,11.02098622136015,-69.4267406325723,91.52765529002573,0.13969980966387308,93.44480228386945,96.91884707880591,0,0
12.091666666666953,26.93310020400367,89.30880985083496,48.3657562568007,183.86610398911972,15.644855330218347,11.791482845703142,-74.57905095080075,92.41388687136525,0.1383259380604942,93.28159198669101,96.9558694470407,0,0
12.100000000000286,25.887687409503204,89.88943103722886,48.63710523363023,183.98200254825377,15.011424978806074,12.550375325252595,-84.09020783383914,99.63687406482653,0.14104352788449148,93.54294292788138,96.80365708429639,0,0
12.10833333333362,24.800476574800715,90.5832491449774,48.95978016335392,183.72450052703397,14.290915819426818,13.395882573601494,-86.41080139867918,97.8243923537598,0.13883617238382762,93.9169242681972,96.22351406438726,0,0
12.116666666666955,23.806381921718586,90.62257119248875,49.45719012302113,184.02738471677765,13.571572926676644,14.19828008492918,-88.83030390784143,98.29557260605206,0.13756230099514832,93.6973544436577,96.86290905649692,0,0
12.125000000000288,22.503605411862058,91.50553393280398,48.43343424331835,183.02733446878995,12.846383485734274,15.03311702279953,-90.65585925351016,98.73147789570199,0.13673941309743576,94.23202744746783,95.1241083878184,0,0
12.13333333333362,21.254780332544787,91.56565504836965,49.283797011769316,183.27867612973648,12.076570140462517,15.88445460812733,-90.95000427911128,101.29921540980285,0.13547158413603855,94.00018548610292,95.90049015451112,0,0
12.141666666666953,20.026179458755,91.54360558515475,49.37017665741127,183.17370841327448,11.297020003137051,16.741957305511338,-91.56215998530908,100.42984561147742,0.13481751232818162,93.70848193864116,96.21406298398662,0,0
12.150000000000288,18.95395584991343,91.72836694087073,49.511741658751255,183.4042293822477,10.535960136999377,17.536806088622537,-91.56497578587086,96.49038005007235,0.13400464272063406,93.66613979448226,96.63457987650737,0,0
12.158333333333621,17.718614905840642,91.94666925803085,49.49928900588481,182.91898601266269,9.780231802901895,18.259491198719207,-90.67781677549694,88.47170075098764,0.13281652356531826,93.63834311769509,96.36375699379039,0,0
12.166666666666954,16.468799315513312,92.3022692525733,49.7334818153878,182.97915770257782,9.00793987208455,18.978276596325955,-89.95474504365978,79.85917871121889,0.13277996548946547,93.75996085786933,96.58590580820797,0,0
12.175000000000287,15.079712401811722,92.2102669232575,49.235564721760745,182.49417491672745,8.303595740231568,19.582684236033753,-87.37567911904596,63.50331677978948,0.13310801525539384,93.43517031706932,96.52878477571088,0,0
12.183333333333623,14.018106985799935,92.42687120834682,48.55915060685573,182.24055802367116,7.591339531861756,20.029712384252715,-84.28001262453354,50.82864091491075,0.13272706271162216,93.4838694365486,96.22672203599603,0,0
12.191666666666956,13.033814786174847,92.41964484531951,48.01413769396641,182.23207471979487,6.921841198113905,20.42142124666789,-78.48841288120187,37.639842512048084,0.1306696541440151,93.3341903121,96.38410424282067,0,0
12.200000000000289,11.868078123828358,92.42670895887244,47.499976601370754,182.3973135497754,6.239547505243944,20.758344205910582,-75.90122313618441,29.18116051097192,0.13075499880608854,93.18555578694266,96.76952970623809,0,0
12.208333333333623,10.836812768786505,92.68717909035655,47.0287553678636,182.13148792574867,5.601742791480804,20.9762585671113,-73.50489054616438,22.278405141939274,0.13026762284359794,93.31853877292316,96.48907239753058,0,0
12.216666666666956,10.252670675656876,92.66388046047626,45.933281152917864,182.19762256839334,5.021528954750003,21.109559818800545,-69.37147012395542,16.33314331845549,0.12735911074187234,93.22935159045626,96.3815176259278,0,0
12.22500000000029,9.062103119822329,93.43203951558081,45.074301907511774,181.96438247221784,4.490565524185381,21.191127013754304,-64.51079132559013,8.379579313791616,0.12484518245084697,93.87048375818325,95.57643125224784,0,0
12.233333333333622,8.336367840643394,93.36849485119563,44.72626237668238,182.07479862756708,3.9751089587238355,21.240701703227206,-59.25078399718853,-0.5015639981173091,0.12270270833499808,93.73991070804506,95.88030430703654,0,0
12.241666666666957,7.124181378108237,93.44958294116117,43.583054816079546,182.2994734468616,3.4833517202466386,21.191975427782904,-54.648449563802174,-11.801263064620123,0.12262806551338779,93.72074750120778,96.03932785708658,0,0
12.25000000000029,6.855551878998544,93.51416147526902,42.82486623136999,183.0372873060253,3.0417556150014495,21.026284823752725,-50.209803274910136,-24.47834751803443,0.1237350791234495,93.76511605063115,96.47891807793626,0,0
12.258333333333624,6.411271318644485,93.59526242004887,41.84380817872324,182.7062015320638,2.65362244136599,20.728962328917163,-43.39457566791948,-40.79040491322721,0.1250567096695403,93.81459133524531,95.89694540373053,0,0
12.266666666666957,5.699974030097796,93.65892264499576,40.7370885854295,183.19755061313515,2.3236146211474424,20.315192613889348,-34.00459917049017,-62.94871543650717,0.12940481707244889,93.8322092618792,96.14970252049827,0,0
12.275000000000292,5.0245721734596644,93.74883431181263,39.41978819121528,183.6422771980487,2.111872882009612,19.707318496470847,-25.808779578010274,-79.42148056521884,0.1307688777148699,93.88338649809135,96.2489582221494,0,0
12.283333333333625,4.69671443157353,93.61709634011885,37.49046843033711,183.66996284161928,1.9101155968179617,19.013090539656716,-19.53659634127,-91.47339390222972,0.13058183413337687,93.73483799317545,95.83813993639735,0,0
12.291666666666957,4.671190461892825,93.74254619126765,35.94070559924155,183.76479064649254,1.783074897552718,18.18837095057905,-14.403503925821623,-105.95079364256888,0.13476851972059256,93.85885673048244,95.29841065663766,0,0
12.30000000000029,4.613627216375453,93.7223544342038,34.681435576915085,185.38436355881657,1.6574421554456265,17.304764780382552,-6.991602300438585,-117.74007468977943,0.13368411211367937,93.83584217548324,96.46759568044979,0,0
12.308333333333625,4.56938981292473,93.73360086418131,33.100047738618805,186.0070825571736,1.5983810347681318,16.238913804357683,-2.323164391792982,-129.52670329217187,0.1359551733063853,93.84491064638569,96.58361074954668,0,0
12.316666666666958,4.531961477838768,93.73734057416829,31.60480594074932,186.74368069059938,1.5919381786445626,15.1174014525952,-0.5971830049072823,-136.23021835772903,0.13601326225688215,93.84683102137349,96.86649683541883,0,0
12.32500000000029,4.15095471026189,93.75110078937274,29.43626322940634,186.95368781505698,1.594146817080691,14.020200713235694,-0.9743579912503871,-136.05240853197424,0.13029609099408068,93.842950317143,96.57157477844379,0,0
12.333333333333627,4.508848471068636,93.74122432393926,27.301868478928444,187.3791935446343,1.6249412171230044,12.827060098297148,2.640658334415391,-145.40797484751076,0.13236168802258685,93.84959697455372,96.37214867820747,0,0
12.34166666666696,4.453367360576697,93.69729289122478,25.52085183015902,187.7540362758349,1.6958420365735214,11.523715510257128,10.098343804592895,-157.4171972108183,0.13355366285543546,93.80306592000184,96.38729106056716,0,0
12.350000000000293,4.6563177534730515,93.83807898135353,23.1371991587194,188.74511653388254,1.8114046591013024,10.164479991137101,18.010995673436888,-167.55659114424506,0.13245411652565942,93.95353299334758,96.68965174470291,0,0
12.358333333333626,4.840852693093216,93.65012274546262,21.961128111306895,189.3750094013455,1.9706688566740829,8.827521496136917,24.169358889562517,-167.4417237229988,0.11993654816699406,93.77515313256728,97.24380574451575,0,0
12.36666666666696,5.137858504353464,93.6496856472499,19.88646208862861,189.39920977880786,2.1857248755456413,7.442045413416146,29.20228451433025,-167.5577028104437,0.11026573356626956,93.79051770749258,96.87875246464466,0,0
12.375000000000293,5.906765967008487,93.93670962812172,16.863797285302955,189.26338424858784,2.428755668105881,6.016688500603572,30.032213937599646,-170.5231371816917,0.11008301636742779,94.12223594851041,95.95431949373778,0,0
12.383333333333626,6.29596455941675,93.91305113688622,15.306421058382117,190.13824413377506,2.6873437170412324,4.542647054675649,33.884615127076195,-178.88565762327238,0.11494612728119691,94.12385639981417,96.6461385343887,0,0
12.39166666666696,6.567248852715811,93.72251984490612,13.756048495801796,190.3536573854032,2.988035227326058,2.9903996680827802,34.66928156097179,-184.11044123592407,0.11997770004144659,93.95232558895133,96.8981712039959,0,0
12.400000000000293,6.979027139570751,93.76618722262265,12.118609718805661,190.54389539279646,3.2771445177014598,1.4575623644875608,33.94358855926246,-187.8932997154838,0.1258807623650191,94.02555336759676,96.91408621949702,0,0
12.408333333333628,7.508307157223503,93.50888655658912,9.101516881621425,190.4004577360422,3.553960966483896,-0.08792335385347669,31.4086576244243,-181.7673066565401,0.1201390079318827,93.80984245493788,96.90466904566023,0,0
12.416666666666961,7.835469875333563,93.56249644806422,6.6161440290970335,190.66231828026895,3.7832754409984273,-1.5554443571806975,27.135533519886746,-179.2180703599771,0.12277254622688716,93.89001719970706,97.1074773401369,0,0
12.425000000000294,8.502450612735405,93.50263356511664,4.6203212353103185,190.3675122250134,3.9894572291548647,-2.9941924328209524,25.654520295368783,-182.16402900711904,0.13109955066601042,93.88841328957733,96.9426410115775,0,0
12.433333333333628,8.688324829111881,93.57800459015652,2.623801621872876,190.4964038050432,4.198773578680273,-4.563900186086975,22.48474162399728,-179.6426979055425,0.13441533907928083,93.98047633105249,97.10795306311059,0,0
12.441666666666961,8.810262331920686,93.25023243407958,0.7155643822276305,190.52818581483763,4.384755700533993,-6.0502028587810255,18.372045526430032,-168.4004739476435,0.12649552141889275,93.66550363590177,97.61416059591816,0,0
12.450000000000294,9.044191041113042,93.5071291734767,-1.3602682137330886,190.4709966538482,4.567255907869978,-7.510053555324107,17.55100701166719,-164.17887953940914,0.12584228115124363,93.94349683641443,97.52048179298951,0,0
12.458333333333629,9.19605181248858,93.46046058047853,-3.9662719428445667,190.53543133014375,4.687793020818933,-8.776606632330404,14.208912462498034,-159.11925463580417,0.12718780520869633,93.91179404554656,97.96324164036513,0,0
12.466666666666962,9.62377893301272,92.964982685434,-6.131120814381286,190.4742065763199,4.755715803173654,-10.040384060905895,8.035314398497933,-152.51384482936095,0.13047376991325388,93.46178431131379,98.77381034390315,0,0
12.475000000000295,9.698348990104197,93.38912234893127,-8.273019752561364,190.10487728753827,4.779890886788369,-11.236312184238729,3.3931935159879654,-141.63999497068514,0.12622350902308233,93.89135288319957,98.37127298062958,0,0
12.48333333333363,9.739736876950705,93.45382855787341,-9.41210230520613,190.12635402072425,4.768440740346565,-12.373707128443668,-5.29463473523575,-126.71642785203815,0.12252773185862109,93.9599943941922,98.55135779594688,0,0
12.491666666666964,9.75567510311203,93.3743880443788,-11.732921589980204,189.36646307297696,4.714758498462811,-13.40718007787499,-13.16016784169792,-110.9138047695585,0.11754750861342345,93.88263704956158,98.36787207281853,0,0
12.500000000000297,9.094967289005641,93.52405175664461,-13.227509229807591,190.43901235731346,4.586603713487595,-14.278562261892818,-21.34447307554411,-95.59452127793685,0.11403280017012962,93.96524190873784,99.45251402635412,0,0
12.50833333333363,8.919215275785522,93.58963195991748,-15.637726400358698,190.24851057432915,4.396840896452166,-15.044094352191024,-28.072206396785983,-87.26443004377505,0.11693580715704766,94.01367778961003,99.7295452685969,0,0
12.516666666666962,8.730735960028714,93.65933516720241,-16.663430644098806,189.86394427011544,4.09702905731284,-15.733387204462412,-35.58640607717243,-80.50901708148854,0.12262971606634165,94.06538584604913,99.49970105564378,0,0
12.525000000000297,8.065160899904985,93.40993893200874,-18.388256974054226,189.51542703901583,3.7706707074092245,-16.325949789385163,-41.940595115084776,-68.93853513829211,0.12150447468473446,93.75747176424372,99.67972793652874,0,0
12.53333333333363,7.675441129090193,93.64388963964694,-19.624341076187076,189.4640085663013,3.3972971442044066,-16.85371116365843,-46.82021572549776,-54.77649919169326,0.11615562587287975,93.95791857724662,99.63319376379418,0,0
12.541666666666963,6.805367021027739,93.82089453387124,-21.150723738175994,189.52429612476743,3.0050609194341105,-17.29416364578653,-49.992674455321406,-49.46515556457681,0.11732581257897534,94.06738686402787,99.70297932662388,0,0
12.550000000000296,6.098474335320991,93.83621333199284,-22.979458322603417,189.62654798650289,2.5887220723600635,-17.65652821909323,-56.33091650984258,-33.43897587401309,0.11311066643325107,94.03417634937757,100.10651517699442,0,0
12.558333333333632,5.045827048698702,94.07604256775454,-24.124331612609634,189.4495371020746,2.114732203986533,-17.894362612626995,-58.2755959472739,-27.522451290832468,0.11161563398480023,94.21126342330487,99.7346560429918,0,0
12.566666666666965,4.613485275876262,93.86473286360865,-24.391068835626296,189.03765571957388,1.6167730307554948,-18.089242046140434,-59.23370718598547,-16.604222394956818,0.1052085691227167,93.9780417009598,99.49446921389443,0,0
12.575000000000298,3.6912513435928007,94.08975162212158,-25.784570053836088,188.72692629882545,1.080140926421411,-18.139848477158647,-64.30565638831659,-3.3164348398021795,0.10238986935846217,94.16212984419005,99.12123323406588,0,0
12.58333333333363,2.8758475420156673,94.0608730069884,-27.011687918510116,189.23602813513156,0.49497842764772304,-18.147585877100223,-69.6780448328806,6.7592285991751915,0.1025612050826763,94.1048262838932,99.75758081253927,0,0
12.591666666666965,1.688232313261044,94.05546414023246,-27.319480850314218,189.4951159142165,-0.09258600718397327,-18.059794770253497,-75.76441936158906,17.000821559457453,0.10359468616401468,94.07061423727438,99.7505616711986,0,0
12.600000000000298,0.7757359781899185,94.18142112811773,-28.54784037483773,189.3575529545597,-0.7594820851821408,-17.825668661136973,-83.82056518166465,28.99904567419978,0.10601582591412173,94.1846157927064,99.59100461174243,0,0
12.608333333333631,-0.4906837522709635,94.01452971514937,-29.013511999145518,189.946245973293,-1.4754327222429149,-17.54851085982404,-91.40636718831361,41.54577901483561,0.10834994004626841,94.01581020288793,100.08219579642368,0,0
12.616666666666966,-1.9918255410100825,94.03088057685511,-29.590726819587072,189.63083410230155,-2.2339190637308493,-17.16898252233267,-92.27114313535427,52.645147616634745,0.10322619238569164,94.05197430700011,99.5040223601647,0,0
12.625000000000298,-3.091254212086649,94.05526317920857,-30.488683770033443,189.51286908542056,-3.014632256235598,-16.71857158170923,-95.16670403725028,56.45826161308008,0.10371546717227087,94.10604860642026,99.31149818489466,0,0
12.633333333333633,-4.31338144602267,94.03890745335502,-30.41050466142985,190.06845588505513,-3.822364920882307,-16.229864553072535,-96.75164627925912,60.89738488657507,0.1027861318274299,94.13777867848573,99.51248169006931,0,0
12.641666666666966,-5.991627348419054,93.82195457475473,-30.946781513576806,190.40037219181693,-4.624062202964118,-15.72135783763247,-97.27107534811985,67.40198657518602,0.10050588299022278,94.01307759301183,99.7504409455039,0,0
12.6500000000003,-7.067925301744704,93.7663903105186,-31.500128721127677,190.4057979439272,-5.437695577675763,-15.132069132294626,-95.93261572846511,68.10658643151154,0.09802618700667765,94.03239611929263,99.68002644292498,0,0
12.658333333333633,-8.272000163529182,93.70927112367508,-31.411111696289023,190.09268371479362,-6.267651204155216,-14.494773920429378,-98.45314927987079,77.91077869850648,0.09817830826561202,94.07365986946543,99.12204954113534,0,0
12.666666666666966,-9.948895887975478,93.48484361261347,-32.089437244013645,189.4534945632331,-7.049644573134006,-13.854116178708898,-96.46944741155137,80.24523613117124,0.09577599288066674,94.01274655420175,98.48951993395187,0,0
12.6750000000003,-11.040613807972075,92.77885008918554,-31.83377925316989,189.7120281067389,-7.852171301881843,-13.143550194785044,-93.83511012744418,82.99280997162325,0.09332359020390513,93.43345320134725,99.13827076267802,0,0
12.683333333333634,-12.27823382431296,92.99566856190472,-31.856928407141762,189.9835740548255,-8.624470443536863,-12.426786752343498,-91.28003162078238,91.82488763294398,0.09162388765252993,93.80271529716045,98.94432319982498,0,0
12.691666666666967,-13.615941345905409,92.62620113050218,-31.847928226360576,189.95029432208037,-9.395470541177259,-11.655701295481581,-91.96112723793796,96.85833594440783,0.093592467014731,93.62161606489913,99.01709176284712,0,0
12.7000000000003,-14.96144579643072,92.59715466062676,-31.583173404429598,190.4306523881392,-10.130563157733368,-10.90186617924518,-85.39211870908589,91.3478607465888,0.09043354643470902,93.79806987120558,99.23545286979697,0,0
12.708333333333634,-15.542673297260134,92.43768054464635,-31.6370747332121,190.14733124472508,-10.814857395515443,-10.161542299426088,-79.19456568504106,88.18556240231692,0.08837805381300656,93.73526272273126,99.02628740649105,0,0
12.716666666666969,-17.10158327622872,92.084435355148,-31.235601392667487,190.76189940270518,-11.444293803706453,-9.385089408464793,-74.94782329632847,86.59367611308573,0.08794500652288617,93.65899521791923,99.68456439676486,0,0
12.725000000000302,-18.066527666282067,92.36456917976159,-30.951774048138244,190.51415375442383,-12.048821123875081,-8.698277117240664,-68.21979126986732,82.52814101287859,0.08684778717187092,94.11489287928612,98.99176999377228,0,0
12.733333333333634,-19.05413329804986,92.07880653895927,-31.122896484402983,190.1926146728586,-12.610486660413649,-7.983080298320715,-62.76660412609997,81.62551920985779,0.08720768842645077,94.02960496236778,98.85329732175799,0,0
12.74166666666697,-19.523986960074804,92.93152590483044,-30.609683957868352,190.15115573143407,-13.10866725304401,-7.298542808667213,-57.32325011656957,80.55524482946191,0.08789908076252573,94.96027892659825,97.84962494332173,0,0
12.750000000000302,-20.389278880776768,91.81351773617735,-29.817632504743354,190.24997180184715,-13.54933038419642,-6.687934835588394,-49.952534638982186,75.05287020432895,0.0874826345869324,94.05022452056902,98.88695232982603,0,0
12.758333333333635,-21.07215581414965,91.7395918446403,-29.416699142437775,190.42992866984582,-13.932663065299275,-6.114090949923637,-39.271395274378435,63.715204846714975,0.08549050326437202,94.12857410200685,99.04248576257663,0,0
12.766666666666968,-21.540215896708613,91.5475760153106,-29.531650190140336,190.26605115927288,-14.201114788471143,-5.656391798731612,-32.46302270441554,58.23562576390819,0.08532547329582174,94.04753891068012,99.04140728410181,0,0
12.775000000000302,-21.984873255090005,91.33658286840421,-28.46486422242003,190.23309689405284,-14.440646840441323,-5.138720217212688,-23.851753519053965,54.077623373280396,0.08577480644390079,93.94522884169925,99.10858070501259,0,0
12.783333333333637,-22.126326559107664,91.59528386831767,-28.37786754873036,190.01303359872134,-14.61122478988779,-4.666100095769721,-15.20279814827884,47.17898802465847,0.08565677503344737,94.22988036667545,98.6161002409916,0,0
12.79166666666697,-22.123810218924344,91.32247509280495,-28.18783727971589,189.75185695516342,-14.726959423373161,-4.285125365723076,-4.320667436273115,39.97042099175932,0.08643245297045876,93.96412845165416,98.61600092277112,0,0
12.800000000000303,-22.133133112708432,91.27297191759914,-27.415587855640293,190.07044342874082,-14.729782716369463,-3.9804918133352234,2.6808979481646027,38.89950606968686,0.08814451098848375,93.91821433596208,98.9385905756999,0,0
12.808333333333637,-22.188675792043963,91.5302496126107,-26.580661729512936,190.2284930531835,-14.635317543069801,-3.762224972299724,13.879008765654897,27.61686412177531,0.08756717344220633,94.18133534597638,98.79591488887331,0,0
12.81666666666697,-22.063085862050283,91.58987526945549,-25.652886448032913,190.42999872754388,-14.451851861222233,-3.5756490649404413,25.8189605444166,16.146035204420198,0.08766705036773992,94.20979253575828,98.90529143305365,0,0
12.825000000000303,-21.583071963290703,91.6198791502905,-25.664097251788572,190.43518286142307,-14.159139332436297,-3.5503484123863793,39.20057999855471,3.970299598167157,0.08899962256720784,94.12773900868129,98.89954001373683,0,0
12.833333333333634,-20.976322682017663,91.76107436961246,-25.11803515201643,190.34498414258178,-13.79822850116374,-3.524202048436702,51.856654436635495,-10.238972491444889,0.08985497668450604,94.12810888743955,98.67087233986076,0,0
12.84166666666697,-20.08736515370992,91.80668290812338,-24.29387120843438,189.35122245934548,-13.342673865920865,-3.5888687906305856,62.54885404228681,-20.53079882533757,0.09113798921808902,93.97855747675206,97.63519800486075,0,0
12.850000000000303,-19.026926127774967,92.31705726465844,-24.139553476451166,190.75366843694155,-12.82835927281418,-3.782058660303522,68.64431132268201,-26.425099893958485,0.09024457598061719,94.25742930866528,98.5692922643238,0,0
12.858333333333638,-18.183152473052413,92.29962238068947,-23.014621477263173,190.15481836773625,-12.2419898729012,-4.003287590285683,72.8758524403365,-25.716646766740777,0.09011877727517925,94.07362715169509,97.97439703515397,0,0
12.866666666666973,-17.05930508939934,92.3131215412983,-22.835469655057633,190.70458173138326,-11.598317230344195,-4.266998243929793,76.8311511189316,-26.442602431137082,0.08920139925097725,93.87615404793551,98.56086198601675,0,0
12.875000000000306,-16.209965339298773,92.47668411957261,-21.77360429203878,190.2132219926268,-10.940711272175376,-4.451651557122591,79.85750884483843,-26.949265495049907,0.08757705154054429,93.88663420345028,97.89476448619408,0,0
12.883333333333638,-15.009674759446508,92.5602600396349,-21.31712380836188,191.14538447441998,-10.225258026539747,-4.705958702116666,85.98023902087678,-29.535060855757983,0.08893851003264608,93.76935573517181,98.7866927947622,0,0
12.891666666666971,-13.897185361560386,92.53694037456614,-20.915805692151306,191.11946467920876,-9.464502584000487,-4.994903064736977,94.340521060026,-34.70375437360212,0.09249033771708781,93.57466053830801,98.83205517250178,0,0
12.900000000000306,-12.320147972443348,92.60741915614744,-19.56133154232094,191.89815537746097,-8.643398043798399,-5.32525537117576,104.69902096707646,-45.23210791483444,0.09665970790297429,93.42333824492296,99.5544325425198,0,0
12.908333333333639,-10.90496059521615,92.82164104241195,-19.02107660121106,191.2256771226218,-7.724384291942259,-5.770100525127095,113.84440293995395,-52.33235620373155,0.10207257574258799,93.46001932050727,98.73816716902338,0,0
12.916666666666972,-9.529336156662392,93.14245139962605,-17.781160919938028,190.75715844444392,-6.771962022870182,-6.197485697843595,120.28452941607715,-59.39037912180394,0.10425653427161574,93.62865213340612,97.96286869712127,0,0
12.925000000000304,-7.594360695200005,93.6667419909653,-17.340829362903715,190.48952920841896,-5.738406268011865,-6.719949759164349,125.11903824647955,-62.09538956146557,0.1073775307851399,93.97410744226764,97.31210498209786,0,0
12.93333333333364,-5.98176641117379,93.68365318124575,-16.563873866681714,190.88905338219797,-4.709908110806993,-7.196833160426752,126.19152414783063,-62.76007825408639,0.10629898434357976,93.87442890788621,97.77970559593233,0,0
12.941666666666974,-4.191211344098629,93.70887561537535,-15.76220409966771,190.83192146474943,-3.6808813603413983,-7.700944673948923,123.57649188993395,-61.257220019837455,0.10125337981316784,93.80255658364963,97.8098865575922,0,0
12.950000000000307,-2.4760491464606913,94.01412717005297,-14.735379491010004,190.78956304250846,-2.6587295874407397,-8.181168395483057,122.40094868860895,-52.876567613619166,0.10393118310525074,94.04672735891761,97.54883991519598,0,0
12.95833333333364,-1.0096861275025004,93.88115516901786,-13.665479216687626,190.42549533740817,-1.6261775209334823,-8.593784651716621,120.16594370468513,-45.32564817542907,0.10520178155433424,93.88658456853823,97.37031743435023,0,0
12.966666666666974,0.8868460614240279,94.06834972693593,-12.856624016457427,191.25860187169405,-0.6180958841509828,-8.996024907811478,117.36293483661964,-37.81142328457328,0.10650713986729432,94.07253008336595,98.15716011449844,0,0
12.975000000000307,2.0789653182079677,93.85527945505663,-11.747019863283864,190.66779568054284,0.36508194183103515,-9.257570218374054,117.91829005506466,-32.924470379841445,0.11236176580268076,93.87830195727385,97.7947910890394,0,0
12.98333333333364,3.808769888251452,93.73483492801773,-10.780844582044434,190.68080586291643,1.338013615809378,-9.526430007509797,115.87233354675585,-28.277782495501597,0.1140855717621907,93.81218474720853,98.03763629801612,0,0
12.991666666666974,5.6169887450013265,93.93532642060137,-9.047921308895692,190.6279058868791,2.2826464987052644,-9.75272162028984,113.92919850508247,-24.93594666580789,0.11544548377153463,94.10311425402669,97.79833593027706,0,0
13.000000000000307,7.07873430381017,93.61516601137396,-8.075908519088497,190.39444497908795,3.205404924920134,-9.90833926947493,110.38655180218338,-16.67402048451603,0.1184895459294637,93.88241468284167,97.95862410528356,0,0
13.008333333333642,8.460758790304059,93.22593952837747,-7.031705767882381,190.5962758593904,4.106076875436383,-10.050777746124572,105.20587841495458,-10.894704920534917,0.11696281473315207,93.60908203938547,98.59512592061151,0,0
13.016666666666975,9.934156216852333,93.03596727330404,-5.154386604828853,190.0543711949539,4.946295222485096,-10.060726043593222,99.47305302373846,-0.9817599922967769,0.11828896579011516,93.56483669744807,98.18469750417378,0,0
13.02500000000031,11.144592740993179,93.02052446640289,-4.662215752030359,191.04702290991492,5.782403209848502,-10.029239440727306,92.78975502535884,10.929264037590706,0.12059498922570899,93.68575088756698,99.29274692459155,0,0
13.033333333333642,12.394561337876102,92.61773775184753,-2.860931656442115,190.51667217846745,6.531721418818913,-9.872732813185886,87.56934681085491,22.78141413795353,0.12577959785303472,93.44340799129907,99.0804290885305,0,0
13.041666666666975,13.525779457901539,92.5612357834288,-1.0480383753713864,190.1712292555721,7.235127547813498,-9.613741018950835,83.16257066119563,38.636145714236335,0.1375343484648428,93.54426267654951,98.69198038275086,0,0
13.050000000000308,14.649832387354596,92.58241999865868,0.1507701687828602,189.98376551068276,7.911888355540775,-9.266651112637739,77.98424079966252,48.0992870664918,0.14126519644077984,93.73431645766463,98.47459018838671,0,0
13.058333333333643,15.590846543772503,92.41176693031804,2.5795508324459933,189.90211573052852,8.533793857787419,-8.863822362229284,71.7046087944059,55.56472964763049,0.14078172923763965,93.71770997594257,98.35477581324805,0,0
13.066666666666976,16.737867979719912,92.34952112045721,4.022795744170939,190.14886764389786,9.086509718412884,-8.375345602296427,64.43649599260262,64.81598852925839,0.14077057870076892,93.85409035137629,98.62243782409382,0,0
13.075000000000308,17.320690610675403,92.42966735322705,5.961082653763417,189.5008183502415,9.586662410767412,-7.814545252863618,55.292593871141015,67.55811856649255,0.1299010441118429,94.03855448835304,97.733561527348,0,0
13.083333333333643,18.173448223628615,92.14357239921713,7.74187224758612,190.07892780913568,9.998259606848256,-7.195398852060606,46.08515688858963,76.20983905068302,0.1264334524350934,93.9186464703718,98.48934773167608,0,0
13.091666666666978,18.75219196016832,91.93156077896487,8.963080114061203,190.1114672692931,10.355942821465115,-6.512976777912953,37.87153720714019,84.50944570638518,0.12455510242888712,93.82460535790977,98.66671550824618,0,0
13.10000000000031,19.043705839970986,91.94569270226202,10.861331143181534,188.97811512128374,10.681311915560237,-5.7929077387076555,33.074949557637936,88.43996857931062,0.12296358285557885,93.89714126967947,97.37680553490203,0,0
13.108333333333643,19.378839895040702,91.83953366155828,12.796193668017853,189.16073760742876,10.941351749463035,-5.000233528702357,27.479836093760095,102.35870118298023,0.13228485699896364,93.86181001264634,97.54356959238191,0,0
13.116666666666978,19.76957068591452,92.11327702846683,14.348754630670616,188.82615953439148,11.123962871314061,-4.113538970561241,21.310437703303844,109.74900757728433,0.13270347450370368,94.21088965734505,96.86468339549548,0,0
13.12500000000031,19.99429395695029,91.84182722951175,16.5738465348735,189.8125346674559,11.276832215244983,-3.201681564414552,14.507237846978226,118.27005781875934,0.13410254127435728,93.99304771999057,98.03039822656255,0,0
13.133333333333644,20.32809592924787,91.7815822619612,18.327696013912377,188.7304815048641,11.341992288295167,-2.155128271557912,7.116288978689752,128.01262994437113,0.13626213687674893,94.00579943076839,96.96953472215802,0,0
13.141666666666977,20.488191590424496,91.72812764826949,20.196160549514108,189.13911879904077,11.349640495216926,-1.0445931708730154,-1.9641525296367877,133.76558514378925,0.13138526613080614,93.98837905030155,97.41142889365958,0,0
13.150000000000311,20.03779651491215,91.79528322462932,22.359600307804786,188.94203101618717,11.315333852138284,0.13413483611391142,-10.474026936368492,145.1638171414262,0.13537756367309095,93.9568374918129,97.17448934431938,0,0
13.158333333333646,19.89007553351667,92.01925942689928,23.585192133224158,188.87240760222193,11.21493044781021,1.3321146471213616,-18.15781510988192,151.4066549254401,0.1340787616840342,94.14435304469403,96.92361011722808,0,0
13.166666666666979,19.70181860645494,91.67501991710753,25.88428899845093,189.16100454696868,11.030205099497824,2.65702441205404,-25.934416133610647,159.81559825874922,0.13597360668364056,93.76817654835631,97.68183116322827,0,0
13.175000000000312,19.107764280276346,91.78884127242492,27.945932882728645,188.40192616834327,10.78065398788502,4.026574850076589,-32.18310393678038,169.13574671588526,0.1413825922204235,93.75658930403249,97.01650064474238,0,0
13.183333333333646,18.81268952944271,91.86976244638959,29.552474996192704,188.17619363322552,10.509911829711896,5.420473881292473,-33.107482768805994,168.39707331815956,0.1397120449471374,93.77617255618432,96.9034141803919,0,0
13.191666666666979,18.44801431815421,91.83819628349266,31.832024779822238,187.44431790237047,10.219774290905233,6.780314264538138,-35.051011819154844,165.41514075420255,0.13473820537382686,93.67274699125754,96.5383976821746,0,0
13.200000000000312,17.794023593644628,92.10963008381674,33.05710441091134,187.66044905629025,9.926507394669787,8.117835344046878,-38.467029948845315,163.74020897953258,0.13101620901097055,93.81263896633938,96.7621860147073,0,0
13.208333333333647,17.10257736969874,92.10175482040205,35.592550988748435,187.78096516947727,9.592907389850646,9.553069550560672,-40.10293700775718,162.2291194527294,0.13018537165067023,93.67620505594782,97.44942492111349,0,0
13.21666666666698,16.769102747311766,92.24759521069046,36.7868809991374,186.69092686642858,9.2604807353276,10.921124818302879,-39.562609897468604,162.90768817713214,0.13455354288121502,93.75938155248946,96.54146435793798,0,0
13.225000000000312,16.46163837390333,92.30235748031765,38.20569933058835,186.491179609198,8.917914574450924,12.305545415352418,-41.689597659194995,165.9640466879538,0.14036384367117183,93.75879017125551,96.66611816409045,0,0
13.233333333333647,15.611541797883095,92.45683677428457,39.872600990257304,186.30083081534673,8.558354607081156,13.674187792329585,-41.52447969194335,162.1854346955153,0.1405388381673558,93.76559552209835,96.92932585505172,0,0
13.241666666666982,15.109272215559091,92.3002954822968,41.5794914143329,184.54255433868724,8.21449479985623,14.972416513133336,-40.47480975647645,158.35296851857302,0.14199513393212015,93.5287905032625,95.96513337332718,0,0
13.250000000000314,14.566156015635503,92.40723996621165,43.60699187861679,184.24976592943733,7.884710063463965,16.20974349956513,-40.91188582176918,147.2460285922697,0.1349244967913048,93.54822766490479,96.32455410188206,0,0
13.258333333333647,14.152208567086294,92.38338897195655,44.32925507052676,183.08852048501944,7.568931929047462,17.393700684297116,-38.77131563524354,142.40572528629076,0.13726081343220198,93.46109118381902,95.5932791490743,0,0
13.26666666666698,13.425311168471243,92.54090029758686,45.80467598612655,183.1272870351666,7.2660209200982555,18.568315533571756,-33.2443879200729,128.75713572409705,0.13386968374435915,93.50966371374774,96.19935929186418,0,0
13.275000000000315,13.172234044742712,92.54089091659552,46.76170924534387,182.9135715196366,7.023010936233842,19.625675779384263,-25.649101287054954,113.77838352582022,0.13140783640006726,93.47365533329008,96.41303980080225,0,0
13.283333333333648,12.822544777899228,92.52513648859326,48.02152708096754,182.4998725665855,6.843668034404474,20.51389276573479,-20.612855902448384,101.60500687543181,0.13007853437914552,93.40941353425812,96.61480987651983,0,0
13.29166666666698,12.512377717993221,92.58491198237806,48.628550132741346,181.3165846018298,6.660099916133588,21.29380295945088,-17.115659921603896,91.98232996104736,0.1298820133997749,93.42657824699792,95.80024862043612,0,0
13.300000000000313,12.487363751274703,92.53386481130451,50.20975167493385,180.41461406769645,6.510736995193001,22.00836509696949,-14.48314118235304,83.97307969486808,0.13065273736508987,93.37264262284445,95.63474598977015,0,0
13.30833333333365,12.325080417357814,92.52612369585188,50.71334265904665,180.46427037129212,6.398842381530088,22.71643813645185,-11.733408631435289,75.14108836874837,0.13160482031616194,93.34340455262182,95.95194796692725,0,0
13.316666666666983,12.248043496590643,92.45473550800943,51.407930538545436,180.20662965554357,6.318159613965229,23.276353485255964,-10.862069936849467,64.13618970771348,0.13002642920264407,93.26249346522083,96.09314064811646,0,0
13.325000000000315,11.915791801741708,92.52832047434669,51.71446355476889,179.94821515194042,6.23167403084405,23.74068024829218,-8.74218162817296,47.86509191083342,0.12693385730819928,93.29242297242504,96.05296590291621,0,0
13.333333333333648,11.707218510240981,92.63526714742397,52.04395864609729,179.1405921650973,6.195295353897157,24.084500111534734,-4.827482106224443,35.69997314979833,0.1266138937900676,93.37211406368144,95.44749269206028,0,0
13.341666666666983,11.851642767496006,92.5728336296005,53.15032654247717,179.5073170683943,6.186518805813649,24.347590185112885,-0.2862119059497685,25.7559198864435,0.12723759225523157,93.32840383560641,96.24544504710757,0,0
13.350000000000316,11.912268825340394,92.44008119278675,53.52770012105032,179.4189675426731,6.2104565984416595,24.493312224384592,6.7876035984899294,16.641099472872483,0.1282963126049803,93.20445675769041,96.42183773707282,0,0
13.358333333333649,11.936586362923155,92.46850115055327,52.83140023399648,179.24885689981852,6.272336572328059,24.602074401065785,12.219685674674574,3.4331566066994177,0.1285347485970223,93.23575386636499,95.9333932763705,0,0
13.366666666666983,12.14823745884144,92.45365256499554,53.10732832568437,178.9898108642618,6.357703681973097,24.671771033750186,15.385487138417233,-2.3589836472091648,0.12959233786805413,93.24836484338641,95.74003247249276,0,0
13.375000000000316,12.566840499264348,92.46902881568326,53.966725979557175,179.33440057587245,6.529937353658832,24.555297546402887,19.87375417237607,-15.81610355046365,0.12939027460339148,93.31905898716302,96.22652092233842,0,0
13.38333333333365,12.724868853758327,92.51383973627065,53.81140401818045,179.3330841519998,6.719666464636589,24.361144361394754,23.35314224120723,-24.571905758472983,0.12922800030521975,93.38486403102871,96.05042723869276,0,0
13.391666666666984,13.13788154100877,92.4770358251414,53.40537243696196,179.00530826393157,6.930715809778997,24.1349284350885,28.780520266113733,-31.260694958747795,0.12961015210054905,93.40559986633598,95.43905256391206,0,0
13.400000000000318,13.373701458241673,92.50026461851968,53.39058445630207,179.16583612297677,7.205028338143972,23.756657747867724,34.53388385035028,-48.686982572092205,0.1304738212347485,93.46205029417202,95.45822232303837,0,0
13.408333333333651,13.912800903649615,92.38278654869248,53.27631814024836,178.9845631037271,7.508087808860228,23.335558547560595,38.27626069560978,-64.84977700429013,0.132313390136368,93.42454323937511,95.12809359870592,0,0
13.416666666666984,14.791786611144634,92.39228817736637,52.706086294680524,180.59854914583394,7.841056671769965,22.689963161802037,43.07493938772539,-82.36659880567996,0.134700854844632,93.56886162500402,96.00957553562236,0,0
13.425000000000317,15.048970498324767,92.3032710512573,52.68205049606832,180.157867961526,8.221629680498046,21.945868068110745,49.14037394374608,-95.01250955076235,0.136059051270375,93.52200468243461,95.57551416750192,0,0
13.433333333333652,15.887729138864817,92.32133978548535,51.934197483214525,180.18784328792793,8.617288624566909,21.164449078578215,49.79406134573967,-103.03797788861638,0.13596298355095815,93.67843784445263,94.97299783541088,0,0
13.441666666666984,16.581782170749367,92.03553930615163,50.543786379903175,181.03967615973437,9.066878095216257,20.265553510172687,53.47759925766815,-112.56798918091262,0.13668033275546243,93.5173566528287,95.26360326459348,0,0
13.450000000000317,17.1197459418072,92.21089974344221,50.75548348307411,182.19053740015505,9.533110787129678,19.345142317972055,54.77732927629772,-113.01315830863514,0.1328634039521308,93.78665007668829,96.06090793230265,0,0
13.458333333333652,18.027152742216746,92.03531496836831,49.280767080593485,182.68838407736985,9.982501337662399,18.34931233149894,55.7026559949192,-118.56293435940415,0.13198781449968333,93.78420675848345,95.8893495029213,0,0
13.466666666666987,18.77700209450774,91.92606104698979,49.44168470115273,183.5849216264179,10.428967225184035,17.368939472291956,56.85175737199592,-125.41634726953335,0.13276053962498313,93.82417869223285,96.6523123473273,0,0
13.47500000000032,19.264491540968724,91.71894359373482,48.13831216242699,183.46527666105436,10.93727081969263,16.251203569795205,57.04099535962042,-125.83382693037076,0.12962479945605576,93.7202499371548,96.18257195864373,0,0
13.483333333333652,20.552091386254123,91.71000581487795,47.09210843741074,183.7357535393354,11.3962427335039,15.118908656784042,56.14663986587823,-136.5944957905244,0.13458658429839154,93.98464569765578,95.77635798735078,0,0
13.491666666666987,20.8688683306213,91.60245781796317,46.10249765788212,183.66133960481034,11.828284900025105,14.019665786276313,52.177882938093376,-143.43670849934114,0.13930691350284263,93.94956063597387,95.45456387659156,0,0
13.50000000000032,21.641859340005286,91.8531827668503,44.06219731428747,184.05031720305408,12.263555625209712,12.81779574019039,48.77280531081462,-144.07652265100182,0.13913703592422655,94.36830643861835,94.8840510999002,0,0
13.508333333333653,22.42565225409402,91.58765687491024,43.54774624781238,184.87783480128593,12.673039140532664,11.615523030082624,47.41389560617613,-150.63328516804444,0.1443991647503955,94.29320638761757,95.6514513858222,0,0
13.516666666666985,23.07869569717855,91.01148640715434,42.06721224692581,186.19569661318826,13.059216746618755,10.348236774053822,43.948807553759046,-146.59072846709523,0.1407722175950723,93.89204893452164,97.05976320446325,0,0
13.52500000000032,23.139750946934615,90.87230310878243,40.115278670772064,186.50497002784766,13.404305785392413,9.170073059518227,38.41664811825765,-140.71647797206137,0.1374191248896186,93.77218962027383,97.12762492491849,0,0
13.533333333333655,23.84612689839736,91.1891140635102,39.47234212755399,186.20723089995641,13.666867652437046,8.030310320754806,33.521052385634526,-136.31651159880792,0.13527715404072627,94.2554629278449,96.2944501491777,0,0
13.541666666666988,24.538258850546303,90.79669421002188,37.68543012473538,186.6910358734657,13.937059812239875,6.86764524519342,26.150087818111775,-130.27670323986436,0.13412687201299445,94.05405800328148,96.79138843708233,0,0
13.55000000000032,24.75784256109745,90.65928625521019,36.04772585509023,187.13163043060229,14.131883011786195,5.829878341212674,20.176017933809312,-126.9015124265883,0.13507331578514847,93.9790240031478,97.1307091268631,0,0
13.558333333333655,24.806300564229165,90.63743092648383,34.82877295901125,187.36627002533277,14.27381998966599,4.798538721593332,15.266226056394398,-118.84222292536366,0.1303878306321864,93.97072114566326,97.24668768814276,0,0
13.566666666666988,24.947314786626126,90.72267663693037,33.37036610976322,187.74894108394585,14.38380219645003,3.8115711220954083,10.312268260644755,-118.1066084087989,0.13369098615449415,94.0902363225433,97.39118946873162,0,0
13.57500000000032,24.918165121680378,90.22399476756937,31.445557730407362,187.98509380443903,14.493562694285956,2.8171872116753276,5.285450198733355,-115.89935160817345,0.1361723650178317,93.60173174065591,97.97876983900699,0,0
13.583333333333655,25.195198680211835,90.33044353536724,30.059912874376156,187.29738412421955,14.508461003107843,1.8204753760492536,1.1463941699905853,-112.22281875584792,0.1357458980045343,93.77839338478516,97.08889231705611,0,0
13.591666666666988,24.98029606123845,90.29560226847389,28.78589713324425,187.25632667172744,14.472679515586563,0.9449711205033592,-2.935579195037178,-110.7298982478108,0.13769952146723607,93.68730426441756,97.03537847776418,0,0
13.600000000000321,25.056531634643992,90.69882572960091,26.976222821505193,187.44900667235032,14.386652539905228,0.05670115761017858,-12.385256418937635,-105.7416590656061,0.14206186759868888,94.09626329608648,96.76922406792184,0,0
13.608333333333656,24.92381638414958,90.75909376282533,25.054456818089765,187.41414400970285,14.254732224819607,-0.7854005494622261,-22.29265528468249,-94.83599310489308,0.14086587117243754,94.11912517549301,96.65513853463455,0,0
13.61666666666699,24.594105807420025,90.58061275294159,23.692964886857855,187.61773463660853,14.002757452922646,-1.5137199895914792,-35.43798153123948,-82.68234501407377,0.14276656089961204,93.8600950732788,97.04130604244949,0,0
13.625000000000323,23.874920658822422,91.10984053785535,21.77796938659316,188.34514322565036,13.669635805240311,-2.150721859325897,-46.47508424925197,-72.29052012203526,0.14442099465092184,94.18606520764362,97.25791121253437,0,0
13.633333333333656,23.240044855214595,91.00822463031938,20.623104050269607,187.8585224258337,13.283153372972693,-2.709512682081059,-52.912947152565316,-58.57232409106512,0.13585318156507675,93.92867844931631,96.88564683303919,0,0
13.641666666666989,22.449880904952185,91.5640695532386,18.650000541386706,188.46768179096432,12.80001813230241,-3.1152931017728114,-63.151056152034606,-39.43231361015306,0.12785591839449983,94.27606263414299,96.97808595500798,0,0
13.650000000000324,21.756940065284315,91.87453508155289,17.68759292167255,187.92818757384117,12.23469723701066,-3.403718635817243,-70.47619111662388,-29.033995107873704,0.1245891227393634,94.41554235111859,96.13981351804516,0,0
13.658333333333657,20.512009203322865,92.29306464496176,15.947215084290807,188.85805639099067,11.616530070604227,-3.622041052914642,-75.8218262273062,-22.65990000821514,0.12220664963269368,94.54497502837627,96.67282439372391,0,0
13.66666666666699,19.704321934143994,91.76276450062437,14.926463497909143,188.52740864161382,10.975124059224534,-3.8235701801785864,-79.51810658218143,-17.83530294384555,0.11890108609084438,93.85448977902675,96.8825282853881,0,0
13.675000000000322,18.651974281792267,91.90662982389597,13.900269253196544,189.97951875405863,10.297052009537381,-3.9514700216047136,-85.91225528033428,-12.772681128331232,0.11997947574840451,93.7801938054901,98.1879332901289,0,0
13.683333333333659,16.897320655266302,92.25629624351382,12.332703398766174,189.82535962418814,9.549305270030738,-4.068970366782151,-91.40987586310463,-10.11755675620022,0.12200107048456665,93.79095714352141,97.67577928883077,0,0
13.691666666666992,15.987867406598529,92.43379788493587,10.590833263300059,189.99580082823115,8.742054558954441,-4.059789568201623,-99.53191463563202,-3.37651181523847,0.1250257196543636,93.80628388143381,97.71116822478118,0,0
13.700000000000324,14.676526887474896,92.45392693320576,9.392187547025063,190.19512411439445,7.8705934262338655,-4.0465053497882435,-106.55564517774029,4.142410537686757,0.12580814546559038,93.61158607164673,97.88394081092686,0,0
13.708333333333657,13.241071029313222,92.64140548036755,8.08003082051096,189.77105051527184,6.9637093288030805,-4.00431154340917,-114.42539286992977,9.011399139338682,0.13165082188983845,93.58288289736106,97.26666582464611,0,0
13.716666666666992,11.447339362308757,92.82921519546125,6.746018698332652,190.34513436116686,5.981450296020298,-3.8780216581319515,-118.26364328928305,18.058296924207863,0.12566677337086052,93.53237285710823,97.62918061070654,0,0
13.725000000000325,9.799794124805036,93.07715676962385,5.189914155421666,190.59463370668539,4.975401383633548,-3.65814916410994,-124.0397261645346,32.289992320529116,0.11963551614979062,93.59162931163074,97.62637605433508,0,0
13.733333333333658,8.036393455756812,93.75888965551832,4.467753602185387,190.24124816890804,3.950285296409214,-3.4132938560411117,-129.5478611251983,37.44651946865952,0.12235897168316079,94.10267269961778,96.54833346418138,0,0
13.741666666666992,6.446520184484773,93.76935259724979,2.5779448946951264,190.79211954254845,2.8788335652265147,-3.1627048935714557,-127.65204211987056,30.61253323883434,0.12176226442126614,93.9906862885697,97.09986189740184,0,0
13.750000000000325,4.71368030367302,94.03072708870155,1.4603719428711814,190.83916627890346,1.822881037346232,-2.9291553218457103,-125.28217479260022,27.857447638539934,0.11741550116517718,94.14879934887703,96.86308849986915,0,0
13.75833333333366,2.927567967161626,93.82780740998521,0.7991164971194324,190.9893833834729,0.7423901004866124,-2.6298148605841978,-126.12651726685165,30.5651636274439,0.11521081873828054,93.87346854978581,97.1848864346311,0,0
13.766666666666993,1.140837806963252,93.99553596212792,-0.7075253044112584,191.02270134341865,-0.3252182945076866,-2.337010662609477,-127.96869450721937,33.901503554987464,0.11536485427450716,94.00245896629235,97.04476940113688,0,0
13.775000000000327,-0.4204759210747353,93.99768621571275,-2.8013176555500605,190.8251993542703,-1.3562318359209125,-2.058369818253479,-125.1209102296296,33.43187358340357,0.11043893344777533,93.99862665969006,96.85677935984737,0,0
13.78333333333366,-2.0341900984221253,93.95688216117958,-3.8264081521700133,190.89355088723073,-2.403264524229973,-1.7376763250032143,-124.76501688046811,40.57944647798895,0.10472681765137049,93.97889994464877,96.95323506338694,0,0
13.791666666666993,-3.9228257122111314,93.96112982579575,-4.351862322008226,190.96402799252786,-3.4208532943848944,-1.4015632244526208,-120.60550636886971,37.65422431697446,0.10123277222773197,94.04298208642912,97.00384696061258,0,0
13.800000000000326,-5.809279548887214,93.7999224138619,-5.4516367675050175,190.64374822936588,-4.3970583549139,-1.1807887944036204,-115.85869901819721,32.977243066565464,0.098960665276139,93.97964233664455,96.84448619793875,0,0
13.80833333333366,-7.010435333347625,93.6932700502494,-6.793894988665268,190.72898927271171,-5.356668374363069,-0.9297981775486723,-112.19774680631218,33.37787266435591,0.0953930506381151,93.95517578224208,97.03596083278312,0,0
13.816666666666993,-8.276785604245386,93.58360990897626,-7.7257513297041625,190.57177992467598,-6.256187973449705,-0.6550468189565097,-105.51850579380668,26.15426502805617,0.09317816575234339,93.9489075164479,96.98973534228246,0,0
13.825000000000326,-10.181933815852513,93.49318426946314,-8.757199141623797,190.61352938085048,-7.121104215863588,-0.4444775807154607,-98.23951852657723,11.660826609277729,0.09666901054813959,94.04598492798186,97.13079482556975,0,0
13.83333333333366,-11.036398451154977,93.03679711350833,-10.398105112480888,190.49564652417985,-7.915228229983137,-0.3839845639694977,-91.13484766893137,2.5669242151972202,0.09673628344033913,93.68910132941168,97.46093959550228,0,0
13.841666666666995,-12.403566639158665,92.69764258780191,-11.590333876998894,190.516836367032,-8.648503145317692,-0.416679015339889,-86.48183845548255,-1.437365495076899,0.09687466562437885,93.52380128452819,97.82257417970567,0,0
13.850000000000328,-13.623459469365226,92.44417495312723,-11.995464729089914,190.43099288959564,-9.321181275952322,-0.4414677878057334,-80.00633158746777,-5.432604729029656,0.09434327485914507,93.4426248062298,98.00034110241134,0,0
13.858333333333661,-14.357975380780655,92.55161506894103,-13.504849260795023,190.03325656070422,-9.972512481807241,-0.4980615019877459,-71.34615823244829,-14.045803957836208,0.09301220100492191,93.65870439475732,97.48537455488001,0,0
13.866666666666996,-15.590788930438745,92.54835921083708,-15.152993166220593,191.69429605916753,-10.538527321260508,-0.6650108491610005,-63.02884937307053,-21.701446005439973,0.09170469865874153,93.85239204246007,99.14690342448571,0,0
13.875000000000329,-16.300205455248598,92.49636786746356,-16.020529631157213,190.79750104973846,-11.028627543975475,-0.8579878408567543,-57.90037229493732,-24.62363412120842,0.09097631221488811,93.9216416304382,98.301531033275,0,0
13.883333333333661,-17.09563983295089,92.2923112260309,-17.065766591103394,190.9610725834586,-11.497909696219347,-1.0685632681295654,-49.48115566198357,-34.95724353351243,0.09239164346893558,93.86230133946498,98.66876587968248,0,0
13.891666666666994,-17.522473914675285,92.24740838859367,-17.925864808593015,189.81375977264878,-11.863203960524046,-1.4304808511135345,-41.95374434581381,-42.93394966008054,0.09296287898079791,93.89686601001365,97.56718529613433,0,0
13.900000000000329,-18.249448255615615,92.166587939176,-19.588498153835243,190.88212086768152,-12.175579780937346,-1.8423995248683722,-34.00614995467514,-46.74462350271371,0.08992462959877479,93.95595933193516,98.7246144382888,0,0
13.908333333333664,-18.52618879052255,92.13170394423969,-20.57908588808169,190.60719486713572,-12.422619138236184,-2.236617966060631,-23.43377099044009,-56.59514461057698,0.08922464388926965,93.97590405402396,98.49688674774723,0,0
13.916666666666996,-18.989698698088713,92.56085249522789,-21.41335556221082,189.71203716114115,-12.561471664654528,-2.707815039408849,-13.830306937909848,-64.10651756173206,0.08779247402841373,94.48872986387067,97.18141177501685,0,0
13.92500000000033,-19.07817964043431,92.56670863896005,-22.99608595895023,190.35768893024942,-12.635983997941723,-3.2606874017954475,-3.2553014423388276,-69.17485160288258,0.08432103498581744,94.51228749026659,97.86943249172346,0,0
13.933333333333664,-18.90649630363492,92.40024164435613,-23.936279891720286,190.0868165085688,-12.624653637125233,-3.8983080078668486,6.478162489663784,-76.64462569365001,0.08371593220049878,94.31468739499041,97.81597840662026,0,0
13.941666666666997,-18.92076854043955,92.43679510659166,-24.63929706788741,190.9019171738098,-12.528320749237167,-4.60528921600263,17.24142767546192,-85.94253734241497,0.08418200952076837,94.35336015075931,98.63103888853348,0,0
13.95000000000033,-18.492589726791945,92.47917147677924,-25.565629229500868,190.1041881853543,-12.356839280683024,-5.350195822620958,24.435626598125253,-95.53076067085352,0.08705398437021428,94.3099837336164,97.8809060805857,0,0
13.958333333333663,-18.084030081961597,92.33001376355111,-26.655814578689327,190.79271124833718,-12.149024005253732,-6.1875559667340205,30.03286110248001,-103.34066038364055,0.08996653934447174,94.0843429353834,98.83510654336769,0,0
13.966666666666997,-17.69200388429203,92.29637867356325,-28.044565667132584,191.71802208671284,-11.873422971857355,-7.0756223038824935,34.71002447753323,-108.31728092393034,0.09134434206795827,93.97674455787232,99.95918524297305,0,0
13.97500000000033,-17.017199150274276,91.98420007587993,-29.228001444130083,190.86945891951297,-11.556250081364135,-7.900416434021731,40.30038980185255,-109.22695479198677,0.08953901132015352,93.54505935921792,99.63632926413909,0,0
13.983333333333665,-16.392441398436628,92.20764250276721,-30.02537079998171,190.73117003002028,-11.190983325071757,-8.800542256562897,46.09535281284806,-108.36970416659999,0.08726192056340354,93.65341142168448,99.46226540995788,0,0
13.991666666667,-15.991029547348372,92.47134140392677,-31.015163915000866,190.7741401209007,-10.76266287438968,-9.747928903246722,52.080185771075556,-106.40696173135329,0.08519421532802829,93.84381709535131,99.44428012252475,0,0
14.000000000000332,-15.238756433937791,92.56670190096156,-31.88812124931007,190.35326266911676,-10.296292469587362,-10.626126869882748,59.240994889331525,-103.28959910042504,0.08355060311850782,93.81265372258883,99.19381440200526,0,0
14.008333333333665,-14.200184646737394,92.54687752276391,-32.0282169328239,190.01017866112676,-9.793591053862162,-11.487133523706378,64.08936046526829,-101.34780833455099,0.08345333011469558,93.6299619951589,99.0804410768389,0,0
14.016666666666998,-13.306077775322873,92.59119092955154,-32.39914975803611,190.45483064599813,-9.25657037345074,-12.361769331604878,67.50403015988685,-104.52863576546308,0.08568337237948764,93.54239864102058,99.70876278586316,0,0
14.02500000000033,-12.355348477240508,92.938473039634,-33.89606687410144,190.8933260875795,-8.690619960126178,-13.251389577764767,70.642159156885,-109.10894914499568,0.0889117856518995,93.75614330236087,100.29534278667909,0,0
14.033333333333665,-11.335800796711336,93.12828530791472,-34.05034560415145,190.04033764275846,-8.10002087855898,-14.14228414818854,72.002012809144,-109.01215181726195,0.09046101892525948,93.81565916250382,99.53841687288731,0,0
14.041666666666998,-10.456289002176444,93.40208465089967,-34.24260119154473,190.08396428946793,-7.475376385100496,-15.04642027775855,72.27424812206033,-108.75703755810679,0.0921792237275958,93.98554887231793,99.56492604334466,0,0
14.050000000000331,-9.567152297320657,93.61383089999975,-35.46649775694703,190.4663920751384,-6.852137642394398,-15.93680824203263,73.66495046826819,-107.10160607836735,0.0942993954090321,94.10143324548184,100.25564673085024,0,0
14.058333333333668,-8.508004831332865,93.83496070096726,-35.766494588591506,188.97633324277353,-6.256088199968057,-16.819138278512572,73.53589516839789,-101.09542438231948,0.09534328030415518,94.21988110776861,98.96921760317873,0,0
14.066666666667,-7.3942987226511105,93.6843665266108,-35.92521293374556,189.0921663336377,-5.636608361320404,-17.65441216830993,73.88104193430304,-94.60531090835764,0.09696002851354457,93.97572125337562,99.58243484540108,0,0
14.075000000000333,-6.444380592543719,94.03078134331321,-35.887061073832676,188.45187125654206,-5.047107568280979,-18.383300231459852,71.81959502932447,-89.09732904872398,0.09786316473627865,94.25135479798439,98.90507395642209,0,0
14.083333333333666,-5.355691749782461,93.78204227232351,-36.180300000955576,187.77842742425184,-4.453646282074736,-19.059929248885208,70.53386029183105,-75.18763486671828,0.09840636695001903,93.9348438380911,98.9215694147032,0,0
14.091666666667,-4.500348376359166,94.14680939232176,-36.33123288426122,187.9290594950283,-3.8657818712853964,-19.629933100701617,67.7693101418222,-58.85135142301606,0.09918741209450932,94.25430947316289,99.03694079928964,0,0
14.100000000000334,-3.7607886767918286,94.09503534376063,-36.3650861693606,187.64933783136627,-3.308162248793198,-20.024084466550367,63.9306027329654,-44.29276023026891,0.09969068160379413,94.17016092061777,99.07294145692022,0,0
14.108333333333666,-2.625054202712188,94.14968495005456,-35.87495407586123,187.55002025361733,-2.79020285698854,-20.414409145243063,60.835463567542256,-37.442317874570094,0.10049619513474095,94.18627334044865,99.14221339264314,0,0
14.116666666667001,-2.044998906169833,94.0286952517232,-35.57010389134296,187.764549783642,-2.3127362891151817,-20.683434467967224,56.549942531740044,-24.218748284058993,0.10159214903865443,94.05093062414466,99.55070612052896,0,0
14.125000000000334,-0.9952411821967031,94.13736140865842,-34.59718428587848,187.62432543513023,-1.8452459068368898,-20.881271188946233,53.66622406878339,-15.60720723170202,0.10279959588190168,94.14262221754349,99.34235261573939,0,0
14.133333333333669,-0.3757948870252177,94.07184689024695,-34.54422384435957,188.27004641181645,-1.4324232442159914,-20.948215452629277,48.896566139176365,-7.307547745522892,0.10185991113024695,94.07259749331459,100.20370417563326,0,0
14.141666666667001,0.12681857571704303,94.10204946907714,-33.748239284489664,187.31761041509446,-1.0393960105178042,-20.91034363834018,43.68603371755724,5.7476485431044235,0.10230404154423,94.10213492387825,99.17993923930898,0,0
14.150000000000336,0.7483742706986094,94.21282301094095,-33.84317448900128,187.3551251378248,-0.6798736948441939,-20.823426997360613,39.03305824636174,14.891999420032734,0.10183360655407636,94.21579529855876,99.35825929982072,0,0
14.158333333333669,1.2058728767293063,94.15553490513236,-32.01419242719941,187.62738218461095,-0.3610130874996174,-20.693374821625255,36.777227215138375,22.735061743274922,0.10293496751239495,94.16325654238192,99.19959159510415,0,0
14.166666666667002,1.8220726240487624,94.12262551948476,-31.395903968886667,187.24683375410444,-0.09071239867348187,-20.431447061651006,30.084048552476478,38.02923867071242,0.10417870179974464,94.14026016178451,98.87139185959514,0,0
14.175000000000335,1.9257510074196533,94.07397320519414,-30.18372531093979,187.62207408219962,0.12684880639950993,-20.097709686491402,26.243905527620957,49.113493602319764,0.10577752334099877,94.0936817833916,98.90533679803977,0,0
14.18333333333367,2.457052845581022,94.10853813772985,-28.80713384464678,187.30658521066152,0.3188014102300775,-19.62953135469292,19.982474845041985,60.26791903106523,0.10492843103025473,94.14060791765971,98.30221435761152,0,0
14.191666666667002,2.7027212415365556,94.15062932685123,-28.364310732817838,187.36998837565773,0.4703308034960773,-19.07226615057116,14.652689763555973,69.07763610070288,0.10311725419934836,94.18941397392592,98.25990727232475,0,0
14.200000000000335,2.811502928671989,94.18082452187855,-26.92276414700279,187.5935893065468,0.5861630675175094,-18.507189596283876,10.724966861786633,70.18385603138859,0.09666474005826586,94.22277992257929,98.03097093900128,0,0
14.20833333333367,2.713905967106318,94.09995766671238,-25.662418530491603,189.159772226538,0.6571961012742973,-17.88023043772506,6.431807364428514,84.36667303875655,0.10062371650667545,94.13908496727254,99.20475863657656,0,0
14.216666666667004,3.1028323861451144,94.06053400363504,-24.853086057076606,189.71668404751483,0.7078605623094145,-17.0322872589762,4.7828351576115145,99.07570894919668,0.10762339182843261,94.11169760378088,99.65757581449243,0,0
14.225000000000337,3.0276843843960295,94.08637233592543,-23.104771838883092,190.19739424816765,0.7578024495129476,-16.265045536849037,2.563097618220188,105.56532926018447,0.10737456317552008,94.1350749299426,99.60037048764983,0,0
14.23333333333367,3.1283725321689007,94.13236505375545,-21.911510310695117,190.53558582547646,0.7501842650561491,-15.369787554725232,0.9612441742918634,111.09871305645095,0.1063928883451224,94.1843345005607,99.60209188538931,0,0
14.241666666667005,3.0498493290304554,94.14428870582162,-20.442416846447937,190.37296252154096,0.7212276021003977,-14.378554158338194,-3.3565042756352774,116.69751025638715,0.10250259289316821,94.19367641649242,99.0547537193023,0,0
14.250000000000338,2.8662632994566524,94.02420875840346,-17.6107253661778,190.81900017375597,0.6732416427148875,-13.383169056424993,-8.367294915937741,126.20417965136596,0.10285020365031627,94.06788664547346,98.93704417433402,0,0
14.25833333333367,2.9082331274725606,94.0785063687868,-15.863248290168595,190.42603661408657,0.5841425635103544,-12.263649124576121,-15.05639226401058,140.83036250093704,0.10782964181580601,94.12344649716982,98.1591315109389,0,0
14.266666666667003,2.5780563237015075,93.97330878270674,-15.6554138459781,190.47219499851354,0.41753721339453864,-10.998107750554697,-20.423528215716487,150.63218275307688,0.10872633467904969,94.00866522814864,98.20638714116218,0,0
14.275000000000338,2.0707377113867027,93.97906570089998,-12.595412766980186,190.4301998179286,0.25270773386464956,-9.762293790525682,-24.18307279784644,157.4591826895011,0.10853490133522303,94.0018762827819,97.55981366482382,0,0
14.283333333333672,1.7713670722871528,94.00235884342709,-10.679795924498759,190.5804059803374,0.06876910059001706,-8.48034928846098,-24.798864079180664,157.52709890894778,0.10337776291759937,94.01904705661092,97.37736209587831,0,0
14.291666666667005,1.4950900481022176,94.02741493082641,-8.703344649116442,190.74484578088692,-0.14437296741252556,-7.108042332658905,-26.361873524160952,166.0912376463457,0.10897451315292406,94.03930057601306,97.25363489612957,0,0
14.300000000000338,0.9674234447938987,93.77694687484774,-6.33855441297339,190.92390351914548,-0.392620805339859,-5.642667607083328,-28.590752558447125,183.89681864257588,0.1285437500178208,93.78193681775586,97.42129386180031,0,0
14.308333333333673,0.6263721840906031,94.0200354347275,-4.718385188166674,191.13503358849522,-0.6473135502388315,-4.076973287748361,-27.970855087624642,186.53194203083578,0.13051480457891085,94.02212189299078,97.26196223485626,0,0
14.316666666667006,0.5589604544681537,94.02522292862943,-2.8174311608591394,191.06743084583792,-0.8777459470085134,-2.4793101058296676,-27.998111407111093,182.96981041692354,0.12305412919052605,94.02688436595207,97.10092758458477,0,0
14.325000000000339,0.044435695759152516,93.99145731578562,-0.18857167068722003,191.04409331484783,-1.0963895038369893,-1.0152132941921383,-27.48166172835429,186.42868418996667,0.1282389453475843,93.99146781956439,97.05291570478079,0,0
14.333333333333671,-0.61326632865467,94.12635593678601,2.814432052497698,191.30107425947256,-1.2975531762693064,0.44742166052770166,-23.94266983440987,178.3395583389463,0.12046855096915543,94.1283537385436,97.23515309437029,0,0
14.341666666667006,-0.9054852776539475,94.1413381893093,4.814659191544654,190.81713839519375,-1.4762544737089967,1.8989866500678407,-19.845621652829497,171.13384132569865,0.11587516107058526,94.14569273026756,96.84487801735615,0,0
14.350000000000339,-0.901655175038111,94.16159309920994,6.178087874500595,190.10749137293885,-1.6221318341450233,3.2890367067133255,-16.203393989707774,163.23345201393252,0.11061735317634236,94.1659099517222,96.20674694219855,0,0
14.358333333333674,-1.130276014748115,94.15008868267427,8.447013744488746,190.24833602524893,-1.7555320081284898,4.67125621437111,-11.64577711079496,151.4376246859642,0.10210351946857976,94.15687294523403,96.57431139514814,0,0
14.366666666667008,-1.2507772261050105,94.01190119874133,10.311783965446129,190.66255335479474,-1.84408162661598,5.963083210711634,-5.219133358084032,142.04564632984753,0.10026463836502186,94.02022128601509,97.33982424218155,0,0
14.375000000000341,-1.2214135538935649,94.17260225482971,12.094223297799719,189.31511904963241,-1.8976285404534834,7.122868979085218,-4.052265002558006,140.77842979909846,0.1030204488485329,94.18052275558888,96.06979070871074,0,0
14.383333333333674,-1.3832902280618056,93.86817927038396,14.55571933088601,189.34057867556555,-1.9073501804961863,8.279368097910032,-2.3259572397496453,145.63752881721587,0.11540592237516112,93.87837115860071,96.7937553455942,0,0
14.391666666667007,-1.3864669939778151,93.80195616259573,16.30332128157602,189.6899838552818,-1.8856549183312226,9.421401506940995,3.341659530774238,137.56551469871368,0.11570618560982382,93.81220214159201,97.50611500837911,0,0
14.400000000000343,-1.262930139503676,93.9912588550514,18.127901652833774,188.59383300269025,-1.8092792832886349,10.50665990246728,12.42723198412412,122.37015104831698,0.11174696911541249,93.99974326398208,96.5694123051302,0,0
14.408333333333674,-0.9702742263654001,93.8858269219898,19.910944721928562,187.99154989329566,-1.6674985815689556,11.457981231229411,20.770112116653028,109.53109857228539,0.11058892587545577,93.8908404952271,96.39456624062765,0,0
14.416666666667007,-0.9128564237838033,93.88402915296894,21.41190456400449,187.45271090170104,-1.4515760499298833,12.2958690669464,30.778230601090165,91.61208097407615,0.10626586779097247,93.88846700658162,96.19507865456208,0,0
14.42500000000034,-0.15383846955102864,93.96247782054684,23.83515237252698,187.8404553158182,-1.1812387753897284,13.03790631923298,39.00052652196914,78.45054538589754,0.1060591468387031,93.96260375517203,96.8945114040211,0,0
14.433333333333676,0.45957180191993974,94.0173914516131,24.814128400776784,188.05751995251433,-0.8273683945772465,13.626548202478036,46.25711724680504,67.18035346199561,0.10681376824672917,94.01851467454148,97.14262810729869,0,0
14.44166666666701,1.1146660084838276,93.94850465794985,26.54868427817144,187.5816584691437,-0.442555760063945,14.196438217265364,50.771776273993396,58.43655327777715,0.10688719454139806,93.95511698558676,97.0260623645703,0,0
14.450000000000342,1.747636918858352,93.9936920766192,27.85327299185167,186.98334446507306,0.015498365933664372,14.63849098733393,56.41330183447081,50.30350555733403,0.10920986146691636,94.00993769274854,96.5845727127322,0,0
14.458333333333675,2.651280744015655,93.83374886614354,29.24614723878415,186.853004399883,0.5021651215586934,15.059243803340443,59.999852043776755,47.009670899844984,0.11376104918761953,93.87119747749084,96.7464150443089,0,0
14.46666666666701,3.3186756653560154,93.83322720856114,30.90303559391288,186.6214315459083,1.0333265075096945,15.424771265230772,62.88393420839437,44.06514834909396,0.11763583167602265,93.8918960110258,96.8015897432344,0,0
14.475000000000342,4.395707282231062,93.65495462627212,32.027590232525775,186.2392345244063,1.5678920371866276,15.759883917325105,68.59093558548896,39.7918082491576,0.12487763308873445,93.75805441966119,96.61971765449763,0,0
14.483333333333675,5.181585124208202,93.73705221069287,33.74961646256049,186.18341268883012,2.1730127380288025,16.049799149360133,75.00463229072324,27.50696733488158,0.12551304741743285,93.88015648447534,96.75981593721009,0,0
14.49166666666701,6.544918402925934,93.7315876100102,34.90860563004674,185.93701002212475,2.8214473532501367,16.162399297058066,80.42329346309118,13.172527184435143,0.1226817166258809,93.95981307343037,96.4693665124552,0,0
14.500000000000343,7.347993520015227,93.66734599753187,36.45836187500846,185.76728604322216,3.5168337622835977,16.200166723826136,85.37869309762713,-1.4735412356297848,0.11986698870823842,93.95512074917224,96.59095455674479,0,0
14.508333333333677,8.650916105195453,93.57674354389138,37.50215033624148,186.05986664235178,4.234376581930866,16.21874749702115,89.68508774216326,-10.061420048117705,0.12192550711297256,93.97576965227978,96.87890262951817,0,0
14.51666666666701,9.869644231314627,93.10901200607913,38.39681153830612,185.67104141889195,4.9904633241842635,16.05974236129678,91.99166443246658,-22.320279536884488,0.11811994582645813,93.63064666016628,96.85829114525772,0,0
14.525000000000345,11.255798884160246,92.56001717136729,38.99102055815212,185.3286727764821,5.753580285007451,15.868614360647722,94.45593436120183,-32.15836687640421,0.11717056845206297,93.2418885870748,96.82595718135643,0,0
14.533333333333678,12.401835260565296,92.51452066975997,39.6134017379514,185.5264682351234,6.575588344773179,15.554000270140376,97.73379696346329,-38.59105179703644,0.11974046414464246,93.34207011088647,96.91074109744036,0,0
14.54166666666701,13.776322594139462,92.48116215303156,41.143931092291844,185.59412925532263,7.416257755080302,15.249388979261276,102.76960716739637,-42.40700521349478,0.12717636624600237,93.50161719132517,97.0515875063385,0,0
14.550000000000344,15.071225449660236,92.38760151303433,41.84937478535199,184.88939689251515,8.288997352336297,14.841754160419933,103.7339183135649,-44.50340495987544,0.12982479232689004,93.6088176930235,96.29979974159838,0,0
14.558333333333678,16.525588194869957,92.31885336282664,41.71232242984576,185.52568871095377,9.15596859257927,14.430265585878983,106.02735494608888,-51.463380783818785,0.13231510919598133,93.78627698876586,96.54991319020532,0,0
14.566666666667011,17.985229092334695,91.93191238008268,43.187257983146374,185.05950441066767,10.036087969019299,13.96954878681515,106.99999237093893,-58.247350201039076,0.13369205129305772,93.67467629708128,96.47741008976342,0,0
14.575000000000344,19.651019706379547,91.65521937555093,43.799567692110834,185.23572510079873,10.895379161377814,13.452098906041536,105.39541203535704,-67.82236616580788,0.13108867204225838,93.73815559461838,96.64607297563778,0,0
14.583333333333679,20.93034200276634,91.60608892277747,44.32594953453992,184.40143409224896,11.746053031763587,12.9565728349474,100.6937977092702,-66.8807985545902,0.12986983750117087,93.96677468169575,95.69916685584121,0,0
14.591666666667013,22.153293066972655,91.46868081052196,43.97871914058897,184.27005403237314,12.6195475663733,12.293404541752732,100.16982382567726,-72.23089010571383,0.13197539791758128,94.11316572578103,95.333331501402,0,0
14.600000000000346,23.50566272867997,90.98825445954316,44.55639336997803,184.26749273023836,13.42420876774687,11.690387185206436,94.21051406613,-74.07495497917492,0.1298193078993486,93.97541502919276,95.62504668178528,0,0
14.608333333333679,24.68316612709447,90.70317000748554,44.77366403081931,184.1795304966684,14.220920607534778,11.084832410673673,92.30006380762326,-80.63417243033851,0.13218722282818218,94.00172200265573,95.61097257283413,0,0
14.616666666667014,25.690933633384365,90.17431684526031,44.85758916506615,184.3810379325206,14.98373890632639,10.379122858407541,90.49409667818193,-79.04862430371264,0.13583142487222366,93.76263375921326,96.13670985780094,0,0
14.625000000000346,27.023213882596057,89.82533316273287,45.60073115845018,183.93969172116147,15.69316558949478,9.758347742088068,86.90731468669208,-76.45071278611724,0.13838431320867084,93.80215651220654,95.93037389168835,0,0
14.63333333333368,28.28992120647803,89.04923410833834,44.57270655325528,184.04752267597314,16.414079660269635,9.099880000989156,82.82116533581517,-73.93683316632485,0.14115401617499312,93.43492782225705,96.38362894926108,0,0
14.641666666667012,28.853473065929,89.49968844640904,45.264160411834105,183.95259550044722,17.08259174675457,8.54930101635847,76.55425585448052,-69.18450353217169,0.14281503484150093,94.0357226801101,95.86794203550959,0,0
14.650000000000347,30.242832083151374,88.51678938615464,45.371924210448135,184.2424625173178,17.68627620090722,7.990541787606876,69.35709986670409,-61.71541168699467,0.14392287295078665,93.54063766963826,96.91384795275917,0,0
14.658333333333681,30.85388916481327,88.61363792200672,45.24392888635226,184.140306175244,18.209531291253864,7.559762236868516,58.0742504087825,-47.771535669037114,0.14311613268310053,93.83144090531216,96.60443877354457,0,0
14.666666666667014,31.501273366833406,88.38452169192459,45.488823988575525,183.8545659764202,18.635289075573727,7.210238406723057,45.21317159216244,-34.73750207351793,0.14173501998192606,93.83045293742461,96.48927882453755,0,0
14.675000000000347,32.539985854889785,88.52017628642056,45.41795851919722,183.82444679476959,18.937659817566082,6.930952808034064,32.625668248352305,-24.12710017180238,0.14040003176823346,94.31157028284176,96.17040166845105,0,0
14.683333333333682,32.63483963680819,88.40862764653178,45.85632638151021,184.09173092019694,19.155086020887605,6.743329097612313,20.96646175869314,-24.293358773208283,0.13975170464572084,94.23968484912972,96.59225623112447,0,0
14.691666666667015,32.79071600512032,88.20176676430998,45.47857773652863,184.08131237934475,19.320528542363448,6.579798314268026,8.417938659723328,-9.9745800142054,0.13982714854035638,94.09985502897541,96.71540261334215,0,0
14.700000000000347,32.67712135342129,88.10437761395627,45.88060533673417,184.24501364108397,19.417349596196846,6.451784469075545,7.5533227100861255,-13.561259211582843,0.1409304205475026,93.96901412002161,97.04305170901337,0,0
14.70833333333368,32.753974464476535,88.24420258478062,45.16218193418059,183.85424615921704,19.463851770820707,6.388364883116124,0.7809370534586119,-8.16471364133908,0.14122941031473069,94.12684066217979,96.41184597816209,0,0
14.716666666667015,32.929461066790516,88.88755966892506,44.95359612982521,184.1264253227783,19.427962270957327,6.350480610853568,-4.5925587761983095,-4.066717307083251,0.1408348595879474,94.79107378886467,95.99490275554638,0,0
14.725000000000348,32.76684729520145,88.23353988866427,44.962934107812494,183.65646208192362,19.33100286632873,6.332509321503302,-9.19651374292507,-3.5551275272944176,0.14018452557890004,94.12132512322358,96.19916118886678,0,0
14.733333333333682,32.75551791500329,88.22357970966743,45.599730414291066,184.16892754098427,19.210514032959882,6.321196694979859,-17.960813757584148,4.474792007281348,0.1396901109992985,94.10804413368788,96.8012580765314,0,0
14.741666666667017,32.66454943229605,88.23928057296541,44.48104070234729,183.94368334174874,18.997027173377802,6.4398297044628805,-29.22697871418133,14.418929274888857,0.13969166880655726,94.09114424667936,96.43112658921235,0,0
14.75000000000035,31.601617401556044,88.87133693745432,44.77326154074263,183.50746854233682,18.7304725125363,6.572913575500724,-40.35356647390742,25.067127156287373,0.1400495170087801,94.32272659038681,95.54836269903326,0,0
14.758333333333683,31.030232747990286,88.30856584148086,44.03109622021078,183.85339449024423,18.389878216881492,6.798931195701419,-49.11776025540414,28.431000132872995,0.1406075460071592,93.60169947908857,96.42529093834703,0,0
14.766666666667016,30.52158600361975,88.87765693226248,43.79598226230929,183.94960156800732,17.94866357477555,7.014793844997139,-58.63765251681624,30.383665446388623,0.14186212237323392,93.97236356474866,95.99418864105704,0,0
14.775000000000352,29.63686640672211,88.98433844483014,43.95019468426734,184.14727910634764,17.40591188821277,7.288650470613226,-66.68693509444529,35.421670104437446,0.14117591500171756,93.78995862497206,96.23334474977099,0,0
14.783333333333683,28.599338568860848,89.09018570129962,43.6821284055846,184.74322672283535,16.79518723328819,7.621343518615167,-73.87078440963029,42.840724015312446,0.139128731856609,93.56806803000894,96.83488424078574,0,0
14.791666666667016,27.822315121752585,89.1350578194781,42.9395226816248,184.8312247032352,16.116659032936028,8.050913789817633,-82.30739633175806,44.957435411042,0.14035517357567429,93.37633399965864,96.88284843382829,0,0
14.800000000000349,26.795860160199826,90.01727677789893,42.47282800260201,185.67688169318387,15.460527895924523,8.380223599903099,-89.57192347342456,51.07802891478973,0.13991225678552865,93.92086158162012,96.93568658280665,0,0
14.808333333333685,25.341655010907918,90.61849832562535,41.719309611846946,186.0423634610912,14.705466976101048,8.830680122838977,-92.86007904379278,50.65498887893712,0.13734206832616724,94.09522685813154,96.81911798616655,0,0
14.816666666667018,24.1265558520023,90.94983336085085,41.80260430939308,186.12793528828655,13.910871758607312,9.31656153768635,-96.83112954671905,58.348003901547614,0.1327219619477389,94.09549875337461,96.80554620256717,0,0
14.825000000000351,22.828021955510966,91.02059659444711,41.32911753213637,186.47188035063078,13.063841366439261,9.80806485812989,-101.99605702454801,65.67345616285903,0.13001933593835124,93.83958434909209,97.22776408124852,0,0
14.833333333333684,21.56536317644475,91.56726224145262,40.672519189162536,187.04361644004052,12.206897092466203,10.357429990343716,-103.9255288392021,68.37491470658159,0.12584868616450162,94.0724635763671,97.36949020072227,0,0
14.841666666667019,20.549045083221987,91.6741007391563,40.11421604698132,186.51794045312545,11.323047080854428,10.88440361190024,-103.95167459892436,60.98386181739432,0.12347608689337042,93.9489435819545,96.84084802669895,0,0
14.850000000000351,18.607799643372633,91.84513581646576,39.626492810470786,186.22202890642745,10.466648407974494,11.369213748241771,-104.9163253747977,56.06592553512806,0.12245137232436543,93.71114757974603,96.68910699642788,0,0
14.858333333333684,17.103675231831975,92.04324959330995,39.242660876209534,186.49253054790933,9.59704833234946,11.815932635296992,-107.65547702322847,51.759400194508814,0.12441394393016125,93.6188843243303,97.00928490718196,0,0
14.866666666667019,15.686553854977493,92.41019454139257,37.90936077308596,186.4628993907998,8.697675678182994,12.248892448072748,-108.32798451244203,51.690192042758525,0.1216550335447284,93.73212910748977,96.64245669895422,0,0
14.875000000000352,14.560065247568392,92.4429141024815,37.46913463384221,186.65884952893856,7.778114462632388,12.699143615403967,-108.92824139071989,48.97985696782541,0.12095224980858932,93.58251902878133,96.96116721877597,0,0
14.883333333333686,12.950451013003434,92.49148318246705,36.122626421007745,186.83905576935132,6.863679573373145,13.141579031155347,-107.90638617127036,46.11697306231615,0.11860158351987993,93.39372914030571,97.15150110099543,0,0
14.89166666666702,11.572473896248031,92.68243131871748,35.7670384010022,186.475310045247,5.958637538328055,13.519452990042572,-105.23554564946184,42.0144759910122,0.11488523571208775,93.40211575348881,96.86320793461357,0,0
14.900000000000354,9.991494670027297,93.33845380210778,34.68340238463953,186.64983968764824,5.109036071562065,13.75118955872316,-105.69809819022012,35.67051646424364,0.11766400486202944,93.87170459680272,96.52308036147191,0,0
14.908333333333687,8.650822012477366,93.56530101931344,33.846833920295815,186.06117683784043,4.239539605314668,14.00302005532654,-104.40206387355285,29.154626547261323,0.11865928570678985,93.96436705648743,95.86618830169111,0,0
14.91666666666702,7.203241487453515,93.6925542057503,32.722455883531445,186.6719315170186,3.3986695792341672,14.159339142798398,-99.65845833830738,11.309142414319055,0.12333626772753092,93.96904491120482,96.41781426989614,0,0
14.925000000000352,6.028393714844076,93.6544290850594,31.695808346549487,186.93128182748455,2.5743072662927045,14.222953859239293,-93.30696605780561,-3.1698325015955793,0.12377320203847919,93.84824781544722,96.74392710350325,0,0
14.933333333333687,4.761137441838007,93.75834321456261,29.99780547182934,187.19439459017002,1.827337231459796,14.176640320396896,-87.37008070610393,-18.064135865844126,0.12633061050458627,93.87915291522283,96.78421932278596,0,0
14.94166666666702,3.562973584213414,94.02253487551093,28.285670618722808,187.25607347229845,1.1128054557942275,14.026371004758943,-81.88245023318076,-24.102592123408602,0.12122173397922653,94.09001990210477,96.45571246918873,0,0
14.950000000000353,2.3790472361090496,93.76670095657272,27.441333117418996,187.39539700695042,0.4393942036498922,13.768942718600224,-78.56973785182772,-33.89759910768289,0.12397031307765793,93.79687667524422,96.9249756135668,0,0
14.958333333333687,1.5567645248775124,93.97026349181306,25.338888800309523,187.65648145180563,-0.18989985887105357,13.451135568281448,-73.01564788302129,-39.303447158025456,0.11840339628154695,93.98315772789661,96.65762706946269,0,0
14.966666666667022,0.48083638831554243,93.87296826510953,24.235794253546093,187.42479845592788,-0.771846369871716,13.072356025645655,-67.37562543356783,-47.69598770666991,0.11625817663080973,93.87419972779843,96.52068666990819,0,0
14.975000000000355,-0.2399679554223395,94.00173760892363,22.418791691803737,187.21475737798448,-1.2948234376427805,12.6060774932943,-59.14312571570834,-58.62339288757064,0.11290630269228075,94.00204390393093,95.92750618679759,0,0
14.983333333333688,-1.196592711852527,94.07157953541082,20.720919912783874,187.06248292041317,-1.753140794174903,12.097973832095175,-51.64223477276681,-69.74613975182518,0.11169003206566197,94.07918957136685,95.53892124160676,0,0
14.991666666667022,-1.8647196758310498,93.81515848735768,18.600903144079897,187.68758985931942,-2.142488842867534,11.52052882852172,-43.39927905848705,-77.93727118993363,0.10631085114694905,93.83368873425722,96.07744318564336,0,0
15.000000000000355,-2.24664757309949,94.09779427396114,17.662974598410077,188.1748743927917,-2.458128774957646,10.752894477217382,-34.18630106723746,-90.84489587467259,0.10513940002508626,94.12461055718865,96.16075113421863,0,0
15.008333333333688,-2.756789957488418,93.96500618171052,15.556281438075022,188.646588980751,-2.7205008131933828,9.966833508974178,-25.190330736450683,-105.18487371135251,0.10714159334982964,94.00543748953358,96.43635572371325,0,0
15.016666666667021,-3.006219510453202,94.1662219447964,14.089926370249547,189.732568658886,-2.9089167698420506,9.008880571516235,-18.770235035199008,-115.00262985048003,0.10747294226788995,94.21419591071022,97.083494108174,0,0
15.025000000000356,-3.286359141285227,93.85261044653697,12.272615536610832,188.876244608942,-3.051286848240941,8.025394412155782,-13.02943899034308,-124.81630380351687,0.10943354048277465,93.91013067840407,96.28900634266613,0,0
15.03333333333369,-3.363859496242635,93.88156480697984,10.35684479630368,189.9413182260165,-3.1431022137013764,7.016912413012607,-10.266416585252118,-127.43094988669493,0.10639113503543296,93.94181050691762,97.03470489061955,0,0
15.041666666667023,-3.4375440416468406,93.8147808189284,7.577628303398233,189.82698794543478,-3.22195995360631,5.964225994385663,-7.732057149252684,-133.12420925791963,0.10819606863940612,93.87773862392424,96.64200918386481,0,0
15.050000000000356,-3.6158967141605514,93.80676873288553,6.288756975274798,189.72535016074391,-3.2690047304387386,4.817213581363619,-3.7915058747897605,-135.3202878113319,0.10344826847245114,93.87643244793951,96.42860793271022,0,0
15.05833333333369,-3.6323308036781397,93.9770247279086,4.041750474063808,190.35044489788686,-3.2807476737695196,3.6624611860331493,-0.850889576203401,-140.70697598506808,0.10498689236928005,94.0471956188875,96.67847557091787,0,0
15.066666666667023,-3.6170928667929116,93.96589735276177,2.515864806099221,190.48393167708866,-3.2616757158922836,2.4170107348649315,3.9845042202348266,-147.4638101974022,0.10630926023879494,94.03548918422642,96.71268851422461,0,0
15.075000000000356,-3.5892209807316204,93.96414198688092,0.5891898809849225,190.28918523739696,-3.2114397371504353,1.0882425408227432,7.863406125921035,-157.23382864747103,0.11400911611356168,94.03266712467132,96.41562671342803,0,0
15.08333333333369,-3.439252460217342,93.97250368144694,-2.082942994528419,190.65396869496527,-3.1004282011852213,-0.23809864443268833,15.753298452157567,-167.6269154774553,0.11806161298665163,94.03541835736506,96.69097813408905,0,0
15.091666666667024,-3.0971783415827714,93.82680269164388,-4.054304336722335,190.87365623483356,-2.9435948245210497,-1.6328782674250133,21.994721997401058,-178.7302772957048,0.12659930833481914,93.87790696972445,97.05157326289915,0,0
15.100000000000357,-2.8837898638045614,93.8486665121107,-6.307770129354988,190.87445248739522,-2.753360651318756,-3.0510533147489936,25.649990054534214,-173.2318752258289,0.11450181854190467,93.89296272926927,97.08618225566704,0,0
15.108333333333691,-2.439128517391505,94.00373016031904,-8.654208687261185,191.31234481566344,-2.542616847357814,-4.468646716975208,28.24011006199605,-171.73588770865464,0.1108953620263744,94.03536904791956,97.50689056502732,0,0
15.116666666667026,-2.080020947487635,93.90812024010472,-10.678104732172468,191.1199163860142,-2.296247067680783,-5.937294876773152,30.125662517549234,-166.80093589691413,0.10450124671625804,93.93115316108896,97.59129241219384,0,0
15.125000000000359,-1.3851268113168613,94.03194551106634,-11.856441398728403,190.89344642698842,-2.0611820714726017,-7.317427961700331,28.396658009022094,-159.5890410147104,0.10001190344696687,94.04214668370548,97.42586303889595,0,0
15.133333333333692,-1.295951851882644,93.82131732984396,-14.283264845108757,191.2119528144309,-1.8189187570764995,-8.671740949458195,27.470662991119628,-159.4901763398433,0.10472985336920582,93.83026738057224,98.25276677465986,0,0
15.141666666667025,-0.9659168210729332,94.02764700854812,-15.45917795691906,190.46543285928743,-1.6000579915735682,-9.964589298045956,25.335296136251877,-152.77437855708266,0.10276235724075544,94.0326081594537,97.52077295707251,0,0
15.15000000000036,-0.4992374480439663,94.04448838218156,-18.30409597939956,190.88586948344687,-1.381958548594053,-11.211795793929488,23.157577662023748,-147.94773170802299,0.10384421545478739,94.04581347989826,98.46454225213304,0,0
15.158333333333692,-0.09215304514395495,94.09956298663576,-19.944118799065617,191.27250687486446,-1.2038895715593758,-12.362805371957897,20.615642042758434,-140.05599509253727,0.10190794192740915,94.09960811002117,99.18004621999187,0,0
15.166666666667025,-0.013662699066965267,94.04794362001581,-21.534027907309618,191.48907883207642,-1.0491737184828223,-13.431128742552588,17.75036045663949,-126.11651006556617,0.09403580324907068,94.04794461243169,99.78928274174145,0,0
15.175000000000358,0.46156548819260923,94.09647893338644,-23.11527067625985,190.24101901341157,-0.9312012237058239,-14.466605529220587,15.201433756460814,-113.54128574482688,0.08875887356532663,94.09761097052957,98.9931300178199,0,0
15.183333333333694,0.5054813157831335,94.0929745092987,-24.173637463964152,190.76626018962384,-0.8162359316417905,-15.407872315161715,9.949652648246975,-104.47446346741059,0.08961285340176195,94.09433225953697,99.77365918905969,0,0
15.191666666667027,0.750512326527148,94.08731959944629,-25.655631100489753,189.96059489614447,-0.7322570580748662,-16.307320832724955,7.415576590718736,-97.33919410732884,0.09045767860629494,94.0903128816172,99.44329704311228,0,0
15.20000000000036,0.6707475858472707,94.10177254770025,-26.630890821242698,189.7572204801491,-0.6630691083473331,-17.10169218845876,6.707688586291725,-98.82057394248936,0.097297164054579,94.10416302663253,99.47534457778431,0,0
15.208333333333693,0.8091521123851679,94.20832359000764,-27.967911249032507,189.52576307675167,-0.595710554950582,-17.899592761174134,6.471832919499716,-94.81814827428539,0.09911579664298165,94.21179841601882,99.56672961394362,0,0
15.216666666667026,0.76825689842281,94.06497054071696,-29.45433023014834,187.98691123468433,-0.5630599441303293,-18.689531449297938,2.8020399942147134,-91.97472737977414,0.10490504943042556,94.06810778094733,98.66476431059468,0,0
15.22500000000036,0.8584572772630894,94.2319737001423,-30.345062574515335,187.66449007829874,-0.5768304114150015,-19.40477671680987,0.011985697829381643,-88.07310220993719,0.10884141926641355,94.23588391011779,98.50530324756531,0,0
15.233333333333693,1.0064787771585246,94.24137201041901,-31.50429259995462,187.66318022829597,-0.6126855200609881,-20.049208603703295,-6.205995036369025,-71.6014111505666,0.10511663840705099,94.2467463519832,98.91705872210669,0,0
15.241666666667028,0.8995911681707343,94.15663717713198,-32.437597590931254,187.359781073426,-0.6937139778094853,-20.511910440845124,-11.936904018085762,-52.62477660943727,0.09968056086944221,94.16093451520074,98.98582821047306,0,0
15.25000000000036,0.6454347011430785,94.12087842817039,-33.44464762866419,187.43289382026495,-0.8193563230197267,-20.908895088999355,-20.078112627206362,-32.77818304972669,0.09712365655487032,94.12309143905055,99.34417914396158,0,0
15.258333333333695,0.08904387892755938,94.09109037377243,-34.7000326772046,187.16321789791988,-1.0050971796849435,-21.141444774019476,-26.590619105108484,-17.127008515067114,0.09614099591106706,94.09113250746739,99.36146521413414,0,0
15.266666666667028,-0.1259642846400153,94.0439171974109,-34.67943526867031,187.36593760332318,-1.211697611415831,-21.274016689895568,-29.99814689102276,-8.339360230083333,0.09612746271261896,94.04400155690145,99.51352596348764,0,0
15.275000000000363,-0.5308621757350194,94.16346161006874,-35.14869000872704,188.54916400708368,-1.4776922461174973,-21.309843801696683,-33.087797975069606,3.256714161857785,0.09486324000325164,94.16495801008205,100.53384912979583,0,0
15.283333333333696,-1.0171603473892743,94.14481434479262,-35.25885878212721,187.46220457743073,-1.7676821892010575,-21.240070316741058,-34.36906802978203,11.411246071236052,0.09339380463688185,94.15030899146201,99.40135427410432,0,0
15.291666666667028,-1.5734891919099665,94.10477271672136,-36.49136900548205,188.07456413202027,-2.082572936882853,-21.134944049638246,-37.37707053201084,15.734489747644137,0.09374012876632509,94.11792664685534,100.24759363351248,0,0
15.300000000000361,-2.037473624347622,94.00181252122542,-36.09955661739496,187.41049540422438,-2.434357239455976,-20.924607159708316,-42.811710303873866,23.59913163761492,0.09425750393833887,94.02389087910329,99.42538677702947,0,0
15.308333333333696,-2.5273866408606365,94.08111484411711,-36.28601289146206,187.34366696014888,-2.7842125249089165,-20.680980500286385,-46.53358027730194,29.40199837427899,0.09423196225801078,94.11505646571304,99.1844164852692,0,0
15.316666666667029,-3.4931836527463203,94.08697634721761,-36.25545539627819,187.50080509711938,-3.18525201915476,-20.431747711155477,-49.422795577585035,39.030575902991245,0.09367089596179312,94.15180003692814,98.99247371145445,0,0
15.325000000000362,-4.0591904073655725,93.90676890798358,-36.37031163767704,187.2978860543177,-3.6069539568963047,-20.104399015665184,-52.99047431967986,48.78315213266457,0.0935564259427295,93.99445873827179,98.82261541266851,0,0
15.333333333333696,-4.984392613070663,94.02628657815546,-36.68690980621238,187.38757578627303,-4.055227336588188,-19.650609551898437,-55.48402291767545,57.10859745470881,0.09262524882088297,94.15830678914448,98.5970583688135,0,0
15.341666666667031,-5.7411496541390035,94.01166739648,-36.059773570633006,187.63125444997132,-4.5282190729931235,-19.12543743536565,-58.36143272972864,63.40152902321656,0.0918404737683125,94.18680590198183,98.40653452010207,0,0
15.350000000000364,-6.230815798049828,93.95564834276786,-36.2331283755617,187.84651317816378,-5.044185209907297,-18.494523310862775,-60.58541225703678,78.40439195558366,0.0918696707051323,94.16202483495712,98.56791191628902,0,0
15.358333333333697,-7.292284554466501,93.7976978213627,-36.530763021324155,189.4726384583218,-5.566102621743929,-17.787916129378672,-62.435173614844125,90.10506530498668,0.0922251737244757,94.08073942423592,100.04290524041446,0,0
15.366666666667031,-8.127356394920977,93.58247329734684,-35.7343518082207,189.30983115720187,-6.085774257792898,-17.007798041213228,-65.32320897416191,103.21796321976001,0.0941556098552665,93.9347285641402,99.6286767882556,0,0
15.375000000000364,-9.010578932414713,93.61035206754008,-35.00044334687987,189.76596367893052,-6.627171651517802,-16.115523963848187,-65.39870954798354,111.30698899837745,0.09420770958958924,94.04301434400153,99.60609768805746,0,0
15.383333333333697,-9.968871952389005,93.19312274546297,-34.47738378699324,190.06953870707736,-7.1659343416913055,-15.199005280769933,-65.96444041446024,115.32029532913293,0.09317043305061912,93.72479146444688,99.92851005551253,0,0
15.39166666666703,-10.839421322184588,92.75317346307429,-33.23352518355198,190.4473368522677,-7.686982637552573,-14.27428146519066,-61.98637874616552,117.01400025569674,0.09126486071174478,93.38438971300813,100.22796739467547,0,0
15.400000000000365,-11.568614929482347,92.68876661210777,-32.810251959098416,190.03413917609527,-8.207504600824796,-13.255907594104958,-57.779291986867904,115.19179959770635,0.08786788463447781,93.40792422198679,99.63598096731666,0,0
15.4083333333337,-12.405379540162922,92.77808555084624,-31.75621136040098,190.47200512623698,-8.6621994069815,-12.312582491490456,-54.21172992415943,111.87639679002763,0.08434177004460519,93.60377449662826,99.59195054891761,0,0
15.416666666667032,-13.100392945985444,92.62762037675367,-30.98493206250441,190.95126881719204,-9.11117054556524,-11.359637809560649,-50.25786157953787,111.74874710687364,0.08330910896412247,93.5494326652985,99.93696304195569,0,0
15.425000000000365,-13.805941517315201,92.57999892490687,-30.202958482413063,190.64884093861173,-9.52930845765531,-10.410956054256932,-46.9889881818543,112.75322388326109,0.083449030613584,93.60374042801541,99.43017620050117,0,0
15.4333333333337,-14.223117164830622,92.49946272764532,-28.930655645807743,191.36773468967846,-9.891534922603526,-9.462630459965471,-42.576327278793784,113.65454122731131,0.08425584881021031,93.58657845432509,99.9562248633269,0,0
15.441666666667032,-15.061684777229,92.53017722245289,-27.846925335848933,191.48424077067386,-10.212421766139677,-8.544048411088045,-36.981263366747164,114.32868373235434,0.08609333773028327,93.74800288617966,99.7765957970462,0,0
15.450000000000365,-15.360842962237765,92.59498976703895,-27.03967584196067,191.56101905456427,-10.494499027480641,-7.609138012465852,-30.554572340616442,108.69698650435298,0.08406707328366236,93.86046892312321,99.6527475304711,0,0
15.458333333333698,-15.95111135241336,92.50828361647052,-25.47123919773895,191.17308865624221,-10.710715818266314,-6.76932631021893,-23.535437893707243,102.65594183616486,0.08254025338812188,93.87342803500061,99.1230376235893,0,0
15.466666666667033,-16.16105040608306,92.50361615994774,-24.397893919466124,191.55719277081533,-10.891249703339453,-5.900116326895161,-17.480955664929816,98.69104093053367,0.08242293711204729,93.90473125937214,99.39545578379817,0,0
15.475000000000366,-16.187511107443978,92.51490254562628,-23.094797671970806,191.65379665501285,-11.0259983891169,-5.062165952188712,-11.867273338020397,94.23885023826557,0.08194932088952056,93.92040624316077,99.3792278744238,0,0
15.4833333333337,-16.376845033114133,92.41532794379265,-22.12602410629557,191.66432522635097,-11.101276118132725,-4.319641165400284,-4.818244753377764,88.24132861976528,0.08154079363683842,93.85517509544894,99.41537366830534,0,0
15.491666666667035,-16.440766514545768,92.4278586290522,-20.962217743154437,191.18406159964786,-11.133888122406624,-3.59667762478406,-1.8111261619962509,84.62802054421118,0.08011655214442293,93.87868690143608,98.85965378445432,0,0
15.500000000000368,-16.371071941512295,92.45317193977667,-19.71500328368108,191.55340115094657,-11.113645421025018,-2.937508882214842,5.1468350087819275,75.4633916589684,0.0774165240202338,93.89143197459542,99.15663016928092,0,0
15.5083333333337,-16.394612809733072,92.2525326636196,-18.065990106062937,191.18424186747455,-11.028874489633749,-2.334533089296076,11.096385806947822,73.37737407805469,0.07965644708013375,93.69798883665148,98.94582653180883,0,0
15.516666666667033,-16.100678960256342,92.40803574157229,-17.225250030001288,191.08524724361007,-10.884293493209773,-1.7121839098995983,20.91558329706501,70.00074298840332,0.08488894620550713,93.80019686864705,98.6836193595918,0,0
15.525000000000368,-15.660715080439669,92.4443320945262,-16.16573844637446,190.10848297156963,-10.675932319040033,-1.1706479486566324,31.158548084034223,62.68889990815001,0.08789697937462337,93.76146614272709,97.66545661150641,0,0
15.533333333333701,-15.417227134353364,92.49236347641283,-14.690192954469236,189.92863654653763,-10.370449719790196,-0.6472847883691867,41.26364264096999,57.36511557514411,0.09306592041732342,93.76848187938796,97.4389854652369,0,0
15.541666666667034,-14.492941167037028,92.60877583368602,-13.34521074032261,190.91553453210048,-10.014564025754854,-0.16559687459793906,49.15440012911678,53.38295757199693,0.09733421416786747,93.73596270954442,98.31345834076173,0,0
15.550000000000367,-13.905836495804802,92.47156114665177,-11.468250321395939,191.08386936465848,-9.562679710780461,0.2123228186904315,58.6366313444192,45.62230784555997,0.10037550493486913,93.51129295195855,98.64243082183663,0,0
15.558333333333703,-12.899673012303534,92.55055119517374,-10.095843073861712,190.39406156639757,-9.03864005396535,0.5136111765426135,65.70171626888133,38.365572492775314,0.1006054617239962,93.44520367763573,97.88367577940403,0,0
15.566666666667036,-12.1415337352102,92.53764010134773,-9.187271425062871,191.63398861569027,-8.470845283270062,0.7951604937940889,72.48514126394676,25.901042081122014,0.0956476349159785,93.33076490080754,99.1403749976426,0,0
15.575000000000369,-11.008479277413922,92.61961914429236,-7.221481708641188,190.9438082054175,-7.842994191060757,1.0346897884179074,78.45900062539216,18.46828866560131,0.09466691852619258,93.27154156780631,98.39709093826794,0,0
15.583333333333702,-10.054200678665776,92.99116915910963,-6.412601987985393,189.59195125161688,-7.12743199003246,1.0849959443891395,85.82165039954468,5.712176750038383,0.09123487603155223,93.53311976441834,96.66939713222605,0,0
15.591666666667038,-8.558002031263182,93.44930589766733,-5.242782511172773,189.95996564739937,-6.411004225908116,1.1389593937756826,92.30338236348754,-1.9668707664588978,0.09179983328288355,93.84035470693249,96.56758320365554,0,0
15.60000000000037,-7.5386377414019945,93.48772832969985,-3.8690468547065917,190.34671794290563,-5.618456708648558,1.1202678345197579,97.28657065299927,-2.9453589115374292,0.09613635722625524,93.79118512548956,96.92847758098145,0,0
15.608333333333702,-6.165185156241473,93.68015242134516,-2.4949420005507887,190.4705922013722,-4.794139399091535,1.1029163858504276,102.639262089076,-6.2499140681028456,0.09964292670060315,93.8828017567499,96.86000163964967,0,0
15.616666666667037,-4.6177959336483765,93.64163771345096,-1.0100258280133358,190.57176866127236,-3.91500598601282,0.9997181603715752,106.67924545276007,-13.52664351076056,0.09753615720554754,93.75542839186444,96.99724888210447,0,0
15.62500000000037,-3.0171861220038023,93.99882978860046,-0.5117917745203568,190.91764093723845,-2.9882863631717975,0.7915408406518069,112.56799823514586,-19.830180467036357,0.10038628111573367,94.0472403301718,96.95118851928406,0,0
15.633333333333704,-1.880656856952153,93.77515905682469,1.6078400151607797,190.653174393725,-2.035143912169629,0.649571647214348,115.83140904114589,-23.66671722820877,0.10132655754608155,93.79401540794792,96.94080392715668,0,0
15.641666666667037,0.02528727832856692,93.9781820986417,2.7748506043951737,190.55702092886833,-1.0514240554212344,0.4339276837893388,121.55536851386385,-30.794633822759465,0.1047902758609518,93.97818550074216,96.61797042102955,0,0
15.650000000000372,1.6206752478955808,93.98375788682722,3.6806531796267494,190.6431133694727,-0.03801955554438351,0.21531576673162064,122.08895250620792,-28.21240588979096,0.1077524239819696,93.99773047679875,96.68130383584845,0,0
15.658333333333704,3.386712341162938,94.03428117332919,4.58039420662215,190.63541595213582,0.9876257372278052,-0.0535921831291649,124.14263223051503,-30.75836009361964,0.10982576022397161,94.09524885065407,96.60850954729138,0,0
15.666666666667037,5.153223855890308,93.77807976154008,6.224330275815025,190.5396870084586,2.02277084163165,-0.30571661482237744,125.60916952803016,-31.094785106083446,0.11360171880877523,93.91956111412942,96.76753539266006,0,0
15.67500000000037,6.635236392616666,93.8411541697335,7.930632016918939,190.53221085860326,3.0708360153640744,-0.5690043726269376,125.47448805097031,-34.55034077720201,0.11217166353269192,94.07544088599104,96.6997336781942,0,0
15.683333333333705,8.537374840728663,93.95080418772119,8.673207267825834,190.48089404847155,4.106504598739055,-0.869389052649399,120.58460413875441,-25.75165893025242,0.11329890561079248,94.33790530158403,96.53018542908116,0,0
15.691666666667038,9.866572786258363,93.11522276958237,10.294113006630827,190.10599748759103,5.086099999173425,-1.100888109716422,117.83778545947618,-26.856176177719146,0.11029537479970752,93.63649913348686,96.9917170228445,0,0
15.70000000000037,11.721902257880746,92.9143995468491,10.936173990577519,190.00544889848874,6.044919241771611,-1.2590872178840777,112.93358056849986,-22.957266260112466,0.10839325459254257,93.6508869989752,97.09422862926799,0,0
15.708333333333705,13.181454338632651,92.71857833926435,12.623358574113812,190.8885561587777,6.9757961917221225,-1.3959397090608894,109.47369206915835,-18.74018498661627,0.11011578299414282,93.65087029886993,98.17156419231648,0,0
15.71666666666704,14.549859602573182,92.5103048944145,13.549641776104583,189.5496772351221,7.8867204957143064,-1.5430426407023838,106.32111817334219,-10.69044885737141,0.11648250248262038,93.64750357650823,97.04452699652295,0,0
15.725000000000373,15.768854382323699,92.31182300642246,15.052072041908506,189.59655786317063,8.741846137927693,-1.6134741472971084,99.57592279810237,0.5244578417782894,0.11970606749347201,93.64896921643076,97.28737540437261,0,0
15.733333333333706,17.253938344464817,92.13657197309891,16.103500827242502,189.78262714570104,9.57816388711347,-1.5797256867278713,97.70948784201714,5.51687488149275,0.1265499774752814,93.73817943265503,97.65283199811408,0,0
15.74166666666704,18.54139980745794,92.01418174081385,18.15128703232404,189.52426164271844,10.354776956230937,-1.5440602283766285,91.01520603534594,12.786192714655058,0.12698323225787034,93.86369451631191,97.51086026927021,0,0
15.750000000000373,19.84262537324179,91.65669539155493,19.178556139539527,188.87661251243338,11.099589845527792,-1.3394261253766138,88.58585430530373,19.484615654716425,0.13492846861586916,93.779953037966,97.22218508621181,0,0
15.758333333333706,20.960451377671237,91.71660109362745,20.54000303109854,188.91517328238416,11.823536578660338,-1.1953970662662148,83.48729238329659,25.19783746089962,0.13744734082147758,94.08121724405623,97.19948154360232,0,0
15.766666666667039,21.82157855609876,91.53942620880662,22.033965757374464,188.95670945215772,12.45656323233546,-0.958126908783666,73.66254691229464,29.61551561853506,0.13040613685495517,94.10445176142062,97.4175147642279,0,0
15.775000000000373,23.117477258236935,90.9575864500789,23.632310087019963,188.79167044740296,13.031926382765391,-0.6651540951378535,63.62425789909267,38.765862398923865,0.1285268319860431,93.84934889283292,97.8354385917345,0,0
15.783333333333708,23.477237895420505,90.97773027370812,24.670490560870295,188.14830817717194,13.516096121795531,-0.3464574039372527,54.36222572095144,41.09530328205488,0.12156955209949727,93.95811888790534,97.17790418617153,0,0
15.79166666666704,24.65551228892122,90.79354967515877,26.87190412043532,187.37996148759612,13.950069990291185,0.014249916643779028,46.656324947571015,49.909986855552575,0.12339179767314556,94.08168232363126,96.61183850622314,0,0
15.800000000000374,24.847885382107737,90.55151244230615,26.946489361157322,187.35011618294806,14.319559566041319,0.47399087990566585,40.21474032588907,54.13462112761612,0.1226584187435118,93.89884884039573,96.82135004635442,0,0
15.808333333333708,25.084056471285923,90.52683128784156,28.66814427197841,187.72405707825948,14.642764950739998,0.9665823354770322,33.614320301187334,61.790230426430035,0.12500586633370814,93.93783621135836,97.26328385735573,0,0
15.816666666667041,25.74154974169841,90.05359311714773,30.2880640544978,187.48545839331564,14.901001705902207,1.5262615466425242,27.14938279490503,71.61760961006017,0.1295271143087655,93.66043463711414,97.53788578593358,0,0
15.825000000000374,26.061447890434525,90.11949628183146,31.079476375854885,187.79222178773892,15.094053716333532,2.155013219090162,23.58622179005902,78.73352194305453,0.13478866895433006,93.81216699467542,97.80154353399969,0,0
15.833333333333707,26.49040595689957,90.05994216018206,33.30159245514722,187.59651673348532,15.249110054644714,2.836758727493037,14.942336323441387,87.75258083392664,0.13618654299142996,93.87510207534625,97.77410516597664,0,0
15.841666666667042,26.54123805983176,90.01355158657219,34.39723140746202,187.4098119725469,15.341241193065404,3.567166208057559,10.917133098906564,94.5931059080586,0.14058348306846336,93.84496143628147,97.71257937773721,0,0
15.850000000000374,26.590632263047898,90.05886689590608,35.879141592099536,186.89506014190323,15.392510035421212,4.372629576254064,0.018982516687036363,95.23753579614366,0.13191114638033952,93.90240268876602,97.28064929847038,0,0
15.858333333333709,26.45132598986311,89.95395845726415,37.20881128113212,186.634775668315,15.349922155845205,5.214108309842223,-11.36801418347078,106.0680540782139,0.13319929788882057,93.76239805355456,97.27745836723169,0,0
15.866666666667044,26.374823939092327,90.03034164610114,38.45316803866343,186.62807459872414,15.2534020444047,6.131223157282476,-15.969238661221553,111.39675107931112,0.13538800394530348,93.81414474764352,97.34992762079442,0,0
15.875000000000377,25.957149354620245,90.14089168086474,39.67184863893238,186.08517768880813,15.08284897289022,7.101414763094082,-24.252652915008195,115.37440046720984,0.13352549252870682,93.80380565648417,96.91954908083896,0,0
15.88333333333371,25.847002626706573,90.2085082006052,41.05379087629496,186.09464929148777,14.816883031417682,8.10737242709592,-32.94412186852332,126.32126139118974,0.13782764186523266,93.83838498484312,97.08449135762343,0,0
15.891666666667042,25.037890706322575,90.50480145080627,42.05909967614486,185.64004884011285,14.503571157619906,9.180874702294396,-41.225781903637134,131.1178891500923,0.137555700984608,93.90428667889245,96.64593551008197,0,0
15.900000000000377,24.713641563959985,90.70379318936784,43.954009060899246,185.3091885078365,14.167522680116894,10.26262669923833,-45.00423052928275,133.99617351096185,0.1386520930206343,94.01033016797412,96.54207665459143,0,0
15.90833333333371,24.41776042548111,90.94839199026649,44.960336565473774,185.30528688665487,13.788178716699198,11.312773127435596,-48.35307416674264,129.4744480494418,0.13386346362252688,94.16919363470923,96.56718412046341,0,0
15.916666666667043,23.28982362084088,91.85042498973036,45.54109345606566,184.3677303506123,13.380274948076352,12.391300053130879,-50.010592134404035,125.62900669691875,0.13117660259875263,94.75714461234024,95.15550851379368,0,0
15.925000000000376,22.64917492209975,91.78925302404116,46.84672237331831,183.97959350608062,12.949802949633645,13.464236644411073,-52.141182768179995,123.37434806207636,0.1301535082378491,94.54232964848772,95.31306406179762,0,0
15.933333333333712,22.154842519565822,91.54777486951372,47.78026554114525,184.33969828876536,12.51604194946275,14.43166739372816,-50.82360593211951,113.12651062143875,0.12489132503698652,94.19040360156617,96.26527596635847,0,0
15.941666666667045,21.583735672168363,91.4042368085461,48.63566765948793,183.5772202921109,12.102536545952733,15.368053251937686,-51.57730888444438,109.33251784985183,0.12422750316801956,93.91800760300873,96.06074072433583,0,0
15.950000000000378,20.560396511656965,91.60486157350135,49.09780791447901,183.92842387678644,11.622516691334031,16.28670698121568,-53.264768695128765,109.2352407142997,0.12550771255405202,93.88386745664508,96.6334517956514,0,0
15.95833333333371,19.88839362296159,91.51541388242828,50.25590039592198,182.56279944075493,11.170561667175512,17.256384614565754,-53.35507367903862,109.58967620543586,0.12826105418630362,93.65158396404199,95.97818442027534,0,0
15.966666666667047,19.146584183129338,91.75178594023555,50.7403840809833,182.80239331174658,10.7588325478278,18.116346811836273,-56.1101982828275,107.57895654517347,0.1296781731294554,93.72823432191852,96.37624860258204,0,0
15.975000000000378,18.613561193447484,91.85918780990471,50.91594724126845,182.5918531760974,10.291996041108847,18.979130859687835,-55.89723995967,105.1281999476479,0.13111926076504865,93.72606385311164,96.31126989525141,0,0
15.98333333333371,17.656895964196625,91.88815171069297,52.09682318192058,181.61219064913956,9.82213944991751,19.879834892685587,-53.37999562576055,101.04811977659146,0.13249421192813182,93.56921715979988,96.10677265515685,0,0
15.991666666667047,16.783613994848228,91.94263219232505,51.949916918997765,180.36503750577265,9.401606665456555,20.604669504617473,-49.00847405323504,86.62181106765685,0.12889990130212414,93.46195650199728,95.15876534911881,0,0
16.00000000000038,16.5958243146942,92.13158173993634,53.10734216802559,180.6465964369391,8.99749647974713,21.236495088475,-48.442917943437834,71.44880637738224,0.1265428327429894,93.61436715903582,95.74966716790586,0,0
16.008333333333713,15.828272259641441,92.32519101662103,52.547457787160404,180.45351277471224,8.580969621999975,21.828018776744088,-46.85316132422873,64.90749630732303,0.12702630335555343,93.67216821970598,95.47198375283719,0,0
16.016666666667046,15.049391637555463,92.21626511648265,53.17103733312485,180.09009176310076,8.213929141032779,22.35845922729017,-42.79117156899042,51.21273271425469,0.126199468681361,93.43620144619503,95.7865819416186,0,0
16.02500000000038,14.616269373524464,92.26695162829594,53.562953256051635,180.6825545330305,7.876877340801279,22.767061783260587,-37.897584945670786,37.18904612432387,0.12543851675626305,93.41748066169272,96.61347226165307,0,0
16.03333333333371,14.239088827169784,92.39207572302331,52.35435810380324,180.424110597312,7.5848660652026085,23.037590981399006,-35.34250668016591,32.99159196208251,0.12528787997699675,93.4828717307984,95.92920783649919,0,0
16.041666666667048,13.417504142278123,92.49628308175295,52.93786929859238,180.28753511152883,7.333577691863947,23.168728257667972,-30.179948418474293,16.00636503489338,0.1243422844022577,93.4643878776715,96.27649347085739,0,0
16.05000000000038,13.210796187053237,92.47995452637156,53.261770224854054,179.89720436003643,7.075736795580846,23.26293496838122,-24.190964123320747,4.546010942204781,0.12319852476911564,93.41877287299171,96.15537473203447,0,0
16.058333333333714,13.157914738920685,92.39697987138737,52.44948642482945,180.16563564361184,6.881870363706854,23.255270526277787,-21.43633669880899,-10.484935535342915,0.1246149795037268,93.32916269650269,96.16217833229517,0,0
16.066666666667047,12.728363265472073,92.52905724181005,51.90990698401237,180.26194334850288,6.710565205150494,23.129955034553177,-19.12430701327062,-18.341079654731715,0.12415772467532671,93.40041576714731,96.08461204988976,0,0
16.07500000000038,12.507489720441473,92.5599211627383,51.20148539125672,180.03655253516695,6.54812136294172,22.983408660423056,-16.23806726802989,-28.52839681793825,0.12461942651352986,93.40115794121228,95.6524246281339,0,0
16.083333333333712,12.48500177439701,92.60690373657712,49.75969508212166,179.99506221316688,6.432298417689508,22.74426589915579,-13.174257278011027,-41.771562610773124,0.1266477449223573,93.44471033173765,95.00575247380812,0,0
16.091666666667045,12.047154323016517,92.59248998631051,49.82878961615416,179.6722299048585,6.3841198467404086,22.267133986136145,-9.150034536777149,-49.83664431957232,0.12439484360900899,93.37292503262168,94.92277424151501,0,0
16.100000000000378,12.05876106420897,92.57940352198091,48.73886596363031,180.41006011328483,6.329300148258141,21.764966761634795,-3.3590532573883327,-59.08776942681949,0.1219235709716533,93.36144640529866,95.1822164728901,0,0
16.108333333333714,11.976463603344829,92.49552034165418,48.35544573859921,180.9634596861397,6.307205236030495,21.219298028971064,2.483035968381591,-74.67135018853278,0.12405657682153937,93.26766301197648,95.65566702008158,0,0
16.116666666667047,12.007721292516866,92.60081684757102,47.57934678782346,182.12094203360095,6.337863184404144,20.61106993711412,5.796988388829865,-81.4817851224063,0.12223280403156078,93.37610321423868,96.3285697687909,0,0
16.125000000000384,12.271438235736188,92.54421155581912,46.327565783230746,182.69490331004488,6.367239037150059,19.98387145711613,7.15610631088604,-85.61226694549445,0.11985346582572731,93.35426765210947,96.36891120738392,0,0
16.133333333333717,12.478295261015152,92.56024058800642,44.95221188876821,182.8846008905158,6.423645110017059,19.227789147035985,8.80147946435093,-97.48588349224468,0.1231783979120058,93.39756950976135,95.98460983513861,0,0
16.14166666666705,12.282807844803191,92.51520478659216,44.265354588967746,183.7797731017502,6.5243049350927675,18.31684495141293,9.44767645052826,-101.74338821776969,0.1205433532188831,93.32700833765885,96.70628069569639,0,0
16.150000000000382,12.562074252553547,92.55092492077796,42.608218337937224,182.89958952113142,6.6198696106316515,17.422126512025507,11.837326087463326,-112.12521762246921,0.1228647524037938,93.39956859224857,95.21371733876794,0,0
16.158333333333715,12.678545217241098,92.4681270194348,41.96738219594716,183.75589434883926,6.765953240907287,16.37484882384723,16.653867706892445,-123.84783624717431,0.12465765791510286,93.33327393436896,95.87122840327386,0,0
16.16666666666705,12.769679348132573,92.49964938305578,40.27043654710963,185.27101425654467,6.929828119307525,15.306552867872632,21.920882408906937,-136.11523840475564,0.12766602674902172,93.37692352311879,96.76165452805722,0,0
16.175000000000384,13.305607601239846,92.46994714336222,38.183825533777004,186.27085822448151,7.129656483551766,14.23450470848179,28.424990602596665,-143.7534171701974,0.1254273263534622,93.42232237711913,97.04399335943911,0,0
16.183333333333717,13.685665508112098,92.44760990766719,37.13953168548614,186.74166810917615,7.341479983500937,13.020870554583482,30.242504046003834,-152.601838943619,0.12891503293698436,93.45511231623519,97.16714079757483,0,0
16.19166666666705,14.047487259382539,92.44209558206563,35.4721973449515,187.31856979903995,7.575760890138851,11.726137282298147,28.540716642289127,-153.74694360943573,0.12706609734722552,93.50333113802029,97.26542840133318,0,0
16.200000000000383,14.656344464062673,92.41690450044103,33.69838293343907,188.01168377565813,7.819066423149716,10.378170171032476,28.590315278317696,-157.63049488235288,0.12753206883733315,93.57185832552915,97.47287342510575,0,0
16.208333333333716,14.81538243706905,92.3103721024662,32.220019516139196,187.4387889230984,8.06981310862643,9.062805125524477,27.36699759232582,-153.48131900303235,0.12011994687379834,93.49171275814977,96.70748202002822,0,0
16.21666666666705,15.233395305284038,92.43066930528784,30.511980184834446,187.91698014670118,8.303069346722484,7.805329125440798,25.14555529523552,-154.94776947353145,0.12161070004002283,93.67755846920078,96.70093440099035,0,0
16.22500000000038,15.286709707699234,92.41104819473281,27.479691502234463,188.52835642626974,8.509279678696455,6.510405283527291,24.751298376658738,-161.21131457787507,0.12800311598624292,93.66688487473412,96.88759335806697,0,0
16.233333333333718,15.869670280327515,92.42291193291885,26.344324450482592,189.17791840987962,8.720872467278141,5.133238459538923,24.265751931028927,-161.88484472901865,0.12777765987028822,93.77548232329377,97.32034555189921,0,0
16.24166666666705,16.371191518916252,92.3691691454697,24.403224020102247,189.42979807053507,8.898732594531499,3.8074706576717774,21.785746854544037,-160.98292199266348,0.12836370760802795,93.8087379745268,97.39239823225088,0,0
16.250000000000384,16.479024169653204,92.32040341409277,23.02449556924586,189.25450796901248,9.054373023244954,2.43350242409527,19.61711478121497,-163.7021672293019,0.134233143733411,93.77960931953623,97.15484456117971,0,0
16.258333333333717,16.623202876705765,92.2978019002897,20.3168837750377,188.6718679378987,9.194296017548243,1.0517737728869998,13.94466808374818,-159.03419587962432,0.1348421993782063,93.78280817668684,96.44482299843844,0,0
16.26666666666705,16.879596253957917,92.30789679291178,18.072934329381045,188.77711215240873,9.301065680147415,-0.20832163227680495,9.072871849587093,-152.302495894744,0.13218247632997393,93.83852396552005,96.47659595901618,0,0
16.275000000000386,16.9917271853102,92.28134692255242,16.289833481781844,189.3699775398316,9.36319774013469,-1.4053444718395367,2.0627770525089866,-148.4320017602868,0.1369623290748625,93.83264774363177,97.09116772348315,0,0
16.28333333333372,16.801770807248833,92.17967280425637,14.235375623936935,189.58803925502042,9.359463317167728,-2.6288122932233247,-2.015837141973083,-138.89374789860224,0.13003683725969095,93.69840756682623,97.44216868914229,0,0
16.291666666667055,16.936532506316556,92.22450383884302,11.853520914941956,190.05350507256173,9.318627747744076,-3.715589677069393,-6.52014202579167,-125.56385879832331,0.11923002746283773,93.76675979076107,97.96096410930727,0,0
16.300000000000388,16.724434588550597,92.23703891951124,10.609637988016974,190.04631101857757,9.24575831472271,-4.80903314897746,-12.93138654584483,-115.28824021173357,0.11586882779449326,93.74101589457061,98.00022676512077,0,0
16.30833333333372,16.626572734755204,92.27735505092824,9.059190137862576,190.150256694194,9.088411804434715,-5.671836618014661,-21.373199562788237,-103.87500607981814,0.11381835464532442,93.76328266490661,98.16501492609335,0,0
16.316666666667054,16.166683412691558,92.38000632473484,6.660630118202964,189.99668189981537,8.868567761875555,-6.464043946473444,-29.1120459429198,-92.6684866352076,0.11148402562436743,93.78393903608573,98.07844003433263,0,0
16.325000000000387,15.88048237546133,92.39428443010473,5.045163237273987,190.40089352714085,8.591582147574577,-7.184936306669757,-37.63673452687263,-80.17272032794396,0.10923030395367261,93.74909874675292,98.60375027110081,0,0
16.33333333333372,15.238543328639654,92.31298812545924,3.7325915119686828,190.16368312152787,8.250269087225277,-7.836368904705432,-46.8286102127474,-72.21948959706386,0.11365407880274025,93.56228395796036,98.5248468073978,0,0
16.341666666667052,14.541723867727175,92.42338396214694,1.3239119324706552,190.52288924964483,7.828785237643897,-8.436416190926392,-53.960411448308314,-69.47717052719648,0.12126570817427806,93.56037428345222,98.98597622899739,0,0
16.350000000000385,13.615737279878264,92.59284160483963,0.7395181053630653,190.62009484973083,7.364232297897154,-9.026824905761197,-60.18750910119731,-61.542594159615234,0.12171348748016841,93.58858166535909,98.86930463479646,0,0
16.35833333333372,12.948808825177597,92.76041786254137,-1.3367124515807474,189.80808562714765,6.842077246526677,-9.496709145281768,-64.84752080159578,-54.394945402205806,0.12037033575079903,93.65984610292867,98.0934551165271,0,0
16.366666666667054,12.01965661280224,93.00178648815131,-3.148633428191995,190.23977358375265,6.290158174023087,-9.899031655787788,-69.1161904507687,-51.10973996175133,0.12292310606475887,93.77528691013089,98.41393781966077,0,0
16.375000000000387,11.028798212734959,92.81780455108776,-5.207527590550678,190.87922430770442,5.704561591583573,-10.294617174748156,-71.09285643876109,-45.628657703232285,0.11918816333638871,93.47073997621477,99.39648042196367,0,0
16.38333333333372,10.005473425268125,93.12505229086327,-6.529974492538652,189.80557163386283,5.070719017311182,-10.643384284339092,-76.43372081561658,-37.1605904161367,0.1181890671883834,93.66101036525158,98.08437112136986,0,0
16.391666666667053,9.05611292728884,93.1724600522644,-7.821644013778093,191.02610442417273,4.424440449187045,-10.872457923936052,-80.4689182381009,-26.914061650759887,0.11320683162823997,93.61154038654963,99.29851155090714,0,0
16.400000000000386,7.879192135923636,93.27621369062348,-9.156845225180742,190.94969445588043,3.7394686446001213,-11.11927112137026,-85.4757982832852,-13.24458919054189,0.10742550996200917,93.60840618861992,99.14804795743568,0,0
16.40833333333372,6.737877764922875,93.70673896379878,-10.716000848438622,190.35443949996926,2.994262290592142,-11.169795011592226,-90.09997088322712,-4.97895628686431,0.10612680819624387,93.94866643015519,98.2110782833548,0,0
16.416666666667055,5.490864597398688,93.81612823522909,-12.1002795779259,191.01130281745964,2.204302448008229,-11.149568754091364,-97.13866116091897,5.67209707534643,0.10723896093703678,93.97667535657939,98.77423912876945,0,0
16.42500000000039,3.920316680387775,93.79877152916856,-13.34386433739996,191.12454078012468,1.3704818202442999,-11.05875010982844,-103.06655067137477,13.29131316326025,0.10958672324073016,93.88066053908915,98.84511776767377,0,0
16.433333333333724,2.8436416552946797,93.81683292650354,-13.968637933512351,190.90612254484944,0.5243923859780004,-10.874768569022105,-105.16161503229878,25.236935694914592,0.10211360053002227,93.85991923192351,98.53417124818814,0,0
16.441666666667057,1.133367829954243,93.86111197352187,-15.685277270602395,190.66111103308077,-0.3628969434384991,-10.666975228359165,-107.5160959163021,33.32024427289942,0.09909062574133287,93.86795440161667,98.25022463561639,0,0
16.45000000000039,-0.44593475198842736,94.05401587539012,-16.123788846664123,190.41051752871851,-1.2590638249560477,-10.383110330859209,-108.47418389663468,38.01086565470449,0.09666342299889408,94.05507301624493,97.62361660931138,0,0
16.458333333333723,-1.9607833909926127,93.73398156013263,-17.24428936244112,190.37251126033226,-2.1621918628436516,-10.12986778940445,-107.78828674605546,32.088658080250426,0.0997249147096384,93.75448773590348,97.83961864907113,0,0
16.466666666667056,-3.23878518439147,93.86697168499904,-18.10989513866735,190.35688997698054,-3.0772035562675084,-9.87714058132457,-108.29721932866316,29.32147042494251,0.10333547003010901,93.92283057267304,97.62916697004758,0,0
16.47500000000039,-4.569276400005545,93.85528908337568,-18.65340013084295,190.62818289388497,-3.959263493350462,-9.567245317944899,-106.502653236954,32.904299450053685,0.09864599465873036,93.96644920259392,97.79241032782474,0,0
16.483333333333725,-6.342594728750437,93.80916734054415,-20.625846446645934,190.62511742370742,-4.844529316633759,-9.338609754617513,-102.7478340474305,28.421035388177412,0.09765789586767504,94.0233395759765,97.86388235780515,0,0
16.491666666667058,-7.579928293688677,93.65912797944247,-21.344636131474655,191.2283766342058,-5.70399282744617,-9.004607195804587,-103.11265992360043,33.14715217731027,0.09691298825595718,93.96535301273042,98.53540208937417,0,0
16.50000000000039,-9.010034204628194,93.55271402638101,-22.843499151928196,191.5453800245956,-6.539238106324431,-8.714970778766906,-100.8417967389599,40.69671308325418,0.09125458166296063,93.9855894170505,98.96427305793652,0,0
16.508333333333724,-10.412253662986412,93.08813638218385,-22.839309709716925,191.97352894801043,-7.375457960074272,-8.33086124308894,-98.70911868808808,48.50935920062269,0.08688047443038549,93.66865090013006,99.66319573887951,0,0
16.516666666667057,-11.428387524465787,93.0305164282779,-23.10240512018248,191.91815863254004,-8.189153248456773,-7.910662834469042,-94.07945036389509,55.034590246487426,0.08131725338581575,93.72985131921126,99.57433639017269,0,0
16.52500000000039,-12.891616466079537,92.6401693148008,-24.796038828883237,191.32581452046827,-8.950457606077395,-7.521758781049037,-88.87003685189082,54.82547124184954,0.07890179444239598,93.53285383106544,99.40106559514793,0,0
16.533333333333722,-14.204205806691899,92.61199190173909,-23.906697549918075,191.78462742684462,-9.667939588562893,-7.078956786390044,-85.77892247092231,49.052426268385744,0.0810354710891974,93.69493319601999,99.64612377319449,0,0
16.54166666666706,-15.097683397467787,92.57879109057143,-25.0116162766522,191.67080606219338,-10.392940094086798,-6.681193608129588,-81.99284476720983,43.86661937247522,0.08294597746146959,93.8017729244061,99.58671345249387,0,0
16.55000000000039,-16.376814882693164,92.4449871977796,-25.185627535298007,191.25244878408273,-11.020720404339666,-6.335212349543251,-74.09707682696816,33.96595924549979,0.0823010070802992,93.88437422542493,99.1993429689807,0,0
16.558333333333724,-17.087697492637457,92.0153672715125,-25.837465100681523,191.23525150119042,-11.573826071324149,-6.106911045443155,-63.98219528634799,28.572325061006605,0.07838665111901566,93.58855282410998,99.60493893249202,0,0
16.566666666667057,-18.052812988426066,92.36620792657959,-26.646348942846938,190.79016826738143,-12.069780685226112,-5.894643589660312,-52.95357687743709,19.705072009989795,0.07571881507452094,94.11386945361039,98.79840499404662,0,0
16.575000000000394,-18.913298118385452,92.06877204670195,-26.66607820432966,190.48013108767935,-12.478768696907723,-5.70683651234452,-45.417449356849836,11.774830098073263,0.07575127590918518,93.9913380684757,98.7162660727865,0,0
16.583333333333727,-19.505603389086385,92.18618832251269,-27.181436316590062,190.42115211177276,-12.851215806745085,-5.626919595781235,-39.2107130885994,15.48331411223986,0.07384584022019824,94.22718228306583,98.53439258354508,0,0
16.59166666666706,-19.44694164552652,92.29856508270211,-27.24300095420801,190.33890728997437,-13.174554304793611,-5.4966992123400535,-32.528489726675886,9.69405485160124,0.0742407260332385,94.32501606514738,98.34982074647381,0,0
16.600000000000392,-20.14776706308498,92.47233270904462,-27.689278187132114,190.58079553148877,-13.42870932162521,-5.4407430423715315,-28.4009047856762,8.599411500440567,0.07477772573255193,94.64177108592472,98.3978905638583,0,0
16.60833333333373,-20.53873416159774,91.83667742777163,-28.039312499627098,190.75836626276748,-13.646309472462468,-5.379300851596418,-22.64755999226688,2.8530043208636315,0.07543863552555585,94.10533949746615,99.20564095540463,0,0
16.61666666666706,-20.859348984219476,91.89328720026703,-28.099884731749793,189.91757071329,-13.771627156746085,-5.4255808698897425,-15.094771502577387,-7.8309982621234235,0.07615022933984461,94.23103879569733,98.29132981170196,0,0
16.625000000000394,-21.033266825021652,91.67642837808876,-28.49903766826179,190.22985015380925,-13.818133750240284,-5.568889092639322,-5.455212427184351,-16.463147605137028,0.07582451455106476,94.05831081566049,98.8357965414699,0,0
16.633333333333727,-20.946156581514284,91.79895631998176,-28.924639699420762,190.3795837372865,-13.81835963108457,-5.7704587632281665,6.307963678035927,-30.599245849651943,0.07686928769438817,94.1583233547371,98.90296403471524,0,0
16.64166666666706,-20.778420977124593,91.6463845042299,-29.111371134838688,190.51778394217718,-13.727271857733344,-6.044524314746934,21.93229178182821,-43.10954891037849,0.07787147461593902,93.97235003446364,99.22193147257852,0,0
16.650000000000393,-20.353032725446152,91.72054921840004,-29.484829967787103,190.2838642643158,-13.500883346962237,-6.411292230910435,33.005458757512116,-51.063751100986,0.07863330182922645,93.9516103643148,98.98543728102469,0,0
16.658333333333726,-19.76187699004367,92.23923194822487,-29.92612413685799,189.91630157808743,-13.20157908531884,-6.830879981367498,41.075350006950394,-54.57732628568536,0.07875256160198418,94.3324318173132,98.20448997646973,0,0
16.666666666667062,-19.377508979279465,92.75414674453123,-29.958890765008785,190.22413073943125,-12.853519699746265,-7.29072145255851,45.96903813419139,-55.066822556484354,0.0781155855753064,94.75663350155538,98.04266122694462,0,0
16.675000000000395,-18.697534844129617,92.2673592717606,-30.355076049444047,190.30014551948187,-12.461840894226421,-7.744216774588197,49.05629471843394,-54.11782217650209,0.07686575584541533,94.14278196564825,98.72347971199665,0,0
16.683333333333728,-17.69161422540878,92.11426407854208,-30.040646323720747,191.0316271720701,-12.033976747321383,-8.209508558775049,52.55780102666992,-54.521818303361854,0.07597532873091994,93.79781906117047,99.68522114707878,0,0
16.69166666666706,-17.09135294082932,92.3578059522294,-30.095517643669435,189.52742866765033,-11.563641030416676,-8.709009883079931,56.20157727756441,-56.0839114004427,0.07532257219330107,93.92592115948428,98.03593156733831,0,0
16.700000000000394,-16.366325477104166,92.22283489472585,-30.212280632036364,189.6787635918812,-11.056314201675846,-9.22902039618109,62.12267286946294,-62.587510870614224,0.07603836369840566,93.66380242998024,98.43459001985745,0,0
16.708333333333727,-15.555207161553593,92.42134028002431,-30.438801360329872,190.50652297583827,-10.514009915364205,-9.729464237495934,68.61226992682256,-66.21514646248946,0.077370879069254,93.72122816627453,99.20798577103079,0,0
16.71666666666706,-14.488307338483875,92.47924991300664,-30.276982996564694,190.64163306806665,-9.916398307364123,-10.238230506719583,74.08840283781895,-63.992634541670306,0.07881437298283611,93.60727917211729,99.4240199635726,0,0
16.725000000000396,-13.361355829570865,92.61039913666849,-30.32489594647438,190.44595123028347,-9.261317144893273,-10.789538824629124,81.10463509800134,-66.83863444655209,0.08177470278136756,93.56928907423341,99.29530173558186,0,0
16.733333333333732,-12.198694577233592,92.57621934026889,-30.303091078114104,190.82041741370182,-8.589595141608347,-11.375738866095011,86.58790269759467,-67.51848166261213,0.08478407895181128,93.37646671793811,99.898406532602,0,0
16.741666666667065,-11.008011583861045,92.77527700155497,-29.88060492122764,190.4645095907921,-7.859428896156239,-11.935044577913699,89.02915951756225,-66.30863443287663,0.085664190148389,93.42605815159747,99.49553227734239,0,0
16.750000000000394,-9.867066761359975,92.84291937850679,-29.248179322883058,191.2758383249606,-7.12927624085496,-12.44137447981525,88.26014043019944,-60.373214504035346,0.08488265070560663,93.36576827294384,100.32281423704966,0,0
16.75833333333373,-8.594382487670199,93.19458525146683,-28.96680710797568,190.6662039883946,-6.391038741198745,-12.943399980243456,87.80260209916386,-57.39863356267454,0.0842105615580726,93.59003221784515,99.57786975079874,0,0
16.766666666667064,-7.302818605615864,93.59704374672611,-29.073581546392457,190.1909237307783,-5.637010210008173,-13.437533806626803,89.43070014260742,-55.798421334771255,0.08583402025887077,93.88150913632083,99.01688628409282,0,0
16.775000000000396,-6.345626279577,93.6275570233471,-28.43585476190952,190.14153043760848,-4.874075313310166,-13.861035053627509,91.080999123443,-52.15568694685606,0.08845282964157564,93.84234868672122,99.00972305087217,0,0
16.78333333333373,-4.97587272663156,93.68279644782649,-27.589238804321266,190.59128415318952,-4.1051075289906835,-14.27304323737042,92.16730561982453,-47.86167083896761,0.0913458766486972,93.81484775703966,99.51190539178769,0,0
16.791666666667066,-3.885183827470196,93.86300419654117,-27.013342190643467,190.40586233642563,-3.347418893229892,-14.635117567573607,91.75337640029544,-39.45377651793619,0.09478092491366441,93.94337768130941,99.27454440635765,0,0
16.8000000000004,-2.3708184842988045,94.05778819772422,-26.679953669851553,190.36801587952453,-2.5947497002154143,-14.959624401876468,90.25258152526169,-30.446110595996778,0.09789098533262353,94.0876628519034,99.33073043922356,0,0
16.80833333333373,-1.0364431452813916,94.17302789080156,-25.671134322265228,190.5929713457146,-1.874572531938379,-15.180291340679698,87.49396713454951,-25.353089466763386,0.09723458909214777,94.17873112606206,99.51720205690066,0,0
16.816666666667064,0.014876985889320515,94.03470248167412,-24.57214871582948,190.5968770809477,-1.1673060545615122,-15.318689747239207,83.81955481417285,-19.269796993748116,0.09594013257976597,94.03470365849876,99.64324059462126,0,0
16.825000000000397,1.0932992911228938,94.17811246221743,-23.985244156822656,190.38703601423816,-0.4689128762312064,-15.509397545792607,78.62441317646972,-13.19671385645024,0.09341808156606035,94.18445822048372,99.42379148125997,0,0
16.83333333333373,2.075688769918945,94.00537142234555,-22.892767493074356,190.42953801632177,0.1910109975003548,-15.585504240068603,75.5969273224617,-3.1482402802483302,0.09628221973719064,94.02828478773132,99.60443620391558,0,0
16.841666666667063,3.1344092237773156,93.90624991018785,-22.04307304896673,190.27393004855526,0.8042932327722827,-15.589933456777562,70.55483108185219,3.6874513899060646,0.09444539814699704,93.95854561122557,99.60238646159554,0,0
16.850000000000396,4.034024576171878,94.04811644170115,-20.930657891216807,190.3614998895958,1.3593820005221362,-15.520905751199503,67.38668091323645,8.08102877560298,0.0933597009213627,94.13459279411016,99.49624717484942,0,0
16.858333333333732,5.065337059267056,93.70131772670021,-19.64548414140432,190.35053717952871,1.915369692660732,-15.393861558964378,65.3317360557567,20.094775783907053,0.0996271633426673,93.83812968747837,99.7581891638604,0,0
16.866666666667065,5.946620570125394,93.75388216636765,-18.92365349660889,190.30967882883334,2.4469458657890253,-15.117650151928274,61.11892301351353,38.78735151539555,0.10928106837351637,93.94228396984069,99.70733373868694,0,0
16.8750000000004,6.60532467166593,93.30511382817133,-16.6165182696281,189.66245117263998,2.920560258034811,-14.711483784520567,54.82743281466402,54.37557028074784,0.1140457255572187,93.53862614185718,99.11604536958615,0,0
16.883333333333734,7.170043502740161,93.68799599341781,-15.951539982058303,190.1995234627871,3.333866069301987,-14.203731559038948,46.90854595079975,71.14985804562187,0.11849403977414585,93.96196101132553,99.24254408929333,0,0
16.891666666667067,7.926259267967116,93.7268100777062,-13.736081102189527,189.4651711893519,3.7132020124535385,-13.603030864986568,41.522618524871405,81.29289899413439,0.1199185520493069,94.06136567861135,98.15849824980205,0,0
16.9000000000004,8.673813139514554,93.66784930157388,-11.528652080074831,190.3999326236334,4.047411667483897,-12.929585842674932,35.984791442347614,89.7072758446377,0.11927538746447608,94.06859745505707,98.81920635572106,0,0
16.908333333333733,8.784554283059837,93.39882098361932,-9.688412004306254,189.8977205361354,4.310662906501984,-12.164985002985343,30.35350874791097,94.99585982911582,0.11463815423778323,93.81102363305814,98.25114807624772,0,0
16.91666666666707,9.033821073574476,93.16647353865886,-8.554390171188512,190.05863967226566,4.569074093480978,-11.344747372814034,27.34456945404861,96.5418856711158,0.10945510151479354,93.60342790100681,98.47556566404107,0,0
16.925000000000402,9.485366223138957,93.43805447881329,-6.689550550754059,190.4021175754662,4.759351694210549,-10.466671123782357,21.0916093861531,106.74890215136953,0.11029308378734193,93.91827403212191,98.30390360943993,0,0
16.933333333333735,9.944860634673436,92.99174251735121,-4.913381552586254,190.29241673171288,4.911778209714206,-9.570830347738353,15.302533083977435,106.18058978996591,0.09899565822492384,93.52199970839173,98.42859626889235,0,0
16.941666666667068,9.957832181813107,92.99251315966728,-3.125792095825939,190.98032522517934,5.035597005679261,-8.672460182717804,13.870548824799812,111.80333414236986,0.10133665319742002,93.52414621642929,98.85743541901407,0,0
16.9500000000004,10.020761681541618,93.05766301978849,-1.152179591094348,190.36123357174165,5.154463595977093,-7.719130886095408,12.69347577496546,121.93310582766743,0.11020784003330553,93.59564258758397,97.94293981109969,0,0
16.958333333333734,10.348963220731836,92.98256048803438,1.000141818165507,190.05135899995184,5.226488152426848,-6.697611644014115,5.548632670060945,129.7912930047,0.10830962576511549,93.55670790838589,97.51795786502255,0,0
16.966666666667066,9.98861538176607,93.55281575131636,2.706370988181395,190.49431439999705,5.2178920387673395,-5.515463443241629,-3.0312535556138873,140.6170159678097,0.10870204828987173,94.08454587361625,97.21463492530359,0,0
16.9750000000004,10.258354160853859,93.02562687402457,4.124175758094798,189.95876350263887,5.145054785161291,-4.208722395710062,-9.961531145253423,157.46618714386761,0.12047325258672581,93.58953512757049,97.12703599584661,0,0
16.983333333333736,10.32420895801869,93.01785153453295,7.063025488940302,190.39950935943034,5.049084115141812,-2.8978648923200345,-13.671128501458478,163.8662475035963,0.12269270248720243,93.58904847635351,97.43624889302947,0,0
16.99166666666707,9.881457517348512,92.9991172854277,9.026181220555149,190.07173466014473,4.938605726831122,-1.519991704245539,-18.226114114381193,173.08550922178765,0.12876647192567692,93.52261233806453,97.07638508680714,0,0
17.0000000000004,9.184792025118728,93.0441281007756,10.7340619570104,190.0205612380111,4.816880159156493,-0.12915070678694754,-18.342393672924718,174.44038133459705,0.1297457577343457,93.4963645206498,96.98880771172813,0,0
17.008333333333734,9.088438669782708,93.51581066969982,13.804685145124441,190.7252019959081,4.666789573838134,1.2976958531852343,-17.292029790359692,172.81755985777764,0.12845009952897346,93.95640777863713,97.32373165280949,0,0
17.016666666667067,9.066591829903931,93.52392418033662,15.880234563359583,190.12530929164558,4.524589080690419,2.6912548085693206,-18.232855831004844,165.61173081980175,0.11700009274859546,93.96237268981362,96.84138233587228,0,0
17.025000000000404,8.993829903677582,93.25409996104236,17.03934346897245,189.4775613349463,4.3520439470322385,4.100702804230071,-14.64808672372174,155.04014400889386,0.10784589449770676,93.6867980874593,96.55922952936466,0,0
17.033333333333736,8.689564829416046,93.53223802579896,19.784782509190965,189.39503832077617,4.210066755214744,5.4277225599401815,-12.879741700626738,155.16452508419835,0.11223127928014831,93.93502055697512,96.50274781453777,0,0
17.041666666667073,8.631536725670632,93.54534849077737,21.2608841156669,188.78914138627187,4.107866004205974,6.704489982050155,-14.080539202277143,151.01263051570035,0.10765461275832644,93.94272537300367,96.07747134795467,0,0
17.050000000000406,8.126577541396845,93.50904978560163,23.30950868181765,188.9599783977182,3.9896058149472124,7.978840183209319,-18.205025994876394,152.30208633903706,0.10768225694903988,93.86151316883006,96.650924314929,0,0
17.05833333333374,7.967949782145301,93.64133239179318,24.954821338700132,188.6049197614414,3.848158254949684,9.185536967879425,-17.83198549342275,152.94594416565556,0.11253198330211811,93.97971778975018,96.47091132248987,0,0
17.06666666666707,7.888342496616649,93.58072508933816,27.20891475087922,187.67631850177628,3.710383927902591,10.403642463937906,-14.978706836850577,145.1994146508813,0.10988876652242485,93.91260860816408,96.05865505966159,0,0
17.075000000000404,7.676409475520193,93.54555281819393,28.979066815872105,187.36432760081766,3.6068037549217364,11.626359732364998,-10.316377119041247,136.78979403452522,0.10942984414862389,93.85998995577064,96.20689014552505,0,0
17.083333333333737,7.513800783477852,93.63788994948612,30.361990238481727,187.69720712772727,3.520235440040959,12.769156619357267,-7.8293610933288305,136.9538401828286,0.11758671829982204,93.93887180718036,96.79460165426954,0,0
17.09166666666707,7.2713943234211955,93.59494861428738,32.42447520346975,187.1504164192969,3.4865006893117076,13.912400783476288,-1.56325205922563,129.6692708106014,0.12157308008442058,93.8769811056884,96.87777368402125,0,0
17.100000000000403,7.524082047702227,93.5447821275688,33.707786290700206,186.45837407438466,3.5042063012368234,14.959822308461154,2.699156014903908,124.34625560325888,0.12586740081122416,93.84688633063364,96.53249160953112,0,0
17.10833333333374,7.525750032210401,93.43600788767628,35.615294265246014,186.17382981804838,3.5438736660678734,15.936581701881874,8.190632801008869,113.92064458620135,0.12566518041030772,93.73859655197116,96.89853513654924,0,0
17.116666666667072,7.692779410076473,93.45557080516136,37.60867027270849,185.22913180239345,3.612352781094554,16.79589088065929,12.726426273919255,103.77792266352805,0.12478335983690769,93.77165120424522,96.52640583911528,0,0
17.125000000000405,7.763290742414658,93.21114821402824,38.62476672809755,183.9529187561048,3.720374079586995,17.620490819685912,15.822747929557488,92.64801832683713,0.12175814910629912,93.53388067715784,95.84622903967455,0,0
17.133333333333738,8.359841721863123,93.2069108967732,40.20672294024394,184.15423687739133,3.8870835165204314,18.399195804540412,20.63929215104241,81.41143203058228,0.12142765464262428,93.58106214685544,96.36202543721502,0,0
17.14166666666707,8.405804936209737,93.15426710125166,41.175812412639466,183.67194732989793,4.08633566254095,19.00606960056978,24.64315481660975,69.08062744901073,0.1189311107836386,93.5327484670313,96.26694045195744,0,0
17.150000000000404,8.77201880157418,93.47577662094272,42.42318204955763,183.98589017129387,4.311713142745016,19.55737433858506,30.921874879699484,54.419784646864485,0.1176493628289852,93.88646935924022,96.56335455461296,0,0
17.158333333333736,9.111177136550854,93.02400288314493,43.704636508440224,183.73805773782624,4.615197553120884,19.955318650535023,37.96595590249918,43.721887248243924,0.12061846480007477,93.46913213043632,97.0862872886418,0,0
17.166666666667073,9.75526275277014,92.70322051460215,44.929665964774934,182.70616624582755,4.957518256215592,20.21523998869432,44.240766996708814,31.597118391013726,0.12150435907290369,93.21508593116533,96.63213172448694,0,0
17.17500000000041,10.5687163804098,92.62691335622435,45.868518904814216,182.2917272681549,5.356242090112923,20.39028210298478,50.43468783783307,15.946066624754703,0.12040528805002948,93.2279080738758,96.36314083778652,0,0
17.183333333333742,11.053060437225103,92.66689794698476,46.100998181974155,182.60051566317372,5.765481708854996,20.516139368731015,55.701006859385075,3.121039681580512,0.1209423111568575,93.32375967643952,96.52157031296902,0,0
17.19166666666707,11.926770804147115,92.51517631268683,47.372981344898854,182.42283370118656,6.207025529503388,20.534602213169045,54.77701830115716,-7.183615323784524,0.11681103414848915,93.28078960848363,96.64274778164759,0,0
17.200000000000408,12.824454339653418,92.56051163934251,48.001110418106244,182.76755547083593,6.695269008456826,20.432582027118563,57.56088948495997,-18.909649606020793,0.11600982036735985,93.44471597713118,96.82307519222228,0,0
17.20833333333374,13.463805663889563,92.56123110082905,47.98125350271187,182.44658153731456,7.215660199317497,20.210371919170385,60.69321886556056,-27.96929730986333,0.11653991968999167,93.53531721150074,96.28515165068612,0,0
17.216666666667074,14.332515296890566,92.43524627262258,48.82047825523404,182.5557767783523,7.727761851462837,19.906907200149856,62.87869351764328,-35.693548003160856,0.11659573943924473,93.53980836101807,96.49419468367118,0,0
17.225000000000406,14.962722278492326,92.44447184356198,49.32170743295172,182.56041403096157,8.254984302063265,19.572913155008933,65.25654592511107,-44.32731502418261,0.1170236746747988,93.64754899311788,96.44388470591126,0,0
17.233333333333743,15.93673556674469,92.3316875796836,48.94889937431436,182.00683301668852,8.797143220922436,19.212610322307047,65.39583901369375,-51.56586833113752,0.11655845121219288,93.69695871177808,95.55854053095305,0,0
17.241666666667076,17.37183714626173,92.3651058908485,49.56503078747159,182.67183519300346,9.346421147529647,18.752608162746935,68.0926030707047,-56.08161780273242,0.11812074517128934,93.9845386862323,95.87339085519574,0,0
17.25000000000041,17.934932169840412,91.9196761767306,49.563318016714625,182.82530083079763,9.910168097206704,18.292305612188954,69.5932335863372,-60.94166491095748,0.11927899917564444,93.65302269746445,96.25064875118957,0,0
17.25833333333374,18.65648032859571,91.81371485704341,49.33437415793657,182.34353489904117,10.487738265770224,17.77575161065691,68.59645298168267,-64.79298876210646,0.11898963742462465,93.69003412370898,95.58651310012732,0,0
17.266666666667074,19.704542733240377,91.67381798482364,49.89649851280587,183.02004734398383,11.092379931711449,17.196163323181597,70.66273508463271,-66.30821425283935,0.12099355248284116,93.76757386346664,96.20648529039785,0,0
17.275000000000407,20.643319668540588,91.6773127513838,49.79806994368301,182.68068928957166,11.699509124145804,16.598098660010383,70.5316478952813,-68.52630680794509,0.12186591522485068,93.97274243232765,95.55947888596462,0,0
17.28333333333374,21.7637803848553,91.53693402142534,49.60334376985487,182.5720461293629,12.272958721577826,16.01207225954018,70.96960553772867,-75.19730393953226,0.12341952818872581,94.08864132658621,95.1968115325937,0,0
17.291666666667076,22.57358800187939,91.34250808689336,49.66171134629764,182.81393228954363,12.835721647656037,15.393830461834364,72.42920918232558,-80.38511461632388,0.1258428771019955,94.09049186226402,95.39804962358303,0,0
17.30000000000041,23.499908302583552,90.89916433920615,49.62342450401395,183.81749417139662,13.44010017639251,14.718517922615062,69.94328312358029,-83.43162378180268,0.1266432526199881,93.88771894020988,96.52074449324421,0,0
17.308333333333742,24.694558862847263,90.80930461468324,49.59830753350986,183.75350594466505,14.034509543779341,13.995731098022976,67.60239484989712,-87.0782640578829,0.12806915142622088,94.10712535208458,96.22276892045728,0,0
17.316666666667075,25.203992990511782,90.6380246370432,48.90198125856052,183.53721121155058,14.596400620021958,13.229100630042305,65.77920378764195,-90.70399308469005,0.1299691885928569,94.07705763240588,95.874154568151,0,0
17.32500000000041,25.91350296680594,90.02027287128857,48.51310359956984,183.4094344708684,15.116902901911917,12.46005845661505,60.722500496659606,-92.81862583675114,0.13098756714551785,93.67581952580886,96.08474099997802,0,0
17.333333333333744,26.873513869272987,89.93542454202156,48.31055205950748,183.76476503379246,15.57752519993863,11.735200973402714,54.44047614369753,-91.24806227192721,0.131179815083597,93.86461705688498,96.24703498544903,0,0
17.341666666667077,27.451391370585217,89.12848081197677,47.513561819949594,183.32715691065619,15.980649741453803,10.973011352158599,45.33334001438725,-89.60593917709757,0.13148629713993687,93.26020040741899,96.31137659634642,0,0
17.35000000000041,28.004102625241845,88.85127514732301,46.71909300552529,183.3723139681715,16.321283346354733,10.25392922334472,37.94976727565661,-87.43494037930537,0.1322518380656863,93.1599638211092,96.35599433717888,0,0
17.358333333333746,28.498406896656096,89.19635913133504,45.994086617229875,183.63630166543498,16.65463948204421,9.501187305557574,35.089585998168374,-87.1359065306124,0.1337320034658962,93.63839852290016,96.04687165508827,0,0
17.36666666666708,28.66956034008439,89.08076502856198,45.31151665587959,183.61552345446944,16.972594308796687,8.754321593879634,30.201481977923223,-86.05475263223211,0.13557859088983548,93.58058766735552,95.98841211657539,0,0
17.375000000000412,29.091510684236088,89.19019778697361,44.72016564087097,183.91460719104975,17.196467091827216,8.019707196957143,24.783851155136194,-84.94045364199638,0.13710581900465924,93.8147503070306,96.00504462112696,0,0
17.383333333333745,29.372657910728154,88.98170010419551,43.45601609231631,184.52281860648827,17.352257351631398,7.3490524093840195,19.315171174505732,-80.36647747199372,0.13650392461345007,93.70430078803027,96.5735279584424,0,0
17.391666666667078,29.74224910363427,88.53297744931018,42.99494182710078,183.7977684195705,17.457944290559237,6.755720548175886,12.709335000199575,-73.87053133150465,0.13529236528715805,93.3953397005584,96.18219306623246,0,0
17.40000000000041,30.164314395938735,88.5105454052952,42.00905858273848,184.38936604099104,17.48879133880837,6.193416321461606,2.297023258391528,-66.73734961791818,0.1355158595561834,93.50937124652192,96.60769229902274,0,0
17.408333333333744,29.755257384618066,88.52926946629282,41.070782036612066,185.20572537541665,17.509123900829543,5.641009638596782,-5.864361513313018,-59.24379618792848,0.1349794123462731,93.39596829767521,97.33641777515058,0,0
17.41666666666708,29.512282036156993,89.10160273683368,40.00244056015533,185.34983835005266,17.43228388851607,5.161748793100062,-17.304723125444607,-48.39514836103864,0.13447304828384432,93.86197526823204,96.81821256621262,0,0
17.425000000000413,29.232707808887202,88.65834507761156,39.652029475731815,185.97656473248537,17.281024995690885,4.800295636906841,-25.504814840113383,-37.278350809980466,0.13159491879180463,93.3533789304952,97.8743998234035,0,0
17.433333333333746,29.007425947812127,89.12043265072293,38.64245554187546,186.09735312899898,17.02942027466706,4.513166368151825,-33.73912174127839,-32.565980344023224,0.1323780703861126,93.72236806637915,97.45438369169625,0,0
17.44166666666708,28.526248673285696,89.36765447928036,37.34990962813385,186.35717720955347,16.685285922602922,4.249824505277732,-40.483580454746324,-27.361663210639268,0.13106074842119897,93.81004493388846,97.39006372362775,0,0
17.45000000000041,28.262487613265538,89.03059513395283,36.827049076484975,186.37304184159797,16.296131578153748,4.0623561687853496,-47.25052536043273,-24.0309719038893,0.1311898150131312,93.40885972966277,97.7184918226228,0,0
17.458333333333744,27.009726279873295,89.26215036690581,35.804908251344905,186.86774681605095,15.864773157811896,3.920346963494391,-58.346624753229044,-14.730930745183372,0.13251991170112243,93.25908428586345,98.00105960705054,0,0
17.466666666667077,26.6362983789835,89.98762500712832,35.05993024789377,186.77113728670525,15.365320978731868,3.81009965057605,-67.36225306371423,-7.9299726671351785,0.13347592933709418,93.84703003163064,97.14939949909079,0,0
17.475000000000414,25.39253071617367,90.14833186762405,33.38521562737811,187.28542585101752,14.78510674277479,3.774750354332898,-73.81855987009196,1.6966858894867938,0.1290491950790975,93.65629906571743,97.46536841170001,0,0
17.48333333333375,24.577545924144378,90.69489882102891,32.69331033996952,187.74666164527844,14.163117886189319,3.805651651703386,-78.52932750328026,6.344066870046742,0.1259684625635158,93.96606002068033,97.39050415388327,0,0
17.491666666667083,23.60150862676102,91.02522445142927,31.96491907687903,187.44849928164848,13.471765087007594,3.884021623531343,-83.85815149742403,9.257640755436242,0.12487177645322234,94.03522050748938,96.78530138063904,0,0
17.50000000000042,22.39361561965018,91.53704518712982,30.959479879619327,187.08967360618294,12.729218212600344,3.990677527623169,-87.05106626544229,14.390089702330556,0.11916852954666757,94.23642959127477,95.93580576776252,0,0
17.50833333333375,21.338806521646294,91.68617949850818,29.781924403674115,187.58748731339273,12.006890206529429,4.091833114237734,-92.4282211062534,18.144915373448566,0.11838205969704241,94.13660379895227,96.27225498644484,0,0
17.51666666666708,19.890799031954206,91.56179461264196,29.038481559086396,187.45079701675502,11.217632040312731,4.238383129028777,-95.18211864278341,18.278897368771503,0.11629823110063287,93.69741788767298,96.32435246433374,0,0
17.525000000000414,18.612985544822667,91.86763910298669,27.740854423876673,188.19374471476726,10.415341864397679,4.3999626383244586,-100.49540558334574,16.285502295083027,0.12068094724363743,93.73423251538567,96.75761785309263,0,0
17.533333333333747,17.046435130095634,92.21008669057784,26.573498952176298,188.10046578380343,9.54920267261372,4.541031524757099,-104.87513485995629,17.693155851419597,0.1211819885699108,93.77249617093723,96.36249139427909,0,0
17.541666666667084,15.847386788509883,92.38606474326923,25.72601484825225,188.6973149192346,8.662305069340139,4.7223834561309745,-108.05140435015267,22.349118741588214,0.11743546837089136,93.73539687211108,96.8165492196459,0,0
17.550000000000416,14.439979387906252,92.41607501166203,24.324277141964107,188.61434742849423,7.7103263054771585,4.948900804945948,-114.79503121917824,27.647478118669387,0.12003218955054695,93.5373931926922,96.7047411354476,0,0
17.55833333333375,12.697145150284374,92.32922176447607,23.118055540675815,188.70695081904626,6.7388230410563965,5.235081252726284,-117.51163471334294,32.43742466950714,0.1165552335198572,93.19819036119313,96.93947612340759,0,0
17.566666666667082,11.11477351923276,92.73523987618358,21.960163251706835,189.2304495202684,5.785116872653619,5.446247699265162,-118.0414246315175,32.638232779328476,0.1135508619190384,93.39894488310425,97.10277010829883,0,0
17.575000000000415,9.480002327446588,93.09032012129086,20.835444005359594,188.90698411351832,4.802571852394044,5.695993496236843,-118.77716976631386,29.895429576289423,0.11412758779106413,93.57178070557812,96.48719684134213,0,0
17.583333333333748,7.9719379146530445,93.6117068852464,19.95837530095486,189.16030323378612,3.8254928074254613,5.947883756388331,-118.13724253412805,29.24617029772495,0.11106316385806503,93.95053730599082,96.2975022801314,0,0
17.59166666666708,6.100797269911657,93.71544831694882,18.307957214135232,189.06953122012737,2.8574205630664467,6.097994626754517,-112.87037580322686,17.82788941077168,0.10943231098409623,93.9138167714169,96.13228323622666,0,0
17.600000000000414,5.0889368018801,93.60544354698709,17.41940463344236,189.1546166719745,1.9185607461782175,6.221132098232035,-108.36803652401072,6.703722886722404,0.11022561275577436,93.74367359668446,96.3415015546987,0,0
17.60833333333375,3.565208872028113,93.77307965161395,15.460956149694997,189.56740115094647,1.0388687435231416,6.304325873949067,-103.87956029687426,1.7648272837305516,0.10582411381162204,93.84082896931976,96.5301032570234,0,0
17.616666666667083,1.8336704537477475,94.00205215574857,14.481849340304738,190.09188075019915,0.1799469451683142,6.322198338064799,-100.23968188395858,-3.468319723701374,0.10387364446619562,94.01993489055937,96.91868544536311,0,0
17.62500000000042,0.6828924490147914,94.04439323264967,13.181652768607368,190.42950017516392,-0.6308384984791163,6.245547487579942,-95.94762897256392,-9.222864576323865,0.10164621006799468,94.04687257210716,97.19211824961184,0,0
17.633333333333752,-0.5304566326972191,93.98487732169593,11.002833520785149,190.51107353895247,-1.4191999831539557,6.142871298753474,-92.60540354103591,-11.94884675739915,0.09859052061811013,93.98637427528209,97.21277353278593,0,0
17.641666666667085,-1.8786653315900095,93.9742893461281,10.25977900984913,189.44491646138465,-2.154160579601441,5.9878085018921325,-88.62831176992364,-18.878530695957313,0.09906609503279329,93.99306592264094,96.23919405736196,0,0
17.650000000000418,-2.916962478653768,93.90457630405587,9.04951503919273,189.8447499879146,-2.9095591729119077,5.81659149310442,-83.57103383968541,-24.6886043700049,0.0970123349749401,93.94987025507871,96.68357415132164,0,0
17.65833333333375,-4.204037184579643,93.80511111557627,6.943006023066862,190.54569953006148,-3.601270992721637,5.662623935608524,-81.01443829262278,-27.55150687819673,0.0967354699944667,93.8992694330203,97.38068606789525,0,0
17.666666666667087,-5.0937393096360735,93.71970544667704,5.445434211567549,190.1699836568704,-4.239505637021204,5.380451020989878,-77.40166396662381,-30.970260450180497,0.095198861900462,93.85802772893982,97.02438015949258,0,0
17.67500000000042,-6.221048353361307,93.73904245762844,4.084025529833302,189.5936317960992,-4.836728748543435,5.081809064972694,-68.9031034900563,-40.06684994594643,0.09172792940961783,93.9452474768571,96.40693359393282,0,0
17.683333333333753,-7.0127029797857245,93.54646716222885,2.4175339240966354,189.877067020553,-5.381137456943079,4.716085930844468,-61.309173914712886,-52.1147221423496,0.0935485193448291,93.80895224666277,96.79108345879752,0,0
17.691666666667086,-8.119160139334948,93.29567630344076,1.1839021782685153,190.51780902760697,-5.846679782156451,4.188286070612472,-52.869498448834285,-59.21651180410024,0.08888317173591487,93.6482993881072,97.66621759810607,0,0
17.70000000000042,-8.576108892875592,93.51915699851463,-0.11149441976260288,190.4271492635482,-6.239536533812508,3.6147344675671054,-42.11400858962815,-72.71368439077655,0.08839788637748658,93.91156675008295,97.27696882108445,0,0
17.70833333333375,-8.991548885472977,93.4631775723904,-2.3503337976929926,191.04651785169932,-6.574061026708823,2.9810733184114473,-35.074177299130014,-87.63150229013173,0.09601617961199338,93.89469374404516,97.8090693029514,0,0
17.716666666667084,-9.39720570625536,93.40934215430974,-3.7799166310588204,190.45371074814955,-6.86744552389774,2.2612670515860107,-28.89107193298739,-96.09530262327752,0.09784623951781857,93.88084297015331,97.20680743822093,0,0
17.725000000000417,-9.913995941595314,93.0685409647113,-5.76719659565634,190.32100175106234,-7.091800191043181,1.4307538028242013,-24.728394487014242,-102.13498377838299,0.09981038235070017,93.59508872173856,97.34082942843781,0,0
17.733333333333754,-9.999387504051693,93.08201681358082,-7.417360201500396,190.4321209747934,-7.294594286951986,0.6544100641974788,-21.909374496137215,-99.87331963247821,0.09381915838403376,93.61757102456743,97.38433983546872,0,0
17.741666666667086,-10.232019520028754,92.72482659093953,-9.15717457872216,189.93094866469568,-7.444647424293016,-0.19937520506897005,-19.604670312873996,-96.72122889909102,0.08777819629395678,93.28766097281063,97.21206437611453,0,0
17.75000000000042,-10.745221975175976,92.8158263559962,-10.865806958931326,190.20899269895574,-7.557132498697611,-1.0786547908169886,-11.830894653975264,-101.23201543324356,0.08392259166632332,93.43573950818949,97.39324099261557,0,0
17.758333333333752,-10.764527237285503,92.81254510572944,-12.263108872350923,190.38776474190684,-7.622515195037139,-1.9903916083776927,-4.193720445550039,-112.59187930632535,0.0885393803163188,93.4347022023687,97.58672673045865,0,0
17.766666666667085,-10.727222429638513,92.75498322656227,-13.997575141165381,190.42951703085225,-7.624276667275966,-2.976052946704905,3.4572406618257787,-119.47512232246949,0.08860635437423214,93.37323071638247,97.72926767730932,0,0
17.77500000000042,-10.794289235553716,93.04126124404166,-15.01860898693354,190.62628749016278,-7.569684039637889,-4.015269264954326,10.272309188132024,-129.97955130075297,0.09438286215315195,93.66532428803522,97.67641590894931,0,0
17.783333333333754,-10.354572947611299,92.70283930820057,-17.522739603827116,190.51769927682392,-7.4633290358085445,-5.117962579778193,18.867296244476986,-139.72597469075237,0.09816118589902167,93.27933102638258,98.07716066390115,0,0
17.79166666666709,-10.043915623916913,93.34392153232028,-19.215815294856665,190.5747131788118,-7.294781354778232,-6.2444425084073405,23.886654843732195,-142.1003373545937,0.09749552168469133,93.88273498408708,97.66243181375953,0,0
17.800000000000423,-9.955584534130022,93.44075680097893,-20.9434560034997,190.80316799376908,-7.074064798280072,-7.363366943034236,26.61437578741256,-136.60972099692884,0.09060375860023395,93.96961580721664,97.9804696493201,0,0
17.808333333333756,-9.472933430757163,93.50796134316676,-22.32501522607748,191.9010201072693,-6.841555559665845,-8.48962773816502,29.713001321056403,-131.24973624125806,0.08478620961493899,93.9865697977042,99.22887694330588,0,0
17.81666666666709,-9.018622249641961,93.22621603169233,-24.10238634997722,191.4814578861123,-6.57959841691946,-9.613620509476288,31.975430726964795,-127.54488846307171,0.0822272654651206,93.66142697433936,99.40630005842247,0,0
17.825000000000422,-8.492993189952355,93.59781035893423,-25.233789702182204,191.88307854038015,-6.312245548386898,-10.707740963898688,32.344494947085344,-121.03278546888357,0.07910840556044674,93.98234428503893,99.70079342393738,0,0
17.833333333333755,-8.152141025692227,93.65320360099349,-26.243621361391316,191.62472285075899,-6.029674014600059,-11.687841070000113,35.56442432286533,-122.58716127224693,0.08159756242339089,94.00733986254433,99.62790896553112,0,0
17.841666666667088,-7.584019432416478,93.62719815895309,-27.389818988157227,190.70382894283074,-5.71779990644956,-12.70737151723484,38.08997371911438,-122.59067427285379,0.0837746402411792,93.93385750541249,99.07644493214056,0,0
17.85000000000042,-7.0729257321061665,93.39696344074156,-29.21684441780752,190.5491308346825,-5.385234866918324,-13.733232662541363,38.42594797617208,-121.61523079029786,0.08672538668183094,93.66439589493494,99.643849604977,0,0
17.858333333333757,-6.572980857231978,93.75430618474564,-30.273356441572442,190.09556233426713,-5.0770967268989615,-14.682654028861156,38.290198705529534,-115.3653781624695,0.08588754155774492,93.98443491096052,99.21363534971648,0,0
17.86666666666709,-6.085564169764036,93.68890487334306,-31.188880694082794,190.20544900094382,-4.763363834887588,-15.673790947196375,37.5707825187398,-117.03555007739006,0.09219603899405726,93.88634079369928,99.72772829486912,0,0
17.875000000000423,-5.335420362441876,93.93507852443014,-32.08331024228897,189.821989564798,-4.484651858490836,-16.61456158707297,34.211183329510085,-108.86475004617448,0.09229705072154104,94.08647983549398,99.5477238408184,0,0
17.883333333333756,-4.963062706379897,93.83983349442707,-33.377539482490015,189.45158785162687,-4.220365786039444,-17.48329414337432,29.477497140065413,-97.48428717717225,0.090968698412206,93.97098670169031,99.74462422467496,0,0
17.89166666666709,-4.653111217501244,93.67675768822136,-34.096690720306576,188.5666788045849,-3.969693645944539,-18.235735220188367,27.190435824038985,-87.21030848422733,0.08961499699882491,93.79225114571126,99.35301456628136,0,0
17.90000000000042,-4.4178577979611715,94.0713290862443,-34.587274775008545,187.7152379057962,-3.738804266347206,-18.92028479745373,24.437844755516135,-80.13601292262707,0.09058872116186567,94.17500954911276,98.38381665568531,0,0
17.908333333333754,-3.989968865196313,94.07329400943235,-36.25916181560415,187.58806857955034,-3.553170882357442,-19.5455371795994,20.779035201103497,-68.65254823588421,0.08974028423850511,94.15787007643246,98.92579985307492,0,0
17.91666666666709,-3.9196038200691374,94.01529919069918,-35.84321641187983,187.44441322713226,-3.3853765192878944,-20.089025811480727,18.788433363123005,-56.12518013206963,0.0884562195038825,94.09697006823856,98.73254980271112,0,0
17.925000000000427,-3.4021542934029823,93.85650493190064,-36.509185671355276,187.52097934414013,-3.2403618695472938,-20.507576887438933,18.758042469511963,-45.10792900737526,0.0877509642624883,93.91814612665654,99.34339078963322,0,0
17.93333333333376,-3.034653568863173,93.91907786926231,-36.817754162651276,187.38033614372625,-3.089892174777247,-20.822181858596107,17.085867243319864,-34.13321110268608,0.0874709745069433,93.96809197858373,99.37959893245727,0,0
17.941666666667096,-3.0160569771729184,94.14085736455377,-37.67553057716264,187.69858139311515,-2.9435247740978108,-21.096717316376346,15.718325467170791,-25.806002954384045,0.08808897768610002,94.18915874463903,99.77137282624128,0,0
17.950000000000426,-2.9330315989542397,94.12194244650641,-37.57974583581801,187.63188717750097,-2.829403496710922,-21.262351945758272,12.455350133136024,-16.247726033416768,0.08822872384349223,94.16763097935473,99.72213681527566,0,0
17.95833333333376,-2.5824898834474608,94.04523855309355,-37.29736608778523,187.20573558146987,-2.7602803655844244,-21.35139141018306,7.746728583162726,-11.844703449427731,0.0883389390063627,94.08068956223899,99.41831237984584,0,0
17.96666666666709,-2.474018489873113,94.10044649938533,-37.34329110883328,187.6838358399619,-2.7157630508878046,-21.455500255993236,2.2843962035736745,0.07532834017887134,0.08873689052773726,94.13296340215746,99.86849820361427,0,0
17.975000000000424,-2.4742291014152284,94.13531475187284,-37.19589384320823,187.29792218966446,-2.726331569657169,-21.40323668098163,-1.3968105350305566,7.7614062305030345,0.08850697336208846,94.16782514787342,99.42266053093499,0,0
17.98333333333376,-2.4222471290154273,94.01226020018407,-37.63295883490206,188.05804728681215,-2.728475649899947,-21.311522074647172,-3.039461453269163,14.189699725632972,0.08824765315825012,94.04345989541824,100.42113466585828,0,0
17.991666666667093,-2.806905602448235,94.3389468531085,-36.97286514223287,187.46730919031614,-2.7391804791345042,-21.105942730244458,-5.98119269832603,24.964119630478415,0.08798536287494096,94.38069512572305,99.19780573623812,0,0
18.000000000000426,-2.8986625549986185,94.03266711451113,-37.131718820779945,187.68495214566815,-2.7920849095747995,-20.899434225406445,-8.382570811966938,33.389930515347814,0.08799980634872817,94.07733377002248,99.71285089121275,0,0
18.00833333333376,-2.9412047727457162,94.14426846619847,-36.22078633495692,187.36750597538872,-2.8919834406543017,-20.58917206625556,-10.213686039150133,42.91224321624059,0.08821858009960071,94.19020103254304,98.9853653862568,0,0
18.016666666667092,-3.0706488296945578,94.08427055184262,-35.477896588168214,187.4976195440857,-3.0149631094571068,-20.171422801597377,-14.100706109884603,55.60751153572294,0.08908749805526339,94.13436593246712,98.8750902767006,0,0
18.025000000000425,-3.0527285331664826,94.0098037213333,-34.86228478920713,187.70557173165446,-3.166994975318979,-19.609959536492546,-18.58199309815934,70.15461236766772,0.09070580126201744,94.0593554476152,98.94819256686874,0,0
18.033333333333758,-3.582859142758589,93.75726908645771,-33.92658727271856,187.73580724578233,-3.322183912556203,-18.96377856737912,-21.733308762905406,81.56760943209953,0.09163715370690673,93.82570216197311,98.7557971533244,0,0
18.041666666667094,-3.9698020330914074,93.78909607154327,-34.09734863578358,188.45186649179556,-3.4971105300372582,-18.310500137155184,-26.037831332769148,89.10270750900251,0.09049006438168661,93.87307318980832,99.3413769178522,0,0
18.050000000000427,-4.3816108798861775,94.03971625125342,-32.7303155135728,189.63021148633703,-3.7086871018237253,-17.560121199962158,-28.16218510022691,93.05076577000233,0.08765902658867741,94.14173753717844,99.70552559259966,0,0
18.05833333333376,-4.778845972692177,93.98533550886788,-31.437651464452298,189.71977101386182,-3.9453508954521372,-16.792463802433915,-28.394564240879667,97.45441525217736,0.08612640259590298,94.10675140257035,99.37692917225479,0,0
18.066666666667093,-5.054674242101039,93.82841530225681,-30.300406648114457,190.16174777593312,-4.191276894587925,-15.929746317244112,-28.121711286781157,104.58280508499944,0.08672691483342554,93.96446801757854,99.58643456917159,0,0
18.07500000000043,-5.32415428019021,93.69179776882481,-29.419409456567106,189.63117858499197,-4.4512937989037615,-14.970570117036829,-28.12665209529629,112.68930513328125,0.08832658568213869,93.84295172229842,98.91888653540465,0,0
18.083333333333762,-5.944427215872561,93.77146812464315,-28.611196783880242,189.56243474125728,-4.699074180208565,-13.962612549959195,-30.889690906448024,122.54211519586457,0.09048776223474198,93.95969587634781,98.43623178481813,0,0
18.091666666667095,-6.289828430771304,93.77711197783731,-27.150245823174767,191.54111506050185,-4.961137122826599,-12.931455504877905,-33.16581529637533,124.28347674690048,0.08624228042390758,93.98781129802086,99.96478036054764,0,0
18.100000000000428,-6.777100690986283,93.73860009694062,-25.655615610010837,191.37816113124245,-5.240959094884373,-11.9065934360422,-35.20735416399292,133.01116174702088,0.08921695057819656,93.98326575465401,99.44788687809805,0,0
18.108333333333764,-7.292996967603581,93.75706497238485,-23.667159758479496,191.21759591347836,-5.529204942722763,-10.86135046682055,-35.28188832790012,133.87273730895222,0.08651867980492245,94.04028411806011,98.82645545815124,0,0
18.116666666667097,-7.7972754125729535,93.68934768823601,-22.455584502568623,191.96205361372256,-5.794371741094026,-9.792109539100018,-31.37159929974973,130.0660368417034,0.0823000614710323,94.01325105593726,99.35990516951497,0,0
18.12500000000043,-8.206336960705979,93.63456374493393,-21.149348278917838,191.13633249750717,-6.035178982560384,-8.629647273825608,-26.457438011170463,128.6178778055944,0.08141256351401438,93.99348644462947,98.35708643439794,0,0
18.133333333333763,-8.52927564676872,93.30378395588406,-20.068387239755392,191.07204707956498,-6.241641213440199,-7.519213313466699,-22.97838624638526,126.85003030969072,0.07989554638494356,93.69282066169664,98.44686064358125,0,0
18.141666666667096,-8.894709020131696,93.57341638611359,-18.074697782990423,190.89230556104962,-6.422849962426026,-6.446743064524195,-18.11858288714839,129.81691920989675,0.08531775878123682,93.99521319046946,97.7508996579044,0,0
18.15000000000043,-8.966221729714388,93.23718636798583,-16.747136060343504,190.5380170188963,-6.568993577690519,-5.342909505538429,-14.113249349516773,134.16053479427632,0.09250363656567462,93.667315825345,97.61144540051515,0,0
18.15833333333376,-9.020444806941892,93.52349096560727,-14.40336177368658,190.42396535932647,-6.666975793994399,-4.233672868846938,-9.737370485775541,139.9749772422967,0.10306727609935384,93.95749989707639,97.04987239970335,0,0
18.166666666667098,-9.323356015637952,93.523233606774,-12.270872882017837,190.60763453528546,-6.730528972998484,-3.117572096335797,-6.0719912029986,137.62741994799634,0.10327015329038769,93.98680860451404,97.12913445164406,0,0
18.17500000000043,-9.428404749684258,93.4434873379638,-11.250033845847494,190.89629878222144,-6.762639298083839,-2.021924190072748,-2.118195683786219,129.90781948979026,0.0974046448663457,93.91794366362623,97.46983528740581,0,0
18.183333333333763,-9.336935373343405,93.40300226930248,-9.064020530898912,190.7774365473412,-6.756465694378778,-0.9355800476512444,2.3244452218781197,123.01462163370473,0.09369426782015022,93.86852078884228,97.37481673142862,0,0
18.191666666667096,-9.294013111331022,93.42817912791554,-7.177615126442215,190.5862603289309,-6.722237406216403,0.08121616698590854,6.618668701312453,118.59049369213393,0.0933322104643568,93.88931427415724,97.18112925405599,0,0
18.20000000000043,-9.046608209746804,93.49173527312871,-5.482933117908426,190.30646607723804,-6.634146570957479,1.1189970425420155,14.077248488821471,114.6228028802892,0.09808960225196506,93.92840722849205,96.88029665949804,0,0
18.208333333333762,-8.914293977056897,93.5353582182961,-4.151139892818487,189.79359954837128,-6.503895819538242,2.0588549423409463,20.506774201821035,113.2817423124641,0.10547305712491406,93.95918195756263,96.37601704152952,0,0
18.216666666667095,-8.57453149071068,93.4710647116928,-2.067627759268073,189.9454393280999,-6.291686015888082,2.9439907348780454,27.118183011568608,108.27461102827162,0.10871363784690269,93.86353140928937,96.69356107723571,0,0
18.22500000000043,-8.166538021343964,93.6097711940597,0.14775152377240364,189.88183563267933,-6.024862624834924,3.7524895166722945,34.96572366441658,91.9991586574527,0.09970730151785734,93.96532129598806,96.63041861605362,0,0
18.233333333333768,-7.681224585447633,93.57299050602802,1.7784535357984668,189.86409275500324,-5.693510508121969,4.412371007809576,44.0025782421118,77.67359085375865,0.09589591536807296,93.88772956767724,96.75464785983246,0,0
18.2416666666671,-6.883409841221233,93.56936217678799,3.9202225812954383,190.29053109943072,-5.30972567971617,5.0231563021768455,51.07847720329002,64.8992465909791,0.0917195104751265,93.82220882719157,97.32267459992684,0,0
18.250000000000433,-6.353973662485084,93.70178145763134,4.810902969433873,190.3807771102201,-4.84037063654305,5.4918681690838556,60.282561359485555,46.17972351482522,0.08505328966832959,93.91696774085744,97.32154268505634,0,0
18.258333333333766,-5.292329260536344,93.77031612651734,6.354304709318176,190.7440673748972,-4.309065401642002,5.871480875484587,66.75257442387189,32.457853585234304,0.08045967497630446,93.91954501310644,97.67063281258305,0,0
18.2666666666671,-4.418791459306813,93.7256250871406,7.4222598302577625,190.6190828012049,-3.7447620474859833,6.148671455483252,71.37763848400773,27.33450197258386,0.08179960137509434,93.82973151371628,97.61430552654292,0,0
18.275000000000432,-3.4029337128220005,93.76295054125399,9.166837432189656,190.12986451678307,-3.1625689981258516,6.392429427666895,73.1538179232377,28.737782369182327,0.08519600860643228,93.82468146524933,97.18323546684887,0,0
18.283333333333765,-2.436458974954969,93.79049497296273,10.651820869748637,189.98623853121643,-2.5308105996480825,6.619262344499494,76.44293032600953,29.16054295639428,0.09039999358919282,93.8221364050616,97.08204853637248,0,0
18.2916666666671,-1.049572085302823,93.73227850069537,11.715921527772881,189.89823952767676,-1.8742182056614567,6.83511061417723,80.50831974273373,30.354423287324806,0.09828204007110486,93.73815463563471,97.00953503356452,0,0
18.300000000000434,-0.2377600171608334,93.9841033054858,13.534147843469558,189.65802887543356,-1.1481813113822705,7.075811428206873,85.81716436299486,26.649346540238838,0.10375644333906386,93.9844040464267,96.66005110740215,0,0
18.308333333333767,0.8885904309575539,93.81047002047262,14.888280538891198,189.25820355621528,-0.41575719713308495,7.213120318328314,91.83504497382918,16.152757417392547,0.1035785997651022,93.81467837399424,96.4689647515112,0,0
18.3166666666671,2.16213775263913,93.7625401680562,16.345917996632412,188.84893796719666,0.3790612056390467,7.340024379116056,97.71953224548862,8.831085548360795,0.10728216097230892,93.78746599854236,96.13845572103953,0,0
18.325000000000433,3.8430995383449202,93.75870522286345,17.898695931549813,188.91814554174226,1.208886979253931,7.395158664508035,103.25251405453758,3.5433452591482086,0.113004138043173,93.83743506260937,96.19188568570081,0,0
18.333333333333766,5.144724019596258,93.58655953790645,19.41506930257737,189.47745214078031,2.0917090632441204,7.345707550970132,108.90485723882823,-8.945812971539395,0.11218290187755198,93.72786304712126,96.94692382263291,0,0
18.3416666666671,6.7882469329361514,93.69482908753736,20.648373650125738,188.717194344782,2.9930017797462622,7.275551350306594,113.07707678485272,-19.206918052031906,0.11182567511839592,93.94041352988262,96.027876221948,0,0
18.35000000000043,8.0345081567628,93.55498826850652,21.321240322480495,188.75726272373618,3.947045853144867,7.076820817559126,112.91412740792244,-22.891512812785475,0.109973934858826,93.89935650067832,96.12497236978739,0,0
18.358333333333768,9.716158485556495,92.97610449945057,23.634393075165125,189.2149883251597,4.892641175001713,6.90434720249227,112.07357810376908,-23.84470242987005,0.11007211784705895,93.48240339020602,97.24011525142141,0,0
18.3666666666671,11.200715382211687,92.98918857353874,24.24161582029473,189.33063444790963,5.822927438538254,6.706044448739443,110.8582726349646,-24.262902316334667,0.11050893062723377,93.66133255852418,97.22005594217856,0,0
18.375000000000437,12.781000441054918,92.62938611349756,25.025436260895223,189.14532368872847,6.725777456835188,6.510275947870581,109.91624122028679,-24.578341353059116,0.1120706312586579,93.50698981379767,97.28952880229228,0,0
18.383333333333766,14.088727794426863,92.39689057454086,26.819568927812217,189.670558645837,7.6511743301846975,6.2226456574384335,108.4547036260917,-29.193663796643776,0.10979936297946802,93.4648470747646,98.1032151155516,0,0
18.391666666667103,15.644431466198117,92.43027925837754,27.640087054040126,189.07161961289,8.543494185101695,6.036507568331368,106.24684173826574,-25.818752751190758,0.11336973518979976,93.74489191247822,97.38297807368002,0,0
18.400000000000436,16.98929131624192,92.18552235752259,28.954891032668403,188.67226675403975,9.418107041045104,5.862701700458937,101.80314843259262,-22.48971920153075,0.11368402507772313,93.73796750387449,97.22585777874414,0,0
18.40833333333377,18.338798875777858,91.99808510630885,29.50356073688261,187.79509238432183,10.252092464125903,5.622439204570155,99.66720393130076,-20.015816134259488,0.11738680549386027,93.80809777110863,96.44541726198737,0,0
18.416666666667105,19.6734710670047,91.72088306186811,30.500124504152954,187.59815496104608,11.05780340473463,5.482859207207511,95.46618100530866,-20.59187193032561,0.11601031584009824,93.8070671829855,96.48661923539976,0,0
18.425000000000438,21.115575887754975,91.58366893341179,31.38003240531862,187.520523642164,11.859443957861279,5.315474909794045,93.90436622838196,-21.1060774824999,0.11939890869729552,93.98636050181067,96.4843985264415,0,0
18.43333333333377,22.131174390150992,91.50224881973003,33.39784551387283,187.26108967879202,12.630361253844908,5.180435944250095,89.55967613561708,-11.32206893211475,0.12634367089497367,94.14058858406963,96.41936258284052,0,0
18.441666666667103,23.278516724146872,91.05281355862849,33.52045660523368,187.26390553589442,13.341538917707538,5.1154908989779955,84.30784285859286,-6.286850486877707,0.12858041548680044,93.98140346801992,96.7546978290239,0,0
18.450000000000436,24.485881736539344,90.81441881641655,34.341697059433905,187.51357155370226,14.037638629931033,5.064216818177916,79.8191809377152,-0.6729962840313765,0.1328276878938559,94.05752000440637,97.20011952558451,0,0
18.45833333333377,25.50506405835694,90.79948876579272,35.87219879208795,187.10992657375294,14.67043897209059,5.059828215740456,73.40436464862925,-0.047934371445628024,0.13060690189867996,94.3136016317382,96.86680501259607,0,0
18.466666666667102,26.568996122408297,90.08998404646815,36.8591406491226,186.79790671601472,15.246845829764567,5.09295534631207,66.44010282694076,4.206867066556317,0.13055538753221496,93.92612405739648,97.25383993159176,0,0
18.475000000000435,27.03566109723346,89.89330061939376,37.98059733996951,186.44042061490677,15.717594394859724,5.196626298672582,55.36734745690596,12.233340926174899,0.12790454052200095,93.87082862749833,97.1655186204733,0,0
18.48333333333377,27.61372070944316,89.07340287947898,38.34492981615421,186.40489330445234,16.169708639723158,5.214991365024623,46.47984661460741,16.586505068743488,0.12614331174844917,93.25550210013941,97.92128408695753,0,0
18.491666666667104,28.470325685113384,89.0252549197275,39.38479697740201,186.21579596793913,16.57139407228691,5.360466968049737,41.542886361874935,12.896801965508375,0.12421258757917686,93.46686823756798,97.80146702802725,0,0
18.500000000000437,28.738522472483798,89.20176685862356,39.909643739118,186.44818426012523,16.895137753917638,5.509211317934682,35.51653033159825,15.366803531386724,0.12445700280146044,93.71690287563759,97.88595224944658,0,0
18.50833333333377,29.172495425357514,89.1891973257936,40.979175806334304,185.71530299688197,17.16317431979516,5.696656698249953,29.24960615843619,26.203454460351427,0.1286423686770175,93.83894398895298,97.2454974672075,0,0
18.5166666666671,29.302088752203193,89.1078837263031,41.339833769541265,185.5254717517832,17.337598601718692,6.02261869311508,21.3107189943458,39.19040355902645,0.1326073502810301,93.80206472899381,97.16613909049617,0,0
18.52500000000044,30.133789551613066,88.69742856989859,41.79427792379915,185.1259074718194,17.46949447880003,6.340217964861318,10.914979833818952,48.66386192423681,0.13302376573206098,93.67645973057034,97.13093499197913,0,0
18.533333333333772,30.119807398859624,88.87036489460291,43.212985827642804,184.32448392816008,17.513135505983158,6.762704694628325,2.19124715106625,53.123193256283194,0.13177531369363704,93.83573175632121,96.34791207826173,0,0
18.54166666666711,29.74159989149445,88.9383843095244,43.86661530117102,184.3118105153235,17.507649038186727,7.223824695367255,-4.872284243195315,60.052701356232376,0.1330004071743005,93.77952317907358,96.41372561288462,0,0
18.55000000000044,29.718139786756698,89.01394572623298,44.89119768840698,184.4935118503849,17.478648371054632,7.728843112504268,-12.52265534498908,65.45649114295304,0.13351946047840668,93.84375507266299,96.67765632938736,0,0
18.558333333333774,29.259507615442548,88.98174853178517,45.204751131646056,183.9227090775948,17.345864990608355,8.243057669838247,-20.337381013459535,67.2378449817192,0.1316481135721732,93.66894019722862,96.27064339741378,0,0
18.566666666667107,29.152165721408384,88.90258072571373,45.270315751743404,183.9594643619219,17.16577430869724,8.807082790997207,-25.485197430223653,64.02306992537818,0.12878945919621954,93.56023528155808,96.41372250373911,0,0
18.57500000000044,28.91679241200814,89.27143391747182,46.37098368438826,183.54580610073316,16.88607880209099,9.406139714277037,-28.870234313059225,61.45160588499409,0.12619943829045166,93.83799761866571,95.87651455659466,0,0
18.583333333333773,28.5146036417533,89.03817831057376,47.143538727212,183.7916801905082,16.60345803613486,9.921150120511635,-36.679363009530285,67.24674656949848,0.1263606490133644,93.4926725348667,96.56740309715786,0,0
18.591666666667106,27.848507331617387,89.04741744715062,47.20943571741004,183.43196294875048,16.25662948932756,10.50101271912147,-47.315677764188365,73.51938085994365,0.1272430336964825,93.30049257429594,96.34982084832004,0,0
18.60000000000044,26.971151631829915,89.40526397308537,47.118895959784034,183.47048978090334,15.808023376679685,11.143359802039653,-57.67821383347775,80.86635485335859,0.12876010673135418,93.38492515628118,96.19874379523046,0,0
18.608333333333775,26.602046330581747,89.93568604723947,47.95763221880913,183.53450415975198,15.343111930169194,11.816726946259656,-63.74213029360402,82.97484727073005,0.1288852441270989,93.78750713054507,96.00416553821327,0,0
18.616666666667108,25.471551935089284,90.148445180441,48.2211425145963,183.92055924904622,14.790148004164818,12.531312993281992,-68.0440781770356,82.61823289496675,0.1279198890451525,93.67786358811203,96.49224449887515,0,0
18.62500000000044,24.753518830546458,90.61339635797543,48.353387387628466,183.82674648082588,14.24129047939706,13.218833248780502,-68.04556335017885,87.48108415890965,0.12642361041995542,93.93361642150148,96.15447174747855,0,0
18.633333333333773,23.69990003416712,90.94078451711715,48.71503996683442,183.9110697803082,13.662930278033478,13.913443784231557,-67.70068682046895,85.6910693322877,0.12380369468094798,93.97825041049789,96.2768464781125,0,0
18.641666666667106,22.798718976867466,91.02320795163695,49.0546235144135,184.13911379575632,13.110289205130558,14.617003437077589,-66.35237254643152,81.37852408020785,0.12111070572144556,93.83499332761271,96.74680586073958,0,0
18.65000000000044,22.365612184003968,91.53102004920748,49.157356893522724,183.4511065749616,12.52495103662688,15.34152082303775,-68.8845603521323,80.5673363098417,0.12097254138733549,94.22392604648614,95.74497319171462,0,0
18.658333333333772,21.000874129757225,91.61708681575436,49.4108253287306,184.20688111015437,11.945759195676166,15.986076823890556,-67.52382652108021,77.02706346844555,0.11878234763791085,93.99323013291637,96.85037601686096,0,0
18.66666666666711,20.409199275719235,91.52867063395598,49.69639875500298,183.64834598897573,11.366027142113056,16.548063449749606,-70.94668673247885,68.36764670844275,0.11913127813501978,93.77650538965085,96.66320210324915,0,0
18.675000000000445,19.14165220346661,91.63422675360579,48.987999794886896,183.3906886295233,10.766360206585805,17.104626780203958,-72.74330122156684,61.65032159354662,0.11970215941287421,93.61214858024424,96.48861466792124,0,0
18.683333333333778,18.364705449834847,91.92041821033763,49.494863580412535,183.5043208651528,10.170142530173917,17.649708277292653,-74.51606977450746,60.58030136287851,0.12040860133843179,93.73700278023915,96.73002621069341,0,0
18.691666666667114,17.043621732340345,91.98285929200483,48.859537951912394,182.90237675360066,9.583201281935512,18.09904123252027,-71.75962608738323,51.33983459724158,0.11867845226103713,93.54855127305748,96.32554791092682,0,0
18.700000000000443,16.489550917123726,92.00268533217684,48.14817279192409,182.9649663000647,8.965905917436105,18.4670431744515,-69.95932008574717,39.27201762717259,0.11858489895805757,93.46870812084633,96.31409501154316,0,0
18.708333333333776,15.208521797710947,92.26538961460074,47.394229717729225,182.84950167251804,8.397505158944753,18.703614063397435,-69.10225674779318,27.212186913909456,0.12014304169606271,93.51043394191646,96.13220663042145,0,0
18.71666666666711,14.492372228931973,92.21598481183742,47.958138727077774,182.99461831801574,7.81991971816788,18.93489971269844,-64.84936794967074,19.85309597197734,0.11725265869575807,93.34782647517267,96.75080272823301,0,0
18.725000000000442,13.686460408476766,92.44895988551554,47.2252119528489,183.01872712809848,7.307981117306678,19.113541720194892,-62.00238905822359,13.603667380253452,0.11571529238780531,93.45656414841315,96.58017702163718,0,0
18.73333333333378,12.949809643270843,92.5374895173511,45.509591840152446,183.0136038582654,6.783110360143868,19.225847375257786,-59.663559388830286,11.524396889882391,0.11252613366511488,93.43920235089134,96.15646979240952,0,0
18.74166666666711,11.71759668174332,92.4480142455401,44.8827790384782,183.59376149695777,6.302081317928118,19.266440555233366,-58.17965854151001,3.2920097180048833,0.11314208589081431,93.18764623027876,96.99214691290626,0,0
18.750000000000444,11.3601341544848,92.50907215607407,44.2901900993137,182.92790322113854,5.82319850616919,19.244969852513666,-53.326975280711096,-10.5479660405372,0.1136483363590397,93.20397566190839,96.22865267529328,0,0
18.758333333333777,10.640195336211608,92.56607703846981,43.94933873426948,182.51932952350427,5.437097902280886,19.091254042244564,-48.25852898612906,-20.010201643531282,0.11153001486433167,93.1755996765498,95.92229493996032,0,0
18.76666666666711,10.04150725821734,92.9485886335944,42.86657544332372,183.33836933330252,5.0752889061206234,18.808002499360253,-39.98036294972075,-30.816210127805462,0.10668543959191101,93.48942184543654,96.16546966712225,0,0
18.775000000000443,9.185188596458321,92.69451273403479,41.65723040467737,184.0905074509654,4.736486856566691,18.50996280052772,-35.654493588016415,-45.4039627930668,0.10958543201819415,93.14848565893406,96.99309949420078,0,0
18.783333333333776,9.051614766006882,93.4496359451515,40.10060228208574,183.93314349014037,4.4361467684975615,18.129975106700122,-32.387927516545055,-63.029671274469344,0.11741947721012913,93.88698625556977,95.66245221306883,0,0
18.791666666667112,8.692960083388702,93.36997372409087,39.08842180551637,184.1975372068449,4.17000338878437,17.58252933659482,-31.827297036086023,-72.57953186041173,0.12160526829772023,93.77376791112111,95.77854865007637,0,0
18.800000000000445,8.53405009176959,93.45540278894384,37.93559980396015,184.2242819314128,3.9102295309958186,16.97253721998283,-27.594126047994,-77.30287445102731,0.116429025559599,93.84424500955062,95.41195179985864,0,0
18.808333333333778,7.878320547504647,93.5945521938097,36.393918592705354,185.74285601369638,3.699315057420984,16.273318263359084,-25.018130149195724,-79.76987404842828,0.11089795676981451,93.92554569982015,96.45957302807014,0,0
18.81666666666711,7.249440906181921,93.63849789788509,35.069058285700926,186.28611209832354,3.5332548032825706,15.543703341605859,-20.776376069028057,-88.96372411982591,0.11059989159534078,93.91870251459213,96.73423141874918,0,0
18.825000000000447,7.191980516817641,93.47766963318838,33.60899036991322,186.82430877747402,3.3892018384197486,14.81268076165311,-17.781685969423553,-93.05775421613126,0.10686768282896653,93.75392953794415,97.01264582059407,0,0
18.83333333333378,7.01871356889797,93.52538496104916,31.858824788386702,186.26051321626795,3.2651868622286018,13.98701474920578,-10.815989676271087,-104.23726952487036,0.1060779059309902,93.78837866321537,96.00434957807094,0,0
18.841666666667113,7.008254919818687,93.49507044641626,30.77137868512597,187.52798848564964,3.184249242497919,13.071425059195885,-4.639566447279214,-112.66700664937801,0.1035318930719682,93.7573668295004,96.9890495162134,0,0
18.850000000000446,6.941296149169891,93.65683658670741,28.65641455097057,187.3696708302105,3.149295313269541,12.078000935716023,0.963065407951128,-122.91904335840013,0.1042422755959751,93.91370843311266,96.1958505817923,0,0
18.858333333333782,7.023891441270284,93.52944109649508,27.043370741188088,187.46338651351704,3.1516386784620787,11.067450961360532,1.2196634683119127,-129.34157686699695,0.10744601838564449,93.79281104008714,96.04356122639298,0,0
18.866666666667115,6.851070523876619,93.62766595333761,25.732868306172524,188.5344923913787,3.180248612411905,9.954796874765357,1.7435141815607418,-135.18816832380128,0.10997151346338896,93.877989961401,96.76687445625167,0,0
18.875000000000448,7.0773811817823615,93.64149987969614,23.33628983317988,190.08010554377887,3.222737952129843,8.737659099530722,5.7458863408031515,-147.9488770154513,0.11781868610418034,93.90857162214417,97.79957450299536,0,0
18.88333333333378,7.054502541727406,93.53551660633389,21.57944930657141,189.5770082046326,3.280536273698671,7.512871627358833,7.740718924448064,-151.91641453417122,0.11708945060110354,93.80116669277093,97.1336305660796,0,0
18.891666666667113,7.202391409542433,93.70042202085585,19.470920926422483,189.6155846638627,3.3632707641402195,6.196002823421856,11.582340548449217,-159.12558122129695,0.11902436728844012,93.97682442444382,96.69661442543381,0,0
18.900000000000446,7.21324619410098,93.49601732124586,17.641377017177664,189.92458295709463,3.471264415776559,4.8988553830128545,14.218954533355646,-161.6701255038859,0.1167131052011805,93.77385656776316,96.9907943211643,0,0
18.90833333333378,7.687427559776954,93.61615438064985,15.097843220118708,189.62053371328096,3.593849012192805,3.5538910477871974,16.63285537763155,-161.66949534110037,0.11171027174765591,93.93125626493284,96.28995332485506,0,0
18.916666666667115,7.903912675482222,93.45128002706974,12.909330721976122,189.82524196178474,3.740346268225098,2.1698423963431206,17.37600615537329,-161.93496450557714,0.110032269146624,93.78493255464576,96.50385872499639,0,0
18.92500000000045,7.9361239344071395,93.56921774900252,11.583796286093676,189.82703040152632,3.871676852843219,0.8419337730075651,17.601321588125163,-164.67840515487364,0.11330884393785334,93.90516797952345,96.32690179920472,0,0
18.93333333333378,8.353698499142528,93.49417527421656,8.932626685910638,189.9859838828582,4.0026853324696265,-0.5655548831035692,14.59316089395445,-162.93371243633516,0.11505482349180385,93.86663458769843,96.49354530958101,0,0
18.941666666667114,8.451732623647903,93.58460423974407,7.488339621486664,190.3645952888806,4.111083987744799,-1.8939002847152255,11.134641979382272,-158.0293211155379,0.11352015138545202,93.96547203654733,96.78478596116003,0,0
18.950000000000447,8.641948236996999,93.54229477063132,4.922247696677123,190.64307926273227,4.2165139082448135,-3.201272730418068,8.716963326358163,-152.7086375343972,0.1107421489518523,93.94064179196677,97.17200482181629,0,0
18.95833333333378,8.730271305554087,93.49447201457315,2.756665514115757,190.55968444385167,4.271367663055501,-4.3875915523809494,6.556256802189536,-147.19891585022276,0.10777313814607759,93.90119240112121,97.24885310425245,0,0
18.966666666667113,8.709940264694868,93.70153278295652,0.9342473797581237,190.5119410226418,4.295382827169194,-5.539248349944132,1.54217743260485,-136.35457257838075,0.10184783256456331,94.10547436408802,97.12217328383555,0,0
18.97500000000045,8.707129991305127,93.49131867687731,-1.1970336532862076,190.62172995388346,4.313026345647637,-6.700702358265865,-2.2063001739886774,-126.15244661960408,0.09615568385079554,93.8959039608593,97.63405785042025,0,0
18.983333333333785,8.72043391744484,93.10694082952358,-2.405460141117824,190.38433741765817,4.252069939413952,-7.758817444493208,-7.099488883893429,-124.24647784678614,0.10273259980006788,93.5144288243313,97.91157952748786,0,0
18.99166666666712,8.719039731596073,93.12296167585589,-4.44578256293948,190.58176738251296,4.1654779204756265,-8.802532747869646,-13.041825307307732,-116.6124342047089,0.10388413396820617,93.53024989341189,98.34394417458877,0,0
19.00000000000045,8.335632138689224,93.68513542615142,-6.180827013840481,190.90078558604972,4.05722603031262,-9.769021682813971,-16.45969091613856,-116.83172459939136,0.11192504806982795,94.0552357020484,98.29349023378302,0,0
19.008333333333784,8.120374600648578,93.62957427466245,-8.435194378628463,191.26620462395277,3.9055181861054487,-10.684609673676292,-21.29948825900722,-111.61037584352157,0.11510317627865252,93.98104948610326,99.0302905690555,0,0
19.016666666667117,7.984493020779387,93.65386005882777,-10.48311201295348,190.41998627662355,3.690901115633162,-11.552135401789563,-28.30243472134504,-102.63201109240761,0.11683409346736084,93.99360421176205,98.51261654671617,0,0
19.02500000000045,7.2438922227098645,93.5739141800554,-12.484702905143816,190.91321938296818,3.437198961746561,-12.344398514782451,-33.08521122911283,-92.70956820672006,0.11438846915485978,93.85388318823365,99.31846657648605,0,0
19.033333333333783,7.033960939771537,93.61306277519697,-13.524859375301556,190.0775866734399,3.133446347554931,-13.041049600815409,-37.492160431398794,-75.20067907379956,0.10300059274240514,93.87695206308734,98.63097618731219,0,0
19.04166666666712,6.604010408216657,93.63736169967308,-15.191724108108072,189.75624420776285,2.8042264805136177,-13.625810561952578,-41.511584520716404,-61.87479005645889,0.09676904417825405,93.86995504178766,98.55908693626415,0,0
19.050000000000452,5.7096766690102685,93.7280220413088,-16.594932240509248,190.23665209495857,2.4492207198410942,-14.139271597000194,-47.023125090104266,-48.79777247817508,0.09355863459963265,93.9017706086563,99.05256813146667,0,0
19.058333333333785,4.990069002413013,93.48607623786097,-18.20973661414541,190.26762771774054,2.0392154725361546,-14.522734655252618,-51.1510789302261,-41.513707202079125,0.09385746977793552,93.61916064033045,99.52336252106173,0,0
19.066666666667118,4.545752637786056,93.78839642346975,-19.15323737569548,190.0918547526141,1.58758459269226,-14.814363478078684,-54.81515732504641,-35.31433557548533,0.09436390491678148,93.89849397476965,99.17660114065383,0,0
19.07500000000045,3.695678248689096,94.12583450152164,-20.401483545697655,190.77726478182916,1.1282911134847016,-15.097839656086379,-59.4217059227029,-28.821011487136044,0.09622656646890704,94.19835857553822,99.61010080194677,0,0
19.083333333333783,2.933211686054112,93.99514193875962,-21.871747948671665,190.34045270725574,0.6060807814902321,-15.270277846772679,-61.478339108647354,-19.097242882537408,0.09181726442344518,94.04089769288026,99.48720987925266,0,0
19.091666666667116,1.9917718554368138,94.0259295820681,-23.05079019089464,190.65494712142953,0.07397970601976116,-15.3869993588127,-64.56238055155467,-12.389735769900664,0.09138246788573623,94.04702328567417,99.82132509873118,0,0
19.10000000000045,1.043031315485682,93.95751072683998,-23.909587119369345,190.4018850790344,-0.4739666048405409,-15.449220471781675,-69.8134435638073,-1.34777666116212,0.09089746778711527,93.96329994369788,99.62003067125448,0,0
19.108333333333785,0.10680238640634787,94.0258152239951,-24.863465946662412,190.76374917967388,-1.0491694883706675,-15.442095848562952,-71.75132440736655,4.997538694524476,0.08950232665779545,94.0258758815179,99.90866912655142,0,0
19.11666666666712,-0.8501852649433728,93.90519615457487,-25.73808031567,190.24209046694347,-1.671298308588881,-15.407021722796532,-73.50600960307823,10.374917148875008,0.0887895220123367,93.90904471782208,99.49977148621227,0,0
19.125000000000455,-1.9723803856967335,94.0008690432133,-26.21416776227562,190.5061057332204,-2.283734497019038,-15.308062898412768,-75.39429013503126,16.543839900921526,0.08782648624237677,94.02155957686097,99.50339172010949,0,0
19.133333333333784,-2.9860397584342264,93.94310834467359,-27.38993434529345,190.35848957976356,-2.9434612575277477,-15.12029745874558,-78.3971774234287,20.591795749900026,0.08941831105848896,93.99055292367436,99.4558988180906,0,0
19.14166666666712,-4.0748212369816725,93.94071467313228,-27.921850218689425,190.55785290509544,-3.586954092296768,-14.914442211437215,-79.46702443359263,26.701446565728094,0.08778924739380134,94.02904892325672,99.5165925430965,0,0
19.150000000000453,-5.056546939299433,93.80242130457742,-28.737856732984763,190.21726885953484,-4.244056174706416,-14.68013208237455,-80.07099560867067,32.11009104690133,0.08636368468727795,93.93861245276501,99.2805482589121,0,0
19.158333333333786,-6.400102064977427,93.62109463224874,-29.462652312997985,190.2774983443867,-4.9313738108781235,-14.326352041627407,-82.03785357888133,43.43740779916134,0.084120652885189,93.83960073754898,99.36972175922737,0,0
19.166666666667123,-7.349372863557387,93.40302856606809,-29.512076539196183,190.33583772578896,-5.623118109416139,-13.942153398877243,-82.94679063401637,50.57528046340264,0.08311148847902405,93.6917233633864,99.43417383278769,0,0
19.175000000000455,-8.705963132288783,93.5931906182197,-30.074030921578466,190.14104133247525,-6.323062388494001,-13.508945611885517,-84.5733438229876,59.741944967398695,0.08285703061854655,93.99722934299277,98.88418376358202,0,0
19.18333333333379,-9.487932484364475,93.54072375152026,-30.17572964936232,190.3215395267237,-7.017604615932467,-13.01078445167253,-83.63428685706117,61.73716535484189,0.08219328875815224,94.02067784687624,98.96722312793241,0,0
19.19166666666712,-10.816093658672454,92.79248373669907,-30.584392393255253,190.25817438077075,-7.726763522562006,-12.475772740183531,-83.74637021526864,66.24927945270211,0.08247548021769369,93.42073067611243,99.45022115403057,0,0
19.200000000000454,-12.080225591169889,92.75235929940908,-30.323372073170955,190.16686157783846,-8.409212878779396,-11.925996952735069,-80.80705032422568,64.22173531420219,0.08152164952862728,93.53572582676757,99.10801000785895,0,0
19.208333333333787,-12.972357820629664,92.68304978284306,-31.120288990137905,190.3732212043622,-9.033168191244316,-11.431772385109435,-76.12707152553291,60.50464984140478,0.0798223711470829,93.58648291540513,99.36154687855361,0,0
19.21666666666712,-14.078061960337035,92.5802327323467,-30.972807389263547,190.57633104293484,-9.644119105253193,-10.921897023162634,-69.8050243526609,60.0091326559934,0.07697196803465811,93.64449434608834,99.44178049093192,0,0
19.225000000000453,-14.918250907818386,92.5607030668238,-31.156675891007122,190.8079867488845,-10.213553926694559,-10.394804294520869,-64.87565444834996,59.38934657943597,0.0756532294868455,93.75520232164907,99.58019480216916,0,0
19.23333333333379,-15.993358507095078,92.54861891147169,-31.032103276333086,190.50620613619924,-10.769857699582275,-9.861753496143308,-59.115312263835,60.076712169583516,0.07451995173074843,93.92036189643483,99.10526090538478,0,0
19.241666666667122,-16.397343381377137,92.46059480330524,-31.131720424448186,190.56239508350757,-11.217294477390675,-9.398513718993671,-53.10946767963165,58.006467412851215,0.07352627209328366,93.90332508142504,99.20214254270965,0,0
19.250000000000455,-17.064472419164073,92.21932826189845,-30.855285545857438,190.17477653298516,-11.620028800904658,-8.941581342226407,-46.573999322910595,57.978488582791044,0.07291512225999464,93.78486404543216,98.92146568204961,0,0
19.258333333333788,-17.948110527125433,92.19106617378776,-30.400224226332224,190.34990746134883,-11.980285886018974,-8.507877638070674,-38.93187635269239,48.37532128269514,0.07146914121597847,93.92192158252313,98.94550650986925,0,0
19.266666666667124,-18.468337940936575,92.02038195618536,-30.39078380812526,190.62677949592393,-12.255102273620063,-8.11287742208175,-30.84220941242994,46.46156370016115,0.07090651775026124,93.85536852872553,99.3245505966224,0,0
19.275000000000457,-18.791617376907364,92.0980598841594,-30.070958961321477,189.78150411484557,-12.484137588102305,-7.72432858853095,-23.043175550157184,42.18891998386516,0.07052763536672346,93.99562499428522,98.33249118855615,0,0
19.28333333333379,-18.985014636972263,93.37708237594694,-29.954863845461144,190.33688828277417,-12.649032298997575,-7.408664723710417,-16.39445312526195,36.62441777125368,0.0701561650866438,95.28751384001175,97.57838671112877,0,0
19.291666666667126,-19.380934590848877,93.10011877238179,-29.48396112753539,190.51767047335386,-12.783588033675416,-7.06185259926832,-8.72872228654615,32.8425795406254,0.07042012009689635,95.09601853414452,97.94003535129318,0,0
19.30000000000046,-19.460110277646944,93.18029845527212,-29.431116112090304,190.23271616444543,-12.840774437135535,-6.796247397715797,-3.774010229867379,31.33378251838415,0.07084296535075829,95.19067135088274,97.56327557306776,0,0
19.308333333333792,-19.32885562104428,92.94767211078533,-28.247477024234453,190.51447922707695,-12.853582880285764,-6.588313565059297,-1.4727524685980924,29.983371584340393,0.07063999453009284,94.9361596570729,97.97358653535703,0,0
19.316666666667125,-19.420626997065707,92.67233269487718,-28.410148423713505,190.27502096397353,-12.840090806453343,-6.370004663618333,2.4706958877768797,25.302690790959094,0.06979015018307644,94.68538430016092,98.01579593532136,0,0
19.325000000000458,-19.24429292238352,92.58303335275485,-28.038975570744864,190.22377512273584,-12.782737074628232,-6.196290990207568,9.255024057083803,17.960250456944024,0.06904607104280602,94.56194200036195,98.0360183620158,0,0
19.33333333333379,-18.998635916484655,92.11063084284427,-27.171161572003253,190.42730893201298,-12.670976558482316,-6.057245396611888,18.485995551697656,9.701679883881292,0.06909244794038472,94.04954269401779,98.65576195073116,0,0
19.341666666667123,-18.659764800430988,92.02467600403816,-27.26173823847466,190.40082718742457,-12.4737548979431,-5.992381444164216,26.045348764805254,5.282106863141161,0.06957438043221176,93.89743242525644,98.75151172860751,0,0
19.350000000000456,-18.37576287605435,92.25249326186349,-26.907732080055776,190.6314441194948,-12.2236289689399,-5.9397627936579696,35.425001017093074,0.16634151685884754,0.0711815150265398,94.06482431975913,98.74822768205141,0,0
19.358333333333793,-17.660136181393224,92.02303516246326,-26.134889544438916,190.861920265499,-11.876686968276541,-5.95700402041646,46.893619569781244,-0.7056138525833457,0.07661705804549124,93.70229138317431,99.2015456178761,0,0
19.366666666667125,-16.90810937776649,92.02343892522197,-25.62697540141107,191.19133947172833,-11.45244331696201,-6.017960316308002,55.332083246050864,-9.943922197064332,0.0766514172034305,93.56386842341745,99.55044511974842,0,0
19.37500000000046,-16.220514428725092,92.50879728207286,-24.8632584365651,191.28627346756315,-10.954192810869227,-6.16733609111228,64.49080848768826,-18.225233016739505,0.0782063659657859,93.92008657847443,99.15486284373628,0,0
19.38333333333379,-15.342683932547228,92.48995829417538,-24.260754172381038,191.9079790757528,-10.410800086456454,-6.334802339264469,69.80580639106296,-20.476436741671918,0.07902179009087673,93.75388170903828,99.81720709841949,0,0
19.391666666667124,-14.262771316006418,92.57999958460118,-23.49294460135894,191.65296476821987,-9.825266017630687,-6.44678526079835,73.65197694597073,-22.607893276197903,0.07832871584762291,93.67221022639238,99.50200263890248,0,0
19.400000000000457,-13.042386008290347,92.59127825804279,-22.881823788623816,191.67100287280277,-9.162232462226106,-6.630336049542584,79.35340154529057,-24.422581554052236,0.0801160062693782,93.50534018037449,99.56709479325852,0,0
19.40833333333379,-12.157525638374292,92.57446568619429,-22.740281592890877,190.72822741787934,-8.492554253832006,-6.882703426393487,83.16629534821224,-28.42823650531318,0.07913996474359841,93.36935860726521,98.72261982784522,0,0
19.416666666667126,-10.981167183756721,93.50691795901525,-21.490145353074748,191.33310105799228,-7.768314176380612,-7.130590682148072,88.01129344457078,-30.48884584923612,0.08073960163922367,94.1495073747687,98.38902744654904,0,0
19.425000000000463,-10.016108170482308,93.54818544694302,-20.355493449401532,190.8461432793706,-7.02301166581441,-7.394288001957396,90.81970775468922,-30.378015141468524,0.08142093516591764,94.08286466354245,97.84577398286953,0,0
19.433333333333795,-8.510175268672466,93.45520313690133,-19.428019901042827,190.70398367691922,-6.257206326045314,-7.683725365918314,93.50909919972072,-33.418374834023986,0.08058199870132254,93.8418780527277,97.85971923083133,0,0
19.44166666666713,-6.982113809744528,93.70869686389142,-19.072233267490898,190.97127569315563,-5.4660428662509,-8.056121596217709,97.24569953017263,-42.857498966577566,0.07829624320038775,93.96845098851486,98.0111229862275,0,0
19.45000000000046,-6.028075028451151,93.6318603263955,-18.772906056670248,191.47004361194007,-4.670539839072241,-8.334839814004667,98.6855224905117,-42.46961113314748,0.07855333592003033,93.82570520241386,98.66479020680919,0,0
19.458333333333794,-4.406873098849071,93.9450000656679,-17.084238678428274,190.71939186382173,-3.815169240033534,-8.619990467002177,100.57826653488544,-40.3654643852393,0.08086461493059538,94.04830443898338,97.60122184655724,0,0
19.466666666667127,-3.265141839079429,93.8254663636913,-16.714739846059896,190.743920573583,-2.9627682677124505,-8.926428067968354,102.53081724013121,-31.55273944989093,0.08852335941960998,93.88226291261559,97.84721995531733,0,0
19.47500000000046,-1.754974473750333,93.78853830403034,-16.038819748510033,190.6120792599039,-2.083440782315628,-9.22847943511665,103.3917742465242,-24.497580632172482,0.094607719694626,93.80495643946583,97.87147857811796,0,0
19.483333333333796,-0.30845404866738146,93.99278606195332,-14.958662030165495,190.64670599258665,-1.2596492182468475,-9.389741867865967,102.63894382254841,-15.871489634183474,0.09991316656293625,93.99329218400783,97.75790930588904,0,0
19.49166666666713,0.9608951319527295,93.99177924743753,-12.493371647255113,190.41592483278345,-0.4263995438285763,-9.446493369467834,101.6402014509508,-7.912149978082903,0.10485540096588108,93.9966908223563,97.35827210068018,0,0
19.500000000000462,2.7007721217279412,93.8952358632443,-11.809669302518213,190.28961557707402,0.42226876711733263,-9.51408862218199,98.01493120482175,-1.730079754901755,0.10428852433467872,93.93406989941286,97.48040495781942,0,0
19.508333333333795,3.795795333569406,93.94622857158231,-10.86452276613539,190.79733441815625,1.2303800655305468,-9.518867238913616,96.45928835780846,6.339429999748037,0.109726025968091,94.02287979549624,97.95438545817538,0,0
19.516666666667128,5.067893030646705,93.66905512854117,-9.601626408603803,190.54035128948777,2.0345232542085783,-9.449325085291841,92.34644676293497,8.310008210921577,0.10486574763488488,93.8060521951743,97.97572566957786,0,0
19.52500000000046,6.0167179076403885,93.65927007451091,-7.6650780747719365,190.33224814814696,2.8039100869640174,-9.400048678741781,90.30107746213406,5.353361143412214,0.0996095548544722,93.85232956762606,97.63634687415373,0,0
19.533333333333793,7.6074552836206,93.71076247342722,-6.252610927645033,190.3462402975291,3.5353796930727177,-9.345731324955407,86.59368683667684,8.601204999511568,0.0977230762829624,94.01904264160204,97.62436688487743,0,0
19.54166666666713,8.744034517019035,93.58316825050531,-5.376559436931468,190.36367178071004,4.218057652595948,-9.259454465691231,81.18483159319582,19.853200713166324,0.10077183259187361,93.99078422609956,97.80519943833411,0,0
19.550000000000463,9.83170057373474,93.4040180631709,-3.666022365861404,190.75153410940112,4.872682729247853,-9.004045700512222,78.99258748026588,24.862192546371585,0.10320141124464177,93.92003474507838,98.27882480435524,0,0
19.558333333333795,10.744414706067065,92.74886671309139,-2.5850025931640017,190.25053037964238,5.53650926995571,-8.701080595454505,74.54238397967411,37.28185850966654,0.10987528332104368,93.36913153681328,98.40857576086685,0,0
19.56666666666713,11.711613621008272,92.73376732198062,-1.1579071973644046,189.71670571672598,6.14216553019125,-8.356941055553634,69.05776764926283,49.05635082209611,0.1147726139824865,93.4703883341405,97.83309718992597,0,0
19.57500000000046,12.488731527381848,92.97207011846581,0.8143366087163644,190.65691664778768,6.684557958077617,-7.906510495211787,60.87440056743716,67.69586641285832,0.12371558114364678,93.80711186938836,98.37998138937682,0,0
19.583333333333798,13.306610090512383,92.59462839290529,2.7802304190236713,190.32767889189802,7.141841429348614,-7.316223138878542,55.0810712724531,77.8755283116163,0.126977398663926,93.54587686970041,98.29829006054476,0,0
19.59166666666713,14.320188661597573,92.41823596516383,4.929900169066916,190.02481542245408,7.574932931936004,-6.637459887278243,48.65341924922969,85.27162785203899,0.12592763679847874,93.52111067676884,98.05723773044635,0,0
19.600000000000463,14.820668613766205,92.39152661082449,6.68056491667483,189.89930704777964,7.963076049209123,-5.930472752300437,42.642695212734075,91.37228987631252,0.12426225576459071,93.57267981434413,97.84696486831288,0,0
19.6083333333338,15.110940349044885,92.32236492792799,7.925199622523057,190.179127747677,8.297847380320478,-5.144278214718998,36.283938094299735,92.23879979899635,0.11549944795485079,93.55083956928395,98.12023695114789,0,0
19.616666666667133,15.463976254898402,92.32022253671562,10.25269670366129,189.59266094754622,8.580218587212043,-4.346091255065166,30.12200535144498,94.26791645975857,0.1090368368553225,93.606399625457,97.41193309317896,0,0
19.625000000000465,16.037716549368614,92.40874360780765,11.723543854088522,189.97261734105444,8.811344245054393,-3.53022503768579,23.334890728891022,101.89369301994994,0.10887541300612869,93.7901074063327,97.65921125977633,0,0
19.6333333333338,16.464622141888643,92.33203766016169,13.734832362685385,190.27264585940702,8.972701878690717,-2.6224892782817766,18.357848668955686,109.92260478408262,0.11188206087760255,93.7885332050389,97.97864301303997,0,0
19.64166666666713,16.622922297995846,92.31639373253648,15.321674497332712,189.76221389890594,9.087844696853265,-1.7049218417858445,14.743220924741916,113.64304045824895,0.11159722197866806,93.80105595091085,97.45450791900366,0,0
19.650000000000464,16.684095697232525,92.27432156097245,17.12382188301081,189.63305151895503,9.189807985080977,-0.7836488071735835,9.12452143059576,114.61550569182293,0.10561359687993033,93.77051492218735,97.35972297695712,0,0
19.658333333333797,16.758172024817387,92.18376985548662,18.977574205454236,189.58643555265394,9.283879129660377,0.17233535175719647,5.219763829567337,115.5982808533904,0.10243889277064122,93.69463033911119,97.42794789460338,0,0
19.666666666667133,16.762538571928193,92.17179168291011,20.88133059422569,190.14018296393095,9.312158779540406,1.1353072554410568,0.8488171436394766,120.31593180996055,0.10322617336919881,93.68362653854278,98.05493428641999,0,0
19.675000000000466,16.76611048999479,92.19234672221359,22.521278202266505,189.80595680426393,9.288985063530907,2.1819204343821954,-2.4421145252845933,122.72526019882177,0.10273821168190356,93.70448898057957,97.78312138936317,0,0
19.6833333333338,16.779457827101684,92.24792164129622,23.703960986369058,189.20138472848117,9.26310302913929,3.2331050844141,-3.9060357359797013,127.53682276722934,0.10770857401036427,93.76155529912145,97.20042566059493,0,0
19.691666666667132,16.756728996224414,92.31939853854288,25.674369140860964,189.46820724790382,9.192649194167677,4.408914400963482,-8.9703830336028,138.7995493214097,0.1169774701157289,93.82781737401346,97.55724134782224,0,0
19.700000000000465,16.71519474825175,92.29068508061806,27.8808261970259,189.0931465512545,9.090783405892044,5.5713655159961055,-14.314992485570754,146.25899933570327,0.12176926997620896,93.7921547258714,97.44428086052002,0,0
19.708333333333794,16.163934196842323,92.42248137153871,29.28794627722397,187.85584959914866,8.944488227529137,6.852957230277165,-19.707340587068806,158.3681734007398,0.13356276571703063,93.82530485744381,96.33154968312611,0,0
19.716666666667134,16.065295008250136,92.469042606193,31.389074735545254,187.66865710669742,8.77995129963779,8.091154009157748,-23.16169348087967,158.708302320374,0.13243987275311886,93.85423562209668,96.42502178467637,0,0
19.725000000000467,15.882776723754493,92.41710106823405,33.52991119865596,187.9403730785965,8.591598589422667,9.399610950362115,-24.524192782112525,156.57317592655613,0.1312695210794148,93.77197431169307,97.13967701583609,0,0
19.733333333333803,15.158918698947392,92.3661774217938,35.45453513897366,187.61494912050057,8.408468607733528,10.674890020382795,-22.457939029532,146.24671749348454,0.12418633353281372,93.60183517237034,97.38706565449557,0,0
19.741666666667136,15.029418337937788,92.24334709688526,36.46306201927593,187.18588996503098,8.25116247084617,11.825450225857448,-17.867643051215794,134.05188101547418,0.11836342776365116,93.45971591660863,97.33184231138469,0,0
19.75000000000047,14.754265984385146,92.37270950912944,38.69493742876211,186.41725141362792,8.095453705472767,12.934019425166166,-15.008032143003899,125.77615183052347,0.116178423616907,93.54360387966672,97.0439674128927,0,0
19.758333333333802,14.695232953164922,92.33692970910329,39.1437392090748,185.98385526385727,7.963618852727085,13.958862132301585,-14.75323708437225,115.85150318064672,0.11050371523052194,93.4989757144519,96.7857227281116,0,0
19.766666666667135,14.499085385933146,92.2653940757765,41.25919398170425,184.80162485600863,7.838208620707519,14.932771645758121,-11.865969662309963,110.44667163862391,0.11226915140539173,93.39767888436475,96.3278641882495,0,0
19.775000000000468,14.519545560302792,92.41248042450582,41.90261514551617,183.96182571017152,7.731472516324221,15.824400316099734,-11.025289251617671,105.46860171540871,0.1128075918779401,93.54615834702876,95.55686852415519,0,0
19.7833333333338,14.277722547706905,92.39336874711233,43.3020025702947,184.2422313753546,7.6548040793577865,16.649009875836246,-12.427891047895342,101.46724564191533,0.11268801944766382,93.4900419808932,96.32560613321522,0,0
19.791666666667137,13.851147521516058,92.38344181948196,44.579330270910084,183.55616950630616,7.565050799299733,17.46302773696194,-10.909819709972288,92.41776148802514,0.11089954422289061,93.41602972764582,96.2116806262938,0,0
19.80000000000047,13.853088893662463,92.39181863380543,45.39881678376742,183.23177233796775,7.472079353493763,18.223790631916735,-11.019008333346905,91.92287106316883,0.11501234125633397,93.42460180465159,96.16147948680336,0,0
19.808333333333803,13.864791325195828,92.40227738568319,46.98178170416009,183.15611791404996,7.386341249106395,19.02892361576376,-8.705516748159871,85.57406815850847,0.11678054488473455,93.4366807231077,96.60742529644726,0,0
19.816666666667135,13.64592382505879,92.50730006440779,47.454514353627765,182.95144896353082,7.305745910531915,19.705601024156394,-7.368259655052254,84.12422426120266,0.12103902594558313,93.50835151068426,96.55653713558281,0,0
19.82500000000047,13.66417424730577,92.46993842349883,48.45107888346349,182.31480214875336,7.274078974679556,20.342528690255836,-2.0410242893438375,70.927069643746,0.1196394168229844,93.47405613273877,96.34432143086943,0,0
19.8333333333338,13.644589110005828,92.5371213463373,49.334249945931,181.6368418085367,7.2916000813876165,20.851368070816186,2.575492777776006,58.967819251500515,0.11882811467335275,93.5376589350388,95.98183201536344,0,0
19.841666666667134,13.561815840794228,92.53478601998921,49.998392943279164,180.36040326497795,7.353194119608508,21.284806310270813,6.911149435286861,49.44177590691545,0.11963337383899031,93.52330978245374,95.083979699046,0,0
19.850000000000467,13.801182610680204,92.38473316912052,50.7278513025878,180.55370259309035,7.392494613640534,21.68136708753539,9.96880152001362,37.0504219625001,0.11844692799828449,93.40991148793012,95.58946610357668,0,0
19.858333333333803,13.89973497660873,92.3879877072057,50.826542738825204,180.39402382338903,7.475646570786468,21.943515429620742,13.869524349886904,24.82181414917466,0.11788932402533403,93.42774162424537,95.43925567810479,0,0
19.86666666666714,14.482232676312211,92.41626556552205,51.44405307753198,180.47067907244286,7.591407002363409,22.10903545990953,15.632638900133799,9.273024744330954,0.11582360219891985,93.54411368102187,95.49741308234388,0,0
19.875000000000473,14.465628672284769,92.21838523417972,51.93324433871329,180.38143629013592,7.753991897398675,22.154918202938347,20.18349900854329,-1.404848213109824,0.11652236319410436,93.34604966512511,95.79428894888432,0,0
19.88333333333381,14.699209554712926,92.38297917424495,52.28619359531513,180.2020375897743,7.9628046687777845,22.01013194318956,24.41616600114836,-16.738203795757283,0.11598535578025926,93.54507791777364,95.52470041962258,0,0
19.89166666666714,14.791695952930755,92.37144137415987,51.790028056275396,179.79589386101617,8.156467753410785,21.847292494142394,24.533153965782628,-23.00910197333305,0.11555560466339942,93.5482626813764,94.93108801154645,0,0
19.90000000000047,15.553258701624035,92.35510904756615,51.76676024361206,179.68776373975453,8.383527787432762,21.630899068348334,29.264795720818125,-33.96961521668498,0.11644651126329819,93.65559259023178,94.54316617036147,0,0
19.908333333333804,15.896421283924386,92.34482554751168,51.76128814391888,180.214042870809,8.665872648446943,21.30883694499478,35.227303211998496,-47.09368119984883,0.1179746048609549,93.70305766108366,94.9067333116781,0,0
19.91666666666714,16.622030512147095,92.31055990344737,51.94894184493598,180.42198314345757,8.955019460850467,20.889818873477505,40.570128503866904,-57.25236063125863,0.11903077370541615,93.79515642097248,94.92951895851435,0,0
19.925000000000473,16.795539295215466,91.948093238686,51.306252028587956,181.55162033463034,9.286638809118095,20.39456493514774,40.95035792337934,-60.293723396462376,0.11795209460676537,93.46947090064874,96.01969257084188,0,0
19.933333333333806,17.111553269991422,91.99549241511096,51.708260355639034,180.94690793724249,9.650375052107071,19.8957817475624,42.383593243224475,-60.52266002457664,0.11690421123891737,93.57337163964165,95.44258203004046,0,0
19.94166666666714,18.27988573448187,92.01196817839815,51.46525926222234,182.06942389242926,10.01077530775075,19.33656996393566,41.61504476291105,-67.37768983988973,0.11666945967417464,93.81021538472379,95.97715533323715,0,0
19.950000000000472,18.731018293183073,91.96076262608432,50.86233701118136,182.224038018508,10.34269318094344,18.709436720206448,42.60854045910975,-77.56140534211488,0.117714175731364,93.84898992035335,95.81169306053465,0,0
19.958333333333805,19.02988953478138,91.87938721086903,50.329030704399095,182.16804736081582,10.708605904468712,18.03859900663505,43.03360665512239,-84.29338781611914,0.11831916629523276,93.82941164661955,95.55981576807402,0,0
19.966666666667138,19.64131865653184,91.69662344573442,50.16175368183412,182.67301451850437,11.047968340301317,17.355463169047283,42.14936037879469,-87.84247457557234,0.11792496279446008,93.77660769038427,95.9593699789618,0,0
19.97500000000047,20.406029267427076,91.58022576200483,49.60665801658332,182.91499999874458,11.402267486360815,16.65982882711364,38.98752573699718,-90.56471679414828,0.11795595585181262,93.82613591682684,95.88909064237843,0,0
19.983333333333807,20.68680616147066,91.65493308576526,48.08457283041924,183.76160152568752,11.732962077327162,15.807256164122345,36.83939068578573,-94.09206836931925,0.11776490029595132,93.96047417993573,96.09514030141129,0,0
19.99166666666714,21.27112768157338,91.46174302694294,47.6726517953747,184.05162496845037,12.023481346211407,14.962623432051586,38.44275855751358,-107.58444859773765,0.12322606108796252,93.90266934636279,96.28045862725163,0,0
20.000000000000473,21.927314262905046,91.62425863091829,47.17550831404453,183.64548086875465,12.322493742989845,14.071042303571286,34.93544112246568,-111.83569710873505,0.1253776211061841,94.21152732256071,95.42209725734004,0,0
20.008333333333805,22.119384091092176,91.45758775798953,45.86386728001401,183.61690463866807,12.620161894324731,13.108161969253969,32.21409051862612,-114.86629291237354,0.1268008729761929,94.09440743784732,95.16900845244902,0,0
20.016666666667142,22.672994725527307,91.19392986996218,44.651565770863904,184.39190002018296,12.909512857716303,12.131685258295649,33.20111077875088,-117.13771925875056,0.12611210590514466,93.97019492877179,95.7544736569334,0,0
20.025000000000475,23.135527421503358,91.35794714881195,42.90314152064958,185.5753299721614,13.173827760639334,11.197807898079482,32.63917656704205,-117.05338000827707,0.12470119672194757,94.24185448258247,96.26875813707346,0,0
20.033333333333808,23.457832531974365,91.13424177412321,42.17273601891862,185.91939016189173,13.424004861510724,10.263562728963477,28.251023908962445,-117.4218410852082,0.12621007166186482,94.10483478994317,96.61507111945286,0,0
20.041666666667144,23.738294974121178,91.14650039688365,41.36793497899203,185.97746744221553,13.628878494780453,9.311291256075462,24.621453863032404,-109.7362377103283,0.12036861303353286,94.18700113538756,96.45577493055644,0,0
20.050000000000477,24.33740441083336,90.98732103446616,39.856318232904876,185.85341594973102,13.806873911632982,8.375564951591254,20.092169417572773,-102.13560213581792,0.11558163385804221,94.18599599985903,96.1270651309449,0,0
20.05833333333381,24.540154317088483,90.73878688613155,38.94407378643053,186.16729467026335,13.966905450553073,7.4788602512602465,14.433511331649472,-100.4801770770805,0.11693316362367279,93.99865222157877,96.50944510246339,0,0
20.066666666667142,24.459692905382727,91.056617162277,37.66026549742811,186.640805346151,14.092033002930677,6.657116645965454,11.636661410631381,-100.4029269899632,0.11800626948045201,94.28459103195553,96.49140970847145,0,0
20.075000000000475,24.513432458842605,90.78212305443509,36.17382487072326,187.4477031420691,14.161380282775148,5.911459530106364,5.387083973634957,-96.99967193878857,0.11895001206256284,94.03351656289811,97.36631411775751,0,0
20.083333333333808,24.630003138027522,90.70071259694748,35.09636503404818,187.25554753864117,14.172074761787467,5.125121085845747,-1.9092345494025142,-89.78742163642525,0.11730943481268907,93.98540482528824,97.12044523145569,0,0
20.09166666666714,24.669052870310626,90.8127571688322,33.53620114725698,187.8017094583464,14.125822582405952,4.351038189422022,-8.955698733973655,-85.75164400518801,0.11846753727626469,94.10376737476277,97.39344528654388,0,0
20.100000000000474,24.59771606624253,90.75573691969811,32.32444700863045,188.18750583906348,13.981592833874753,3.6445928786149153,-16.860086782547942,-85.07051646940648,0.12372775834416405,94.0300559369872,97.73766912410315,0,0
20.10833333333381,24.301826506049,90.7929027718626,31.42016411935231,187.28187178060983,13.81207667805881,2.992979657340086,-25.14147383280813,-75.46134830845403,0.12132873864509408,93.98898853201368,96.75118537128087,0,0
20.116666666667143,23.590307791923014,91.0718704425193,29.737762441928343,187.47281784897717,13.59506710775618,2.3460484287208105,-34.51355810464954,-70.97248642086346,0.1258201220222892,94.07756484739963,96.59675905296476,0,0
20.125000000000476,23.199620424064282,91.08365809970684,27.7450390259084,187.76790918519936,13.260676845529105,1.8131847453976795,-44.218512164943355,-64.48273063959483,0.12883501376120954,93.99178241019239,96.79103903889322,0,0
20.13333333333381,22.64232737386209,91.20772309442157,26.236328074643783,188.46651903538793,12.879464468772214,1.3041437666879887,-49.646048240914375,-58.24761460007854,0.12634504464936835,93.97618709531594,97.3251777749404,0,0
20.141666666667142,21.837760936878684,91.53554482131449,25.020736550469454,188.6443292807225,12.44696578309434,0.8815912414582991,-54.10551638853762,-51.784010508868036,0.1222200274823928,94.1044301213877,97.16093532351609,0,0
20.150000000000475,21.346776547827066,91.47385313336383,24.18212848626644,188.841311028167,11.976880145796521,0.39594914874773623,-57.382146814548356,-50.33447013729109,0.12153587225570517,93.93162766633546,97.40873203933558,0,0
20.158333333333808,20.43057656115184,92.1655441992583,21.823087689488606,188.7194201660077,11.469754654524484,-0.0057675495303138305,-62.14285086520068,-41.11686694738622,0.11521789150609729,94.40283892005856,96.56391692265267,0,0
20.166666666667147,19.22394996049673,91.73346203941412,20.97277749447881,189.16305699708317,10.938077363284748,-0.3130464721730004,-68.21290621454322,-34.505672938757336,0.11395819477416502,93.72613461473973,97.44528911835125,0,0
20.17500000000048,18.735665249879222,91.9941227017884,19.486254130053684,189.36666215994944,10.345240788247045,-0.5392406836191252,-72.50507339453966,-30.95140486650687,0.11294447374286465,93.88260629119343,97.37543234408857,0,0
20.183333333333813,17.55704537485497,92.35830458262302,17.981086946555312,189.4717100331926,9.709653948030335,-0.7449929420906,-78.27871338119387,-23.409473160881888,0.11056259985620498,94.01226658086316,97.11433122593827,0,0
20.191666666667146,16.451178910820435,92.29804131040027,16.017046536421507,189.4752585274171,9.031170006585217,-0.9084032880080456,-84.60219644750616,-12.764107076129864,0.1064712819377176,93.75270511986402,97.1781869400833,0,0
20.20000000000048,15.19784356984707,92.34590739373027,15.775096439131804,190.24289531914462,8.300622389003907,-0.9929721040730014,-88.67467967055843,-3.735338405773119,0.10055657668932927,93.58814594565355,97.89868980606339,0,0
20.20833333333381,14.023820167962018,92.43959830997079,14.137143991842098,190.0382085838039,7.555726643265387,-1.0050616309714913,-94.28824344605958,-0.5242343473346279,0.1030665004308835,93.49730941482805,97.598676065163,0,0
20.216666666667145,12.671094454830612,92.52186203303904,12.8059269965832,190.3027717293669,6.766300683807233,-1.059691534035013,-98.60287467073756,3.4142532946957593,0.10306510211640818,93.38549988485337,97.78100265826556,0,0
20.225000000000477,11.253310844926435,92.70970331442334,11.49829460129246,190.32091405822496,5.91566094190117,-0.9964461635839492,-100.50320666696753,3.9806557569042775,0.10210775889689483,93.39018199800735,97.6115181723537,0,0
20.233333333333814,9.991530156415369,93.39345503829219,10.239716232154425,190.49438139103563,5.04588505414816,-0.9043158209778869,-105.73968413809577,7.091237866430196,0.1054110182994763,93.92639734843482,97.10124352905629,0,0
20.241666666667147,8.621435996548488,93.53857266828737,8.866635909254857,190.62174144174895,4.161788566337395,-0.8811586234116888,-107.60393986462418,0.9147540388087169,0.11232383109666078,93.9350506225608,97.0834784198301,0,0
20.25000000000048,7.118346454546104,93.55571928166438,7.295860876081069,190.93374329491598,3.276739921566488,-0.9348913885153335,-108.34602647923691,2.180869952987624,0.1101515350135549,93.82613424071428,97.37818581230222,0,0
20.258333333333812,5.592030959642618,93.93714924164573,5.8300939867238,190.62926405189876,2.3497576628429004,-0.8506109125781003,-110.15634095031112,4.373134459666105,0.10958235517747106,94.10344742835315,96.69240787406225,0,0
20.266666666667145,3.985745132392485,93.90889068160953,4.845153738451477,190.74391557233741,1.441017478201244,-0.7818898343358934,-110.0032522486169,7.703597522797236,0.10462343290873521,93.99343547988273,96.83883843138587,0,0
20.275000000000478,2.482143276396248,93.84045526404418,3.0902108622280524,190.98071564909355,0.556623334075384,-0.7162005192517017,-107.26480340713238,10.03097208371613,0.09642924613421222,93.8732767053949,97.14216352266472,0,0
20.28333333333381,1.3137927617151535,93.88545893658721,1.2100263248577834,190.7931448703451,-0.3480737205676065,-0.590075857573982,-105.69124830044896,14.956902558925961,0.08886815651605495,93.89465081224989,96.90774148905375,0,0
20.291666666667147,-0.27600580647929984,94.00170201012031,0.6718042584428234,190.99881278800922,-1.2274434875216973,-0.4850286309250588,-103.03880159176772,14.406500616633906,0.08509331344778914,94.00210721044857,97.00174144404428,0,0
20.30000000000048,-1.886538331254651,94.0160471724896,-0.24900208925725575,190.61727206706485,-2.089472506644749,-0.38479641550232935,-101.47606133071147,12.051394292282923,0.08541053366771623,94.03497303033103,96.6151032503519,0,0
20.308333333333813,-2.8624418583794933,93.84438272057457,-1.7242301092066397,190.6660270815981,-2.9102766961707442,-0.3540796859842731,-98.45341671853133,5.742331202506463,0.08720014230123718,93.88802767977545,96.82833440041439,0,0
20.31666666666715,-4.253276309759026,93.80090528841043,-2.9898078959757823,190.62836448447223,-3.723655303009635,-0.3452245728222483,-96.82485109322768,1.1874353520566003,0.09045022298547556,93.89728532972879,96.83570212890305,0,0
20.325000000000486,-5.882333047113259,93.83535333025975,-4.31765085256762,190.65688593260268,-4.497508032364682,-0.34617829639057834,-91.9441248180985,-9.734488291840545,0.09457159062672904,94.01954784347696,96.83417478264832,0,0
20.333333333333815,-6.8470394617349895,93.74356056158149,-6.078565803884142,190.652190490108,-5.258823191229686,-0.4269519619561208,-86.86475726453848,-21.616606962909582,0.10029060661072142,93.99328218630016,96.91167683198407,0,0
20.341666666667148,-8.10409518098913,93.65020216286109,-7.342097739056892,190.88289389641346,-5.978663761647241,-0.5974846769018186,-84.51138679560783,-20.202146518397836,0.09748780038637195,94.00019533941024,97.23567751526974,0,0
20.35000000000048,-9.03419361714543,93.52320413119361,-8.840235449188977,190.60434193787637,-6.652418585705314,-0.7893622978282325,-79.68271691814496,-21.374598130215034,0.09341375953681164,93.95853535085027,97.08133156076428,0,0
20.358333333333817,-10.216976099732388,92.8221961386513,-10.025128249922485,190.5970386605572,-7.2834097102215996,-0.9772475319751943,-70.52342213732928,-27.27535828441845,0.08743440430681915,93.3827965774465,97.77503073781656,0,0
20.36666666666715,-10.911498314447837,92.80556360644846,-11.424641008914815,190.32884665806506,-7.849948601353853,-1.285819063329478,-64.75900363107775,-34.35937674505757,0.08848497530229249,93.44481490043601,97.52463305540101,0,0
20.375000000000483,-12.081350161014708,92.80127615397811,-12.974280023173886,190.8598928139965,-8.334010924736294,-1.6082942427482525,-57.56756006935902,-38.66966704364384,0.08485793205248937,93.58437838400144,98.06268212227918,0,0
20.383333333333816,-12.73183428619802,92.70243324768006,-13.835975034227143,190.2021967593089,-8.776873764261174,-1.8659258919128525,-47.56880874257286,-41.7183804067051,0.07683106296475106,93.57264949936912,97.50601525862395,0,0
20.39166666666715,-13.084265800225293,92.5533679454764,-15.41134931803435,190.81510523822044,-9.143971584165678,-2.302996295815171,-39.45271559397768,-51.43060260041451,0.07786785665448548,93.47365366552054,98.28928900692641,0,0
20.40000000000048,-13.642709668350104,92.55480099958135,-16.711234459743135,191.34151885711964,-9.455177534638224,-2.741630180466291,-31.46276835883589,-57.94470382578841,0.07659552388619284,93.55487542168498,98.8343638086484,0,0
20.408333333333815,-14.235833555858104,92.48263135833093,-18.314596563388644,191.66863729892356,-9.700831382441178,-3.241829075396634,-26.383808264904204,-60.76201823054103,0.07561353537514215,93.5718764372663,99.26983470379545,0,0
20.41666666666715,-14.269075117956614,92.53223171754371,-18.519807635535752,192.0582974226378,-9.901335284377396,-3.741171901381202,-20.077988737263098,-64.37538081079931,0.07414906944161803,93.62596013580364,99.61679819021845,0,0
20.425000000000484,-14.680863325377455,92.61317277221258,-19.914395847231784,191.92900936668497,-10.049833298985815,-4.2843927969247435,-17.60967241015545,-65.55002968181714,0.07456688737485528,93.76954473022735,99.45363372505425,0,0
20.433333333333817,-14.881662444024752,92.4578614828282,-22.36661158960879,191.4081032541285,-10.148669330477324,-4.878053767563859,-10.673377414471794,-68.8145248700673,0.07254020598614508,93.64785116101568,99.2329320856275,0,0
20.44166666666715,-14.983414015814159,92.54939219805675,-22.25318499890852,191.04186768958925,-10.203380464849015,-5.484994755458138,-2.8346596131046375,-77.38908827187066,0.07426624611830501,93.75442758504273,98.7604034955142,0,0
20.450000000000482,-15.033215314592493,92.44482452506395,-23.747021717606284,191.9238673942013,-10.218513773075085,-6.132599585941271,1.5584151163171167,-81.35337415926318,0.07544474289121794,93.65918611735191,99.85995389638866,0,0
20.45833333333381,-14.883332149752103,92.52467294020721,-24.689041493771978,191.3388236553697,-10.189676432536524,-6.822920567085218,5.949672552059651,-85.0150764108738,0.07650237322125442,93.71407940417575,99.29948800118885,0,0
20.46666666666715,-14.819978574252271,92.4373290037924,-26.054976685450864,191.67446274870963,-10.128943046796264,-7.528630245199258,12.586424676300016,-82.22719986285347,0.07161192907870095,93.61779509418419,99.87108638873028,0,0
20.475000000000485,-14.296876234341763,92.51133784883683,-27.037617851251806,191.37879199553998,-9.978915444540734,-8.227012144925856,18.816735584250733,-86.239972615039,0.07196679014810803,93.60955240060554,99.68500381902642,0,0
20.48333333333382,-14.301199156282333,92.50686498560532,-28.17604748044101,191.2662843806571,-9.801922851209094,-8.941091907171996,23.564927693859385,-93.88620388578825,0.07586891427856246,93.60579237831739,99.72930529822285,0,0
20.491666666667154,-14.104020296228324,92.46491603902314,-29.021447860497798,191.54933460580708,-9.583267900617804,-9.731684569020747,28.649495434616927,-88.14806894583477,0.07137938544468092,93.53440055198953,100.20105612144447,0,0
20.500000000000487,-13.455281944712734,92.60520690468275,-29.851965704002335,191.30648046904525,-9.297093812202181,-10.51299211450776,35.548981435405885,-92.3367527679997,0.0728140967086297,93.57760927738437,100.0539486553593,0,0
20.50833333333382,-12.874530010958548,92.67635096843651,-30.371475397561763,191.20369512472797,-9.002521065234545,-11.276978283098266,39.75320885829188,-92.52630083284532,0.07326134742642854,93.5663377066127,100.0688794998429,0,0
20.516666666667152,-12.257494203846019,92.9716889076663,-31.58661501855607,191.02965723254914,-8.652684867340238,-12.050404893309043,44.31934452259509,-94.90522569427878,0.07505523677403136,93.77622887758497,99.94488512912196,0,0
20.525000000000485,-11.862278791964908,92.77547153335962,-32.26622357508358,190.3801667251641,-8.283626436996617,-12.810119104417792,48.504430009545295,-94.90724958376936,0.07613749938744707,93.5307531049308,99.7145801084155,0,0
20.533333333333818,-10.996278020897929,92.74924665297738,-32.487542828067426,190.30818714664167,-7.8666494290507964,-13.59699849297008,48.61510834956017,-92.61510750309868,0.07670732560429272,93.39882700017017,99.89805470207222,0,0
20.541666666667155,-10.291929172338708,93.44419816071826,-33.59515518202277,189.95002844223438,-7.454126186815451,-14.357294448206625,48.381804505776536,-87.57682063316433,0.07646580816429438,94.00926537308979,99.27948237568128,0,0
20.550000000000487,-9.927471528790814,93.21077675628902,-33.88483627819135,190.01350904653793,-7.033484768591146,-15.096908333903908,51.14391161124113,-85.84808690320513,0.07806162423419893,93.73795172962605,99.72323853843406,0,0
20.55833333333382,-8.891729524302317,93.53044075383445,-34.507464772543976,190.14049764679345,-6.626333745894039,-15.772036656257788,50.53602788953544,-78.95071403964917,0.07783714454475499,93.95214846686524,99.94833157771461,0,0
20.566666666667153,-8.374520566523014,93.53738176449741,-34.70174750757905,189.38072858673655,-6.197300402453707,-16.41517229889427,50.99486254470861,-77.35254818042363,0.0795151839441588,93.91152422400803,99.39351089731102,0,0
20.575000000000486,-7.651314238638913,93.57468192164458,-35.37265772408744,189.47279051844242,-5.772281889116258,-17.078103741473996,49.178073694049054,-74.27312661275235,0.08082881177230616,93.88697303841123,99.8244464902333,0,0
20.58333333333382,-6.985613333830368,93.70805208719707,-35.297252540541926,188.5906780903199,-5.37012332934089,-17.7080414799739,49.30493262843617,-71.0728721718296,0.08270734149994441,93.96806808499699,99.01647151772016,0,0
20.59166666666715,-6.202795434681486,93.69680645416366,-35.636382917947564,188.4288936039478,-4.9509127424239185,-18.20857493941402,49.3502598397236,-63.62393480099132,0.08323512885790407,93.90189673757133,99.19931656966885,0,0
20.600000000000485,-5.858159956481411,93.46424804443126,-35.569656371212425,187.967235588018,-4.536939026225766,-18.677264776334038,46.56245669971585,-49.670495302086685,0.08281224093437523,93.64765720821153,99.06355371106918,0,0
20.60833333333382,-4.91365043720486,93.84835195192653,-35.96487727900642,187.6939692246666,-4.19957137006792,-19.028987035610204,43.22453979943155,-39.183418138750035,0.0828345008172433,93.97689676038316,98.84927197345779,0,0
20.616666666667157,-4.503246652120249,93.8411051709345,-36.144522606180196,188.05685520067618,-3.846761579881993,-19.368103458026077,39.38907331693106,-30.23416122738294,0.0830806666000341,93.94909392917114,99.3870107089842,0,0
20.62500000000049,-3.867095257032413,94.07605077067467,-35.34754163748146,187.57630526377562,-3.5337193762198567,-19.543560360538148,35.712908370716875,-17.123881037199556,0.08342972067380261,94.15549773822833,98.65756987979672,0,0
20.633333333333823,-3.359898154839068,93.861037033831,-34.452380802283635,187.58573998680134,-3.2496300324144465,-19.662580914541955,32.307294521936356,-5.783789501378164,0.0842144346001894,93.92115410639438,98.74746792097592,0,0
20.641666666667156,-3.155605444096518,93.88407745153819,-34.82185702438749,187.65102245920014,-2.966241773676684,-19.67668829363337,31.30114245357886,3.9884428080530188,0.08595606495402563,93.93709514693985,98.96964921235286,0,0
20.65000000000049,-2.863290097757324,93.9606058592658,-34.67662304105243,187.78057247814604,-2.6977704735542334,-19.59505442095365,28.751414053330784,15.810722896222268,0.08766371472152779,94.0042226903888,99.06701918059687,0,0
20.65833333333382,-2.1254683984924965,94.02574231959056,-33.77371419934507,187.71652470410783,-2.4872528192403256,-19.364507421258057,27.57842498708378,24.701689982465936,0.08890769768129791,94.04976254442663,98.8917295131102,0,0
20.666666666667158,-1.9747189248984638,93.99044733786502,-32.31411400849213,187.73431219030465,-2.2695556705561986,-19.131636052930293,24.951219808517926,33.739351200165125,0.08971411172262567,94.0111892574726,98.53116812212699,0,0
20.67500000000049,-1.5334862206354343,94.07817687184365,-32.13718543398567,188.0557481115453,-2.083310448997792,-18.84033897757428,23.25852599686893,43.86101808279367,0.09216921859254956,94.0906740517825,98.83506615394363,0,0
20.683333333333824,-1.106767472581164,94.0760029661717,-30.704498600982955,188.25634329290784,-1.9085159204172224,-18.4818631217321,19.91298849815509,52.60233229728349,0.09251808219441404,94.0825130846828,98.72163993780192,0,0
20.691666666667157,-1.0942622222021852,94.09652863044397,-30.007287166505133,189.1800620481094,-1.740464192603014,-17.993361513461707,15.585359898465514,57.548597996130844,0.08884204270840046,94.10289108263837,99.38229891996956,0,0
20.70000000000049,-0.9140089284212491,94.21146255155844,-29.167763972734118,189.7040436143098,-1.613258815580893,-17.483874714756798,12.164992040640916,61.15244064581504,0.08512181077069059,94.21589615571745,99.58467609090354,0,0
20.708333333333822,-0.6003305584814553,94.07717146105438,-28.38598155703931,189.83408488789735,-1.5324856391739485,-16.911778535642938,10.550743955061538,68.52352794725604,0.08554907435898418,94.07908687318383,99.70671426964965,0,0
20.716666666667155,-0.5248315899586897,94.02310820482421,-27.03610819267885,190.17393592258549,-1.4423320118266474,-16.378213218110055,8.090808596609815,73.58930352476818,0.08406158942219344,94.02457298331059,99.73880617852083,0,0
20.725000000000488,-0.4530856800912444,94.05442058669092,-25.812956280481156,190.31715337508894,-1.3982050273554072,-15.744971243824807,5.746829188685783,74.99176827927265,0.07939224986696258,94.0555118987274,99.54715847656847,0,0
20.733333333333825,-0.3482565549322727,94.02400526631942,-24.33546485894129,190.62240194777513,-1.3830901659211616,-15.053036750571465,2.3160007610414395,86.37797982795315,0.08198624654641984,94.02465021976373,99.53208730679665,0,0
20.741666666667157,-0.4533379608360475,94.05673698730777,-23.214855499643928,190.01860788726793,-1.3725879577206022,-14.319602958421354,-2.390913314474373,94.31571721459777,0.0809313512656411,94.05782948806721,98.62437501596692,0,0
20.75000000000049,-0.4605658580840055,94.06534715145881,-21.82784734156348,190.91755389395894,-1.3882920159528782,-13.488519886134947,-4.593702056518011,102.61255778145123,0.08242844069703459,94.06647466358082,99.1812011869499,0,0
20.758333333333823,-0.4611817101739417,94.05466294966556,-21.009704405933004,191.2103502380794,-1.4349731957868879,-12.53412887324627,-6.053903204479972,113.68946939541122,0.08764298682239424,94.0557936075444,99.30493118401616,0,0
20.766666666667156,-0.7823756950501162,94.0264975212778,-18.88126989147889,191.26445095225597,-1.492017696251098,-11.550121747460084,-7.932851638049902,125.5133674602565,0.0944141652735313,94.02975246084118,98.90798531250448,0,0
20.775000000000492,-0.9030686964752546,93.96242300822087,-16.668246222190643,190.31452430863442,-1.5690165305928097,-10.521971457488965,-9.31539353836725,132.12342940974636,0.0965169328229809,93.9667625846841,97.63333573847856,0,0
20.783333333333825,-0.8807800932598822,93.98922674726873,-15.465952685909652,190.94901014699218,-1.6314029392409488,-9.408419952974036,-8.012229114873287,139.64239263922477,0.10331576127392861,93.9933535848263,98.0506341462342,0,0
20.79166666666716,-0.9969708264855468,94.05078767875534,-12.966347185899505,190.77531699296003,-1.6949644362317828,-8.226032844920388,-7.835602170313314,142.84134444855027,0.1038505218581931,94.05607164783771,97.46230318173144,0,0
20.800000000000495,-1.2747815149663735,94.00620550058261,-11.07449196724087,190.9355914332197,-1.7840616421108546,-6.986008974210885,-9.285846920883117,147.7704595904815,0.10517733253186634,94.01484851090633,97.42350939186355,0,0
20.808333333333827,-1.3785920518222907,93.96086134414577,-9.670202808405005,190.9340882687938,-1.886165357162918,-5.7432737834217,-11.394760698694727,145.375884807406,0.09645395695847192,93.97097413871548,97.3270648335701,0,0
20.81666666666716,-1.4562942130770535,93.76826687102266,-7.743677671014377,191.63308414940747,-1.9812588516134046,-4.554035820537509,-13.602463820053199,147.81540189781617,0.09479848433604321,93.77957488083622,98.06657764844651,0,0
20.825000000000493,-1.449586189111126,93.96482115520928,-5.0575776295098605,191.39237040432,-2.077353306171277,-3.3369452812354865,-12.57196802449126,147.3847354181166,0.09378393164726173,93.97600180285458,97.49433293746814,0,0
20.833333333333826,-1.9068438787962192,93.94692078182163,-3.5851085273980017,191.12478545832488,-2.1718404229240207,-2.078875855882331,-10.489832174482656,145.39440135912253,0.09254823486650476,93.96627042702063,97.19235543660584,0,0
20.84166666666716,-2.165627278398854,94.03518354191408,-1.6437949128858191,191.2732980483243,-2.2423075926851954,-0.8966155833855272,-7.8732317585430724,145.67941102288083,0.09568387223795494,94.06011739983325,97.23951471382117,0,0
20.85000000000049,-2.137027837308888,94.030766442929,-0.16359155463225772,191.15142666324,-2.312396615552459,0.31868294633530386,-6.928479760989144,144.19136581449337,0.09487562416860884,94.05504731710094,97.14070769966051,0,0
20.858333333333828,-2.0418531718719874,94.01091304512755,2.22053368423406,190.5766158566849,-2.345581791041265,1.5211085046355959,-1.9080844618349309,137.79589909151306,0.0933041199100586,94.03308426268926,96.65972740082148,0,0
20.86666666666716,-1.980260457108666,93.98619842855373,4.267362457704114,190.52449555551584,-2.351037683829419,2.6665934718021846,3.4176982834165544,134.60548718778116,0.09711091552736972,94.00705785487312,96.74024810935371,0,0
20.875000000000494,-2.060155681101146,94.03428826681,6.202932483600539,190.53853719836314,-2.298100441340666,3.7384994328859245,10.05305204547226,131.16856755437203,0.10304921102416875,94.05685307980431,96.85736258984554,0,0
20.883333333333827,-1.9364757410148128,93.99498086881749,7.90448931146489,190.97579911822288,-2.1892395298573164,4.783755758203139,13.62989974074458,122.72236081767383,0.09822236064850642,94.01492629803475,97.47883719807253,0,0
20.89166666666716,-1.8305912876783124,94.04814126451305,9.89991261616905,190.44939795701777,-2.035813561566759,5.742194525544803,19.53368307348231,111.8935493860469,0.09417566725116,94.06595526423109,97.11234223172853,0,0
20.90000000000049,-1.1649821832706335,94.06133464575055,11.861034703851775,190.19734304400532,-1.8335853601327976,6.638390610298002,27.78674845174287,98.18968981128904,0.09067773830085946,94.06854872287128,97.01447946926743,0,0
20.908333333333825,-0.9696445254741048,93.91891484235799,13.57803125321374,190.00066042886982,-1.6062146891890692,7.425322199633084,33.3454248340513,90.22048886648867,0.09092072229077175,93.92392014642422,97.17683214384489,0,0
20.916666666667165,-0.3595957390885429,94.08502040365971,15.19891527603352,190.02112950853086,-1.320925504049739,8.229489046991512,38.22184016679626,88.71580491099287,0.09856718789956354,94.08570759394136,97.18952770329433,0,0
20.925000000000498,0.07210415794037761,93.84044502208582,16.70888023395293,189.51417562790198,-0.9824068447620024,8.931389346999584,41.82089567947329,82.95767572750447,0.09908188403272211,93.84047272340813,97.10944879998893,0,0
20.93333333333383,0.8821067938989744,94.0772175783863,18.531769779377672,189.36001383273424,-0.5985189482430472,9.606875046708504,46.65535845613978,77.57428969322386,0.10234535077756846,94.08135298605606,96.90367312722753,0,0
20.941666666667164,1.4739690316890846,94.06851415205409,20.225656565856642,188.73018169823285,-0.18332810710901395,10.152045859911226,50.80773774427906,68.76585418738166,0.10042334658818941,94.08006132800712,96.50107298886542,0,0
20.950000000000497,1.941701013195659,94.0067798124395,21.807178414350123,188.13332332491962,0.2552024245203573,10.706287174307013,56.91604400083567,62.12871031076652,0.10481013063038658,94.0268304981569,96.2000175986605,0,0
20.95833333333383,3.0225610248965653,93.93643925787137,23.899355918815505,187.6183038814708,0.7502377197356829,11.196625649178287,60.634274182066605,55.25254411369901,0.10527256678166097,93.9850546395382,95.97985374232017,0,0
20.966666666667162,3.911196328998078,94.0031838225758,24.42078617050635,187.2755428137492,1.2781496265427905,11.645899633147861,66.32439119096273,45.87610050256163,0.10661971986861207,94.08451533331585,95.50066087334278,0,0
20.975000000000495,4.877355864740257,93.80194036394676,26.39169482592661,187.11894874614165,1.8404930868427585,11.970743823824021,69.82645968175882,33.84727460633447,0.10180828963103261,93.92865705562248,95.7649770758572,0,0
20.98333333333383,5.706167199852364,93.79543913442637,27.29976692608756,187.17070378779187,2.422946706513198,12.2072488269067,73.7927839005793,22.926381705306063,0.09948400735838803,93.96884987341579,95.83957219344686,0,0
20.991666666667165,6.783338905311216,93.76456695504112,29.624378237999398,187.22466934740714,3.0615116314890645,12.38830307681892,76.6457845104902,18.02312248796936,0.10154749633552962,94.00961494959277,96.21072610155767,0,0
21.000000000000497,7.803226855640166,93.55418118913559,30.559626629583764,187.63396993649053,3.7258516865482267,12.502075340012768,78.68732328461483,13.58244052992941,0.10289766619126839,93.87904541126414,96.79287360864163,0,0
21.00833333333383,8.982358138223791,93.55889631229371,31.762744602879426,187.64502805329806,4.383371264339719,12.592189655431772,82.45669338256394,8.628448522941648,0.10681906331233915,93.98909424448051,96.80468063820412,0,0
21.016666666667163,9.941163571847145,93.14138743964008,32.413664080431666,187.3983464946969,5.114882159817864,12.608628276519255,88.1323400839238,-5.976888855304611,0.10604357512274465,93.67040507728876,96.89885246696676,0,0
21.025000000000496,11.179027192863831,92.67131428420555,34.04642033202436,187.2906966168306,5.842033095538383,12.539421902861472,90.14625821960952,-10.793280617789636,0.10788551743805996,93.34314725860055,97.3434393371654,0,0
21.03333333333383,12.475131422231758,92.56302845339297,35.49453531055253,187.31490524231634,6.59056421802177,12.446344889399025,90.66289664809881,-16.362211985801412,0.10734042345486516,93.39990974548954,97.50800536569781,0,0
21.041666666667165,13.635368373989824,92.46382965276524,36.05175144309022,187.265270854709,7.349172181644337,12.286613228311655,92.03128882612668,-16.062858239845863,0.11263576704345857,93.46380617517131,97.41564291152757,0,0
21.050000000000498,14.932502960940557,92.33887404553337,36.96821577053925,186.86561496166786,8.108478733469234,12.105202618547297,91.561686699178,-25.029939345814427,0.10896993298381519,93.53848034191797,97.06120433650679,0,0
21.05833333333383,16.425963018789847,92.32936364534783,37.651378057663585,186.7274371076652,8.88860846719618,11.891264813228963,92.42911930050397,-30.344725131520924,0.11055411572369334,93.77912162229677,96.75491985924806,0,0
21.066666666667167,17.094194371328857,91.93105949758359,38.72926498732506,186.57996594175376,9.660731796139654,11.628613325634069,90.7508213201678,-35.670230362659204,0.10907182096799373,93.50685098725668,97.09012190555957,0,0
21.075000000000504,18.605512851076984,91.86068990140922,39.39922825340228,186.24413741042832,10.416723656025821,11.296599655950114,90.31875686986962,-37.31347382345578,0.11154729162694377,93.72593801938957,96.64685077083818,0,0
21.083333333333833,19.851650717059332,91.598226354843,39.97870005963143,185.6198476865148,11.147806924527217,10.975659005343932,88.05845121023044,-37.805634626251404,0.11262545258379397,93.72471983177746,96.15177269855512,0,0
21.091666666667166,20.98175506428834,91.59188227241208,40.275621740784466,186.20555803724432,11.865048842560192,10.674219020816668,84.86046704909879,-39.964602307517964,0.11233069388818828,93.96439189278661,96.56086646806361,0,0
21.1000000000005,22.33768794258356,91.47900251029358,41.56025949020103,186.02157754956244,12.565872634699044,10.349980903309985,82.86844671464613,-40.293058163265194,0.11465816599089829,94.16676803893475,96.47697006000476,0,0
21.108333333333835,23.09363594464907,91.02022029001739,41.60098360981011,186.27549746609515,13.212151295608054,10.032328600847293,77.76553633605089,-39.67293848293042,0.1140089139044016,93.90418799386576,97.03653820850444,0,0
21.116666666667168,24.232355935474008,90.84777945209333,42.232590321942844,185.97660593297343,13.89186490968975,9.682506641826208,73.54626144122666,-34.156290212906846,0.11695013671760357,94.02407194734599,96.81684804618052,0,0
21.1250000000005,25.03911214560765,90.63518026132692,42.65028741628618,185.3621245918959,14.485368497837792,9.397781326764468,70.61677501302808,-33.20854173920236,0.1192986023605882,94.03027724112879,96.35012961393085,0,0
21.133333333333834,25.947924235569364,89.95866478402195,43.139681217571315,185.22153982280616,15.054132152954868,9.14206669065734,66.64229562217058,-30.452950362457322,0.1215242263621974,93.6261509507834,96.80171418308268,0,0
21.141666666667167,26.849677605104436,89.91501317064638,43.417539527726326,184.2417132699054,15.579287332942146,8.918292812150561,61.02946718190507,-28.015836251384933,0.12223920613307104,93.83823730748334,95.77066565657053,0,0
21.1500000000005,27.255805192395716,89.24318959272051,43.679364852872375,184.29202419503548,16.01367456461944,8.731537280527506,52.587172642720205,-19.20386076105224,0.12237564941851753,93.31251687404045,96.45731839098298,0,0
21.158333333333832,28.40445790331211,88.97340597973539,44.45037935986745,183.84526604831655,16.437945920369742,8.57390436163911,44.83927094892761,-17.572670400625388,0.12159305254086394,93.3974314444238,96.219236269378,0,0
21.16666666666717,28.65306785640769,89.41455911871395,44.35091508608861,183.78153225003848,16.80386591894875,8.368004731921568,39.19513262407532,-18.952984208789726,0.12151027273708914,93.89335269324393,95.66372366584173,0,0
21.1750000000005,29.176785423160826,89.03127036442095,45.02703257360327,184.28456860269785,17.12318067256878,8.211827595398839,32.82276398147857,-16.287068911900853,0.12214507449765799,93.69019111055218,96.56304241271727,0,0
21.183333333333835,29.416270243115893,88.89666715038777,45.099445822989146,184.32794099913963,17.367001851971633,8.150515017740627,27.12668377796053,-9.887626195876793,0.12351036356803213,93.63724892083735,96.71137484631579,0,0
21.191666666667167,29.704599243265594,89.08981532389845,45.219703565984226,183.91505683738865,17.566883329820637,8.100676036523309,21.601675804762323,-5.425139856277739,0.12444341334621489,93.91143918953296,96.08613266354614,0,0
21.2000000000005,30.437315066845205,88.83696776233927,45.184764551009614,183.88433310302923,17.745210811036056,8.05971164860241,17.64574455393174,-2.1431556861672822,0.12573367277405678,93.90653326412018,96.18466054675544,0,0
21.208333333333837,30.291303222460105,88.41601075579177,45.274889741127375,183.7823879494552,17.841138516639234,8.063280108546657,13.369957688461607,2.7979595657073775,0.1264578122487383,93.46097586096194,96.53628211199391,0,0
21.21666666666717,30.26085652723589,88.44158081945403,46.1155735397955,183.38017066054852,17.900840454121628,8.12072471547905,2.020310330299645,10.645749946467657,0.12612964604034582,93.47530505757108,96.25335263025343,0,0
21.225000000000502,30.364511575892667,88.84172600808989,46.346841785797785,183.87844209513838,17.877427972959577,8.222089310075953,-7.172460419059144,18.421398265602864,0.1262085005749709,93.8874637176819,96.37122124134729,0,0
21.23333333333384,30.373569580384075,88.83372430754525,45.91917108977004,183.7259989994747,17.795428339149492,8.370534112711162,-17.202761214509778,22.869081626051447,0.1262755061954084,93.88282219556136,96.15721253497951,0,0
21.24166666666717,30.184609111037336,88.8622679601985,46.126345107348364,183.56177819335454,17.598200086940086,8.644163268238588,-28.406179633939463,31.7564811921754,0.12687286132571796,93.84888541808175,96.03195397874451,0,0
21.250000000000504,29.277916271903965,88.59541283689401,46.07035241331824,183.46248699063466,17.345584764539403,8.897070004352804,-32.96723023615105,28.969081793857367,0.1258483936485426,93.3077893691856,96.34182720944628,0,0
21.258333333333837,28.906805130117792,89.09653779721481,46.118717481788686,183.62616566898862,17.025552051893655,9.187582212596208,-43.00838853707423,36.31238784268115,0.12646799885102267,93.6685455757755,96.0838200342682,0,0
21.26666666666717,28.433963249327977,88.88734085281425,46.1053266672534,183.67396337035245,16.63990249290972,9.479033112473944,-51.064770419522326,44.332766442568456,0.12625333838665131,93.32443211693557,96.41981587480176,0,0
21.275000000000503,27.66219056669627,89.14696677209895,45.94597864394087,183.7510651419065,16.197076160960343,9.84756452819877,-56.4695656956486,46.25368671348874,0.12528509882431038,93.34012251767155,96.35472139349383,0,0
21.283333333333836,26.75993649940006,89.44878104920775,46.0389804738552,183.61249758231855,15.705851799993058,10.220476085811645,-59.74396353362326,41.37928241464639,0.12394318266556503,93.3658322548513,96.11704868490823,0,0
21.291666666667172,26.405662161459478,89.8268563129813,45.24487691228513,184.12392954356204,15.183237212926327,10.577324415251471,-63.803101333435066,41.86024051076648,0.12252479699256424,93.62757664950067,96.16056381012557,0,0
21.300000000000505,25.021995506047578,90.30509378184121,45.454084848922555,183.7012727633525,14.640466699744106,10.954346823915454,-69.47577773906062,45.38440189225181,0.12209849849753063,93.70757825305166,95.605002605835,0,0
21.308333333333838,24.51034283285492,90.67538160600992,44.96194168710276,184.47294667459198,14.045263461946956,11.362746946006906,-72.66739571426383,47.79148123554184,0.11993299379999023,93.92966376592437,96.00130784780984,0,0
21.31666666666717,23.550952903537397,90.90032573642446,44.595504368152326,184.3710847004649,13.429485243204068,11.769422200557392,-73.65878894995377,47.49624274662219,0.11667653318676363,93.90163258246743,95.81052096539592,0,0
21.325000000000504,22.467691152205536,91.04140277326832,43.97216587783982,184.2456185422758,12.808926774538289,12.092066383202758,-76.2004548111169,42.31356875868872,0.11630650504953799,93.77277944390559,95.6528529127132,0,0
21.333333333333837,21.428313862284657,91.55011140094769,43.93910078390116,184.24384261612607,12.16644798271242,12.362417435456798,-78.54756121076929,35.448783599066765,0.11695124907113064,94.02444114434562,95.38796220919156,0,0
21.34166666666717,20.376633490904855,91.65566043907103,43.63754273993647,185.2610548809232,11.488694206246986,12.680268906477032,-79.45122175501348,27.674005383574556,0.11746592696916158,93.89338253010675,96.45226678366049,0,0
21.350000000000502,19.303341452898625,91.63805839759556,42.71479172309251,184.99134543115218,10.835172301629996,12.907038408762144,-82.97207794241771,29.473079912787863,0.11677898616549376,93.6490936321774,96.24412815192089,0,0
21.35833333333384,18.251562486901495,91.75345135066237,41.715999392427086,185.257397490674,10.140446500609015,13.18266663852391,-81.62400016019606,24.340766524612164,0.11409879319354888,93.5511377160729,96.40315214269494,0,0
21.366666666667175,17.043664856521904,91.99510913089381,40.50416729189465,185.72515149449862,9.462337276442797,13.390799379572291,-81.40606388129765,22.412033970413606,0.11127856372720712,93.56060397275394,96.62150907537763,0,0
21.375000000000508,15.970344906340646,92.34999988303292,40.11316899628918,185.57582073917706,8.784416392739567,13.57411607394203,-81.78127260338621,22.181154689735003,0.10846920008248695,93.72072553508995,96.30124417337545,0,0
21.38333333333384,14.80552597666281,92.21633061209332,39.86974949520454,185.80299101380382,8.082713792127826,13.75771708915595,-83.73237386064042,27.348254800666677,0.1048281803085267,93.39729777142664,96.88487139761558,0,0
21.391666666667174,13.793892972053985,92.3592390559732,38.99156293222496,186.17680648126702,7.388997746963625,13.971691361079891,-83.11579575785787,27.895208715297382,0.10109636620214069,93.3836202035608,97.14246511707047,0,0
21.400000000000507,12.713929312596523,92.45474782910384,37.95789340096315,186.18713250129684,6.706815785584606,14.14002184869068,-81.36891662188334,20.005528396090536,0.10084493118314608,93.32483267977973,97.07222908345469,0,0
21.40833333333384,11.591116272961816,92.9663557865714,37.00152032386229,186.25566609234335,6.041361011481948,14.293018300957087,-79.16330721205817,10.796852628455499,0.10154846894759739,93.68616378467365,96.68807605571965,0,0
21.416666666667176,10.386914714829746,92.5369320025427,36.09098060701229,186.180075964212,5.388266154740585,14.391146866410827,-78.04995793093877,2.0209333615271423,0.10405132601067013,93.11805293140722,97.1068350550855,0,0
21.42500000000051,9.26071013658606,92.69115828233589,35.332880201820224,186.8329951738517,4.745426600467595,14.329798862577741,-75.83195206803039,-7.6397537058267355,0.1056818518106315,93.15262516942244,97.68543138676955,0,0
21.43333333333384,8.6420079795048,93.1659604884191,33.84906219967491,186.00318023157195,4.130212627226829,14.183522376412657,-72.14303180931505,-18.379251257936087,0.1065242989123516,93.56591524506932,96.1984664747679,0,0
21.441666666667174,7.586688289209694,93.36951926797741,32.4707016794958,186.9726020257653,3.543750779442101,13.993133392661857,-67.35426664158965,-31.28579774240544,0.10845297394369169,93.67723825738479,96.85427829563972,0,0
21.450000000000507,6.61765185764239,93.3317911170671,31.614344174354645,187.15504787387118,2.993784886102298,13.733103006746456,-63.211911734020276,-40.9912400901006,0.10894253322421132,93.56610790894747,97.09602533177949,0,0
21.45833333333384,5.706627951035334,93.64342104380296,29.884127075111625,187.50229297591125,2.4763015876951364,13.393416640087471,-60.157107225323365,-47.430236671763836,0.10804987249462039,93.8171407971832,96.92285233247428,0,0
21.466666666667173,5.015407117772274,93.68373422540924,28.0110477915801,188.02696429140087,2.0232891250330027,12.921942437637586,-54.22905323512393,-56.842094888082734,0.10578231121598014,93.81788937603592,97.10532709014224,0,0
21.475000000000506,4.376592968338518,93.40049048677747,26.72848645420351,187.55030967382254,1.5979030951922515,12.388738124794854,-48.65299118584467,-65.32616338871867,0.1034413463446957,93.50297422639088,96.7667070606246,0,0
21.483333333333842,3.7183251668744832,93.76088597450513,25.267525513545085,187.50180079587346,1.2152127684948832,11.80216919267722,-40.85212196752194,-76.35914051922713,0.10108836137811572,93.83458680449743,96.18589889962033,0,0
21.491666666667175,3.1235330442201574,93.8086517173017,23.648909044675523,187.53571000228288,0.8777413190869043,11.158462447246285,-37.02863075384627,-83.46084317288147,0.10064439574088535,93.86063922484412,95.94817619275695,0,0
21.500000000000508,2.684516230105264,93.87413842435166,21.82603887223627,188.0986817333996,0.5745437536461611,10.422571188893398,-33.9093458759996,-88.59083373248787,0.09900364637197523,93.91251509944792,96.14916770756709,0,0
21.50833333333384,2.5086381790519043,93.70290861612887,19.892210730819333,188.47812503626034,0.31217701819362625,9.659802706485687,-30.317551777985393,-97.98655945660894,0.10225447591819758,93.73648355168864,96.35626726967644,0,0
21.516666666667174,1.8486067455916144,93.99137083766408,18.31693812695426,188.7399266789754,0.0878720115302001,8.813009974617144,-25.147286155460836,-108.98626128670081,0.10564450145750293,94.00954812593844,96.16909468483345,0,0
21.52500000000051,1.610136540035687,94.01592910134923,16.661718689306955,189.5538205684316,-0.09735877178200486,7.862384475798977,-20.466667419759794,-114.53416476779778,0.10297394771324075,94.02971585869801,96.71628007306873,0,0
21.533333333333843,1.1345282124594336,93.96509286884162,14.711004905436713,189.32588935517225,-0.24837426953358016,6.868469377131556,-16.759949138249283,-119.38856505482678,0.10123697960373557,93.9719417279163,96.3223869404321,0,0
21.54166666666718,1.0891170305718605,93.90220759077727,12.723058455281095,190.1745361324563,-0.3608703098665911,5.836102302119413,-12.06090487115567,-125.37560019331737,0.09999979410970194,93.90852339552417,96.9727272789136,0,0
21.550000000000512,1.0580177428815363,93.69716796833694,10.841140401601027,190.25410450632535,-0.438816278107318,4.768468533615176,-6.323922791837838,-133.3914326363491,0.10058938026048336,93.70314128582349,97.0512827455499,0,0
21.558333333333845,0.9946768648675333,93.76925807480819,8.780438850504655,189.83849288018848,-0.4972597592804311,3.6891418033956573,-2.1129031449492155,-137.14219318055265,0.09812482003761103,93.77453354704295,96.38421014766,0,0
21.566666666667178,0.8577599483759899,93.86219999836851,6.911418317863142,189.98773807507519,-0.5194840058842944,2.56036042262505,-2.1149243191729266,-134.25492985716275,0.09288831333606051,93.86611923725603,96.3159688223653,0,0
21.57500000000051,0.8519808828173199,93.84377903587841,4.969611474980586,190.42636870247537,-0.5293300717454408,1.4462232874012952,-0.5896222790669438,-132.49915796304273,0.08768170259233488,93.84764640181159,96.67032382484172,0,0
21.583333333333844,0.9783147332400448,93.93469852121171,3.12368651623638,190.55497296650327,-0.5070308337788023,0.3188865300942985,0.3224888386640677,-131.60382228499574,0.08494453408272085,93.93979287814194,96.64408959667807,0,0
21.591666666667177,0.9365803328502738,93.81598299544282,1.266484056338986,190.7089510960559,-0.5042803615637229,-0.7888326700988668,1.893924945258948,-134.03715081525988,0.08617460632904361,93.82065789644145,96.89352973141806,0,0
21.60000000000051,0.8009446717455875,93.7364323316528,-0.42599494495606915,190.68886735975047,-0.48724398894636456,-1.9328656971707543,3.4314277009386682,-137.76054403158514,0.08966145738665698,93.73985416371055,96.96019821916894,0,0
21.608333333333846,0.9085283872576655,93.85874264950053,-2.4521317845200725,190.5662168658098,-0.44378219604156993,-3.1394711558492943,5.386274277011902,-145.49347791586746,0.09869119883025634,93.8631397065729,96.7658493792531,0,0
21.61666666666718,1.1707392883077476,93.75320761043645,-4.364241177923016,190.6727012287676,-0.3832338127991066,-4.423061466627672,7.009774493244152,-154.48616048810476,0.11104464270361714,93.76051710462559,97.07741370676956,0,0
21.62500000000051,1.2203883191426188,93.98575320050332,-6.540030957130621,191.0451612060396,-0.3211557160331281,-5.679444944879966,8.593700982884556,-157.45108767759004,0.11557979067045787,93.9936761293834,97.36915728159875,0,0
21.633333333333844,1.1750120483063187,93.94043487305476,-8.723774429886358,190.79192426527914,-0.2606235218325933,-6.949400007102656,9.168423842605772,-156.86382184750892,0.116981058589964,93.9477831428305,97.35603202284386,0,0
21.641666666667177,1.429423189316826,93.97918901079538,-10.915865910065346,190.8839839009973,-0.19756359004090215,-8.217711312124171,7.237629532434463,-151.01189014817484,0.11484557246309368,93.99005914340601,97.68800046914373,0,0
21.650000000000514,1.6305612510654486,93.92252954844514,-13.168582777924026,191.17577209743945,-0.1342262022865446,-9.429958673707622,4.942008628245849,-139.04860067084232,0.10550849367893544,93.93668232789588,98.3728003580476,0,0
21.658333333333843,1.6349282466720796,93.98504418511033,-14.90574825135263,190.92803370073938,-0.10295581519659561,-10.526074876699115,2.8423606318268444,-125.85544085504462,0.0954815337176882,93.99926340588476,98.34397386337238,0,0
21.666666666667183,1.617259221190129,94.04239716247537,-16.070691453358844,190.91124766565525,-0.0921125017605657,-11.574633883089039,0.8537014334813016,-115.59173456626608,0.09008295044412362,94.05630224207881,98.47049201092017,0,0
21.675000000000516,1.5619073103962977,93.91855669759644,-18.09817383995249,190.50519693477787,-0.11065421367079224,-12.460466200276931,-4.1295825802028565,-99.8107162738484,0.08241701094360776,93.9315434058544,98.56722509609882,0,0
21.68333333333385,1.5467640462419512,94.00097445208661,-19.567955637296674,190.69826283601765,-0.15925255550189923,-13.244737600560955,-8.925028017088739,-87.29983094107827,0.07876668005677168,94.01369941107832,98.97573929059351,0,0
21.69166666666718,1.542130427694592,93.96502024537301,-20.665877701393864,190.53504101880833,-0.22884485121482126,-13.96358549087368,-10.164964789121502,-81.9246451070605,0.07867533991220155,93.97767392295567,99.09068844873057,0,0
21.700000000000514,1.2862235444197312,93.87895471728893,-22.1947319394697,190.6042138403181,-0.32984130004985157,-14.60662311660523,-12.683284092949199,-76.35669351805441,0.07960430604180813,93.88776549592075,99.53457199814311,0,0
21.708333333333847,1.070287948867251,94.05285346585401,-23.566868065275738,190.0577654938566,-0.4399289566480446,-15.23013023772183,-15.243390869932977,-69.92045240444556,0.08004577740494412,94.05894301640274,99.1157534904,0,0
21.71666666666718,0.7357152697474634,93.85355756886906,-24.16859239366249,190.55119514107616,-0.5867967491975595,-15.785329422740666,-18.9254749997289,-60.88943483218723,0.07946756999749427,93.85644114972163,99.85318048134319,0,0
21.725000000000513,0.6901708055144171,94.09082201033073,-25.877780606101904,190.45379500255518,-0.757458012312541,-16.25394038544818,-22.052356644793154,-57.25126441808642,0.08245012631698101,94.09335323135488,99.95838437124814,0,0
21.73333333333385,0.4811138518620668,94.03758406800972,-26.991713139941904,190.10252323980006,-0.9484856924467083,-16.753153834724696,-24.271144651355357,-55.534975348199055,0.08642750397563415,94.0388147941394,99.91610861618547,0,0
21.741666666667182,-0.15835321011240477,94.02500693352425,-27.791435530801945,189.70113396252367,-1.1773612776484297,-17.181502210345943,-27.851549334292187,-49.06652926553041,0.08786810331521178,94.0251402795467,99.58668847698088,0,0
21.750000000000515,-0.4355147914832811,94.0790201449247,-28.881323396855915,189.60523193709736,-1.4345127935986626,-17.55035199126273,-33.30830801907408,-42.24762604373346,0.09088887830435421,94.08002819176208,99.67156649003024,0,0
21.758333333333848,-1.0414325930485644,94.02533885392467,-29.74111230898654,189.32337512895674,-1.722170068592453,-17.832874851168874,-37.666122386617126,-31.190558881631006,0.08973612075633364,94.03110617471869,99.5258123989689,0,0
21.76666666666718,-1.4306771462272492,93.86180198121389,-30.79897737613072,188.9339328268764,-2.0595921654492884,-18.00643907787722,-43.06221179163636,-12.20232973269358,0.08517882291891876,93.872704809531,99.50480954169262,0,0
21.775000000000514,-2.0534857174033574,93.82646929951568,-31.679546580690722,188.4379925713289,-2.421578099626481,-18.050649686712816,-44.42541771888104,-3.002043070087826,0.0827554014665508,93.8489378991821,99.14153427342175,0,0
21.783333333333847,-2.8600350902875062,94.08733598770442,-31.904454814472384,188.82071914965354,-2.804746779513462,-18.05856631402637,-46.63219742888243,6.372652493314104,0.08144500827930434,94.13079514155214,99.08578203972195,0,0
21.791666666667183,-3.4789916995073282,94.05563896004412,-32.500836739210165,188.6336721050987,-3.194185018871517,-18.012480116537567,-49.49915018731772,16.079665298324826,0.08083192131114458,94.11995858173447,98.93064157830761,0,0
21.800000000000516,-4.078113176688471,93.93837983368445,-32.49616099763926,188.7820797179932,-3.6015262015274594,-17.891451260982112,-49.29858366981637,20.08492262976476,0.07966454861348282,94.0268589970943,99.00966038573547,0,0
21.80833333333385,-4.903256548164445,94.02103875558589,-32.99909079142889,189.08598838463217,-4.019975838121482,-17.653257504516148,-50.59148532233537,28.73580918038736,0.07802993144086079,94.14880590563271,99.12981665370968,0,0
21.816666666667185,-5.343051416831822,93.54699832304033,-33.6325369196034,188.66573966013465,-4.460906814027524,-17.384146486622495,-51.239716919571215,29.87809765081695,0.07775912681656161,93.699461544311,99.23643455689336,0,0
21.825000000000518,-6.275584455554788,93.81945819310175,-34.08877749520848,189.22703591048582,-4.903167201657247,-17.09308150685523,-53.24291663435073,33.597624115100075,0.0779309972330875,94.02911089607286,99.37896957082883,0,0
21.83333333333385,-6.898602585559156,93.58302109018501,-34.06288090756822,189.30739817060345,-5.349706936334415,-16.813152755467858,-55.726868450501065,40.54674808137372,0.07823536215736926,93.83694663617044,99.50404204950524,0,0
21.841666666667184,-7.60961031482753,93.71008164552524,-34.14494590395076,189.6671653141887,-5.816805006941224,-16.44271988819321,-56.83746756210295,47.07318882770548,0.07766966225139482,94.01853844404589,99.55845489471133,0,0
21.850000000000517,-8.571640478006028,93.56360496730724,-33.91486031375319,190.03680777104984,-6.284529574636856,-16.031425952760095,-56.90193411533433,56.181606396495035,0.07675054964090045,93.95542131757225,99.74646685900737,0,0
21.858333333333853,-9.299641511531714,93.3444008212548,-34.64267853975871,189.66938263750455,-6.765592760562083,-15.539502671722401,-58.165349019675816,62.428095396621465,0.07675297446783791,93.80650562152967,99.60307047332894,0,0
21.866666666667186,-10.063160415869728,93.206315743532,-34.109700969749035,189.7774974886571,-7.243780841357618,-14.937569970849017,-55.892437625894445,67.74891371118912,0.0750968361884703,93.74798393586131,99.5199942537144,0,0
21.87500000000052,-10.77048588741621,93.14684810292255,-34.150335673152476,190.56738597329672,-7.712102523787301,-14.387213754386853,-55.99930546079686,70.45908237722475,0.07487388411288132,93.76747132006898,100.18671855568782,0,0
21.88333333333385,-11.517402797141639,92.9608747139269,-33.464220827612955,190.27399366536423,-8.161840354064996,-13.84397854348182,-52.30939416881975,70.13583094629082,0.07325262337286675,93.6716328178922,99.75723503445359,0,0
21.891666666667184,-12.237451276051384,92.95383555082776,-33.136010177949395,190.33901095054927,-8.590050174110937,-13.25620053871182,-49.228933687253104,72.45798950249184,0.07248579559319923,93.75591051951905,99.6023200121896,0,0
21.900000000000517,-13.018451859841658,92.79498624715887,-32.78470604639664,190.18170045732813,-8.971411001144219,-12.637647849229001,-45.65313713348239,76.0641836197247,0.07223548412884373,93.70373291090073,99.37241523290398,0,0
21.90833333333385,-13.398947588252096,92.56297389624245,-31.98325573542058,190.03557688577746,-9.337755945261547,-11.947713784487563,-41.20467847069523,74.75822726073578,0.07070563093524385,93.52772815047518,99.22844774994931,0,0
21.916666666667187,-14.132721515313843,92.59367219998302,-32.53512852894516,190.6730442699369,-9.640368968172693,-11.325278805427192,-34.419312894485756,76.46964687384683,0.07094027722765972,93.66601277361667,99.79084030877681,0,0
21.92500000000052,-14.33516203996248,92.5253699030302,-31.35461489050874,191.16005886529393,-9.918690805132385,-10.691031239115706,-29.492334190367973,76.500027567719,0.07104300926450291,93.62927398204339,100.0922756361073,0,0
21.933333333333852,-14.938075620981007,92.61953411158515,-30.02565330521639,189.89431516339113,-10.167293708591947,-10.058953162180623,-26.19142036551192,79.12245547980947,0.07245783464146838,93.81643887030265,98.43788919442872,0,0
21.941666666667185,-15.102865697959881,92.4683511762957,-29.291605508298968,190.48143770835702,-10.373564139776256,-9.40512977499454,-22.771813902470246,79.92948920725415,0.0731284835506667,93.69360982240657,99.03476899022303,0,0
21.950000000000518,-15.426785403259881,92.2811177834999,-28.627711645444602,190.3268285304702,-10.543695832318475,-8.753349818504985,-19.717584624544614,79.07448514288248,0.07286158088410621,93.56169305463861,98.93040912444552,0,0
21.95833333333385,-15.522224843879993,92.49235277870116,-27.850945939222296,190.53257786611812,-10.69113277742155,-8.084720753910533,-15.284719467976892,77.37335622521566,0.07281250488371338,93.78579202972949,98.81236308801708,0,0
21.966666666667187,-16.088370300057758,92.53971560591737,-27.272055238468962,191.4539692810161,-10.79720029593714,-7.431806341004429,-12.080311647730207,70.19556837020737,0.06897933993213323,93.92781602558343,99.54448447253836,0,0
21.97500000000052,-16.118139495465126,92.50221612085312,-26.140635450269766,191.70156395999965,-10.881878861596087,-6.877858435980037,-6.260742963398526,66.94199799740936,0.06916699380442148,93.89597652756103,99.7043681935554,0,0
21.983333333333857,-16.028354502386033,92.5825845176181,-25.142055293475945,191.67372935063167,-10.885440875976405,-6.4010008612231095,0.6751286527757142,61.026363567168765,0.06843519702782741,93.95979514673314,99.50936903843169,0,0
21.99166666666719,-16.002559545300183,92.42351468101452,-24.2733164359401,191.66771066102012,-10.83391596097027,-5.915822146691158,10.458163529772401,54.03847777191973,0.06909925373112769,93.7986565894874,99.58823150986179,0,0
22.000000000000522,-15.860963827399129,92.48447870555287,-23.237060918507208,191.13022500140704,-10.718423875842872,-5.513089982297356,18.69259845490822,44.0779138845739,0.06729350253709132,93.83468961408636,98.92113055643613,0,0
22.008333333333855,-15.623940153454267,92.49503447425371,-22.70052080050368,191.49673259026582,-10.55052266933138,-5.086413674653334,26.33054412481648,41.85843685668614,0.07014019732196974,93.80532452005112,99.25429070578355,0,0
22.016666666667188,-15.113002281527539,92.51840129331367,-21.632497587614633,191.41427766638049,-10.302709169913241,-4.692149803664325,31.41375401583715,43.489754651452145,0.07356835634056136,93.74463939784548,99.11053517483904,0,0
22.02500000000052,-14.462822814774878,92.55223477290019,-20.615146151197106,191.53474742499583,-10.016777430211105,-4.370754199477277,38.25557578981454,40.766153012505505,0.07613391485765053,93.67544718457238,99.17352919684848,0,0
22.033333333333854,-13.986178601488458,92.49681254151989,-19.203352585126137,191.96456032103117,-9.687747836040328,-4.11314838183114,43.83379618975644,33.77375381631665,0.07432241606763501,93.54824168424442,99.60447656960011,0,0
22.04166666666719,-13.48613576206969,92.52839342538363,-18.39408909036393,190.54410218391342,-9.277498138447854,-3.8991663567062775,50.153384976357444,26.898460212330495,0.07340015735273209,93.50603963207698,98.13851012375136,0,0
22.050000000000523,-12.750780321581768,92.70285782074143,-16.402108164283444,190.39762394422706,-8.83507239022812,-3.665542726056419,55.13936714557497,24.05436077237005,0.07415177263469941,93.57564986117829,97.7629762381314,0,0
22.058333333333856,-11.858470204709871,92.62245627488079,-15.93946925261599,190.3326645902331,-8.321318911923333,-3.4960411920916923,62.81750729731574,14.88248158372911,0.07358169278073223,93.37849175258827,97.79539540417306,0,0
22.06666666666719,-10.96244359836879,92.64311094842947,-15.469172590324714,190.33042711111887,-7.792376104355454,-3.3468557215533594,68.81719840994901,10.97406855589368,0.07541363191590289,93.28944836287987,97.79121813985228,0,0
22.07500000000052,-10.099229871439999,93.02044296554169,-14.252031452825346,190.80044313080026,-7.229952374132944,-3.1813037567972033,73.44587479428137,12.616447155656697,0.08018004975137627,93.56707355422515,97.86814697996648,0,0
22.083333333333854,-8.88258092541474,93.55093740712948,-12.404264614690188,190.83648763924452,-6.572325725747726,-3.152333705119173,79.56669818937266,9.519936293754,0.08359082291842945,93.97168793657588,97.34927087540352,0,0
22.091666666667184,-8.00242948733614,93.59484912520264,-11.0989470391421,190.7281928618653,-5.885560521847338,-3.091247175504209,83.20753354628138,9.064827235078337,0.08589381127426465,93.93633301587427,97.18268820326645,0,0
22.10000000000052,-6.6070872913610925,93.59845030975993,-10.283217059564944,191.1923369820064,-5.171792488543958,-3.087169638780936,87.4198110583432,8.797784290413869,0.08985839192013456,93.8313567143962,97.6630976667644,0,0
22.108333333333857,-5.827662727615173,93.96233571189862,-8.679737115474037,190.76275472194072,-4.425670122556449,-3.0280096215523464,91.48461356692519,0.4392260127266614,0.08641873834757652,94.14288175588409,96.84242587230868,0,0
22.116666666667193,-4.326518718554094,93.73137689643522,-7.39641633654622,191.1942250695585,-3.6663814872078655,-3.004021750789767,93.38976095443537,-6.638434133663788,0.08118358510757462,93.83117701022188,97.51118420674746,0,0
22.125000000000526,-2.6777325692104297,93.7853588364793,-6.79198851302777,190.9166489259332,-2.8640118587478125,-3.056962718572552,96.81099886365581,-8.75016868152677,0.08332083163743675,93.82357797376626,97.21838620555724,0,0
22.13333333333386,-1.7573398273695444,93.98888997302339,-4.965739653627618,191.32799552512398,-2.0732467517925026,-3.078732634653897,98.41021970595321,-2.8840020539834255,0.09005471809432031,94.0053173050863,97.39196732343028,0,0
22.14166666666719,-0.275144749730198,93.94433608110887,-4.008589610727479,190.71017432254035,-1.2265799192820648,-3.1376077287209396,100.0330074093856,-2.5185471255780087,0.0924126321337142,93.94473900306306,96.83783383108582,0,0
22.150000000000524,1.0630919300673485,94.10646215795254,-2.5403648941496,191.14079545654624,-0.37856233365111724,-3.163798445057675,102.40556523478283,-3.758283991490589,0.09513133430244025,94.11246667863895,97.10121904377188,0,0
22.158333333333857,2.3581313717239185,94.0254992459723,-1.1772800747634689,190.93637566831734,0.47130429502358295,-3.1913258003591083,99.90290473549658,3.0469201592904267,0.09726495587498984,94.05506521193128,96.97534275805879,0,0
22.166666666667194,3.991687283053186,93.86313896894512,0.4307766647314155,191.0871259944132,1.2937711894286423,-3.1840304059971047,100.90157833420656,1.0702590359541446,0.09765401762553427,93.94797722393596,97.28917584993751,0,0
22.175000000000527,5.091084575192046,93.80089656108771,1.8370822400859241,190.6787754537288,2.1232376752926942,-3.1389543934652946,101.85251667764996,-1.7104005539494749,0.09762921040471673,93.93895537962744,96.93251234716921,0,0
22.18333333333386,6.812874321198994,93.68278098641724,2.747987992931205,190.31614945676648,2.9974791194245336,-3.2053547476452584,100.6852014948214,-0.44365051697086666,0.09837060341195647,93.93017997356054,96.71882548288117,0,0
22.191666666667192,7.9409316392952904,93.85328149962328,4.472329492308579,190.57758692557576,3.8160691193128042,-3.1801267682280687,98.70684706211517,-0.8336595288128492,0.09631019583482692,94.1886237480275,96.78647870951303,0,0
22.200000000000525,9.07595151956173,93.46575073790643,5.807088699991827,190.6605663115057,4.634717266551695,-3.1692775602333056,96.32315260122213,3.0950538983268028,0.09821143807772215,93.90537501648078,97.24976934943929,0,0
22.208333333333858,10.624077458943479,93.10260055865183,6.907832470918497,190.64446114344804,5.421252615096205,-3.074659658986312,92.72352526747234,12.126784030537625,0.10333387015213624,93.70680472963267,97.61262747797973,0,0
22.21666666666719,11.883474798706178,93.00587230258441,8.657101348711368,190.5776503190695,6.17024646586684,-2.954958844766551,89.74951840139111,19.055040585824166,0.10799883732431814,93.76198193327679,97.62510615070836,0,0
22.225000000000524,13.086049141534264,92.7032634723891,9.77321779304231,190.24272451035574,6.901874183306316,-2.7790259214519746,84.33249592416703,26.753671300721624,0.10949131668900103,93.62232501153686,97.59570334354153,0,0
22.23333333333386,13.88873217919883,92.48390130501758,11.576619641672782,189.98576527789447,7.582034863592083,-2.5053486032915546,81.10875906868101,31.47292311666351,0.111978211054236,93.52095424097075,97.52927428506568,0,0
22.241666666667193,15.170768963781203,92.44645810352364,13.240355460669438,189.3655521787639,8.236592338086227,-2.29261770537174,73.73136574796112,36.76977418261093,0.10817234505736417,93.6829752240981,96.93831694772851,0,0
22.250000000000526,16.05860915527757,92.41040265860039,14.892141385220558,190.15075623566304,8.837462065982999,-1.983555269741102,67.56957714306824,40.90456437041838,0.10557333941099323,93.7953167675584,97.74731384763372,0,0
22.25833333333386,17.031147491759615,92.25278787593385,15.90734875660775,190.2501014503494,9.394655170018673,-1.570859687701458,65.13113444268588,45.19493895160947,0.10944023028228944,93.81170958770615,98.00375702696026,0,0
22.2666666666672,17.866034605402323,92.29436884380465,17.667726901535563,189.97919546409503,9.895511101405681,-1.1668653558816515,58.896458898620374,50.77174636094769,0.10857650510908146,94.00768964716498,97.68502791002112,0,0
22.275000000000528,18.58829610354019,91.97854424912833,19.116966040925778,189.31680469569386,10.357150294201023,-0.691318950430808,52.714992173592904,56.0267342618765,0.10774515529438755,93.83803788561302,97.33969610937831,0,0
22.28333333333386,19.138892670938734,91.87544038257141,20.118697331256275,189.37933646176134,10.745836759188801,-0.22342531803833637,42.73607435164316,64.44695306344151,0.10483449181363191,93.8477157855275,97.50881892318176,0,0
22.291666666667197,19.89676523812273,91.83367688731585,22.486783803666928,189.20561589425415,11.071457851894406,0.3298739770067426,36.61420918275784,71.23095954592948,0.10600195171216997,93.96438409091445,97.40637916553914,0,0
22.30000000000053,20.369334253714445,91.65396855941736,24.074879304977745,188.89339878605603,11.373169412046092,0.9434029470620978,30.777488242039514,79.33108670445768,0.10932162391833034,93.89014714351136,97.31000901720373,0,0
22.308333333333863,20.423774157344216,91.73796050259034,24.81001896309346,189.0616701517206,11.620413413935522,1.6858161757436274,26.402799752437506,86.98218031174898,0.11427847674272629,93.98395580100376,97.42250049841756,0,0
22.316666666667196,20.96784027593998,91.86554275512219,26.71022481158389,188.36012813132845,11.831262409813254,2.4128423319378194,22.5232215193057,92.69349603620043,0.11788922678856117,94.22806520103507,96.66529877407487,0,0
22.32500000000053,20.957613216213705,91.65752983479837,27.858162154332664,187.71524171625845,11.999797178946356,3.1936607690028556,18.867638981661127,95.2519435939231,0.11830967422654659,94.02299892652525,96.30525212857798,0,0
22.33333333333386,21.62846815051984,91.8686755093222,30.045581034237333,187.32695110936544,12.139522748329457,3.9864692789935376,15.181495489044494,95.5781662691355,0.1163778230586523,94.38031666812306,95.82865004700344,0,0
22.341666666667194,21.690516309138733,91.52588863185798,31.730969298466793,187.25718472973784,12.214903368686771,4.805778704930281,10.515702339661345,103.235633727091,0.1212297034701324,94.06097377556901,96.25638549629242,0,0
22.350000000000527,21.698785024555438,91.45829186480472,33.31798463877977,187.51353332125655,12.275184262962984,5.649482530331532,5.121428264252492,103.3713082761685,0.11735394312000258,93.99710858515637,96.75544021362546,0,0
22.358333333333864,21.68194301164687,91.23273802292647,34.153553728536174,187.47047079428472,12.311752812977389,6.526265046545424,-1.709653057287874,101.77765676864463,0.11098063858671026,93.77376573392067,97.04247669368806,0,0
22.366666666667196,21.724303775273317,91.79008200667755,35.757012002003314,186.970051969363,12.27305227015085,7.398585487159226,-6.991346569814005,103.86832931178085,0.11005965774370186,94.32584231965778,96.2088539702778,0,0
22.37500000000053,21.612006259953322,91.74331618866438,37.18134332960995,187.03467645095486,12.229311888306558,8.21561197632166,-10.44826892366954,99.86362732928954,0.10550528666035719,94.25452180067283,96.55489421788114,0,0
22.383333333333862,21.237433201375044,91.46443723872397,38.644146724845264,186.51705916193612,12.115465050838843,9.144896529898233,-12.204017492824876,109.87867241869404,0.11533882358288317,93.89766689529269,96.63329969614652,0,0
22.391666666667195,21.271219902880663,91.48025968351891,39.54365072401175,186.26677762861755,11.998844516857261,10.076638771388728,-15.006484357102876,115.37120362287827,0.1206629046603549,93.92072565691112,96.53168242742653,0,0
22.40000000000053,20.95860186607911,91.43996740801094,41.21531597959132,186.31579614181038,11.852213869586574,11.00158868725359,-18.60554378304862,115.24406908869678,0.11999900533206587,93.81114343061233,97.01421207535424,0,0
22.40833333333386,20.679183825937688,91.65701283079602,42.420726622426066,186.06774644513177,11.670890459345014,11.9852995926753,-22.30835348508998,113.99476850358577,0.1188055370205281,93.96082505369793,96.88179036727492,0,0
22.4166666666672,20.569388577826206,91.63520362719112,43.475779777660485,185.26336953652793,11.47994973305521,12.906306436861842,-25.010164417206035,113.36646739960435,0.11915822431737011,93.91544223535544,96.38950258895491,0,0
22.425000000000534,19.911631868223996,91.62047498772233,45.5844925178256,184.2625001655993,11.261385344217915,13.871442445573376,-27.88724149465129,114.17146316421231,0.12114898574138522,93.75918366022353,96.13345204970149,0,0
22.433333333333866,19.661458326382277,91.64323470487983,45.37353126976746,183.94820376840585,11.036546791029298,14.766843621199206,-29.446045982596523,108.68368440208991,0.11885928021046732,93.72862642060727,95.81919436555734,0,0
22.4416666666672,19.181222203234885,91.74477141767727,46.62563882787715,184.37013217980342,10.80262395773606,15.627540371307253,-27.62173843888662,96.75005376989785,0.1141410706049264,93.72845015091055,96.6056595659952,0,0
22.450000000000532,18.835174507860646,91.85735698674705,48.21955642591809,184.24255216139375,10.579158596932134,16.420606620829517,-26.79197004843945,91.38852673555556,0.11405365287004532,93.76853326853444,96.94568679504944,0,0
22.458333333333865,18.59456432949833,91.86067860560803,48.53871358564607,182.96277513961695,10.334306660413654,17.210380202287475,-27.22701382477522,87.51813564963584,0.11469626014905199,93.72375417409754,95.8970493162659,0,0
22.466666666667198,18.12860336123254,91.92591606147721,49.519289876343244,182.6895876084671,10.089154172669765,17.929753483194773,-26.552742294734575,82.76878976388143,0.11517496117450055,93.69642631162965,96.03863427069241,0,0
22.47500000000053,17.940969706633044,91.98889255388002,49.62462431863964,182.6272836562639,9.883467672996252,18.563872555792905,-26.463513658543633,82.17987340924398,0.11777466246478774,93.72211450508149,96.01651894961422,0,0
22.483333333333867,17.597737269729354,91.90294732165694,50.42592356923257,181.81258557953146,9.700542016538236,19.186967984093027,-22.319464444006552,64.4640038219023,0.11341634158372127,93.57260327372362,95.71537424769724,0,0
22.4916666666672,17.10390705733136,92.02424910318325,51.36270798666454,181.75600103038113,9.535613056676796,19.664379479746636,-19.902647275398927,54.33232560200447,0.11236055990987426,93.60024604471161,96.0492204291105,0,0
22.500000000000533,16.72466278238034,92.01140845421554,51.55640232073524,181.40809981099693,9.36629166977883,20.05895679176837,-18.090903913325263,46.2148679847908,0.11187334564054963,93.519054908146,95.94278766435457,0,0
22.508333333333866,16.749313815322584,91.99070611419165,51.513971079482594,180.78949277389682,9.211453667372718,20.420894832660082,-15.97873691575458,35.757813356839684,0.11125657163378655,93.5030990110581,95.36144874597043,0,0
22.5166666666672,16.73190818734378,92.18966046623854,51.85380854795614,180.6321525651577,9.084929627397889,20.711425032122225,-14.390242994475182,28.907406985426796,0.11153047056818455,93.69573228525431,95.16103348329169,0,0
22.52500000000053,16.594393095218667,92.10875625083463,51.51528425872062,180.37195474875472,8.950051203781422,20.96796216808023,-13.515483889704775,19.86565635669843,0.11167817276232439,93.59164952213582,94.9202868133909,0,0
22.533333333333864,16.082370851385637,92.12517935833313,51.87494609653596,180.28274916792367,8.821878547952965,21.137776667648062,-15.004516819512787,20.073920817125202,0.11231653950085452,93.51840099149764,95.14654779555892,0,0
22.5416666666672,15.937631311320335,92.37452803573308,51.75841498175499,180.07872762158564,8.715022899298022,21.32443833001694,-15.978337544428843,24.529031966705762,0.11350744740245489,93.73932750793561,94.73729554805297,0,0
22.550000000000534,15.872260616786665,92.34595410831173,52.05340649170888,180.32109342503662,8.614250019048582,21.424264940600914,-14.260128455617068,15.48356491524792,0.11306250159849007,93.70007415825035,95.12465744810625,0,0
22.558333333333866,15.712422656690823,92.46045879259725,52.15481313526329,180.5131796577685,8.513504495314312,21.464635903148853,-9.49972259328669,1.1321927022932585,0.11256940678147309,93.78601530015051,95.2960097567181,0,0
22.566666666667203,15.429099998315568,92.47243486567311,51.80905379265324,180.552339416474,8.44876077328161,21.435116889911377,-4.007645065903765,-12.180360340919211,0.11255677014296284,93.75077779274248,95.29727500698192,0,0
22.575000000000536,15.428305627852868,92.44232314116243,51.72930665076536,180.2732054009271,8.426874405273391,21.19990722175679,0.6243340542362119,-36.44923927286084,0.11555012955234512,93.72094601678715,95.03697466667455,0,0
22.58333333333387,15.615748645145633,92.4068306333682,51.54217075065754,180.8330602389791,8.434296508905899,20.884642950214026,2.010807560073978,-47.55586738375654,0.11706612140672679,93.71698860640137,95.44582697827931,0,0
22.5916666666672,15.620577194255763,92.4366602780587,50.287085785714744,182.3201870224495,8.465516012627655,20.454545147214628,5.703169567814409,-62.12936744999623,0.11960036837856958,93.74720579965536,96.33698769388273,0,0
22.600000000000534,15.669503660145214,92.42656479366684,49.996711506442985,182.07534557878404,8.531785503086489,19.903496663205384,10.137404963799622,-73.34934562402924,0.12024535756812194,93.74541708538716,95.99615145817526,0,0
22.60833333333387,15.79640538829489,92.36600559508548,49.287367270187595,182.59388751938656,8.630240653214386,19.293453992242412,12.524540765571768,-78.02518831066958,0.11811355800206202,93.70701901556102,96.24300080691586,0,0
22.616666666667204,15.899109042112688,92.27219432641454,47.55045559421121,183.1109158072461,8.754807418467706,18.624320754287798,13.926260320861326,-80.54047695137604,0.11504875211935861,93.63193640069929,96.19501576918177,0,0
22.625000000000536,16.006421281217005,92.11634825435266,47.950917048740514,183.25143665070766,8.864737343780162,17.916606402364536,14.831104855352503,-81.32768470769125,0.11094416237617155,93.49666912756291,96.57150276791165,0,0
22.63333333333387,16.464423663064796,91.99961781433484,46.23638435053619,183.65484430226667,8.97471933587778,17.207880344474567,15.905311582718108,-86.19828142114544,0.10969238876739329,93.4612589501156,96.36934256147244,0,0
22.641666666667202,16.64308179653216,92.06686690643829,45.61403446164514,184.33625587178517,9.112131838147452,16.472705784925274,16.491745091471515,-96.09379184799418,0.11289438734815249,93.55907306965949,96.71068316562908,0,0
22.650000000000535,16.76860561789005,91.99954811902927,44.414649832617506,183.70354028893416,9.245736220592478,15.623472254655292,15.665725323121713,-99.82225201706349,0.1121958687312552,93.51525537832806,95.78061359492663,0,0
22.658333333333868,16.99748615174804,92.01886220828777,43.08973251820618,184.34099736734578,9.39101568082785,14.751238671058575,16.244876515149517,-108.25498740064978,0.11507020502992615,93.5755605785331,95.93842796697955,0,0
22.666666666667204,17.09558970619452,92.02911011004835,41.677236515888985,184.45785650477086,9.549252869676659,13.845173554555307,17.399577881141518,-117.39758410280203,0.11897702183273884,93.6035057839713,95.64167773505696,0,0
22.675000000000537,17.417839562472015,91.94364464200396,40.56611559470276,185.53578433782286,9.713603708781857,12.807844753730027,19.36529173940764,-118.79225016725643,0.11464102378527707,93.57892350887094,96.41229846915812,0,0
22.68333333333387,17.742070199847436,91.94261211032818,39.22494311386283,186.0728791353194,9.859794317424901,11.820940971277462,20.920974927950816,-127.24697122993616,0.11832970098774487,93.6388005938061,96.55061366369394,0,0
22.691666666667203,17.871098183519226,91.83202974124669,37.8597382972962,186.97489939760663,10.008927889727547,10.797872977427453,19.092729854608585,-123.48352025022123,0.11269143027231632,93.55478521530686,97.21991246676367,0,0
22.700000000000536,18.3402788184186,91.91300829417315,36.48977716146789,187.3268456444569,10.147396906664783,9.819991919100143,15.661173445811762,-115.8423281335354,0.10512831980341986,93.72495356532366,97.12468608963816,0,0
22.70833333333387,18.507268216105107,91.90505510850915,35.059947875982125,187.3078409263851,10.256935590035528,8.903013795472004,11.293794892712404,-109.22417459339952,0.09998448379418567,93.74997670037554,96.82810927480728,0,0
22.716666666667205,18.590916332601186,91.88197463224265,33.475340854034535,187.7396313157006,10.34341544279696,8.003805717254997,6.408233509110688,-103.41362690995173,0.09648936973774225,93.74390344126842,97.00637318330139,0,0
22.725000000000538,18.485550977970608,91.80670729563087,32.013568643432,187.19094383823006,10.3888955442071,7.076411352429198,3.046095341653938,-105.50965172067617,0.0994060608016829,93.64927708970738,96.33877642347107,0,0
22.733333333333874,18.53270636927397,91.79572777293288,31.122171042103336,187.69259659566075,10.409203618765812,6.121524208823818,0.3504251177150481,-111.84835056368556,0.10664748245808786,93.64783415932334,96.71971914119631,0,0
22.741666666667207,18.622334129215464,91.90402835652816,29.51717291967555,187.97209727301367,10.446015307224284,5.108121328007819,0.9932324598324679,-121.87656929091722,0.1155124820274267,93.77175351126624,96.68387341026798,0,0
22.75000000000054,18.652590799846624,92.22946117303559,27.688269658129744,188.6242619351163,10.467872924656346,4.108969835786178,3.1896376655328615,-127.93141688271031,0.1186578789482069,94.09671966553884,96.81735953015482,0,0
22.758333333333873,18.597795928078657,91.94910702385721,25.650355548940244,188.5308642205601,10.428435581223297,3.121434955993422,-2.059372270822464,-126.96849270263947,0.12229961031149861,93.81106702232529,96.83890964074655,0,0
22.766666666667206,18.572317660736534,91.92378727747041,23.423375594344353,189.60803988270868,10.356011679410773,2.157272145999439,-9.045062791833047,-121.1919560043958,0.12259420343982352,93.7812009452051,97.80463163940254,0,0
22.77500000000054,18.568199661262557,92.09358735221343,21.91105189889544,189.49295983878739,10.256267591533524,1.1730276776238293,-16.422269733731902,-111.94721341239313,0.119565456335192,93.94683001602702,97.45672076291622,0,0
22.78333333333387,18.505196630268077,91.89984492611671,20.43000476168959,188.99956756932892,10.103760782059277,0.22638367445098015,-23.291193167669526,-100.38169790919238,0.11345507544190969,93.74446010175313,97.11879850848405,0,0
22.791666666667208,17.85496527750684,92.32328686431987,19.007026320649974,189.60020620151005,9.89523618336077,-0.6110038237603388,-30.146913818918115,-91.31132372752104,0.11083919700415068,94.03397834023866,97.28374108956405,0,0
22.80000000000054,16.859938516789388,92.16698188702014,16.77407342527022,189.39651796510037,9.617078962790705,-1.3672869459130406,-38.004261736769045,-85.06841456065145,0.11333081467845885,93.69637173846284,97.22957399254943,0,0
22.808333333333874,16.76346170275787,91.93583360160676,15.245501279403928,189.05005769405142,9.27962403085863,-2.0963259663934943,-43.92475175001765,-85.48423338923148,0.12138015152966641,93.45165139408803,97.1260867374179,0,0
22.816666666667206,16.36346990633945,92.32737647279504,13.264741410457592,189.701748925539,8.911085741231902,-2.712659802549937,-46.808135872756935,-80.66833306493542,0.11821995427488252,93.76623909342266,97.42366513767017,0,0
22.82500000000054,15.603418780904978,92.43663059632962,11.629495427640169,189.76280297086078,8.465212625572441,-3.3263183136304435,-51.572334446937624,-73.19501609342177,0.11481827753386575,93.74431904736734,97.40726818823416,0,0
22.833333333333872,14.759340424570215,92.34150914650553,9.939556696392632,190.22238708851575,8.033668715570819,-3.886018461534735,-52.71604419173676,-63.34657685557959,0.10333333229870201,93.51359495400932,97.9994723551362,0,0
22.8416666666672,13.893533757292747,92.34067257856054,8.067226763337548,190.86549679788214,7.581303562607833,-4.432214144188391,-59.60960512185229,-52.97987058056237,0.10115393698876529,93.38003048042957,98.69694443414159,0,0
22.850000000000538,13.252638370623007,92.56812762454956,6.545351428814404,191.02247826893506,7.071320795577558,-4.8276194783195265,-66.88175109488655,-42.429176766965995,0.0996711110175692,93.51198145530552,98.68255600118678,0,0
22.858333333333874,12.383523880442514,92.68047368213217,5.951246810353386,190.69083423128808,6.469751383812889,-5.114647253677419,-70.13515340267068,-33.4754839816319,0.09340440765867086,93.50412753264898,98.22120424471454,0,0
22.86666666666721,11.098886846701479,92.72469182819327,3.557408397634906,190.26683175605478,5.881959227236741,-5.457003778591743,-72.42170775438922,-35.6397685818011,0.09753455498565078,93.38658235458291,97.83324056221511,0,0
22.875000000000544,10.63682859133235,93.07989052066227,2.7129525902479985,190.52609107075887,5.244055818304745,-5.698160200460976,-78.51247510859352,-28.180884082606003,0.09814962448235498,93.6856880308826,97.7678362884758,0,0
22.883333333333876,9.012505573479306,93.26319215421393,0.6296358036549963,190.51958485335217,4.579481105882883,-5.914103683521968,-83.4246350781583,-24.110797788048938,0.1006952956820526,93.69764280656064,97.61699865508479,0,0
22.89166666666721,7.991747229279615,93.54650993902175,-0.11719801446872236,190.4836124155595,3.8847530731425066,-6.077851018140388,-86.8134407718727,-20.13180845828969,0.1009195591439469,93.88725976163215,97.27567439762568,0,0
22.900000000000542,6.824412883900611,93.2556439762779,-1.9484404439482956,190.51848963985998,3.131817520002312,-6.233332374356466,-90.0592143185583,-16.093393740766032,0.10112286534158921,93.50501454275191,97.65768839210632,0,0
22.908333333333875,5.795189900330688,93.81810342565058,-3.9013893098393124,190.32860897920568,2.3645016155320775,-6.324504290907308,-92.98742762002897,-4.757905169268549,0.09385879525264507,93.99691886634882,96.99639854438871,0,0
22.91666666666721,4.117995760892204,93.72241889421372,-4.184384608716694,190.6018131359222,1.601896950745291,-6.321366059769641,-94.60485678747874,-1.211203969418883,0.09228864933602621,93.81284396322923,97.23449258592369,0,0
22.925000000000544,3.1381126376516635,93.64266937478556,-6.112416182378122,190.7528386303996,0.7643534500556777,-6.305498570108752,-96.27059403463817,4.9303406885258285,0.0888430917334726,93.69523615724542,97.54976809969467,0,0
22.933333333333877,1.7450194112907456,93.91030364243773,-7.210718327046261,191.02939750491822,-0.005826725086198982,-6.33560951377696,-97.95344590206123,2.8554316747650654,0.09354858380586029,93.92651501551963,97.5311418527804,0,0
22.94166666666721,0.22710852794415803,94.0529516041783,-8.63852747275035,190.65684527219952,-0.825835847616213,-6.316637881815018,-97.52558053599157,6.291484761749492,0.08985135100966835,94.05322580189033,97.00985400215362,0,0
22.950000000000543,-0.8976264660112703,93.79869121533824,-9.224441945246777,190.77399189672195,-1.6134669712813425,-6.1971358165384505,-94.10199475453734,6.882146832880476,0.08388494868922969,93.80298613041514,97.33213651343536,0,0
22.958333333333876,-2.1749391055997718,93.94988883453726,-10.955651646635314,190.82775199658113,-2.3949877086001825,-6.147979688003846,-91.35764720078348,2.053667852690933,0.08447930741255005,93.97506037313825,97.27497768476739,0,0
22.96666666666721,-3.7494986684354172,93.82446623238974,-12.425853575233699,190.51438896546182,-3.142856163550868,-6.166117127840653,-90.64472904925049,6.582665203293231,0.08096240121857434,93.8993567819154,97.07842341424882,0,0
22.97500000000054,-4.439916014499484,93.75173671895283,-13.533007366869011,190.63819256266544,-3.9302392318570045,-6.029459468612169,-89.56623958047149,7.1118586854562675,0.08046327025049038,93.85681111158453,97.31222757854334,0,0
22.983333333333878,-5.997911510340425,93.72579680631776,-13.905394006381297,190.574943589496,-4.686342614121678,-6.020967670905989,-90.22432265018169,5.375666452033361,0.08523503932239462,93.9175166274377,97.17142333039482,0,0
22.99166666666721,-6.911290218348138,93.63752600359885,-15.106429247364016,191.09293230428312,-5.427511380916356,-6.025274072149124,-90.25227117675026,2.4656028881952303,0.09042053157400032,93.8922372113738,97.79936871440607,0,0
23.000000000000544,-8.3975100597529,93.56740276923983,-17.19085808625908,190.72399454529517,-6.156299844703768,-5.98503714154896,-86.9688421809964,5.853374197568513,0.08526308957881046,93.94347787997206,97.55370979647225,0,0
23.008333333333876,-9.507850642012269,93.0392967666275,-17.606793328807836,190.87142184152793,-6.859645294648979,-5.892536266575867,-84.25595404528016,4.930328248755188,0.08488088101413682,93.52384704800907,98.16678445031681,0,0
23.016666666667213,-10.806631558884643,93.02557157874406,-18.792600065265443,191.01532714275385,-7.522877123261168,-5.84545422655799,-80.11458910377266,3.410008612559558,0.08320322903292965,93.6511625832884,98.31463720361934,0,0
23.025000000000546,-11.5876030454242,92.63525410574317,-20.642692996950696,191.17526797516587,-8.183738230549398,-5.855600081069945,-72.22493804898846,-2.147873700407536,0.07997384363998616,93.35717887540268,98.95518676358634,0,0
23.03333333333388,-12.502189322800572,92.70389429250321,-20.74722244051696,190.6139111712243,-8.767564657220838,-5.896031506311197,-67.30480498395336,1.5997576118347971,0.07462703862598996,93.54312777996445,98.25656200124085,0,0
23.041666666667215,-13.35125718394988,92.55220022820129,-21.155582814188218,191.67749260574544,-9.330720655863175,-5.892228764225659,-60.7416679894282,-2.95711402477676,0.07331167049371423,93.51024454824741,99.43204255910872,0,0
23.050000000000548,-14.279060792618449,92.51280369338832,-22.67552695162595,191.49247697776332,-9.77250371796974,-5.93295979257075,-53.042923484816846,-10.372153135317747,0.07241664098260614,93.6082818148624,99.33517185489224,0,0
23.05833333333388,-14.877144661183362,92.45117523208205,-23.741247094932074,191.77593718497621,-10.170075532356302,-6.06025460376288,-45.20613821624322,-12.60253869384813,0.06883401194307792,93.64053200971746,99.71950987121367,0,0
23.066666666667214,-15.606967488188499,92.48061120895551,-24.703757615635308,191.60874510684192,-10.518580146970573,-6.162484167200893,-39.05033361131297,-16.88447694728617,0.0683233765612501,93.78827689940444,99.54465591230958,0,0
23.075000000000546,-16.067972806774545,92.47598208608389,-24.75773392080856,191.0506123084583,-10.824946984570195,-6.27590952857806,-30.95853664233331,-24.015574273532334,0.06792347163683621,93.86153105988073,98.95690815550388,0,0
23.08333333333388,-16.341160724830953,92.3373674763061,-25.895754623554748,191.34700255821866,-11.060932949484851,-6.505554132837143,-23.598952632127514,-23.08249740120848,0.06442343708700626,93.77218652825127,99.46958381144972,0,0
23.091666666667212,-16.316305410183187,92.4739907676331,-26.23362919992297,191.33937468486386,-11.230621821367256,-6.727128632033853,-16.87010489621156,-22.989765113175903,0.0622351366349303,93.90240034594784,99.3615491437808,0,0
23.100000000000545,-16.85009776186126,92.06620782735109,-26.9923250981613,190.61884212391806,-11.362327063683582,-6.963434315376719,-13.2003875674036,-31.422798824133764,0.0653995857136116,93.59547221042952,99.07313713683472,0,0
23.10833333333388,-17.04620543096308,92.15012325356906,-27.539046196414912,190.86838730806937,-11.448857517631213,-7.2212500898884695,-8.237951165846061,-36.30581890340731,0.06629572270160056,93.71349067899757,99.27434394274874,0,0
23.116666666667214,-16.988297873264624,92.25441778381929,-28.13175325489612,190.70306077065408,-11.485048516279553,-7.5232348583952,-4.048707160619103,-38.83917817472465,0.06649790319156246,93.80554282803463,99.07730266711779,0,0
23.125000000000547,-16.99137942618847,92.31036132013992,-28.727178694503262,190.55944724132638,-11.508518568517038,-7.8464328212681576,0.023454943100675456,-37.85802216355612,0.06555020938448797,93.86111964950922,98.94752078154792,0,0
23.13333333333388,-16.948475511406,92.27953230766582,-29.317126266500278,190.45420365298764,-11.471382481641083,-8.207953046826233,7.641865958369584,-46.41223299456901,0.06695419134573388,93.82304037432526,98.95074337903404,0,0
23.141666666667213,-16.91543441505274,92.04709020441811,-30.217341689713745,190.31862434684132,-11.378999801329394,-8.598617629140588,16.206222218444744,-49.462288114070425,0.06637766017239288,93.5884540771469,99.16771228504331,0,0
23.150000000000546,-16.48939104524339,92.15671289434692,-29.977215570497545,190.79067534797122,-11.211403609287705,-9.044192201985561,20.882877955319593,-52.6794892866708,0.0668031837843519,93.62029560161645,99.55189581181774,0,0
23.15833333333388,-16.318501008112715,92.47062230124271,-30.701617779674446,190.52097614194355,-11.004537204961181,-9.49125684927563,27.846809268952903,-54.48788215682423,0.06672193018044448,93.89946466264257,99.09967677218235,0,0
23.16666666666722,-15.903107595152047,92.21895866216386,-31.164278866960384,190.1972034781424,-10.750632672482283,-9.942526477353988,35.24119250668199,-56.97308319422918,0.06726539179368007,93.58015370748687,99.15966824171657,0,0
23.17500000000055,-15.091636275294999,92.3718647054016,-31.705865707440747,190.21010670314155,-10.44926244925917,-10.399174240695503,40.299871308209674,-57.478323660239674,0.06753346940053451,93.59657512227047,99.23887452421204,0,0
23.183333333333884,-14.711791239435396,92.52544409560187,-31.53243917437828,190.59270385783975,-10.090620393706606,-10.904791273647211,45.018217223222265,-60.614202812363445,0.06844312593436852,93.6877505683698,99.49935494376604,0,0
23.191666666667217,-14.128034419794002,92.53709079836682,-32.10371817941978,190.06486494520124,-9.690853768927767,-11.413943531696171,48.67887517353335,-61.923615865200794,0.06894285396707378,93.60937202007109,99.17051949375892,0,0
23.20000000000055,-13.301766871215701,92.62858282602429,-31.95927321536743,190.64201536125978,-9.271329968140893,-11.96797204052756,52.97565780024072,-60.8740309298544,0.06991571098188709,93.57879758927132,99.77342081096158,0,0
23.208333333333883,-12.640813808526385,92.6520309659889,-32.23149714323602,190.3372894492785,-8.80189523517459,-12.476871037313968,56.0958335211804,-61.726182611972874,0.07060417700062649,93.51036849389696,99.6303397488334,0,0
23.216666666667216,-11.908257456743737,92.64934058222315,-32.34018872258218,190.06866500034516,-8.334541218999288,-12.921735616797896,57.723694620726455,-57.18456895577512,0.07057009989718566,93.41149236564458,99.53887976733137,0,0
23.22500000000055,-10.935317336156682,92.75912697534079,-32.588720032583005,190.02416602827054,-7.863905046457894,-13.364306394838142,60.060159253457,-55.38371664744275,0.07139449473014947,93.40148180018262,99.64616234608111,0,0
23.233333333333885,-10.19523685428646,93.04731853374011,-32.326490318867336,190.33397353114043,-7.3639564397175565,-13.841442179274058,59.50725647356728,-49.81342441744769,0.07123637648340742,93.60420044439402,99.77216856667353,0,0
23.241666666667218,-9.32135339451457,92.77927122829112,-32.31126450371061,190.1882565017549,-6.853173743966531,-14.259067920587384,60.35731073878994,-48.068472676017684,0.07163470986172182,93.24634469381755,100.08519583242378,0,0
23.25000000000055,-8.531696418277132,93.5017229444822,-31.848130419983814,190.43721460784275,-6.346880175875276,-14.665125755118071,61.376756391361525,-43.32298933006235,0.07289892023394717,93.8901594277076,99.70027902956633,0,0
23.258333333333884,-7.864791366838911,93.3229292809686,-31.520501624025425,190.3927478077951,-5.818890184191781,-14.999846277341199,62.207816234325385,-39.0865888727426,0.07398135983149601,93.65374564225698,99.91067158518648,0,0
23.266666666667216,-6.88101719663609,93.59641175230735,-31.887859026299676,190.55803127202466,-5.277023191386226,-15.337372499545097,64.37744504635754,-38.37221880508501,0.07571459780516054,93.84901006706389,100.1343986758808,0,0
23.27500000000055,-6.003868000718053,93.72133074080563,-31.378199691227845,190.42672636013515,-4.759136333113718,-15.579918222204954,65.02155058661623,-32.84745930977403,0.07739901889312772,93.91344028837152,99.97894903744012,0,0
23.28333333333388,-4.9990225605901015,93.82506558753397,-30.7508796884573,190.6089909743265,-4.217186749915061,-15.820381813231435,65.21574297610633,-24.73568564298202,0.08011404373279296,93.95814578346223,100.1513173094109,0,0
23.29166666666722,-4.2451389507536375,93.97899974422694,-30.048711236600806,190.22060289632844,-3.7001106846238874,-15.997928270623243,62.996361175263154,-17.07997516244455,0.08071804929487136,94.07482977734593,99.64070714320295,0,0
23.30000000000055,-3.2793544764801323,93.85413842651371,-29.206189876374022,189.97421174946936,-3.184312242738109,-16.11228054582094,60.50148300859709,-5.390874109500013,0.08322330075922402,93.91141286108737,99.55535791439637,0,0
23.308333333333884,-2.464960272625258,93.7528550960086,-28.801741030407864,190.14386652091412,-2.6782935392585983,-16.10656264268841,57.00427167206367,6.826492409845374,0.08528054810038288,93.7852539997563,99.92423682070218,0,0
23.31666666666722,-1.9373905079555085,94.04193728348025,-27.496738294282576,190.31255936183987,-2.1978927042440675,-16.01883061195615,55.541228188402215,11.354480609087336,0.08510888423153862,94.06189159277179,99.60578765622391,0,0
23.325000000000554,-0.9656928446312874,93.91581147566052,-26.899286297352145,190.23045960514986,-1.7428349770925842,-15.894451161867558,52.98577989834137,19.061880073180443,0.08593490445678587,93.9207762308318,99.7449884138464,0,0
23.333333333333886,-0.47932654882691406,94.01292619860914,-25.96088920990928,190.40261851318309,-1.3476530684733978,-15.746852300980656,48.14138546501123,23.22767576040525,0.08199044844704151,94.01414811806539,99.70096699706029,0,0
23.34166666666722,0.3898511673079428,93.95217359076867,-24.38888430213137,190.3069641882057,-0.9563055355839449,-15.571168668377293,44.574507951845014,25.819856222705926,0.07851342640687431,93.95298242399004,99.48985577706097,0,0
23.350000000000552,0.9636627434102865,94.01527624455508,-23.397884938111186,190.51017195979102,-0.588295684099695,-15.278813082573565,42.60999434210239,33.74351671035269,0.08009472529494666,94.02021491797943,99.52261001668568,0,0
23.35833333333389,1.5023847113988085,94.04638862044152,-22.669736672996518,190.2252135007642,-0.25562769159995713,-14.95064328139638,37.99684229524697,40.037849664212665,0.07778482851913004,94.05838810211537,99.16984323664991,0,0
23.36666666666722,1.785054932098551,93.9673857896413,-21.55405550974268,190.45640835823116,0.041131791502600636,-14.588115962072536,32.226679604235215,50.8956731741564,0.07801136965864153,93.98433919143066,99.27157474553482,0,0
23.375000000000554,2.132199529671486,93.73161503210139,-20.82536648820172,190.62282490978907,0.29903855575658284,-14.079506697611002,29.654305747045566,60.57195641895652,0.08065674362108499,93.75586345056178,99.57387402841736,0,0
23.383333333333887,2.9300168545539167,93.94804019973236,-18.802043872866246,190.81400917187113,0.5344453136720899,-13.54955528681875,25.51409662542673,71.79192183702972,0.08354409159439857,93.99371923771555,99.27385561350798,0,0
23.39166666666722,3.112316692223435,93.69302267205296,-16.9332496919971,190.9502264080818,0.7552521753663278,-12.970474817525933,25.960362416048422,80.37820400901937,0.0898747016472412,93.74470125088949,99.30150255769351,0,0
23.400000000000553,3.1718012960244026,93.92663655538053,-16.238239307317652,190.6170164506733,0.9449532933626438,-12.246878797431645,22.8506010955669,90.87146076063337,0.09395473401912824,93.98017545242192,98.61936544370697,0,0
23.408333333333886,3.53437802526327,93.89587082664872,-14.134532318233422,190.25899014150446,1.1148596700361157,-11.417887580141182,19.591574740567477,99.22290475870996,0.09570921305682223,93.96236686205901,97.96959302158832,0,0
23.416666666667222,3.916439194171578,93.72432627314265,-12.206170815756135,190.4470670418043,1.2797818803344798,-10.571380592196066,16.37652815017292,105.85588797982184,0.09599808856665604,93.80611830427769,98.05726457195277,0,0
23.425000000000555,4.019842220821151,93.71937538791025,-10.934352347236594,190.22689147386802,1.4122113323938192,-9.666676301690467,14.290333919151058,109.37582509985262,0.0942152358000703,93.80554596920341,97.65924736685577,0,0
23.433333333333888,4.403505628448618,93.66721302612643,-8.885140759360862,190.82872556557533,1.5161650655843946,-8.748004139958208,14.263301340858945,116.10644263581152,0.09954178832632365,93.77066523119865,98.06603714729033,0,0
23.44166666666722,4.136479149641734,93.71597517406451,-6.758433944905842,190.83073295505199,1.6080987436806415,-7.75649312188677,9.502493624070194,124.51145252968944,0.10091839803436464,93.807219671949,97.72397510436019,0,0
23.450000000000554,4.49621653277723,93.68389202834635,-5.008743355615134,190.70762633075157,1.694010881624848,-6.711509413437023,6.219075700376917,124.71248061091917,0.09399726364334615,93.79172452134824,97.48820072431161,0,0
23.458333333333886,4.655022429920739,93.60756104268773,-3.4056281415250806,191.17685336026807,1.7193120701985027,-5.605017426153945,3.0776932785233537,133.85470551626435,0.09928977000378936,93.72323467627213,97.90168992917533,0,0
23.466666666667223,4.612685945359151,93.78305679012936,-1.3499379981070048,190.81489250136605,1.7305082444439654,-4.468429418196961,1.1636113870803502,138.41405491306452,0.10072955083508983,93.89642491879626,97.21486525106961,0,0
23.475000000000556,4.595494054343139,93.81346697358288,0.7375922308891676,190.60095459271014,1.737197993660501,-3.2783642101813775,-0.7970846134810099,140.94517795277113,0.09979098063825642,93.92595568428904,96.86434414221841,0,0
23.483333333333892,4.42451026963801,93.78240188987672,2.6584893232188778,190.69961353349987,1.7328017374184486,-2.155653802299122,-0.9672107866050808,140.71151310917898,0.09807577964769365,93.88671469042085,96.93330048418878,0,0
23.491666666667225,4.654604543258022,93.7919813323536,4.640589014047923,190.59273489545956,1.7342444256252187,-0.9904183553892397,-3.0027032871491555,144.5641617755274,0.09993694725973645,93.90740708646301,96.80075457774196,0,0
23.500000000000558,4.348246673886654,93.79805036874995,7.028951824783069,190.45717814766488,1.6992569138257305,0.1824377765600903,-1.686734143146623,138.1823146548454,0.09275089803618686,93.8987832834671,96.69629342992752,0,0
23.50833333333389,4.564495655987632,93.98572202013105,8.437645987314685,190.51589758616507,1.7024556674425129,1.3206650426019044,1.2411278773054144,131.481284403384,0.08807189577568764,94.09649602529775,96.60784692921382,0,0
23.516666666667223,4.551545175636083,94.0004079711166,10.450004434185363,189.8742141709863,1.7089681452781058,2.4420886867088667,1.9617349375499797,130.61351620087189,0.08869547280720225,94.11053746644006,96.05508074472137,0,0
23.525000000000556,4.577429941931716,94.02817063675752,12.057295701829336,191.23877689632292,1.728669129081131,3.5464855871565026,3.0237553265979904,130.62196713722835,0.09139390006489956,94.13952272116363,97.49795054840047,0,0
23.53333333333389,4.518052509644183,93.79191771803443,14.484172792458882,190.89467499348865,1.7406517891431443,4.6826868319257535,2.187600512150206,134.28154282494714,0.09690908492165962,93.90067426651655,97.61285276021447,0,0
23.541666666667226,4.654436955946328,93.76120709575878,15.77323797084205,190.66232650530253,1.7655246930925863,5.74540978891444,4.5764359367954155,130.71045592801525,0.09751146997543625,93.87666237905268,97.53694007314103,0,0
23.55000000000056,4.883860632040926,93.73241477832056,18.160677464471068,189.65579339638737,1.8171888568028212,6.819943805085269,5.042299798442647,133.77033435184157,0.10489127828058287,93.85956357691168,96.83784606602366,0,0
23.55833333333389,4.703215245442384,93.76911038055101,20.038962910456977,189.2844949666695,1.8886702680230198,7.954611744203108,10.191934659538626,129.95317409667044,0.11026841260629716,93.8869868256774,96.73868848128511,0,0
23.566666666667224,4.98097331391637,93.77265389166877,21.748604562154473,188.65899024039783,2.004315090890168,8.980373942645699,15.118638896604145,122.82871216991066,0.11117011056650217,93.90484925199895,96.35647504636641,0,0
23.575000000000557,5.058279424033121,93.73397043546288,23.621007276530012,188.49377048490118,2.142732098998131,9.926400358399691,19.403933829264137,109.29617299675286,0.10318685273133443,93.87035423565752,96.56083352340839,0,0
23.58333333333389,5.625179268144739,93.73785172392218,24.9278463102894,187.90449738386968,2.325249963590312,10.803941421687304,24.162532045743227,101.53898772840441,0.1039675863098779,93.90648267087202,96.12465921804876,0,0
23.591666666667226,5.848822259717228,93.77545607771242,27.54907935687186,187.70896001899672,2.515194362605294,11.612128186436948,27.607271564182746,86.42314927938082,0.09466572087022573,93.95767602707474,96.40749099924696,0,0
23.600000000000556,6.450759402698513,93.62178440690587,28.948736685711484,187.7265132410917,2.741113237760489,12.350668276286328,30.638765505483022,82.73884496522862,0.09838768195446201,93.84375745037421,96.75669987542265,0,0
23.608333333333892,6.738779216235746,93.68692028383583,29.705722520687065,187.2732885619236,3.022671284790446,13.00516192686346,32.622805365204,76.17940660977109,0.09759547545474412,93.92896346492375,96.36331673532078,0,0
23.61666666666723,7.112976523274999,93.46850659524677,31.299768937369723,187.32978802632113,3.347840714143432,13.58040827355211,38.72052043149769,65.60173501010627,0.0983492948324276,93.7387655144143,96.92750424500701,0,0
23.62500000000056,7.74821877109395,93.4382076740718,33.20797585845168,186.64835165476637,3.6783912972952746,14.100643541810681,41.358116046468005,58.679800755186555,0.09847721639592022,93.75891182958398,96.6246871759442,0,0
23.633333333333894,8.153175536375048,93.52051774724896,34.05271564434555,186.8543903348098,4.06640182274191,14.508145641927618,49.40732494098431,45.021933820053576,0.09954367513789553,93.87524439936469,96.86071417244152,0,0
23.641666666667227,9.03771026970367,93.12789568257256,36.01913345943479,185.8288313765164,4.485351759138878,14.870951812517996,53.631100143187176,44.673848663296155,0.10834139171576895,93.56540579286354,96.54771191424514,0,0
23.65000000000056,9.860023690732593,92.85124247401308,36.69562551140803,186.20108677656089,4.930718261541172,15.206551675227914,58.327180949390105,33.446367605039654,0.1079543894050583,93.3733007671346,97.13054594919024,0,0
23.658333333333893,10.704864612814223,92.68432402402249,37.98211604095548,185.8260148956,5.4155784564383636,15.509510359435552,59.42232778043514,26.291188023972296,0.10680533164262629,93.30047184322636,97.05371205621421,0,0
23.66666666666723,11.130289623936282,92.68336420552083,39.12078084772862,185.80441568636087,5.904885051203106,15.745684758966242,59.164731297286856,25.030967104315724,0.10877055087306342,93.34928680801971,97.23681313086342,0,0
23.675000000000562,12.46850150926986,92.45242075890462,40.07878192461289,185.02284459405126,6.436708527838511,15.882441814819115,61.84996130278675,20.830677623301547,0.11210598690239326,93.28940794146034,96.60026373479816,0,0
23.683333333333895,12.84155127980205,92.61158549970031,41.63355845323026,184.78870119345476,6.948514635229595,16.043155884741335,60.18825038112541,16.250535903778168,0.10977781872669334,93.49765348948651,96.56914794433331,0,0
23.691666666667228,13.851731758190855,92.38661830202,41.919198063244444,184.6642627280233,7.434087589261899,16.125977818599928,60.28462439154323,12.26875717635692,0.10998689608694123,93.41925772550331,96.45178238683417,0,0
23.70000000000056,14.645092828633839,92.37166119780437,43.309448155447235,184.00422244485145,7.919661967246422,16.190352147411154,60.185002444137204,-1.096106810006604,0.10432878401891621,93.52541118007052,96.01130947443457,0,0
23.708333333333893,15.58911755759522,92.40261877766295,43.85406857019871,183.76796805658051,8.45464139681973,16.135547781819565,63.25200628325587,-11.63659851853324,0.10471891536009892,93.70840166812489,95.63751619842223,0,0
23.716666666667226,16.648946192548525,92.27511987091628,44.30404589970346,183.71923555945278,9.024227858999877,15.96282160146267,65.89066366125907,-23.96838569911751,0.10426298806536405,93.76505295958802,95.53444841454379,0,0
23.72500000000056,16.920614263913027,92.02540419055629,44.96465035021152,183.7503015736974,9.560897079815435,15.78476140673191,69.61365564896364,-31.999599642675054,0.10724083817053875,93.56806187745578,95.91623824961746,0,0
23.733333333333896,18.09014031487158,91.95768576489905,45.4360298049395,184.2875151371574,10.16182617443556,15.475298677459355,70.13562478640195,-35.771203831369725,0.10876208028698109,93.72016404087043,96.29431480577318,0,0
23.74166666666723,19.171835747931087,91.84693119145709,45.64834567329718,183.6629443211304,10.73380421573496,15.190161570582932,71.70731233172344,-43.28406173234174,0.11046124942975455,93.82653172335586,95.55723857906501,0,0
23.75000000000056,20.449541782941825,91.64227188306529,46.586914011125096,184.16066399318788,11.34570301236695,14.74516397075677,73.34883769304663,-48.23611487793448,0.11286275742866803,93.89616475139943,96.13956056502963,0,0
23.758333333333894,21.159872140433723,91.63167853843021,46.43324135726068,183.93326481899282,11.9300416920326,14.30520295525648,71.95772443160415,-55.13407204018589,0.11265596788349708,94.04310022946774,95.69914326407631,0,0
23.76666666666723,21.93138494533554,91.55469806381745,47.03305373925105,183.64840428959138,12.498517753430123,13.904292854101014,68.2389707942167,-54.025972690938666,0.11275965603261628,94.14482664053968,95.45336297186488,0,0
23.775000000000563,23.093911283995457,91.49073298900419,46.85615995860747,183.91386784602872,13.090189908148291,13.449521363000642,62.80124908305886,-50.04222119121346,0.11248043732275859,94.36038872990251,95.42892810292823,0,0
23.783333333333896,23.731596675248742,90.96209356964721,46.96632090539192,183.83860395180739,13.566918409736557,13.098580734391712,57.30837995066988,-46.23618077348217,0.11215957806928767,94.00686755407783,95.73869954630838,0,0
23.791666666667233,24.687277428072836,90.77328987633604,46.843750855114884,184.04141563554856,14.05496283050348,12.656732139944411,56.1249608659664,-49.11480035576239,0.11383195133237756,94.07046200473326,95.86371887924807,0,0
23.800000000000566,25.019436483077474,90.56074091402343,47.21891565593848,184.02420636762668,14.498290568428093,12.257460383495541,53.89062020769079,-46.17897297188258,0.11541389805136903,93.95328624815433,96.06370932950267,0,0
23.8083333333339,25.752285772099643,90.03384747875032,47.798986311296694,183.40640244222442,14.94949953356478,11.873486406876827,49.75357884828367,-43.93753939482276,0.1163753167686159,93.64440140400686,95.94003869642759,0,0
23.81666666666723,26.537032908283724,89.92943314993812,47.47745377868177,184.2108657916562,15.360224511499252,11.465899735502957,46.16083975690683,-42.701620315520714,0.11737589300122986,93.76309008476908,96.57893024466685,0,0
23.825000000000564,26.743001609783736,89.87101364988524,47.196403376656356,183.46559573389544,15.71865682657262,11.151258662414104,43.44506147377682,-44.37012876961173,0.11885598199411351,93.76559726018256,95.8033790600187,0,0
23.833333333333897,27.71555668380069,89.13273055552793,46.8802003515142,183.60731490118945,16.055794778161687,10.780391531127044,38.574034971374545,-46.10314838205869,0.11964586888431761,93.3423576870507,96.39881043973492,0,0
23.84166666666723,27.73541169813308,89.04156926564383,47.4415053888277,183.81925622236935,16.33049696825194,10.432898465153293,32.01486108827066,-46.19945285518027,0.12009177027626716,93.26121444283999,96.80464902789274,0,0
23.850000000000563,28.32537353032473,88.97058534311759,46.91529732785808,183.51737122923709,16.564400140463658,10.03881829734,22.19228185437877,-40.77087964434847,0.1196588174330393,93.37072261651075,96.3570443101791,0,0
23.8583333333339,28.559491532985025,89.0747476435937,46.418562592282406,183.2948225819565,16.703175044459794,9.652553834244637,13.743176038620891,-39.022800247798706,0.11996137104543037,93.54119533335323,95.89770039209354,0,0
23.866666666667232,28.65951584321147,88.94294247978024,46.459285835493354,183.8229361551168,16.782803062409698,9.360724789861205,5.474137364504803,-38.5338714652949,0.12137546056842075,93.44632076935285,96.53520089381925,0,0
23.875000000000565,28.733762794367923,89.04239767757667,45.54158864309159,183.8582952580681,16.877924343036923,9.061731675267785,2.1756693992856837,-34.94224257161972,0.12124433561663883,93.56376279572511,96.29411946611933,0,0
23.883333333333898,28.7247902149166,89.47583917427312,45.27445947198368,184.0642109267684,16.876849772869573,8.820486948649338,0.861545115087292,-33.5345609472595,0.12036736421143779,93.97360995955916,96.02526554665995,0,0
23.89166666666723,28.70679420662822,89.54764370360391,44.58297536565494,184.26329795200593,16.843557631785014,8.544140689353458,-6.965824371995812,-24.003422463178374,0.11872269878077235,94.03648508153258,96.03701519673064,0,0
23.900000000000563,28.53237285172077,89.41055692513896,43.99517449121726,184.06453511480112,16.748997953427402,8.335515429521102,-11.31184711018672,-23.416025686275553,0.11849463460207899,93.85277827647474,95.90867438178601,0,0
23.908333333333896,28.462878970308285,89.15659237874326,44.26025801952148,184.10936579026276,16.604959266297083,8.209496883749804,-19.14926734581444,-14.944244617362957,0.11723336899118175,93.58970800182996,96.25791584780903,0,0
23.916666666667236,28.477805526768297,88.96773179941539,43.926686848160394,184.5363372190663,16.379627857291695,8.078242900524723,-29.73769585493183,-9.749447591940536,0.11841616963088164,93.4143602940851,96.80922619223534,0,0
23.92500000000057,27.330097028422248,89.02764428943362,42.800989158765965,185.60733811731842,16.107260334030855,7.97898913359178,-38.9806493692812,-10.749651204435388,0.12224478964014684,93.1281678726093,97.81096954430366,0,0
23.933333333333902,26.956787777381752,89.82882543082297,42.04619261634969,185.5238289810324,15.763227321196938,7.875766824846547,-48.693521657058575,-9.072034671890108,0.12602156055166613,93.78638646176782,96.87736496658476,0,0
23.941666666667235,26.588159021984158,89.9620136838289,41.43603116958406,185.38493416877094,15.34927572926116,7.8275860191477715,-55.4648261795162,-8.119378686968748,0.12788532120136153,93.80881678300679,96.57118131817093,0,0
23.950000000000568,25.57204020472091,90.17296585236357,41.1158661990603,185.95181578876668,14.873403446015606,7.834038998786415,-59.97031499261508,-1.185424357239232,0.12364364672912975,93.72882700025318,97.0319463974743,0,0
23.9583333333339,24.818455937313335,90.58817074486007,39.30575108221263,185.9194238467154,14.366978605659906,7.825409512444748,-60.104589347257594,5.328365479019406,0.11487144922288506,93.92642031937704,96.42577217002427,0,0
23.966666666667233,24.292931251724045,90.88480770611835,38.96194309316582,186.13243234010702,13.837216005555577,7.922140874626003,-60.95587996963997,11.860827576102103,0.10746384684807664,94.07547385253555,96.37058631564697,0,0
23.975000000000566,23.20630026723916,91.08126362590366,38.39280883983623,186.39649226807035,13.31420710129655,8.047812878164184,-67.59381921666613,18.252952345175498,0.10666364143428098,93.99111104665496,96.51747434394498,0,0
23.983333333333903,22.388878079798932,91.2524699235504,38.01440952303631,186.6630582763541,12.724061276658539,8.174865580612598,-71.5782985413709,20.14516294291755,0.10506801119231302,93.95890127508181,96.68163012026515,0,0
23.991666666667236,21.33528639194333,91.12456310384141,37.55061494885002,187.17495569621417,12.095864635166405,8.33072578714106,-74.98646354051893,21.658875309732352,0.10318290208296599,93.58889061364184,97.4095210816549,0,0
24.00000000000057,20.540076108520513,91.74241740215814,36.46782252686791,187.55870935378488,11.46791502124501,8.46871966429399,-80.06413987320938,21.687048728632586,0.10456713024227238,94.01364729301605,97.13112224887834,0,0
24.0083333333339,19.189087585117026,91.82067440840268,35.885737096564704,187.27447589133453,10.808923241835261,8.728393512507175,-82.10449403499544,19.188566716863647,0.104353714020192,93.80435667474718,96.90307695037907,0,0
24.016666666667234,18.01574444191971,91.9019691927146,34.63106498711432,187.55018229841966,10.123885928719014,8.86299853745754,-82.57104425522138,15.57955940487656,0.10266653162234407,93.65115583534048,97.08063425387132,0,0
24.025000000000567,16.939798757519217,92.04645199198711,33.575645426397735,187.63987401084728,9.410797934721023,8.972913574062023,-86.805971148894,14.443646032903136,0.10489175006727391,93.59223315135951,97.03016916230918,0,0
24.033333333333903,15.815066570552464,92.37163742483472,32.97290027131488,187.60408750239554,8.65129632229757,9.139024825220586,-89.96215570841512,18.39861988714144,0.10245057639853128,93.7157176314418,96.76575223227552,0,0
24.041666666667236,14.683842161324325,92.30301976556774,31.896766467318518,187.2176777671895,7.907636890448579,9.275950637052507,-90.39423640966254,17.826466651572314,0.09962063359063755,93.46369711530501,96.46282738303242,0,0
24.05000000000057,13.500765361814448,92.49454315113672,31.263500712928195,187.19534236269112,7.13054158110387,9.403806309461443,-92.355062102964,12.83973688727902,0.10268527427880514,93.4746552713208,96.3522503030461,0,0
24.058333333333902,12.060081203324163,92.49179836412867,29.104139851333915,187.42515529291228,6.380813414047197,9.443990217469358,-93.36441085785965,7.9974227264398206,0.10479887106233132,93.27474643900892,96.45124256827707,0,0
24.06666666666724,10.580669028798926,92.60996395034789,28.453977707898222,187.90038571534842,5.622718865875825,9.502492701942465,-92.25243889628358,0.12431415574548026,0.10678752513885659,93.21242395722643,96.95215130821003,0,0
24.07500000000057,9.637322129866735,93.46187650864783,27.64220928816292,187.69441477763576,4.856349053568372,9.448831663243618,-90.36605399954752,-10.94692395432836,0.11097452349118875,93.95743897293369,95.93720461947625,0,0
24.083333333333904,8.64986780324745,93.5823394917702,25.81692341240353,188.32436072568908,4.125563597474764,9.377482539588602,-86.00711659721233,-13.764375867622421,0.10352988635745053,93.981245351222,96.28477753921536,0,0
24.091666666667237,7.119136294076388,93.59689379620767,24.317577461287616,189.15203016828974,3.4047637794596004,9.188668489860166,-82.33387876769191,-24.641644478345285,0.1055518639821833,93.86725003893643,97.09052716753179,0,0
24.10000000000057,6.338570613812185,93.63336428377994,23.083069967445116,188.94083423239437,2.714952676068929,8.985693062632341,-79.8004244722701,-28.363817914866587,0.10281204321437665,93.84766584484305,96.76720563605139,0,0
24.108333333333906,5.096221506881595,93.69705391294548,21.71792849781747,189.35053636970525,2.059141768202209,8.736266031330661,-78.7906529866339,-37.840794643550346,0.10947932736427868,93.8355443614658,97.08691904370112,0,0
24.11666666666724,4.008928058129304,93.90128636223312,19.703600265935,189.33868331258378,1.4135854714762062,8.44615866065961,-78.0358210784689,-33.91501682879166,0.1019695075060989,93.98682399494815,96.71928180238555,0,0
24.125000000000572,3.1855580771264203,93.82898882646572,18.8591576389768,188.9830487114341,0.8008993619678789,8.033480539785781,-72.13604385522807,-43.73314160079393,0.10072278725314865,93.88304918599403,96.4362838138083,0,0
24.133333333333905,1.959698456889389,94.05958016220268,16.073316835108646,189.56518015901014,0.19963206337726752,7.6942607709210415,-68.43697273751607,-50.248417384033345,0.10046701681381087,94.07999276324253,96.54280840371383,0,0
24.141666666667238,1.123680033405667,93.90110733637209,15.573829574910693,189.64580244231826,-0.35081832333870683,7.293530548006995,-65.76424836272184,-52.069857397117175,0.09681337988735583,93.90783042864076,96.82899081732934,0,0
24.15000000000057,0.30763778130722574,94.11711006554219,13.324051900343537,189.50944231117705,-0.8700373513747204,6.8136625522374805,-58.116528160682826,-58.758157983844896,0.09055949254665618,94.11761284740423,96.2762903719282,0,0
24.158333333333903,-0.4397053787548044,94.12240838840523,12.177089716842037,189.37390458368708,-1.296389907822585,6.272078525291597,-50.43125884609154,-65.21576665257692,0.08456221117900098,94.12343545394974,96.08345875291994,0,0
24.16666666666724,-0.9533488852255187,93.96454611830956,9.531294215616814,189.88110474128337,-1.7197672716562538,5.721451803002006,-46.18272034925897,-71.64752880919738,0.0845129809616525,93.96938225463059,96.48789540158087,0,0
24.175000000000573,-1.9828695661025746,94.05517546826064,9.20721070855291,190.24914542393736,-2.1153999944399575,5.105934510076309,-42.355560145665116,-74.50920621815482,0.08124225570025523,94.07607455714484,96.84264428642409,0,0
24.183333333333906,-2.21248287368996,93.8395026283892,7.143137812676007,190.2957123670392,-2.45620476242163,4.485203712852189,-40.24940143582087,-83.38793406160573,0.08794089337428579,93.86558119997892,96.90886458716558,0,0
24.19166666666724,-2.5163245384964013,93.80188862288065,5.095449329269916,189.92905932016964,-2.7560234150428506,3.7405635777257062,-34.92673901162526,-85.30204365355499,0.08157246948973507,93.83563394788968,96.42806670093384,0,0
24.20000000000057,-3.0833830260473816,93.81983153204015,3.7097660285255687,190.51022932625483,-3.003002699221873,2.947957167942608,-28.94002070945539,-98.62904079444195,0.08841403326897668,93.87048545515098,96.92873619149854,0,0
24.208333333333904,-3.9656263117140567,94.06638892198202,1.6972696547973714,190.45205195705154,-3.240472615941014,2.145680632091235,-25.378661732203387,-101.08686586565074,0.08599222203791346,94.14994273426693,96.55187429272151,0,0
24.21666666666724,-3.9904008545674925,93.90908620825553,0.05899398265535627,190.52429845773497,-3.4391334538763707,1.301053017573365,-20.8290013182184,-111.27058170413943,0.09220880453406233,93.99382836893975,96.70003534931975,0,0
24.225000000000573,-4.09592566073871,93.90886649302325,-1.794408112443132,190.5272247785096,-3.56607725638458,0.32619134511069836,-16.43312109014509,-108.6193709808139,0.08263460895344599,93.99814792336477,96.64576628496316,0,0
24.23333333333391,-4.135084096422868,93.71407527802728,-3.517556381044069,190.66751089591736,-3.7028010086399443,-0.5915136453866977,-10.583944478233363,-116.99936659172758,0.08552069269490081,93.80526011743827,96.95540221458327,0,0
24.241666666667243,-4.4481711672382245,93.726996457506,-5.740941414294862,190.95365473313836,-3.792967938406598,-1.5958392579945728,-6.492537948384923,-125.03021877872419,0.09091075827879802,93.83248953149645,97.23525252889645,0,0
24.250000000000576,-4.804598567549415,93.76603923757608,-6.792164224561584,191.00725483749886,-3.8456498289081322,-2.651333527422774,-6.126000931805415,-125.22033460600883,0.09165735710198408,93.88905304505927,97.26152594212986,0,0
24.25833333333391,-4.539217449709379,93.59587196071163,-9.266874685319973,191.13206355484704,-3.8907441850740625,-3.7013977365910717,-8.388614474068183,-124.4811098957123,0.09516699373020554,93.7058789145146,97.6507010401119,0,0
24.26666666666724,-4.539262251955104,93.6173917726619,-10.633802792895889,190.6652719594805,-3.9459401090967767,-4.696672133370386,-5.164333921830623,-121.93394584795084,0.08932575196092785,93.72737563864726,97.23905837244757,0,0
24.275000000000574,-4.849869774153485,93.82826115148998,-13.087584615964428,191.2504490041445,-3.962044445102342,-5.674134319491693,-0.625095650668364,-119.3339484512516,0.08249081304733386,93.95351950586233,97.76984520706219,0,0
24.283333333333907,-4.765349300654118,93.5632129099759,-14.724921759612126,191.37162384929866,-3.9505948477101516,-6.731099428488432,3.45912169942847,-122.8337092477449,0.0843008511358696,93.68448838518961,98.31418175441763,0,0
24.291666666667243,-4.821369856020051,93.58108427186932,-15.969948273196731,190.53878306267148,-3.898435541634882,-7.751117355651091,5.956101419933253,-121.08379579438223,0.0821530827775736,93.7052023144246,97.59654786687825,0,0
24.300000000000576,-4.713271132868154,93.87249928771081,-17.63500899594231,190.88554241569466,-3.840964188469147,-8.761090184782695,7.387526858470465,-113.41881921107677,0.07533356666981517,93.99074979641983,97.86982091714513,0,0
24.30833333333391,-4.3217937122543,93.85994208887405,-18.72279150094465,190.7873499296794,-3.794869591649081,-9.655904008764537,10.310505138660547,-112.88966711478372,0.07502081928722815,93.95938819414519,97.9913829275191,0,0
24.316666666667242,-4.188403316916204,93.7511306006914,-20.87051461299222,191.67176009879807,-3.724890683017523,-10.589712142119557,10.176834177468239,-108.8839967468009,0.07456197646040197,93.84464402006675,99.33147798457519,0,0
24.325000000000575,-4.168647105814439,93.75128580964099,-22.870659173292434,191.2055719393075,-3.6565131917630507,-11.439663074114472,6.543578652226448,-104.44024821034937,0.07684012907277937,93.84391940692699,99.23257096545974,0,0
24.333333333333908,-4.040013122560818,93.73540117544326,-23.178169135362108,191.27595528506043,-3.58208351968897,-12.297924812400948,6.322652409221443,-99.15805894556598,0.07572069401185288,93.82242343678696,99.40034563109667,0,0
24.34166666666724,-4.019077340216195,93.96666864584796,-24.90940478946123,191.86438388843385,-3.5102453457479594,-13.164107017723248,5.603455220789491,-94.80941250154457,0.0763912329650096,94.05257997027634,100.10179034690195,0,0
24.350000000000573,-3.9113643247057395,93.77249172642053,-26.167334598308738,191.1781249859639,-3.4661902044452524,-13.890824932319864,5.271823998995302,-85.88364509486443,0.07276721776333339,93.8540301503467,99.91589264732696,0,0
24.35833333333391,-3.8745325049809436,93.80226710644212,-27.41379339366568,190.6622319511008,-3.4150271742621037,-14.627761149707673,7.8127347453109515,-83.46157605346188,0.07295219607568271,93.88225240395793,99.67923350876089,0,0
24.366666666667246,-3.771559946863131,93.8145348569168,-28.240791187569638,190.48287883373467,-3.3622682756917834,-15.257650176989815,7.282028447615937,-80.32680894868501,0.0744066501422691,93.89031693871546,99.7171600314186,0,0
24.37500000000058,-3.379608046010726,93.83117120390023,-29.398873125093015,190.21385452445378,-3.3214597085328688,-15.900631840028261,4.9944891273942655,-78.29105455043205,0.0780819711510925,93.89201478315553,99.83297951742031,0,0
24.383333333333912,-3.5777291137210296,93.84832892414607,-30.48264058841414,189.85144530745936,-3.3004434787216654,-16.600231092965917,2.1096543947251143,-72.15832403644926,0.07984398920019453,93.91650008100748,99.70191882190166,0,0
24.391666666667245,-3.5880190596896524,94.0389844252989,-30.759341023411135,189.8161300778907,-3.296046606909233,-17.166213415771,-1.8555272874542614,-66.61400558556039,0.08224010804800308,94.10740923282454,99.55672938889666,0,0
24.400000000000578,-3.39783365473357,93.8185463639482,-32.529895344746414,189.56976948921044,-3.3142004792388953,-17.665176450709335,-4.914938178522342,-59.12908666807499,0.08266901460303178,93.88005600440138,100.08483275848778,0,0
24.40833333333391,-3.7949813190341457,93.85816405566635,-32.67351574156623,188.64765817369533,-3.350614390146181,-18.134135456481815,-7.397076078321602,-52.59461400699179,0.08349993463594663,93.93485425076358,99.09095794039546,0,0
24.416666666667247,-3.8097982475912273,93.83204326081352,-34.24809416910022,188.89069146253127,-3.414976698910147,-18.499712769545738,-8.808397578045748,-40.2135206983844,0.08036409494920616,93.90935472670724,99.81300745165075,0,0
24.42500000000058,-3.95856689970861,93.77819116606645,-34.41912588219889,187.70077798282637,-3.5043733837512754,-18.753890216357657,-9.172371361210699,-29.13778776669124,0.07779460608302324,93.8617035338629,98.73853334882777,0,0
24.433333333333913,-4.085667727503615,93.9384564364222,-34.41846655997613,187.97787454594345,-3.5776407421586827,-19.024623141316827,-11.154428179259549,-21.28909561247835,0.07801769929241598,94.02726348478485,98.81037821701018,0,0
24.441666666667246,-4.192208442659644,93.95442023197171,-35.00242158000213,187.96979870978095,-3.699496552261582,-19.161816307420594,-14.143299798590158,-7.21925764946264,0.07674500353183422,94.04790105447671,98.9351334152544,0,0
24.45000000000058,-4.437543014881778,94.01949245777001,-35.41875837262756,187.64168182321367,-3.8414971880552127,-19.212688120872546,-16.660921871967542,-5.041433146388369,0.07790113784908614,94.12415603884902,98.61516134257457,0,0
24.45833333333391,-4.728125860239284,93.89302984352065,-35.11365408564546,187.6184394525322,-3.9881900045761562,-19.22913861184669,-21.23932605883049,4.969926957347731,0.07822605423076201,94.01200044327598,98.52782719574174,0,0
24.466666666667244,-5.005368002454186,94.01082636768177,-35.81552469612449,187.7901530824318,-4.177918016892136,-19.061720677157563,-24.470774493233915,14.655129638647498,0.07747664083782402,94.14398113089547,98.71082957082443,0,0
24.475000000000573,-5.290392403172116,93.7766388639248,-36.4071456267697,188.02541985633087,-4.362439243231224,-18.94815846035095,-24.839478403930915,20.78009734164788,0.07696478455298994,93.92574859107864,99.25263245744566,0,0
24.483333333333913,-5.8913178471634025,93.75382328736134,-35.50970570138258,187.73573315586185,-4.580322912422205,-18.712667722983404,-26.46975910573229,35.126163382882815,0.07677056918067171,93.93874071422334,98.53856240890624,0,0
24.491666666667246,-6.068891530504909,93.7456525241214,-36.09319389488734,188.03779488548622,-4.814965900750332,-18.39812532966652,-27.61266862533431,42.738142323350516,0.07645491146691485,93.94189061107053,98.95689386578255,0,0
24.50000000000058,-6.493467443808124,94.06242164841092,-35.19920356801452,188.7396511097922,-5.055367359176877,-18.01079549068113,-28.721510969088808,51.36718901835092,0.0763861192805777,94.28628895978056,98.93329603786385,0,0
24.508333333333912,-6.797916244212497,93.55311127149832,-34.93720590449214,189.40773630144037,-5.293837311526587,-17.576698125758977,-29.020206790639236,60.416162042287404,0.07681323900999626,93.79976702444775,99.89959340365661,0,0
24.51666666666725,-7.042176891032905,93.35225067785404,-35.23050453355665,189.2919691900579,-5.545115502490168,-17.006202492911658,-29.906935822061108,66.36377347379084,0.07601363998624144,93.61749282044195,99.99505689524447,0,0
24.52500000000058,-7.8440984926957595,93.67712778951972,-34.00982045397597,190.0456505974006,-5.793847668085451,-16.417253133812753,-30.519140965658536,70.57257434240213,0.07483047776872365,94.0049687625985,99.857584558851,0,0
24.533333333333914,-8.11353976885027,93.6265442803579,-34.00199949314713,190.07941150320784,-6.0454816599357075,-15.834482222976394,-31.882646786145422,77.97351028437768,0.07529815010460483,93.97744049218691,99.86675093546029,0,0
24.54166666666725,-8.505733947814118,93.51563284925334,-32.77854395732526,190.05970791352587,-6.301453772930088,-15.13062308462822,-30.080519404320295,81.15682544606446,0.07417611946629821,93.90165651993232,99.54861995916224,0,0
24.550000000000583,-8.849265892903698,93.21638328796604,-32.112446579106795,190.60859419443563,-6.547840682945503,-14.473440511098298,-28.948783532563624,87.0651980936514,0.07510615296917234,93.63548269823947,100.13200447853416,0,0
24.558333333333916,-9.363224512082635,93.06474883659564,-31.12991646520174,190.58039082779345,-6.784425209162997,-13.79318022467592,-26.91354395388842,84.09129946162128,0.07152894356968487,93.53457889616168,99.91541078100737,0,0
24.56666666666725,-9.684066361596134,93.32365395865969,-30.547351431518845,190.63557365261516,-7.011642665562873,-13.054611984263323,-25.332040059727287,81.5834325948238,0.06799526751897966,93.82475968256703,99.52329565700535,0,0
24.575000000000582,-10.054242658199936,93.02929547077377,-29.548493780070995,190.83112257345272,-7.224405705660835,-12.3720834334716,-26.700045464397082,87.04856527381003,0.06845016860224762,93.57102976465791,99.72573996428844,0,0
24.583333333333915,-10.274180041383314,93.03038849842898,-28.419602899102127,191.26333517936501,-7.446766933096406,-11.559869657996929,-25.111836234177513,89.50081504361779,0.06804535215906782,93.59600397288008,99.89478557114504,0,0
24.591666666667248,-10.719293842314013,93.00929971738947,-28.083336757577396,191.42717508221426,-7.648418993774729,-10.84209619649134,-23.25938797456125,90.94890419858997,0.06783500295770573,93.6249597831532,99.93792161982005,0,0
24.60000000000058,-10.95173395333671,92.76794105910119,-27.071657798958594,191.52867134918756,-7.823380790968839,-10.133130057672963,-20.425709311143418,88.52507173460751,0.06571753546564629,93.41215854978164,100.0676460811377,0,0
24.608333333333917,-11.308836766370401,92.67157476006128,-25.41933255380155,191.7435258765252,-7.974447295252381,-9.387842523816026,-17.703146701985247,90.27451181908575,0.06646205223611235,93.35904111288868,100.07176219788542,0,0
24.61666666666725,-11.618273788289226,93.04735025855314,-24.49211835244341,191.45137259814078,-8.090879041680427,-8.64329684047216,-12.121275269090848,87.27157865394614,0.06574707058196205,93.76989749358542,99.24256892317966,0,0
24.625000000000583,-11.63079326271463,93.10529576551193,-23.135738128076976,191.27972855896138,-8.189014257324526,-7.892311508373546,-8.244520827248937,88.65150766889488,0.06765525056356925,93.82894783329643,98.84625946726841,0,0
24.633333333333916,-11.710413209505585,92.98166496578455,-22.818793983602287,190.89145192771252,-8.234500452323427,-7.165802330675302,-1.9123354070649319,86.06613728621831,0.06861353360205547,93.7161874883244,98.53792420358997,0,0
24.64166666666725,-11.651741604840648,92.68214538014274,-21.210321589469455,191.11409573572507,-8.240391012272758,-6.505861229601695,2.1418455757616592,76.05295502089763,0.062186233386546164,93.41168639250598,98.89497106590593,0,0
24.65000000000058,-11.678489291721231,92.9701982167777,-19.504343638782185,191.24016964130033,-8.200664831246264,-5.863043788980342,7.442342480781463,74.47245357145955,0.0636012183054735,93.70082640299276,98.58108987041027,0,0
24.658333333333914,-11.4453273739997,92.94936104031802,-18.570948614572725,190.57680868314196,-8.115856979445839,-5.236237163457647,11.8202349541869,78.41348288297844,0.06920370991637848,93.65137071341464,97.88714425968527,0,0
24.666666666667254,-11.475543544082708,92.98107458673252,-17.236210799039892,190.97912522656736,-7.979306287934461,-4.583063833598924,17.995100067101035,77.81977443543475,0.0731073846228667,93.68654295540878,98.16722068200754,0,0
24.675000000000587,-10.916479116845775,93.09680912652169,-16.229270788039056,190.45648927989998,-7.805730489385317,-3.899299434811812,24.816080166905063,79.27575600038784,0.0804258894287515,93.73465413521588,97.50452848411516,0,0
24.68333333333392,-10.742160931793531,92.79355069775494,-15.127698428389404,190.94921172257608,-7.559289770219992,-3.2419351968353634,32.295653711222805,73.52374140281134,0.08180598583992404,93.41325961865033,98.25358380412207,0,0
24.691666666667253,-10.14642724748597,93.25964400959208,-12.484856566084314,190.5363515384272,-7.2698759381633495,-2.633392871523754,38.712794774809645,75.44222972826451,0.09057549658040198,93.80997381240638,97.30481015514395,0,0
24.700000000000585,-9.661677073806342,93.29481803028432,-11.232368686582785,190.38707325973314,-6.93843078649339,-2.137669215091792,43.454968203296225,67.7439473089854,0.0868560902265827,93.79376885050722,97.10495918171677,0,0
24.70833333333392,-8.933050996607616,93.56692004698505,-9.717147585183508,190.58045673142772,-6.5616451303632415,-1.608161488398071,48.29317375906754,59.0281377608989,0.08242164582188982,93.99238228275142,97.01670530111771,0,0
24.71666666666725,-8.32806183183106,93.54048720846407,-8.032497343950464,190.3048238756839,-6.15078551899192,-1.0721819982824103,50.463711735331586,57.576594062026835,0.08197923106887206,93.91048589519507,96.76478806370403,0,0
24.725000000000584,-7.4882123660532285,93.62584387348306,-6.994435042706523,190.7254013984833,-5.70602430340085,-0.5673558784951203,55.80342422510787,50.141277928108025,0.0801978728369086,93.92482081676248,97.10081301202315,0,0
24.73333333333392,-6.90055370640476,93.60893822850556,-5.392876917622739,190.94557192638598,-5.2107631806951185,-0.12258227091249643,59.000022441544544,49.26263685084482,0.08224934217381463,93.8629370823391,97.34830943028636,0,0
24.741666666667253,-6.048719175440961,93.68229638000167,-4.698600329195638,190.6893969382054,-4.695672870153451,0.2716097305214114,64.23541394996656,53.34661324690366,0.09358263324694027,93.87736499654122,97.01649539953726,0,0
24.750000000000586,-5.05584128163684,93.66603482052665,-1.7989621570120518,190.45788808520206,-4.15593994673385,0.6482062059550023,67.39355379008919,47.55832864198174,0.09075373857033453,93.80238595081263,96.84663194991798,0,0
24.75833333333392,-4.194856655247345,93.94071279091611,-0.18697022929029128,190.4365462772543,-3.5812800046039714,1.0207724253836288,72.36878065900554,43.667915518656706,0.09354015596674836,94.03432533933267,96.57902999008884,0,0
24.766666666667252,-2.9444992485389276,93.86372185086753,0.9052761993752414,190.6135245386343,-2.936173259061041,1.2933248519848612,78.48413986788651,34.00031112736152,0.09218379339012994,93.90989487546918,96.82636568167351,0,0
24.775000000000585,-2.038673184996237,93.99618722877142,2.625858695625486,190.45966250404183,-2.2811789339519817,1.5834483870595344,82.43374714774508,24.1040890836457,0.08748909695411644,94.01829291101531,96.57618712626856,0,0
24.78333333333392,-0.8912319980533381,93.91714093207139,3.854774667816348,190.5533761576275,-1.5779248167524105,1.7687032230230417,85.0862145380152,15.65211182717145,0.08266679518602116,93.92136953499407,96.75270816799647,0,0
24.791666666667254,0.19017003405599997,93.99311984911083,4.785782175652234,190.55410420475118,-0.8301429387786529,1.9057927717636651,90.36672681600376,5.788725266931408,0.08169825621549354,93.99331222811102,96.6702816313587,0,0
24.800000000000587,1.6952215924382061,94.01812036657725,6.967701742957051,190.65546647450293,-0.05829318221648626,1.8759764172466913,94.6307547377856,4.258555046546133,0.08746793425563837,94.03340222235754,96.78107103003475,0,0
24.80833333333392,3.023338118219219,94.11758733005729,7.735280774245159,190.00918270098123,0.7132563315403645,1.9185520551283326,95.11067959207149,3.643582942553853,0.0879412790135139,94.16613413647201,96.0072938186192,0,0
24.816666666667256,3.996989843529154,93.95625072676586,9.467590325700318,190.5383742797277,1.4901700801268942,1.9673657171830896,96.1005873044553,1.0181662899711519,0.08782623983540594,94.0412302048424,96.73693224221614,0,0
24.82500000000059,5.604114268557628,93.76217298080769,10.548288225084267,190.3075340425787,2.303664986351805,1.978416499335686,95.74635606153687,3.9170648428063433,0.09110157055730994,93.92950111023669,96.67187594466203,0,0
24.833333333333922,7.032534322441852,93.684266753278,11.979440260335085,189.81736716446983,3.1125064194583913,1.9882883417390766,95.60936911734352,1.6590415612036358,0.0902290755843258,93.94784923613564,96.2602974908485,0,0
24.841666666667255,8.025362227604209,93.62522364140858,12.96823025155965,189.67771790849662,3.9150369870197537,2.02465270939547,94.83189559838037,2.702287991946944,0.09187262194776791,93.96855293547958,96.17959034655544,0,0
24.850000000000588,9.148495310561547,93.12749095088543,14.81677980212294,190.5270594473701,4.705924644425748,2.0561147534054953,96.05108450779433,7.845759261262252,0.10162273457232862,93.57576896427095,97.56436538192972,0,0
24.858333333333924,10.762104595778059,93.45221863821871,16.07580838241046,190.13355623855387,5.504395143883956,2.1311629657232007,95.44812557737355,7.992271603412871,0.10360395934687672,94.06986799042454,96.8272507516456,0,0
24.866666666667257,12.069896440680683,93.04540441460131,17.542575257813045,189.6273949636867,6.297939585829759,2.182693164716936,93.01770836170749,12.235919979491575,0.10683485824516792,93.824994978766,96.73691700617252,0,0
24.87500000000059,13.198275171806362,92.6213774696381,18.650810721575684,189.95111155387008,7.053478323473664,2.301636165134949,92.75155631441848,11.24114047680943,0.10899126670425607,93.55700952832933,97.48234343115068,0,0
24.883333333333923,14.366199118036324,92.350938956692,20.52013046952101,189.3003119756733,7.8025372069966865,2.4075022243652056,89.77332903905477,12.632837036990457,0.10905290602244078,93.46166916592983,97.1444892922515,0,0
24.891666666667255,15.652363952939371,92.44371113439018,21.77346486402627,189.06105868954097,8.540185603479028,2.5356348159271147,83.69418367234609,16.043290668914562,0.10620719244121313,93.75945939271328,96.81105166744399,0,0
24.90000000000059,16.67416643989333,92.2256592322916,22.864142001033034,188.78958232001816,9.219360378914518,2.630648151851799,77.70492348840621,18.380555168817885,0.10285166598148177,93.7208623909108,96.76211572480149,0,0
24.90833333333392,17.78601253259797,92.3253282657518,24.351640467979283,189.2663230189699,9.840399611128491,2.814624537354858,73.68411847992998,19.966336572618424,0.10230675152253665,94.02291466014316,97.16307906776791,0,0
24.916666666667258,18.749507869793437,91.97626368193494,25.654084443162166,189.0747006032817,10.438676413784814,3.0280989106533127,69.25319025460196,25.116026593052343,0.10472467325185741,93.86787057480461,97.34361627875899,0,0
24.92500000000059,19.55970374173052,91.76180224284724,26.858146680204474,188.71690642652464,11.006843406260048,3.258001741727422,64.46549552806631,28.844470834576516,0.10553254647609966,93.82329327688126,97.2294168273877,0,0
24.933333333333923,20.436487797316776,91.79218944050217,28.11725570095621,188.49390644204465,11.536721941673267,3.4789013188605993,60.53650764160319,34.21733393930043,0.10921024794458001,94.03965161447013,97.00626921305647,0,0
24.941666666667256,21.2192438079357,91.96418527532563,29.005400023108,187.3826596913243,11.980112712588598,3.8411778216566472,53.27261809235385,42.42615016225369,0.11068176798711793,94.38044120015034,95.73562288136877,0,0
24.95000000000059,21.93737686782953,91.54129553353033,30.94448738925559,187.36506754789508,12.407389279209239,4.222615500462494,47.92049217688317,47.549485822429375,0.112377327952347,94.13318910882772,96.2461600429136,0,0
24.958333333333922,22.638943397118343,91.5421488103355,32.115078684164594,187.24004677337786,12.80045237785198,4.589231436826267,43.87155402170006,49.4355694347167,0.11287314122139236,94.2999828576418,96.16592335397851,0,0
24.96666666666726,23.08013400905492,91.05728947215084,33.092560513444774,187.59278842826438,13.15980391261058,4.993511010127609,40.02621472886711,50.581982222584166,0.11307015096446715,93.93680083913335,97.05334225677963,0,0
24.97500000000059,23.488653050022894,91.03066258756076,34.40782296839354,187.23779055192728,13.456940143202988,5.3850003219645695,33.37899613672961,48.67409198156911,0.10728694308672493,94.01222448827963,96.8247888862054,0,0
24.983333333333928,23.661732201202373,91.0880442974966,35.8418586182358,186.9719684781071,13.715346226072587,5.802830216096798,28.087092510715166,48.334200767555764,0.10487358032001737,94.11115441170679,96.65444840155045,0,0
24.99166666666726,24.53889268952287,90.85651712570774,36.61790442347195,186.804092299535,13.909862761794665,6.276782213982695,21.372610477525466,52.293974692977706,0.10440504071845202,94.1119756388205,96.70491045549917,0,0
25.000000000000593,24.68124184485345,90.74911922600961,37.51433197481459,187.27988245886183,14.062618048094578,6.738997251344623,16.277188409367813,59.49346588086251,0.10778202742241261,94.04555459616712,97.38006188435433,0,0
25.008333333333926,24.740965816678116,90.73848763758366,38.655271183121506,186.72878634606104,14.179513849159493,7.229672826572763,11.409138420379454,61.385372635756056,0.10750469705286969,94.0509889809669,96.99353246466153,0,0
25.01666666666726,24.66605591009176,90.82201429698108,39.22329430564458,186.297559015282,14.257551150730851,7.776153262444466,5.970602378111229,66.62213133574554,0.10930459418350535,94.11191526645713,96.57894609572645,0,0
25.025000000000592,24.92533627540485,90.6668577935452,40.9403919155613,186.01881961376353,14.314232644192614,8.349664537885774,1.8997123411803176,75.30469195593103,0.11489688003211995,94.03058805833855,96.68753089267344,0,0
25.033333333333925,24.731667856628466,90.65947425158112,41.993211213577304,186.33036534638694,14.333140503974942,8.980627635947213,-1.725536955296616,83.22042792862077,0.1205104487562414,93.97231329782028,97.21563805241429,0,0
25.041666666667258,24.909033295321766,90.68990744882956,42.75787178572063,186.08701626718494,14.255778296619422,9.697211672989617,-4.916084631573049,82.4795318791801,0.11927376780507215,94.04849415479612,97.05250850110718,0,0
25.050000000000594,24.727932819747824,90.67843288961564,43.51865602349057,185.16621925717516,14.173886451870468,10.440908294939238,-11.342110575222025,86.95814244166428,0.12026476214172988,93.98962098473686,96.3381183704625,0,0
25.058333333333927,24.573639645913378,90.82619536835409,44.95008146171143,184.34125404248192,14.047839332603372,11.122250237387478,-18.562323256581376,85.75476077378825,0.11678801424787455,94.09177185353474,95.70927635239008,0,0
25.06666666666726,24.464003648673046,90.9487143285267,45.88048930600605,184.26111033213618,13.888844010337296,11.822605263131205,-24.451267488551757,83.38807608136112,0.11420680332218236,94.18150621291979,95.7385455594829,0,0
25.075000000000593,23.906745711644707,90.98320956713405,46.44625335964367,184.10075615383448,13.687764521763254,12.494187568462934,-26.95188112263249,83.17794170198235,0.11433286771690687,94.07165839751246,95.80661191870072,0,0
25.083333333333925,23.41148551080011,91.62475283447048,46.921007278358,184.08707384971268,13.467116482556579,13.1639267442001,-30.271301861321533,78.96607616002407,0.11237483627699874,94.56845661107202,95.40428932320064,0,0
25.09166666666726,23.277410066299016,91.84028735729311,48.16119528186267,184.35970994806326,13.177968659903623,13.858116476534807,-33.04076928710789,74.50410846779131,0.11072850027974779,94.7442673794294,95.80733961019799,0,0
25.10000000000059,22.679300504491042,91.23579747834657,47.92597240033604,184.22999734980635,12.902324397639603,14.484999609090353,-33.77013319660788,71.51697682319521,0.11029325735568207,94.01234712995351,96.36034273262763,0,0
25.108333333333928,22.39935475190106,91.46732705143609,49.00308120787765,183.36407814275128,12.621008025178817,15.008975713121046,-33.38117912464125,67.33203696379798,0.1092134536223015,94.1700749242342,95.67011614126727,0,0
25.116666666667264,21.882605012335606,91.5928269455099,49.48098376221265,183.7078660252916,12.336412095054522,15.569981801161852,-33.2154450945778,64.50581438422849,0.1090301446446329,94.1705598899997,96.16054770170236,0,0
25.125000000000597,21.200277285772874,91.58052538628749,49.41455093565134,182.9532437473136,12.02354176982682,16.111905214069463,-38.275635219291644,62.76125926016111,0.10927108843555855,94.00236373103661,95.62959216829078,0,0
25.13333333333393,20.635334465691418,91.72750449879209,49.95015441366696,183.0288035942279,11.747287478158375,16.58049255309019,-38.093385177084144,56.86700493833089,0.10855382518421397,94.01995591408706,95.89205329481923,0,0
25.141666666667263,20.474979157983856,91.69088126545068,50.38522214793648,183.68795974611112,11.410832674858703,17.092226599104603,-38.645935352405516,57.247939721841774,0.10920127203992935,93.94914836630957,96.73719597287698,0,0
25.150000000000595,19.8151893827033,91.76641450043377,49.87573366696217,182.48653630294774,11.060593651274882,17.57026264524345,-40.67136191118842,50.37890691901998,0.10898851077801153,93.88139624301408,95.57079482001214,0,0
25.15833333333393,19.147872304173294,91.8027469808402,50.67281532709092,182.5655377837753,10.709562584649097,17.947497376200566,-41.027986272060495,48.2525607207636,0.10872930035500472,93.77838432712035,96.08176844196596,0,0
25.16666666666726,18.454499265048927,91.86371012397154,50.392917420314696,182.90033159219524,10.39839451381324,18.30169534990401,-39.41312046690698,41.706625959221725,0.10800496327121856,93.69903831344675,96.47657229923365,0,0
25.175000000000598,18.54410525972901,92.03179453760987,50.62664690936567,182.49635363283573,10.110003573523695,18.66725731949804,-37.153805615414,38.95866259820352,0.10767630025624086,93.88149469249383,95.9850297233599,0,0
25.18333333333393,17.24822288166911,91.86466153405615,50.65630470902898,182.4956652597947,9.79490735025977,18.89278970101736,-36.03458590707609,27.421577527056044,0.1069932525923285,93.46987338892907,96.59233286197411,0,0
25.191666666667263,16.963389967246034,91.88771979678353,49.958371047293106,183.019972712646,9.477551804702452,19.07895998218525,-33.00069577794547,13.796618222213397,0.10663058464572384,93.44040693743295,96.9213923651192,0,0
25.200000000000596,16.789761020005134,91.9922309263232,50.25162451743075,183.00865072810774,9.192587247538794,19.19483040081848,-33.15754365168709,5.479377998785607,0.10753772942541895,93.51185286321119,96.9725991311722,0,0
25.20833333333393,16.556111908795064,92.3073690222015,50.08171505916159,183.08056189389833,8.917091806310818,19.193324031246956,-33.08378337009466,-0.8465268597072657,0.10760589299072976,93.78035624445789,96.76641261676563,0,0
25.216666666667262,15.905248886173187,92.27395073008887,49.5095642729549,182.75798667934203,8.656975240676205,19.167539256263925,-31.445860365403895,-10.288891237908476,0.1082065338812157,93.63471004638174,96.52259204082758,0,0
25.22500000000059,15.253644220835216,92.36813334223717,47.40155665603914,182.58465228831773,8.408485632149288,19.090786051636776,-26.59812371848887,-15.344539732939488,0.10501538110417119,93.6191525231089,95.77321423388719,0,0
25.23333333333393,15.050359021256558,92.291799580376,48.000270544862424,183.01825929432476,8.266631039765388,18.864794955515848,-23.527417087140392,-22.758301438081684,0.1037863972697326,93.51090618988252,96.5245417582504,0,0
25.241666666667264,14.702274627424917,92.27095766552372,47.26322138105315,182.85580361485836,8.073008334942527,18.628807856972063,-18.878119140253276,-36.46691926365776,0.1046784645922787,93.43493194589,96.25917914234103,0,0
25.250000000000597,14.588137654881738,92.44935362946023,46.29303539466361,183.21211563015356,7.893874383702517,18.2997153892245,-14.731634752425858,-42.48080287681015,0.1018528741569491,93.59325160898499,96.14093564494017,0,0
25.25833333333393,14.487606261746524,92.3602485623291,45.71283351687476,183.11225186858553,7.759846867914395,17.928514002452165,-11.791258242957769,-48.57957277901636,0.10011236993208339,93.48960503548301,95.97364701434024,0,0
25.266666666667266,14.387026089831753,92.44827299790933,45.047234992530555,183.68822037712306,7.657719379350706,17.500111884035263,-12.793187949641775,-55.29344299077894,0.10170041644581307,93.56104798475415,96.2537085400808,0,0
25.2750000000006,14.292645129865608,92.44943681951014,43.40334415842211,183.9317526336298,7.559983689640228,17.060404884780546,-14.586954981031797,-64.76874805559618,0.10670796720569475,93.54773152275189,96.00232760014482,0,0
25.283333333333932,13.63340405101059,92.51106350761751,42.221528586628956,183.601485653603,7.449595593995147,16.454896989132294,-13.906676178169976,-68.40224515654295,0.10461530618618475,93.51024851495451,95.47117822252885,0,0
25.291666666667265,13.646605740217527,92.54255077308494,41.6873699565166,184.3096112961273,7.356909840875013,15.804127471376134,-12.886848878330989,-77.71581735934598,0.10715971107986055,93.54332446421787,95.95560356161486,0,0
25.3000000000006,13.578129000761582,92.49292479584085,40.60156027578348,185.4309520216048,7.259852366678726,15.114948204275628,-10.453232744628945,-87.88344489029289,0.10964457598371258,93.48425923357576,96.78710008308275,0,0
25.308333333333934,13.346750359946217,92.52110379984464,39.10094002905891,185.8088118426375,7.180012986152386,14.351794875709619,-6.934910851507128,-94.7366796603742,0.10808233526617395,93.47882323559892,96.77744963259774,0,0
25.316666666667267,13.317564419348859,92.48199116467947,37.74312152628773,186.00689724434608,7.121130250063687,13.585994482660757,-3.7762733846707244,-99.58679212222302,0.1053649200796909,93.43594710734921,96.66186371674607,0,0
25.3250000000006,13.287509550716667,92.46882276863317,36.0253580502307,186.75482341626594,7.083938221524734,12.777140552807891,-2.3810767761901426,-106.54140977003956,0.10696277021453415,93.41863354961514,96.9889667565969,0,0
25.333333333333933,13.228824384621081,92.4579406826881,34.600012334954506,187.36975090002136,7.080842474674849,11.809171683699676,-3.3896559900922534,-111.29665380033005,0.10884856701253609,93.3995320645806,97.28812565333739,0,0
25.341666666667265,13.181846890556589,92.59345099224231,33.214168863041444,186.9993234046877,7.05948898311251,10.870260816043714,-1.237372028327691,-111.88691953241813,0.10295484663572863,93.52704557559197,96.50783734787665,0,0
25.3500000000006,13.20994252886766,92.57403790040007,31.86170433062637,187.81204380821237,7.056026742366301,9.93394450556941,0.3658287626886535,-114.1668141328215,0.10002627468630854,93.51179110037779,97.04723585762778,0,0
25.358333333333935,13.160970753951236,92.5654639859755,30.218041576644172,187.769507308355,7.064934873089981,8.965731694969714,0.5691790762633232,-117.2114567673581,0.09984850389847066,93.49639711841995,96.7199748241276,0,0
25.366666666667268,13.155959638149117,92.56453877194093,27.99220171476725,187.6715649211721,7.069321529164154,7.9517314617635275,1.274485945650815,-122.88690956714451,0.10247138065516159,93.49477585439074,96.25726207360437,0,0
25.3750000000006,13.245196817978186,92.54850127411231,26.351763562654643,189.0497740863055,7.081971555436573,6.920800409051835,1.8364098698762628,-129.32651549269724,0.10685676712081582,93.49149868748145,97.38725659040814,0,0
25.383333333333933,13.278505503489729,92.5783314451188,25.451835644995985,189.4732226886477,7.088119097578689,5.82265229973603,0.7765285888277782,-133.1731455186709,0.11051065669733173,93.5257513285431,97.65659176844846,0,0
25.391666666667266,13.231156660398373,92.55577185944082,23.12564042759158,189.16706636658392,7.078885259983944,4.707937939794747,-1.6207443847270337,-132.3491921211781,0.11031640071671056,93.49670802262966,97.11664654097767,0,0
25.4000000000006,13.18316331710594,92.58699312475142,21.079749901617507,189.36437319547878,7.060158296284452,3.6131890692585817,-3.383925898012836,-130.5884630134196,0.1085361929573403,93.52083773645451,97.09900809504032,0,0
25.408333333333932,13.167112933078787,92.65009694489675,19.083811707585713,189.33719663901945,7.007553648976346,2.5850778855773777,-7.422065756378258,-124.73907508455711,0.104865664658917,93.58105217879961,96.86796463046737,0,0
25.41666666666727,13.096984598566909,92.70218299667391,17.410132492645293,189.93698869283048,6.982447659110982,1.5262802162272666,-6.692461074554416,-126.9170661394945,0.10575750601184009,93.62278428846217,97.33042013433166,0,0
25.425000000000605,12.854829039257712,92.60917896668627,15.384813818060312,190.33051503773964,6.924418689191509,0.4835766015125197,-7.496517160226885,-123.04885690738888,0.10112094663771831,93.49709438539932,97.75408097104044,0,0
25.433333333333938,12.723244719808353,92.66703701386547,13.823656633400223,189.9310665274532,6.844228801174964,-0.563914007145863,-9.881349015208182,-115.86201157538642,0.0948301226059618,93.53641379232606,97.27025415613778,0,0
25.44166666666727,12.641788098521662,92.6316098637173,12.124617801297124,190.01763664427858,6.729705736964995,-1.4869049824704976,-14.296790787130657,-111.48944109583451,0.09508448982451023,93.49026661782419,97.38739999209615,0,0
25.450000000000603,12.346999650631805,92.65600975093679,10.351623380371965,190.10167219506974,6.573310208906829,-2.3992760463819685,-19.99243772499012,-108.5083499584887,0.09915865838356508,93.47504770439218,97.46608977298628,0,0
25.458333333333936,12.51963838910979,92.62909423683982,8.205651164326756,189.92682128516412,6.371606339013263,-3.250301583119583,-26.34518687450941,-102.56198324244879,0.10081567943551883,93.47133488151019,97.39331688851043,0,0
25.46666666666727,11.582296938573453,92.59135141310156,6.658884863158055,190.24791188763464,6.1126940106778775,-4.075053487594943,-34.32699440029886,-95.66579659608702,0.10415128411227847,93.31295707927038,97.7805900482324,0,0
25.475000000000602,11.219126028448333,93.26430986967591,4.712531997957744,189.87510198247207,5.849557410180689,-4.877954664876487,-38.66494995010193,-91.5595285811066,0.10595858021594884,93.93668231478655,96.8296489642482,0,0
25.48333333333394,10.630910078968217,93.3715401854679,3.1296190188701916,189.867586637945,5.5146921510979405,-5.612549481370294,-43.442239008689256,-83.18556191300178,0.10315195992448256,93.97478792587698,96.78717037152666,0,0
25.49166666666727,10.026831656023834,93.09404158102024,1.0536222327160134,190.19106940455805,5.14757933581798,-6.3148065544734875,-45.70715768337241,-79.43699983395592,0.1023346942419261,93.63246195068763,97.51077529955045,0,0
25.500000000000604,9.430029816782795,93.53781993587643,-0.31019422176290856,189.95893189517085,4.746731317582848,-6.973299041354351,-47.94801045471762,-76.83425377072638,0.10299734431265328,94.01196317863942,96.91183000948776,0,0
25.508333333333937,8.79551191087268,93.49017523590447,-2.42482327498396,190.76962065434117,4.320346982149973,-7.5556587683245535,-47.94564995090627,-74.64809804034654,0.10055827998355937,93.9030025899834,97.92439135680944,0,0
25.51666666666727,8.3911004005322,93.48116255475924,-3.7472499180943784,189.95953781986304,3.9114137534877296,-8.117287693942568,-53.19846868757091,-61.90674486412891,0.0945986627191564,93.85700995941184,97.23896565807297,0,0
25.525000000000603,7.19438563469618,93.6272469540653,-5.4583339850967105,190.33419771661784,3.4486106932227463,-8.611277334682859,-56.8277804005726,-55.34894176456342,0.0934241305017447,93.90325104520211,97.53115214928947,0,0
25.533333333333935,6.635232862767343,93.46601689906868,-7.3044413260326975,190.46608503690913,2.9640734141657927,-9.002472914562777,-60.818728605497654,-42.425307999685906,0.08630666803226505,93.70124134780787,97.99657001770822,0,0
25.54166666666727,5.712015290083177,93.76646967821893,-8.592003755552351,190.81059757773698,2.4417093398179075,-9.351837719961289,-64.90085339840834,-36.3617960274375,0.08679521007576829,93.94028930437936,98.09264865746017,0,0
25.550000000000605,4.904767981843638,93.78401460142334,-9.575723029366255,190.53302149314345,1.8858399888545967,-9.617678731286482,-68.64613766649407,-26.027132116713286,0.0828325832995187,93.91218314849093,97.82665768827961,0,0
25.558333333333938,3.8529697338106006,94.0019174987894,-10.901750129091337,190.3158650469943,1.2998895296788537,-9.892681239736458,-71.36967583571689,-28.01787631200671,0.08930853885112233,94.08084751541553,97.43756077894746,0,0
25.566666666667274,2.920218337939052,94.02066500022318,-12.691218026157284,190.73284946479095,0.6841362179387837,-10.083581070716958,-72.94901399023297,-23.455400421891536,0.08777955251534575,94.06600407280743,97.9640932651286,0,0
25.575000000000607,1.8925253612001756,94.02783394185371,-13.323275628667655,190.45650581764875,0.08704695688706963,-10.21686867955503,-76.26867584579907,-16.000166064979467,0.08652635590973912,94.04687771552868,97.62176683246932,0,0
25.58333333333394,0.7821497171673899,93.92703148679988,-15.394750974665211,190.25275994467563,-0.5401888894975065,-10.360024890290598,-75.24774571377569,-18.306175811824644,0.08768405208684804,93.93028799116055,97.67465422991692,0,0
25.591666666667273,-0.2497229114579751,94.00368558661972,-16.11910566013415,190.3331201533788,-1.1800550080491101,-10.491878904682856,-76.9114893875711,-13.069467451621035,0.08652576063600748,94.00401728330851,97.6278509072872,0,0
25.600000000000605,-1.254168279164669,94.01650131565515,-18.258407438467085,191.18066076148767,-1.8335116883308638,-10.594414474401512,-77.51894786637875,-7.729872828942769,0.08401677285811404,94.02486616692974,98.64085375848042,0,0
25.608333333333942,-2.321364269806902,94.10390895001632,-18.09610351753508,191.40648770666508,-2.5002123541273558,-10.599847626219827,-80.06521177682414,0.7594309611316981,0.08205794328609883,94.13253641406938,98.57298935828035,0,0
25.616666666667275,-3.3075280810114647,93.7773876585074,-19.58492711701444,191.03058640360535,-3.1667569328786755,-10.59088657800095,-80.60799721839852,3.594012042346795,0.08199417586585289,93.83569778107187,98.60597540479377,0,0
25.625000000000608,-4.425557354025609,93.8144110401409,-21.385328643451768,191.22887138196228,-3.848568695486881,-10.534131996773272,-82.18024832603616,12.467961402616917,0.07934260179531716,93.91873762302323,98.87978016701865,0,0
25.63333333333394,-5.7969293076330315,93.69249776996793,-21.666124840681217,190.95579904251645,-4.538717396362697,-10.39043593574675,-83.66940804590365,14.856153154496223,0.08127934849284735,93.87165987545517,98.54938427661867,0,0
25.641666666667273,-6.757902056892585,93.64545470150182,-22.737443732260086,191.58240601523,-5.204659376269346,-10.257975031755809,-81.18151313715921,20.181258182064802,0.0763018087027616,93.88897925987683,99.23201189526678,0,0
25.650000000000606,-7.967635017293158,93.60881559033231,-23.149991008433798,190.43248770188922,-5.849671639713781,-10.108181356416917,-77.09153437477642,17.50681150621266,0.07459442455835719,93.94729141382224,98.00677228951072,0,0
25.65833333333394,-8.836842995843082,93.55984948162478,-24.48422734167468,191.4135705851636,-6.483609156738981,-10.013614681210772,-73.32549239610518,21.785047845863843,0.07015441503977637,93.97624821814001,99.09687871308225,0,0
25.66666666666727,-10.054011766110076,93.48119374909658,-24.75483701262311,191.56950901393344,-7.11443900933303,-9.798236861174923,-70.89117488382406,19.70364841567982,0.07068115236714911,94.02029960252847,99.18382859328705,0,0
25.67500000000061,-10.830352311013595,93.12652778260951,-25.615656358729264,191.29604067730577,-7.714259605588807,-9.548465341590024,-69.3413766689758,21.42238882472105,0.07038065417287998,93.75418234951346,99.27667640370184,0,0
25.68333333333394,-11.476263675797778,92.99322033077999,-26.11598238678283,191.90339321525914,-8.265384004782549,-9.382159452321327,-66.90352909505751,26.145430700569406,0.06834101480917898,93.6986854520672,99.98771756558062,0,0
25.691666666667274,-12.538604273712732,92.67355242939703,-27.127793813195236,191.79545476940007,-8.801792489225186,-9.148219072497,-62.646559949838185,28.124577210845537,0.06606851540969139,93.51793366524394,100.18979975486549,0,0
25.700000000000607,-13.55643380892371,92.54987761676688,-27.249043025700697,191.5388497192704,-9.281159518741406,-8.92226509029847,-57.405848771634766,30.228231990052596,0.06341761769974141,93.53746171718717,99.93149726224252,0,0
25.70833333333394,-14.384532938989476,92.57849810731943,-27.378845801692474,191.29252580981944,-9.741880000987303,-8.708570798158021,-51.9203707223725,24.899943826877273,0.06317600773485976,93.68934357588284,99.56561370284294,0,0
25.716666666667276,-14.854782616808446,92.4817518542414,-27.498386252680856,191.44805660355394,-10.15640179372439,-8.536065285914528,-47.46410676067411,23.69062583563556,0.06280794704501691,93.66717137088169,99.77068802326086,0,0
25.72500000000061,-15.30865291233749,92.54572612031131,-28.186452559655432,191.1051845871027,-10.528298392015904,-8.38244942037142,-39.421579223855616,13.46057973596732,0.06255240160463815,93.8033383048071,99.39720608258384,0,0
25.733333333333945,-15.922664722715975,92.47188939730233,-28.23507784289063,191.14141607584708,-10.832418201806151,-8.2970457145031,-30.711860884674635,3.6293223285766123,0.06223003183089393,93.83273192537314,99.43475756399219,0,0
25.741666666667278,-16.292690417624268,92.49720844005304,-28.706501929471923,190.91674155914444,-11.06351161326864,-8.264355337965679,-25.677029866844784,-4.215928717297022,0.0634738395965937,93.92116550728683,99.19933072169192,0,0
25.75000000000061,-16.79493171550757,92.31420082560493,-29.343348997306858,189.72053429840844,-11.235184429720471,-8.314530522894248,-20.164165660013648,-6.520094514426867,0.06299626844474648,93.82953375882606,98.21128538458888,0,0
25.758333333333944,-16.952033437581175,92.44525769429316,-29.23271811626699,189.71950823432098,-11.369389703883016,-8.363429404239172,-14.134174176367369,-5.992465783088517,0.06181683462801013,93.98668580087893,98.04639225540842,0,0
25.766666666667277,-16.913019315784023,92.35882776201476,-29.844104805113087,190.24524496736575,-11.481863992543472,-8.41162553460254,-8.322138614189384,-6.0143552500785376,0.06133055223191919,93.89463929293083,98.73684036484241,0,0
25.77500000000061,-17.006773885673677,92.08489802406666,-29.8134685123112,190.12538541889853,-11.558600089844516,-8.423670266369438,-4.3044444985850046,-5.1394389505227105,0.061201046434374184,93.64218494941898,98.87339680559242,0,0
25.783333333333943,-17.180035245301777,92.40290056987163,-29.944908457346397,190.00404482642273,-11.599533135847345,-8.511652375030625,-2.5164819646150614,-5.01672049690118,0.06160404172545508,93.98643330159621,98.43233893547217,0,0
25.791666666667275,-16.987037519555084,92.27390572687864,-29.947507643021876,190.31263163594815,-11.564662332774827,-8.562799091001166,3.8077075764904857,-7.004960767791282,0.06129052052799322,93.82448039708858,98.89168601907308,0,0
25.800000000000612,-16.99941290595336,92.00203479004392,-30.006011437413118,190.50212023155842,-11.47807388656215,-8.676688099514418,9.54290284098673,-13.933629724334816,0.06133316169032765,93.55936321211013,99.35511278914754,0,0
25.808333333333945,-16.980135284178,92.03961107129902,-30.292758009122277,190.53533363188183,-11.375282065589195,-8.819821459508567,16.26212210642011,-18.463980550213538,0.061655418466280754,93.59281489743204,99.39131393913657,0,0
25.816666666667277,-16.75985477025341,92.3482398897213,-30.16251687445111,190.42395150339905,-11.229938522314555,-8.972494666484538,23.263883942054058,-25.768056681083202,0.06221169988163844,93.85675331402369,98.98725453313968,0,0
25.82500000000061,-16.286616500088424,92.53666095774281,-30.576394202187654,190.65195657142766,-11.000259226585015,-9.193574455825162,30.94893273065786,-29.22312150957828,0.06294911087315436,93.95896709856486,99.15043610663636,0,0
25.833333333333943,-15.416572755710487,92.53038106516368,-29.81704920329997,190.88387716281443,-10.729310783776215,-9.446728622399016,36.85632909098079,-32.57011030689641,0.06356348210660423,93.80587473925348,99.40213235413101,0,0
25.841666666667276,-15.275038574539447,92.51072364450522,-30.633484973006315,191.24189075189247,-10.393468811647697,-9.725291213568228,44.10530896465378,-34.42103586325786,0.06496761214213276,93.76332328092731,99.91859303533755,0,0
25.85000000000061,-14.75246011838561,92.514839487791,-30.094725269392537,191.07479255389336,-10.02395326444813,-10.011840949455836,46.44377845245771,-33.2486118331177,0.06467586350758836,93.68367309727074,99.74692701209447,0,0
25.858333333333945,-13.95026534846664,92.55831765146081,-29.989402921005816,191.25970535591728,-9.586830197362602,-10.304384167684391,51.34901141193014,-33.61778034532211,0.0655281495209441,93.60369688084627,99.99608926781221,0,0
25.86666666666728,-13.031044055779258,92.56634701213875,-29.560926703544734,191.09767227824852,-9.125857833501348,-10.615422015992761,56.55144326421684,-34.53162308250464,0.06697077636110915,93.4790709643359,99.9082533079466,0,0
25.875000000000615,-12.459852966265881,92.70229632718218,-29.61685561892767,191.60071579386096,-8.656904335650442,-10.836715824193114,60.86705661371262,-31.422227572969433,0.06899016454849916,93.53589514338151,100.37559520635776,0,0
25.883333333333947,-11.453697443736925,93.02634413318782,-28.945266378975642,191.61799651007266,-8.151600256385294,-11.089854795400397,65.59745458501715,-27.160411237585528,0.072625592096355,93.72879967181353,100.1312583673086,0,0
25.89166666666728,-10.791048245576857,92.75906656620782,-28.572712060517002,191.0657681263795,-7.597910060220537,-11.239182091671255,65.06861967354058,-20.603666435094393,0.07233032155502173,93.38464088099575,99.9019276073701,0,0
25.900000000000613,-9.473576127300358,93.39725119638479,-27.819867858832477,191.47480343039632,-7.0361982644462255,-11.452436108272966,66.42778306818478,-17.35400731670324,0.07322935456347501,93.87648893988502,99.77871853513525,0,0
25.908333333333946,-8.855930637055163,93.19181119477145,-27.324069960723246,191.5036850625205,-6.487963420530462,-11.621853245778114,67.30000590462372,-17.73328403312734,0.07209342688353759,93.6116508839058,100.03147861281775,0,0
25.91666666666728,-8.034024743998142,93.51836608766354,-26.115039210505753,191.57433370026524,-5.925297345861726,-11.828930320154527,68.45719838394758,-21.844552110565946,0.06984097643976739,93.86282730289682,99.70905610114686,0,0
25.925000000000615,-6.896265124432541,93.38704419424926,-25.856191220634397,191.62102013456138,-5.351717010649254,-11.964284098127274,67.58534224478123,-19.972909923319712,0.06811439474120018,93.64132899529527,100.04695311010354,0,0
25.933333333333948,-6.072787039268799,93.70859013580383,-24.878271069498165,191.68904559243884,-4.767808574781591,-12.113321185035142,70.24918336746114,-19.20692436728465,0.06996422044863593,93.90515751365514,99.7688121664323,0,0
25.94166666666728,-4.974316278429224,93.64023829447922,-24.947085231072887,191.22724993310214,-4.177640904987753,-12.236683302173727,70.50654424818329,-16.810383287732304,0.07018617557386131,93.77226695715902,99.60992089241118,0,0
25.950000000000614,-4.203907809095649,93.78483744600413,-23.928882878082955,191.26573688859588,-3.590367708887097,-12.363750538463494,74.10267295134648,-15.21549610900793,0.0742910331472384,93.87901030390549,99.45652516355503,0,0
25.958333333333947,-3.0790127180327955,93.9711057634787,-23.03295412166369,191.2478058084302,-2.9668113185344387,-12.45034284711651,73.23368102272885,-6.272289023298911,0.07762381263650431,94.0215349679461,99.30214574305533,0,0
25.96666666666728,-2.1390005360835813,94.0066894621612,-21.284626530799013,191.05850222815218,-2.335211796812611,-12.52928198462265,74.51873062279304,1.342046268695185,0.08380392879472831,94.03102140745136,98.9222389349053,0,0
25.975000000000616,-0.9372685553485622,94.21692396142129,-20.864268699063526,191.26490084289827,-1.7521412978996933,-12.469760428397796,72.41988797225977,7.893056071322943,0.0846866936585613,94.22158581289685,99.07267610958789,0,0
25.98333333333395,-0.17459913663122517,94.00152782698939,-19.90321277963079,191.80705765557053,-1.1812233182538627,-12.360765458545954,67.99293491209549,17.11180815560244,0.0846823595001065,94.00168997771675,99.77544718679152,0,0
25.99166666666728,0.9765831085388799,94.12593429135137,-18.724821131350208,191.81443077963905,-0.617696943433774,-12.24700294524587,65.69656493086059,13.185197062041404,0.07749045600179505,94.13100031757699,99.65534443854837,0,0
26.000000000000615,1.6899474263285628,94.10089900513276,-16.959609308504238,190.51660201711616,-0.06320586273222309,-12.110934664224306,62.164524228830196,20.415875992027477,0.07762339173304333,94.1160725693436,98.20281947938527,0,0
26.008333333333947,2.596822111522049,93.85707714042553,-15.998202589784906,190.0705911041651,0.44687486781254154,-11.850042033040074,59.67483593168311,32.18756945148529,0.08302042156909595,93.89299449065771,97.99395498138098,0,0
26.016666666667284,2.9709780672559463,94.05340944729039,-14.677513111006984,190.69187576610835,0.9445547953636344,-11.562583432841002,57.530897030030616,44.1860870793733,0.09014678987654534,94.10032167498562,98.23676711558936,0,0
26.025000000000617,4.025468793945213,94.00908864312032,-13.35154103110295,190.25231560041624,1.3982113100476092,-11.137474451685105,54.98599271192273,50.87676311148188,0.09164748261055689,94.09523445170367,97.79938243983646,0,0
26.03333333333395,4.993993702328116,93.74345569934309,-12.395119609761533,190.9384760047767,1.8381094569415037,-10.65952952067911,50.8655582247521,62.284197522737024,0.09608389557743546,93.87638392883267,98.73830682138694,0,0
26.041666666667282,5.4785940170252205,93.93590375605532,-9.582327319528527,190.41178459688354,2.238426492138038,-10.152245943360025,48.54229739314128,67.52426982373132,0.09695816654499723,94.09553128002558,97.64439018970594,0,0
26.05000000000062,6.058707664697697,93.78567878818205,-8.044692060952396,190.46587139876794,2.6396644670434974,-9.598460814194219,45.4427661881285,74.5455701063707,0.09888683230826079,93.98117622336044,97.70345708848512,0,0
26.05833333333395,6.68108040690186,93.56258338478341,-6.931925754426795,190.65856593897877,3.0139254658067256,-8.94055803634656,42.20663956732526,79.7016278202496,0.09844157443676727,93.80082006591432,98.04562083496123,0,0
26.066666666667285,7.030852596060588,93.31805697494332,-5.0368045887302015,190.58398109426452,3.3528458613642798,-8.20662244919279,35.54271280445388,91.17955709868545,0.1005609845051505,93.58254455723193,98.01167453275748,0,0
26.075000000000617,7.625697203640532,93.6351769524241,-3.1250821508991136,189.97402475431073,3.6143559871371265,-7.362084792452065,32.11522160766263,97.50022369157035,0.10146030614413881,93.94518412751867,96.93684981742017,0,0
26.08333333333395,8.153041039517067,93.55954619712941,-1.851779515762014,190.85279889442114,3.840802274649503,-6.524788253455505,27.61078308382968,100.98834626386426,0.09752776254606754,93.91411375722417,97.80630580265466,0,0
26.091666666667283,8.525932795805662,93.45493869752693,0.6485434092130093,190.47718882497986,4.0545542329828,-5.725486379821497,22.261499249450946,110.50262318182813,0.1005801575129519,93.84304501132256,97.34151366884555,0,0
26.100000000000616,8.688802377894437,93.46371880091874,2.6143325927577097,190.5131089587366,4.2349065643358434,-4.838923432125802,18.450905714007554,111.19453119336175,0.09474245534151793,93.86672476900063,97.23930950585208,0,0
26.108333333333952,8.76481282991887,93.52728506598879,4.4771869146483185,190.50003224783245,4.398378616162197,-3.87728787805695,16.663747827444467,111.78447572185648,0.09192901720732172,93.93707998313681,97.06748905778426,0,0
26.116666666667285,9.050470014828196,93.51238682629202,5.8956189029499955,190.40720579112724,4.52985676538574,-2.9174898908264635,13.796985135866983,115.38542684775716,0.09172522621715462,93.94933473654498,96.94616561662617,0,0
26.125000000000618,9.175719485158314,92.78408422330665,7.324616050703303,191.12682235798007,4.6459017915730305,-1.9231146364488438,14.384967228601575,116.3184074685595,0.09323395180245297,93.2366886650742,98.36015823365679,0,0
26.13333333333395,9.48617088602197,92.75124545431373,9.521111858456326,190.7990010747933,4.755759540356605,-0.9025359855619837,14.971738677336322,117.37770030675675,0.09528442723826158,93.23508444467225,98.04776184638197,0,0
26.141666666667284,9.721511290760592,93.06133777830325,11.466453456975561,190.92120920006346,4.878026964789923,0.03222960764032339,15.662916634823972,119.6319157191656,0.09953840420768945,93.5677314615666,97.87542724221885,0,0
26.150000000000617,9.895377177713218,93.05147439890806,13.815345614246556,190.44716464696808,5.006009219418009,0.9932511277195695,14.387639488416802,121.20542701378724,0.10042951032599845,93.57614748054041,97.47454350464778,0,0
26.15833333333395,9.857500195891138,92.73871926605563,15.296094918289558,190.3110778911627,5.118086727253116,1.993804285493643,11.66967271963744,122.37009052268772,0.0990510661671915,93.26114068153076,97.72381224768613,0,0
26.166666666667286,10.239581137513998,92.70518403512705,17.276696678645298,190.41589111762454,5.19677559086559,3.0232511102084034,8.938536390565929,118.85346141317152,0.09203384494208766,93.26896680492663,97.96378552149186,0,0
26.175000000000622,10.259288509311208,92.74780170549536,18.93541287922699,190.02165173208255,5.2533947874109295,4.046711012554057,5.57370795721439,117.22073741193213,0.08724261366100006,93.31349163930784,97.66000733707337,0,0
26.183333333333955,10.486842306549423,93.32176842283718,20.281890134979168,189.00979121110066,5.272377348774677,5.062392981438194,2.2735584584707262,120.65332795830645,0.08911154428986157,93.90913865608653,96.18804846283376,0,0
26.191666666667288,10.38372058220563,93.00011770874204,22.465890887273876,189.8704229383181,5.2921909764919235,6.0815655325215,0.4248715175697785,124.08578558959368,0.09323822698765838,93.57800781684334,97.62087314991554,0,0
26.20000000000062,10.334266720680152,93.01140609145688,24.27980620472852,189.9283034107694,5.300344726589282,7.094376660552321,-0.7538016765252357,127.76749894017019,0.09888876007817027,93.58375249883956,97.9150808481682,0,0
26.208333333333954,10.30827079176419,92.9675032413441,25.784671399670803,189.1801451537371,5.323201417537886,8.126612881109766,0.4417972821121957,125.55674471152423,0.10067124820055096,93.53724982938971,97.44943016528508,0,0
26.216666666667287,10.329535507506936,92.9795816483977,27.596434418075777,188.20404084908301,5.335743659728958,9.177217486617362,4.075593011730536,124.13753337099787,0.10697595293704065,93.55160023918297,96.77728776965589,0,0
26.22500000000062,10.372630555346749,92.9225582560947,29.333993130714763,187.84423390925656,5.36915524823157,10.185279400845317,6.336203481742449,118.40235287041408,0.10653809518411173,93.4996967775566,96.7969926160861,0,0
26.233333333333956,10.627004413337719,92.72345109804104,31.099458952266563,188.04862866685318,5.43212932980407,11.159618557974895,10.526584435355943,110.41349924150474,0.10637132780343572,93.33044308440792,97.4987737018988,0,0
26.24166666666729,10.71468087268261,92.9714907875084,32.70314238216532,187.90299682828504,5.5242479853455215,12.049840823826985,12.851769003140138,105.447738851257,0.10770689156506297,93.58687133062624,97.44477040213094,0,0
26.25000000000062,10.991438940075174,92.72670898063541,34.38487579799915,187.36534186175976,5.654475348073584,12.904672585379574,16.043736267421853,98.89654614998595,0.10872972983153684,93.3758763726095,97.48704386549993,0,0
26.258333333333955,11.040111261587644,92.56033848421913,35.88734264052511,186.3981644716941,5.773926960701095,13.702093658591243,16.080160833342536,91.26694471829491,0.1048750354402026,93.21641656372256,97.07173890094936,0,0
26.266666666667287,11.271422550654624,92.51859852909132,36.94571640639709,186.28946191724071,5.926725636117286,14.434578430423324,18.022329205260704,85.60277196670354,0.10576027083213191,93.20266112135738,97.22213835104633,0,0
26.27500000000062,11.76024590678276,92.94931695094255,38.73882699159203,186.14944680491868,6.075780084260027,15.109523515099683,18.96087326193769,77.85998219447576,0.10354828291215457,93.69033517623244,97.02632654155079,0,0
26.283333333333953,11.89782520890822,92.65442654251842,39.8200472330932,185.5620580765019,6.248384321624371,15.737815167204303,22.363858250375845,69.42829559049217,0.10383410694090633,93.41520755543326,97.01277482900034,0,0
26.291666666667286,12.387178967855565,93.06167780554347,40.93385151094805,184.72341469080783,6.467073941779679,16.26059473986418,26.18872863189615,59.517811427804155,0.10341353897025174,93.8824694965171,96.00409638190438,0,0
26.300000000000622,12.454385896314708,93.0966069949115,41.70378842477903,184.39411507118479,6.699011757894653,16.758119030107277,29.914527699616833,54.18143010113779,0.10709513790879832,93.92598129388549,95.86846472750736,0,0
26.308333333333955,13.15974809882221,92.51590088333467,43.05428564813344,183.6930959287949,6.950960904146436,17.150612110249888,31.21524994569973,45.59751693665839,0.10539325878956429,93.4471555815342,95.95292737402582,0,0
26.31666666666729,13.362290280380652,92.47212407530026,43.71610116564336,183.67364002761752,7.192904235669654,17.482767534801496,31.875819746074267,33.214832826857,0.10079462892281832,93.43256676627739,96.12008295491152,0,0
26.325000000000625,14.080967713452768,92.46034959480153,45.20355434057928,184.151306963107,7.469214305873883,17.701042083735015,35.1066913192375,23.007048666002525,0.1004040225754963,93.52641284118735,96.82895776305458,0,0
26.333333333333957,14.516966531862469,92.36667781902406,45.78849251404365,184.06178158515758,7.761925035190068,17.865982173636223,35.655581372181764,14.210398943794257,0.09890771824786704,93.50051063288696,96.88085668457016,0,0
26.34166666666729,14.838354428227209,92.40756903603705,46.693136218523996,183.87697111545629,8.106083896970782,17.964557951245236,40.26686717094473,6.329892340039896,0.1014979833117633,93.591322125973,96.85751720787545,0,0
26.350000000000623,15.304559574515853,92.41832155006682,46.596583207738384,184.25977250000562,8.467832730296204,17.964493227371015,42.31064817060573,-3.1368138477272653,0.10126917142545722,93.67697530290701,97.02599061927775,0,0
26.35833333333396,15.947388149254383,92.3378823868913,47.196520332495204,183.6370630672269,8.842373809075305,17.952730834005568,48.261089895269,-6.590333701135476,0.10682657499709336,93.70487560675991,96.49895675656927,0,0
26.366666666667292,16.836660300439807,92.05880552756196,48.048090538813376,183.49327307834153,9.244123799458553,17.86018072858977,50.041329454683435,-13.413014202058024,0.10762676886864497,93.58577245091199,96.61477751265292,0,0
26.375000000000625,17.31941328267789,91.95191709382107,48.42788612080029,183.285112884745,9.641134770743731,17.717705577688626,52.41606672405355,-17.966722338857537,0.10963940744732659,93.56878290159139,96.48569705248256,0,0
26.383333333333958,18.435419326730486,92.04849555610866,48.98124086507881,182.97865608933876,10.057814052510722,17.5561979230544,50.95355820901379,-21.560565268082566,0.10923795678862991,93.87646254464079,95.9236222629839,0,0
26.39166666666729,18.73035228145631,91.99582281961972,48.715301558130086,182.7760186913889,10.478210525807194,17.33878236669659,47.54445306086299,-24.881445287685935,0.1076908097284055,93.88321209271827,95.60408540246321,0,0
26.400000000000624,19.522397524999068,91.69436965487688,49.883369203004015,183.2111721748891,10.86705038962866,17.1435484501902,43.61015871722993,-31.465341329359656,0.10601375229597565,93.74956763382589,96.42154191216574,0,0
26.408333333333957,19.85494555782316,91.58250643217531,49.15191645114425,183.56101236090245,11.253100144067378,16.84540279700788,43.116026893805326,-36.29023462440476,0.10644910979424127,93.71005467666505,96.53164277274576,0,0
26.416666666667293,20.58621792880786,91.6404037028654,49.6235533607449,183.14413777098662,11.619145633232757,16.518508227990093,43.914885828856505,-40.6200513108155,0.10748359194275015,93.9242032675099,96.0005218600205,0,0
26.425000000000626,21.10463592716508,91.52193184575378,49.60404980930634,183.18153756830515,11.955639892327873,16.154343627953715,40.83752570457172,-44.91330672572006,0.10694684542584376,93.92374389044012,95.98801963182258,0,0
26.43333333333396,21.741602020405484,91.4822831498098,49.48674733509427,183.43496821719992,12.300160800500851,15.750992189631505,43.200528012011326,-51.50197308013382,0.1085954340978863,94.03034291501693,96.04732885216448,0,0
26.44166666666729,22.32916338573091,91.59683332184454,49.60853688000925,183.9808972843495,12.677000148456482,15.306053314417607,42.527905396067645,-56.22957824027362,0.10965034416405173,94.27922046822638,96.32745970110778,0,0
26.450000000000625,23.026114022959124,91.23012030624704,49.36979948738577,184.2561687549682,13.017619434191849,14.841857179904649,42.147422621541565,-55.99546891297343,0.10998323342378802,94.09110892156934,96.68420477943882,0,0
26.458333333333957,23.23158178360791,90.96927633755388,48.910521967644236,183.95526678831322,13.323131429806317,14.404496963734186,35.9196610342656,-59.144944052912464,0.11002617456362973,93.8888472053348,96.46658690491763,0,0
26.466666666667294,23.633728527956297,91.01667972350106,48.3624779084243,184.09210526682148,13.63350231323433,13.87676734675498,34.752325303055024,-59.7995761738866,0.11024837851673741,94.03504193662863,96.30444374997543,0,0
26.475000000000627,24.552495707277163,90.58215305850206,48.4320228292142,184.03775547030722,13.905663439909542,13.372830578254817,30.713698695480705,-60.26168619874026,0.11037963908924198,93.85068725464805,96.45818491823661,0,0
26.483333333333963,24.681361227409926,90.70207237907698,47.79875601279122,183.74319898357203,14.157755531835624,12.847286183421541,28.16811500469441,-63.2227244426033,0.11139050615829493,94.00018896734842,95.87004319127458,0,0
26.491666666667296,24.829659829564324,90.56819602961542,47.164765892515284,183.5333115768742,14.389119662180262,12.26180857111536,25.687617656472227,-68.34494040180469,0.11329169945380091,93.91011734265231,95.61051025676228,0,0
26.50000000000063,24.965842819015283,90.23621508407547,46.26637935570239,183.8822652283838,14.577868524783737,11.705208650226103,22.447877875014207,-71.12524509556269,0.11474842988531586,93.62621331851089,96.03799021419104,0,0
26.50833333333396,25.786300782443792,90.06317413637976,45.91444097838775,183.71176897943093,14.753669612958307,11.15109866379396,17.041111149616675,-68.79976726060072,0.11478414382750701,93.68195473815928,95.78727130378819,0,0
26.516666666667295,25.521620787191413,90.13884337827085,44.951275895257034,183.8258178502719,14.861087641488405,10.593196788083482,11.44801492857974,-68.269464807701,0.1156365346191559,93.68225132423774,95.68051360300989,0,0
26.525000000000627,25.903008849965094,89.96587874245773,44.13748686663207,184.17939064208042,14.929631499586547,10.023580895995098,9.458475606614646,-66.70119558193922,0.11420232226070182,93.62064518782158,95.96187791514221,0,0
26.53333333333396,25.881253564390082,89.96504371802399,43.34074119263267,184.9287639270068,14.985105409400482,9.491418557048686,1.7960508341892567,-59.87607421812701,0.11291493808313069,93.61382578043813,96.5553823676895,0,0
26.541666666667293,25.815404786320645,90.14104718783676,43.070134114570926,185.4363888472949,14.991445419404299,8.996186516143068,-4.7280535824172,-54.4212843882424,0.11193812324243924,93.7648308930454,96.8448647383228,0,0
26.55000000000063,25.80005006870437,90.12515456025642,42.1786806857802,185.77929754766387,14.961000919493138,8.546761050710325,-8.071963160141456,-51.94442157459983,0.11081376135581422,93.74532557977363,97.04624985823,0,0
26.558333333333962,25.60370591219868,90.2286916984529,40.903241007959316,186.23833450242688,14.851035076493906,8.135459171542287,-11.08372269606891,-48.520460026152485,0.1083652160752604,93.79107933088744,97.22102285767767,0,0
26.566666666667295,25.60221074676048,90.2808673125183,40.31089913300958,185.65613745633505,14.738849289563374,7.7471652584983985,-18.331387541469088,-43.916775681990075,0.10852033402196515,93.84086635268278,96.50278580978791,0,0
26.575000000000628,25.205529201810524,90.73422406024139,39.56930245525911,186.1439503066262,14.533374219304584,7.418830644561646,-24.381498434530773,-41.21251191880682,0.10867241669661176,94.17015513503952,96.48488920285175,0,0
26.58333333333396,25.05193545360527,90.75649417121838,38.5559178578962,186.22563572725346,14.31366305143904,7.099325729266679,-30.849134407111656,-36.090688746236054,0.10798005992429971,94.15062774204961,96.41947173793095,0,0
26.591666666667294,24.581686602167455,90.71906930474637,37.66854719910612,186.0716363129289,13.996434954383359,6.802243746062837,-41.08347226561574,-28.797991819955,0.10919892097846118,93.99047213269309,96.24644385811688,0,0
26.600000000000627,23.749461941940186,90.98506567308397,36.6580313667015,187.07548753681414,13.664310691429087,6.573619954877432,-45.49582682560065,-26.25654638396178,0.10834660157827747,94.03360632277732,96.95359889423143,0,0
26.608333333333963,23.22146694758158,91.03180672669686,35.72042048458514,187.19374327649967,13.25915604113247,6.369795157766239,-51.98825600232025,-25.655558781464645,0.11107089295268491,93.94693376116282,96.97083004970348,0,0
26.6166666666673,22.512686668297025,91.53351180827673,34.64958535493094,187.52253503344224,12.834228489512343,6.1507975689666745,-53.57726536123664,-23.639382397676425,0.10705850231012226,94.26136454020201,96.75327844290848,0,0
26.625000000000632,21.860243738534454,91.49782976232956,33.71182672954445,187.70085292439165,12.375602956552438,5.937309563281814,-57.48121993621278,-22.720197389990016,0.106687018340061,94.07296693271864,96.9302929166783,0,0
26.633333333333965,20.790667816975773,92.06123297040295,32.200631581645446,187.2535138880229,11.854217976377143,5.7917527705311285,-60.53058183786269,-21.488328345551345,0.104926391630765,94.37967198664467,95.87365445945066,0,0
26.641666666667298,20.470579027357363,91.68855540643949,31.571088163348012,186.95750316068762,11.321822165652026,5.6214245627584285,-64.47705293738773,-20.237848663118868,0.10455832156435729,93.94591954010035,95.91346990532597,0,0
26.65000000000063,19.033547826912756,91.8301016346004,29.917937553914502,187.6963865792079,10.772719854147455,5.40816597830398,-69.94935338587017,-22.018985285127822,0.109314091113899,93.78189329023175,96.48219798911063,0,0
26.658333333333964,18.482931780263474,91.92405327308694,29.055825122676257,187.51585389099745,10.169984039878244,5.264463489574428,-73.96276200113559,-18.87191542207979,0.10786486632386305,93.76380078338974,96.17472858815039,0,0
26.666666666667297,17.042433321651064,91.99899705719264,27.499434476754292,188.3397030399646,9.540861163677793,5.0963513749597515,-78.62300725454257,-18.105824536466024,0.10986613973846637,93.5642025191914,96.90655551827619,0,0
26.675000000000633,16.05529620207017,92.31866570851781,26.525156016516977,188.7539885313185,8.880571115196027,4.97406029320388,-81.37058803617374,-14.496382136126314,0.10642893461640801,93.70436795762123,97.00200746619605,0,0
26.683333333333966,15.07064077580998,92.34721555658416,24.871369674881866,189.01888325419168,8.2065550142289,4.865484446011303,-84.40061000155875,-11.549570087292567,0.1044105264142039,93.5688646636675,97.16720445906508,0,0
26.6916666666673,13.87819518341809,92.43050092540233,23.419391447794457,188.54113773533743,7.47299457900484,4.81500933023594,-84.08242060217536,-6.324463403558216,0.09494080521178994,93.46658120884624,96.58306753342742,0,0
26.70000000000063,12.67264280366965,92.49165955082543,22.871385735239077,189.1342561034507,6.771230693784611,4.772505695677449,-87.50754488926059,-2.944269018247172,0.09390507749346977,93.35578697700105,97.17924585948244,0,0
26.708333333333965,11.499141647556659,92.59105983006191,20.946969382105184,188.82126381629269,6.029275810629132,4.702774473696054,-87.05310839755458,-4.022860628786924,0.09063034371622702,93.30238270850684,96.69288292389099,0,0
26.716666666667297,10.40197680423427,93.03511007052953,20.38308659055554,189.95005657981653,5.291935058967681,4.699159059334287,-91.32472202669338,-0.2691936641233301,0.09142121691675964,93.61481093967649,97.42755980452635,0,0
26.72500000000063,9.147515732715195,93.48556777774127,18.76822976534095,189.3684384140965,4.527252777260541,4.729459370943624,-92.20763510394482,2.9657696418514967,0.08741820921510257,93.93204153432912,96.36432441503231,0,0
26.733333333333967,7.860937136044702,93.66617132579722,17.67441049115934,189.55408400902746,3.7604124722287553,4.7184830590560995,-91.52666011106808,-4.585483356272703,0.0908709710335831,93.99545724922267,96.3887755811761,0,0
26.7416666666673,6.695217213582684,93.72961649198322,15.989788332342417,189.63643589340546,3.0164023562536117,4.623541383692498,-89.94369721743105,-12.317145263734346,0.09367360341454889,93.96843587753979,96.35614697557548,0,0
26.750000000000632,5.4495291035778495,93.8977186148972,14.694883290958845,190.62919535073684,2.2734482812553374,4.505436725506195,-88.39093859291538,-14.705277701656321,0.091717978430498,94.05572246563818,97.17229628626879,0,0
26.758333333333965,4.088044545981295,94.02461990011818,13.969808291027679,191.15957446361364,1.5504595697292116,4.358347869788591,-85.21881910531842,-25.14609851800017,0.09573362238913097,94.11344885600371,97.63630806603268,0,0
26.7666666666673,3.1605699197637067,93.97173500107613,12.079212807515038,190.92166786109163,0.8431342953945749,4.0900965846388475,-82.14762913810917,-32.423054886622865,0.09712434648711943,94.02487001496036,97.35929165991683,0,0
26.775000000000635,2.050008618972986,94.04359502375456,9.738065032572369,190.06868216889063,0.1783696062870304,3.783543912971614,-78.60767272703241,-41.77122971031844,0.10066487366029886,94.06593591906592,96.3323599453977,0,0
26.783333333333967,1.0079166695689468,94.04651586320205,8.59681261951005,190.04540011895432,-0.477066941308844,3.478542832165897,-76.5053255136133,-42.51472584782388,0.0972940003683922,94.05191673762056,96.2983754800067,0,0
26.7916666666673,-0.13621812615388773,94.08627527368242,7.137869757028402,189.8445916106797,-1.1200145701176947,3.127625057129334,-74.51059583533447,-47.19582996968001,0.0990838831353571,94.08637388194444,96.0341996490245,0,0
26.800000000000637,-1.0039000543226235,94.13522317658231,4.973730336292481,189.87724605087857,-1.7000752034303002,2.7173961363204233,-70.15323385070259,-47.533387423445824,0.09175027166648775,94.14057604361697,95.92844734044783,0,0
26.80833333333397,-2.0332965121915505,93.98303553274798,3.4461926304848634,190.40999193339098,-2.267212233904968,2.292519001609433,-67.5035336871404,-43.90419057391767,0.08349632540458973,94.00502785838775,96.58251768284059,0,0
26.816666666667302,-2.8338914845226624,93.7506224225599,2.195463528634666,190.54001784078838,-2.8215621982299237,1.9355527761877565,-62.83925560531266,-46.90016738232206,0.07976351178472552,93.79344404361875,96.91997460417825,0,0
26.825000000000635,-3.8857234300819483,93.97965316110378,0.9255840238661834,190.94503578492754,-3.334784762327007,1.5524467174862755,-58.96944399007896,-51.08773346619298,0.07893269719560347,94.05994926033317,97.0846749327666,0,0
26.833333333333968,-4.49773991107656,93.83020725238555,-1.2348403899119331,190.77176754517308,-3.806027762850348,1.0835986978029208,-54.18894713559546,-53.025141596778376,0.0745215747141783,93.93794471529232,96.99645676665399,0,0
26.8416666666673,-4.970697203376001,93.85533038826009,-2.1708110624618895,190.43837093156088,-4.218210202872279,0.5857871535792879,-48.392887095738416,-59.072080398335984,0.07323972309985205,93.9868654279794,96.62361555536498,0,0
26.850000000000634,-5.993935632674943,93.70318800291238,-3.9195307909874897,190.57444117353697,-4.604846250752993,0.07856793355099348,-42.62839155111005,-69.20659050745547,0.07683960797782818,93.89470009685209,96.89346131857639,0,0
26.858333333333967,-6.385431114332046,93.17359748812225,-5.366247600514323,190.80171910067065,-4.941108059393681,-0.5230714530859414,-37.83544387335585,-75.47693672915507,0.07801420259772618,93.3921463475088,97.63344132329546,0,0
26.866666666667303,-6.890458037920662,93.63818255410519,-7.0158804045939815,190.67679277818365,-5.223666902102147,-1.1497960223829242,-31.586179684580827,-77.53872619568662,0.07279560812913743,93.89136085928394,97.03869127822514,0,0
26.875000000000636,-7.19093937536564,93.58112934336776,-8.60763559016419,190.49849208634316,-5.46946596089502,-1.7943747880790433,-27.936320971769536,-78.26188520638426,0.07006322601330872,93.85700495051134,96.92771651709587,0,0
26.88333333333397,-7.511847019349484,93.54069587423606,-10.116208978769745,190.58160507596472,-5.700809734010464,-2.442472767650082,-23.57546350734799,-84.25697367909802,0.07226309915667173,93.84183305050276,97.07585054952555,0,0
26.8916666666673,-8.0048262871893,93.64364053686086,-11.637218222049281,190.9796160191894,-5.904308150874396,-3.1704304362789264,-20.742669541736316,-84.97173435342246,0.07111637211196076,93.98515125744538,97.40372885195359,0,0
26.900000000000635,-8.128071224705305,93.32973120422224,-12.95103902994708,190.56923638429828,-6.052486500499706,-3.9007177993098505,-19.957928788668355,-86.03365288636633,0.07287938697335417,93.6829988230856,97.35903854350882,0,0
26.908333333333967,-8.3061486500747,93.63693040518581,-14.163773935085143,190.9366117459548,-6.201261618008512,-4.681944853758625,-16.741742606061383,-92.32744692432624,0.07754750848129355,94.00461074384994,97.4758419455548,0,0
26.916666666667304,-8.732870521184847,93.54968333265413,-16.085324241779855,190.5559464932869,-6.3347664493166835,-5.44062711129064,-14.348180777117367,-95.2798361730936,0.07987547359132607,93.95640627003378,97.28449860128505,0,0
26.92500000000064,-8.834258540839354,93.5477748536486,-17.77034345982224,190.7563679353691,-6.426816990629263,-6.230385099074548,-9.207768810169194,-99.10476500510366,0.08009989078046331,93.96398407919558,97.61846230404774,0,0
26.933333333333973,-8.939601739172186,93.51211191196688,-19.170704153855976,190.7482990233746,-6.46976377074268,-7.048592766274219,-3.4712703928859745,-100.83789863279618,0.07784285018549042,93.93844555607266,97.77295914814302,0,0
26.941666666667306,-8.82982873234425,93.2218765563889,-20.601178111175383,190.94076685336177,-6.462214877609519,-7.892849203803696,2.0737904538337144,-100.60396027490451,0.07438520090444589,93.63911652796145,98.42533305541986,0,0
26.95000000000064,-8.863773263226047,93.24913368028143,-22.351412583998748,191.17412875440033,-6.443928507245742,-8.708376498076424,6.934239957357049,-97.13874204531838,0.0693127909237754,93.66945824859285,98.84948697243433,0,0
26.95833333333397,-8.828369432271298,93.55946115189596,-23.092634541473554,191.4954571886364,-6.376481824728784,-9.54925163109302,11.125191897231808,-95.93966005336196,0.06759256930078461,93.97506519213377,98.96933150635122,0,0
26.966666666667304,-8.395142862018641,93.46432316394458,-24.53271675244275,191.4147851570561,-6.294136554019251,-10.366709176533716,10.719134897635863,-96.70915455854593,0.07124672989203829,93.8405995727221,99.27091364409254,0,0
26.975000000000637,-8.299320348511397,93.56831758798029,-25.710948722857093,191.39498339308733,-6.223148561161088,-11.111215429713335,9.85296268924566,-91.8508939398229,0.07056771906393156,93.93566295338718,99.36408478514971,0,0
26.983333333333974,-8.167578623015,93.61065933478221,-27.02041464090348,191.74806609264925,-6.121611287313738,-11.867889336752777,10.607515281010253,-88.509320541585,0.07024742309329657,93.96629651984684,99.93187695163361,0,0
26.991666666667307,-8.140456172719833,93.5166952506587,-28.120155581205548,191.45434966758762,-6.010308168300175,-12.605223297510328,12.162674086992762,-86.75441684111127,0.07084703099956702,93.87033246614472,99.95485251423885,0,0
27.00000000000064,-7.889473869719491,93.64640767995769,-29.238337674729504,190.03015305031977,-5.895259832509268,-13.301247646222308,12.40687339551722,-82.74546640581708,0.07075085244637647,93.9781542131033,98.71980732043423,0,0
27.008333333333972,-7.918442202524086,93.34920489612097,-30.162046717945085,190.44849709010128,-5.800530716457681,-13.978777527417433,12.267045082273409,-74.62216295043503,0.06859957431955355,93.68444791774508,99.61450941710463,0,0
27.016666666667305,-7.534255627068656,93.34465311481006,-30.48092082190686,190.51985413085123,-5.7122929076176945,-14.552265856881643,13.923961598622169,-69.5240623081553,0.06758971097465105,93.64822087460196,99.84772974921367,0,0
27.025000000000638,-7.068785950858223,93.40046568076104,-31.79536123762767,190.34260966392407,-5.583071272560244,-15.123060699462739,15.55457747158,-64.39168746296325,0.06699485181366782,93.667575628934,100.0459034916702,0,0
27.03333333333397,-7.059847193564617,93.50181194084246,-32.40405372948401,189.92461962760956,-5.44647930667024,-15.665015007272403,16.256934606310935,-61.25984514864628,0.06792383174727812,93.7679597656745,99.69797714665334,0,0
27.041666666667304,-7.032916283745176,93.77202708378309,-32.8648075553159,189.69900412354656,-5.3040385475181,-16.14374382411488,15.898782586148684,-55.92006205982798,0.06809065190378494,94.03539213964025,99.34420733315838,0,0
27.05000000000064,-6.850541313370964,93.90925343648718,-33.52927053464622,189.68284286158155,-5.185008444256813,-16.59022956136989,14.668613484652909,-53.946276844352184,0.06992021984083507,94.15879033465002,99.419993081013,0,0
27.058333333333973,-6.435344157014806,93.72409762855693,-33.88098093308184,189.62141706177556,-5.064579694432136,-17.029064936445852,12.139041908129546,-47.222752883563906,0.07037431136092875,93.94477170501025,99.74747541928355,0,0
27.06666666666731,-6.1401396880840435,93.61513722698015,-34.44242774610881,189.18156895333732,-4.989873422538803,-17.415263256612604,10.67123336869115,-41.62297057995555,0.07107875333829838,93.81628447884466,99.66926498288174,0,0
27.075000000000642,-6.206595347033097,93.76697366684317,-34.62092296200921,188.06739695792942,-4.919638964889116,-17.703746207096113,9.678257201472572,-38.460275105776354,0.07198176173848392,93.97216170994616,98.48829294230475,0,0
27.083333333333975,-6.110857633942142,93.63178470802643,-34.6726120856897,187.8393563614424,-4.8250127507950475,-18.00153998040456,7.923828509663824,-31.19182747011205,0.072060867423549,93.83098469392998,98.44206608048933,0,0
27.091666666667308,-6.069073546492969,93.74579991174619,-35.66790124250763,188.5545726244008,-4.740694909379214,-18.24300652007406,6.811991112118241,-22.45190781640163,0.07184880463153354,93.94204944967878,99.32166925831527,0,0
27.10000000000064,-5.941777920100431,93.66928272420785,-35.302323037057924,187.72445228440085,-4.672836631395199,-18.382762552250327,7.229722733311478,-12.953879882320333,0.07154135396766481,93.85754765025226,98.5312972134314,0,0
27.108333333333977,-5.907549494994266,93.71981577060399,-35.55617953278033,187.8422657142338,-4.606797558858214,-18.471286448163607,9.682923876368415,-5.688979460020178,0.07201646292015385,93.9058198894603,98.68169458672976,0,0
27.11666666666731,-5.635692875734999,93.69730676943118,-35.21773144984967,187.962229671273,-4.55242240788958,-18.462755442710517,9.194250145714848,2.7359268690119922,0.07234037650290226,93.86664119928072,98.79763507235683,0,0
27.125000000000643,-5.445675362511788,93.66689327737203,-35.22402646101971,188.26225091253468,-4.5064927675749615,-18.40247382823889,5.464656150710926,12.610328728073782,0.07243847311656948,93.82506209104511,99.17172923908474,0,0
27.133333333333976,-5.461766141916423,93.42916687540378,-34.77663172626625,188.04155813877156,-4.507225861697826,-18.234423920692205,-0.43707829429594847,24.933370200908072,0.07253623481748006,93.58867512910433,99.04981536984857,0,0
27.14166666666731,-5.437565130140906,93.73820108313271,-34.48848558596182,188.72891190070135,-4.5165570302826445,-18.02047999977002,-4.87822171808293,29.499220372015422,0.07129136275150172,93.8957797605747,99.33373606664247,0,0
27.15000000000064,-5.46173735429988,93.69213005719104,-34.45739748529774,189.2091774604043,-4.513823852509594,-17.81075735504471,-4.504216648201016,32.57317041037977,0.07076277129687059,93.85118970786122,99.82111325295881,0,0
27.158333333333974,-5.818947101440297,93.77027449556499,-33.92436161609498,189.53825276545393,-4.534897539964852,-17.502269231752358,-4.990866459324507,38.26647799259445,0.0704034922204837,93.95064940884106,99.80691352277398,0,0
27.16666666666731,-5.896274501840874,93.7869893557338,-33.446813150403436,189.43601054577528,-4.587823994248021,-17.139093943728895,-4.515281328286377,45.31521770986491,0.0709551234552519,93.97215239321477,99.53776888417252,0,0
27.175000000000644,-5.951513366747856,93.77712939069102,-32.79250341176503,189.84775373925447,-4.635824113599228,-16.680905411109258,-3.608746567496126,54.17738526226491,0.07257900248536897,93.96579435152444,99.74970480818229,0,0
27.183333333333977,-5.600702410674553,93.71274635751405,-32.44718419497524,190.14876635025928,-4.681986991761939,-16.19445960343372,-3.8946862149303247,62.88354325028464,0.07430387197214827,93.87995897613452,100.10314448725347,0,0
27.19166666666731,-5.56537600357495,93.60739509093031,-31.235762768151115,190.5022567603399,-4.723943353637814,-15.630048793932966,-4.169405414055636,72.35832008206894,0.07686344667032641,93.77269232442188,100.23763252679576,0,0
27.200000000000642,-6.150002738372275,93.57680367706149,-29.929197482462992,190.20678779632811,-4.775766548570224,-15.02300201180311,-6.827312053555795,78.09241658226374,0.07582777277981867,93.7786794537932,99.51283300945217,0,0
27.208333333333975,-6.203241032338322,93.6148526654278,-29.144405897369037,190.8190939672054,-4.835163270742669,-14.360051150344967,-11.184877820260795,86.84818737632116,0.07595350943059964,93.82015156071238,99.87472939847558,0,0
27.21666666666731,-6.254901678047413,93.76086400758464,-27.664496400767344,190.3795453879839,-4.925618026825867,-13.611521778365445,-13.312886147864987,91.80148429526655,0.07472020585161854,93.9692684575698,98.96231776731095,0,0
27.225000000000644,-6.459035322903101,93.81269550890437,-26.94620437160631,190.54010838663152,-5.026092244639829,-12.881302453158252,-12.863302122320215,89.77128375481445,0.07015667385092295,94.03478598874418,98.87323448562022,0,0
27.23333333333398,-6.561176333054216,93.9298991908197,-25.726013220165893,191.70429173506875,-5.132011747241831,-12.102254137235049,-9.128075785027972,86.18984360622163,0.06659796027122455,94.15877546395228,99.63494773575435,0,0
27.241666666667314,-6.868230595974292,93.98818711181019,-24.90372151169174,191.79867541769158,-5.203038300888447,-11.364891740211974,-6.7185127132563425,88.39264261161517,0.06702326895032229,94.23880256075053,99.45939148821437,0,0
27.250000000000647,-6.906354021506952,93.61300319111956,-23.163756838758896,191.4916697998754,-5.239014408320551,-10.65190448166106,-6.3632660792561335,90.62069792679927,0.06628663407992397,93.86741762896722,99.21963779146934,0,0
27.25833333333398,-6.910977581201162,93.33080816406209,-22.026177299151353,190.911909318009,-5.285558580295784,-9.899138230129463,-3.684784774106567,90.15268639232953,0.06527621051220045,93.58633107289133,98.74482550964552,0,0
27.266666666667312,-6.896702278366088,93.35883144939254,-21.127704670122906,191.19815014075851,-5.312810174157879,-9.111895909435013,-0.681902228909894,94.00310141531116,0.06855956057263946,93.6132250908626,98.86887129458323,0,0
27.275000000000645,-6.943965955023937,93.63643777412415,-19.162131834942667,191.004967342758,-5.326486593571473,-8.316691113382536,0.13516644842217052,94.79586704246996,0.06748775928923623,93.89356283692698,98.13212587031391,0,0
27.283333333333978,-6.970092537033845,93.60725959971279,-18.02443686952955,191.4027661559037,-5.326067064845932,-7.512539307355197,0.9440313467280161,99.52804329065181,0.07041864871122883,93.86640101624668,98.41828910930812,0,0
27.29166666666731,-6.938489413301734,93.62513731770667,-16.791573304370385,191.59592322931456,-5.310495460371371,-6.60986426170364,0.9116964770757516,107.71695683103323,0.07634978933718273,93.88188841889541,98.46500979689458,0,0
27.300000000000647,-6.905975954203934,93.6290858850208,-14.931521149192971,190.92139086855076,-5.291567572373398,-5.745131074289547,2.7339988366131465,111.2513554742048,0.08016001450430776,93.88342892941567,97.62275341683936,0,0
27.30833333333398,-6.8536964180065025,93.59361858373444,-13.109727171863536,190.85922889505554,-5.254524407732154,-4.787045179392701,5.715164358775881,113.65578000713923,0.08441005549648928,93.84422515097963,97.46659361046213,0,0
27.316666666667313,-6.846990438547773,93.57073341294091,-11.88855493668802,190.57242046120285,-5.175920085822441,-3.847679971547777,10.87920756129446,111.63421367234477,0.08669489899512817,93.820911472343,97.1326137957682,0,0
27.325000000000646,-6.582563819961247,93.5827930413734,-9.658101935123792,191.18786995636384,-5.0612676645071195,-3.0023014369513255,16.174266544133214,106.96261871478237,0.08654850954908744,93.81401441079254,97.65352003015056,0,0
27.33333333333398,-6.380105240975975,93.65009447730864,-7.760701667124233,191.49672255498962,-4.91527484819367,-2.144473728559912,20.990927211841313,98.7057661364385,0.08184517786727374,93.86717178276314,97.85636756319907,0,0
27.34166666666731,-6.008066079778355,93.73023842633415,-6.744269478774522,190.90685540092045,-4.719115716863615,-1.2768504855369478,26.994698955903647,94.83256050226744,0.08436868808353237,93.92259820446,97.17940564785394,0,0
27.350000000000644,-5.5932666837901435,93.96523939050797,-4.326254987859609,190.56759603859064,-4.454109469363326,-0.5351494681695539,34.21034520396049,87.7163148815565,0.0852547795123324,94.13156136977368,96.61066519075928,0,0
27.35833333333398,-5.024638956372878,93.8180579190813,-3.180550705627918,190.73012733538138,-4.156061441225622,0.20808268965141252,38.90465543346675,85.09513568122446,0.08826452521331074,93.95251453979287,96.92961291590048,0,0
27.366666666667317,-4.630944876857991,93.88737992220632,-1.7002601261993346,190.96694303839837,-3.8179868189390587,0.9491796600826267,42.48813926016125,83.09115655249214,0.09064431803098305,94.00151998297265,97.12378950565335,0,0
27.37500000000065,-4.024076548052842,94.06260545420389,0.6087543422060593,190.80846792151146,-3.4691226621409794,1.5964582614314595,45.12805029436332,81.45409043802998,0.09227620378862333,94.14864277777889,96.8567242198544,0,0
27.383333333333983,-3.1680959477745274,94.05797566831569,2.6965821129406367,190.56857293121078,-3.0691748400676473,2.1783114444491387,48.68141973179267,73.0315328576039,0.08724657959081661,94.11131504105005,96.68862307839825,0,0
27.391666666667316,-2.4505887094434184,93.85861429679909,3.639990369488946,190.9097098056265,-2.6522641706906334,2.7943442524026425,51.82815291039077,65.50384100019325,0.08318587897606777,93.89060050259639,97.24201917371045,0,0
27.40000000000065,-1.99153552865243,94.06224314868138,5.787371026953115,190.02010651089785,-2.1846920851590665,3.289212701180747,56.865966137286904,59.507549292845724,0.08421310128080561,94.08332370788959,96.27264891049093,0,0
27.40833333333398,-1.1053259140566025,94.09940865485669,7.113528384040539,190.05092103382015,-1.6858014975955498,3.763907883709967,61.706111489459715,46.99449567947473,0.07816097322342586,94.10590021125137,96.30286752627737,0,0
27.416666666667314,-0.3091870501501104,93.83589135235121,8.128823709832833,190.52246383242465,-1.1521162599863004,4.1179837963910835,65.14460893033836,37.259199048204486,0.07351914216460065,93.83640073298976,97.05407422426985,0,0
27.42500000000065,0.8454154726435421,94.09410826397084,9.79525783927102,189.90417481304877,-0.6065997458955162,4.367620948179849,68.68989025348887,31.31716900413654,0.07326099928837193,94.09790612608364,96.22717147732351,0,0
27.433333333333984,1.6494910748400047,94.12652840945594,11.912337156700634,190.79630539607257,-0.04390840867787267,4.68510117437071,72.15230568643062,32.624873621067245,0.08058898534654135,94.1409802966917,97.21302275077221,0,0
27.441666666667317,2.8618223436122934,94.06096511083751,12.81475057834962,190.70974727857987,0.587231380687899,4.963256569717133,76.19467279102537,28.747242562145296,0.08399335822820841,94.1044907786477,97.15990878419733,0,0
27.45000000000065,3.6988273756878174,94.0256682415615,14.06844164681036,190.590140087922,1.2214484025272865,5.227154780088157,75.54202905375854,36.471256001857576,0.09202925489958291,94.09839324997705,97.11964849142741,0,0
27.458333333333982,4.717006868401886,93.81441519724302,15.462776453133646,190.2261763815087,1.8740201322525303,5.476157523229778,78.27028124342043,31.53243955848397,0.0926666737184112,93.93292634958868,97.00875866961717,0,0
27.466666666667315,5.809921856915428,93.9356662988834,17.181291579721236,190.06387622008504,2.555893575904729,5.734216931600017,81.42763459853295,27.8590869045836,0.0959199336690304,94.11516665765748,96.79845449193573,0,0
27.475000000000648,6.986039921073886,93.57585582228131,19.42094941474335,189.73474184454113,3.226725568933733,5.905427159837654,83.71324631230547,23.00319580380337,0.09658396115360768,93.83626988884,96.95957062176845,0,0
27.483333333333984,8.30254786594475,93.56282793536087,20.1710537756415,189.6374264319033,3.913056860882805,6.104051106816731,83.57545880061406,24.471065050579522,0.10008591056724248,93.93047999626238,96.8049064293765,0,0
27.491666666667317,9.07928100456667,93.50765714656069,21.744865068482287,189.18432214163136,4.605192440629073,6.248231526839134,84.90465194820852,11.637178494849397,0.09190606937794277,93.94740703499288,96.5113529293787,0,0
27.50000000000065,10.566488569960772,92.69256081190792,22.61723751939167,189.602058759616,5.317698493504794,6.389594707411473,83.77627471905238,9.51811946576866,0.09089719154372577,93.29288027801671,97.65588227402917,0,0
27.508333333333983,11.53664392072324,92.58345924215826,24.498096279528912,189.356947581827,6.021494186277084,6.5026389844203765,83.06219160363513,9.478585111485552,0.0927989790751016,93.29946987093732,97.63763256387155,0,0
27.51666666666732,12.438812829861664,92.45539578893187,25.140868590619622,189.21910084079963,6.727192407340564,6.555465968948535,83.33447670247389,9.947358396487756,0.09699117546358726,93.2883930352773,97.59383605491826,0,0
27.525000000000652,13.686552797395795,92.45988425904523,27.058862966042174,189.07633883242426,7.417696453383206,6.597590028913643,83.34717826466398,11.689687345074393,0.10219042367594833,93.46738428281783,97.53746958772459,0,0
27.533333333333985,14.950887092651218,92.36992444158557,27.48528395978281,188.99380505822148,8.097558048595127,6.692899238792131,82.61547910216387,7.523427456258803,0.1011743163383727,93.57206830139768,97.43349224081351,0,0
27.541666666667318,15.98391993731963,92.34083069110034,29.75823554724946,187.74026082714062,8.786838282667883,6.742952303146026,80.1174200719672,8.484241554208165,0.10230890738755383,93.71400487272487,96.38870805651037,0,0
27.550000000000654,17.12068413124121,92.28026121624441,30.340322889127155,188.10316326515994,9.42404922934792,6.840401635515551,79.18849273414632,4.401533330793857,0.10177629686033018,93.85501816770395,96.7304885026694,0,0
27.558333333333987,18.20671996362768,92.20684718244831,31.213503881538774,187.58568879342238,10.083556361001861,6.846440391321073,75.90683413362258,5.485852534925711,0.1023533204396041,93.9871657151195,96.26162192139975,0,0
27.56666666666732,19.033920769590512,91.86333335873326,32.41442483982804,187.4774460559923,10.73630871407997,6.9158129808419275,73.29757659499323,5.3570009436684884,0.10349289734484479,93.81450930235047,96.54582557551515,0,0
27.575000000000653,20.002653347304776,91.63469689179584,33.596342634487264,187.80225093833826,11.28905011647239,6.971163557848978,66.99114209175427,9.317430059169427,0.10231607636026174,93.79245073769926,97.12356480139677,0,0
27.583333333333986,21.008751028507508,91.6815864351313,34.73605201381151,187.61348663781308,11.828546255188247,7.09262295590383,63.06683282783754,10.302811040859837,0.10266382722952194,94.05785937942807,96.90907216993891,0,0
27.59166666666732,21.791662651413507,91.5823487689903,35.51777872441165,187.18216352201745,12.346855508587668,7.115386414591424,58.633246938550954,15.697113685212518,0.1054942972758548,94.13927536983695,96.58017831450988,0,0
27.60000000000065,22.611302090125495,90.96922612777979,36.625763948473725,187.5272018480875,12.784999241079547,7.30870303965115,51.60992281008749,18.286360375380006,0.10340356762041036,93.73724491629805,97.56970747308115,0,0
27.608333333333984,23.243504759474494,91.04409471884884,37.79671786443891,187.3261764196684,13.186688332328323,7.511723329510513,45.564518381002806,22.746283545765056,0.10402141676273713,93.96428947572814,97.3757427099881,0,0
27.61666666666732,23.54861095120305,91.65981999042515,38.0221236391908,186.56621809878328,13.5915577681526,7.655895161881795,42.91877374071133,23.011067021485786,0.10566274576351331,94.63646061856002,96.00368207225964,0,0
27.625000000000654,24.554926903573747,90.86708083569636,39.434285049207354,186.25887897110857,13.958365482781327,7.826790355221166,41.45827479030329,22.86372226768202,0.1081517001705059,94.12635558036243,96.54527668577717,0,0
27.633333333333987,24.76134799863917,90.6109339118288,39.824347147595695,185.9910411739437,14.299117228440053,7.998091715923109,40.31437673050096,21.74584513571352,0.11023799942986878,93.93330452551703,96.56220173905527,0,0
27.64166666666732,24.903382478458187,90.2206964095397,41.18893925391996,185.82812263811616,14.608633679209714,8.22926729654609,37.49340408847265,24.268040788314174,0.11295584222505095,93.59461800494037,96.9845312899922,0,0
27.650000000000652,25.821846725624372,90.12582987134675,41.9222562634538,186.33979215057406,14.872200672786892,8.492973620318319,33.16760245780879,29.377333502594006,0.11567162811196363,93.75197586355489,97.55177971085101,0,0
27.658333333333985,26.413594080093393,89.95867000976824,42.345901390396826,185.89091393370694,15.104941215866152,8.75347034059865,25.349947295155307,34.679984946223634,0.11548121171175785,93.75628118773868,97.24625360656327,0,0
27.66666666666732,26.3930617612312,89.86269672003516,43.34541096308232,185.55812052694517,15.29536497831781,8.996266659906619,16.30070195014268,33.08016071431433,0.11098347101980854,93.6584111061531,97.18537071517308,0,0
27.675000000000658,26.602576085939294,89.99677856957891,43.877932192300484,184.46606728667626,15.422692107750034,9.221448352782762,13.220423907966525,30.740542597801273,0.11025441687858217,93.846242371818,96.03584976099232,0,0
27.68333333333399,26.599802898839418,89.95696076233457,44.860857568966374,184.36927718591403,15.532680495856171,9.52466843734337,5.580515344895624,35.7751344515284,0.11081760249293993,93.807272126703,96.1621110943986,0,0
27.691666666667324,26.60875084085649,89.96980276655887,45.07546729175005,184.24975299058798,15.534655549724182,9.891182994182527,-4.189654693419067,47.60818209123426,0.11300127443397034,93.82212442257043,96.07147667608272,0,0
27.700000000000657,26.60562967248922,89.94556305876665,45.164860056736764,184.00678942954175,15.450757539677126,10.362988644213056,-9.13832313169375,51.59022245263829,0.11377260823653979,93.79799488383644,95.87470646020135,0,0
27.70833333333399,26.61876652316852,89.96282263178279,45.50548104535972,183.7945866955672,15.322364078594838,10.806971993083542,-15.462074397719931,52.41175722682381,0.11268200780870208,93.81827213870743,95.7136768323339,0,0
27.716666666667322,26.501254597887513,89.98862232484669,46.69432661072751,183.60862480956024,15.194141201965385,11.208226138356748,-21.37675854768032,56.28709098624663,0.11319303188130014,93.80974705853305,95.77298691464892,0,0
27.725000000000655,25.787989598932317,90.050913079292,47.60281608144408,183.49943331814018,15.017838843254287,11.602228313524598,-25.684989763711524,54.25321290575416,0.11190186049036877,93.67063229192405,95.96099514538453,0,0
27.73333333333399,25.248528511411397,90.3303123124644,47.63455840928055,183.887554389789,14.776634879566387,12.029651533983614,-32.04917072540578,54.92689504292557,0.1114168251370442,93.79260906094314,96.19819062593332,0,0
27.741666666667324,25.09538186618295,90.20003455680518,47.61554618634393,183.5079358414714,14.491265598194937,12.515019075272797,-36.39735306211858,51.31816935619261,0.11051512018389698,93.62598157060033,95.9870941489327,0,0
27.750000000000657,24.66746316406631,90.66631767270417,47.589465362637505,184.05318849096193,14.168057650948667,12.990801404490266,-38.918901393066044,46.454284063736395,0.10953309786238696,93.96203967176466,96.15885724163564,0,0
27.75833333333399,24.451174117002555,90.94368647993042,48.126953439157894,184.02796072677063,13.816889337527302,13.420557129008278,-40.56859648362584,44.78154500521625,0.1085767399012183,94.17331907849406,96.04803297607067,0,0
27.766666666667323,23.589906596290977,90.91943125913309,47.912919074892734,184.0643441586858,13.480987999840199,13.748664540175477,-41.123774136620554,46.49183031305125,0.10727189743492582,93.92990297932795,96.26829039252478,0,0
27.775000000000656,22.845679817721138,91.36951033106152,48.3342132390792,183.76209643548293,13.147409593846943,14.099624957954752,-44.63158541038261,51.67142235285452,0.10738050758266215,94.18233647808802,95.84391114220357,0,0
27.78333333333399,22.486855783148147,91.50181505764749,48.56277174587269,184.17222992311378,12.769920922289266,14.524361634450106,-47.48424909273242,51.23712366882919,0.10717991658898907,94.22441743972752,96.26920164119315,0,0
27.79166666666732,21.848830964170023,91.57894897624112,48.27986763763074,183.70473630847272,12.37250594456309,14.96020126498391,-46.03073496383077,47.12888338618851,0.10542438670083021,94.14921831908032,95.8423726293198,0,0
27.800000000000658,21.204756267406598,91.50745073675625,48.199359323456754,183.7426821260418,11.98280106548668,15.377483671879206,-46.0253485144694,44.06985147061432,0.10447002350644352,93.93218420062419,96.10435215737505,0,0
27.80833333333399,20.70436095155606,91.56118593425089,47.99279665118616,183.47619047038745,11.562517746112604,15.76963718011275,-47.27406744217223,43.387897685189614,0.10384076097013395,93.87289988116262,95.88027316299663,0,0
27.816666666667327,19.81319647499186,91.66387464209492,48.289395315580755,183.81303352997543,11.180503119311329,16.050542374197526,-49.180652892782895,34.99256095337459,0.10416224066871038,93.78074785881334,96.44875003934786,0,0
27.82500000000066,19.167219052619206,91.76353238500809,47.87193954791139,183.38435743274687,10.780127193631975,16.265034376450874,-51.04664849857956,29.148657465727382,0.10453579084462206,93.7439500020429,96.01216881802642,0,0
27.833333333333993,18.674889069299528,91.93375384879579,47.83399863174976,183.77413122714182,10.347494935561693,16.45037754052281,-50.95398146193327,17.92187633728965,0.10539321013502523,93.81133502131615,96.35823051235421,0,0
27.841666666667326,17.793996829640495,92.01354788897265,47.308123144286476,183.92932936473733,9.908846678291642,16.572660361616215,-52.176393879265596,7.0015783817929,0.1081996966377714,93.71829767067645,96.53804709241534,0,0
27.85000000000066,17.02254774904816,91.95428425786122,46.42585126446608,184.0360199851383,9.492250113984221,16.62920154565925,-50.22305222037542,-2.0029296171406834,0.108178204436149,93.51661630557517,96.66230036662631,0,0
27.858333333333995,16.66354422081537,92.07573534006491,45.2272762813766,183.9788343048731,9.067463348565653,16.677972885716724,-49.12136595750761,-3.799958121386074,0.10557246331526127,93.5714419276135,96.23963003130706,0,0
27.866666666667328,15.80822681014951,92.34595118807204,44.86557421467291,183.9313318255497,8.66693579809258,16.608798908586248,-48.862145904694046,-5.64136768135224,0.10334770415603689,93.68924557125493,96.0843971969374,0,0
27.87500000000066,15.118234204133902,92.39375635312001,44.09563926990649,184.5904574312264,8.257148564652285,16.538603795688307,-47.49896215767842,-8.271205713523285,0.10056578406694916,93.62247176020695,96.6432702987206,0,0
27.883333333333994,14.507255762617039,92.24104221159206,43.2737469239736,183.93588641310214,7.899241345012113,16.4158399451544,-42.06572038131271,-12.787639347313554,0.0951457477595965,93.37489136830465,96.10127713446691,0,0
27.891666666667327,14.19070073832916,92.39516452518677,42.771147109378155,183.87307248926453,7.5651326833500105,16.227950002265796,-39.7228665856215,-21.384742263616296,0.09487728207207224,93.47856660797248,95.83866422406297,0,0
27.90000000000066,13.357230901917891,92.48074472368603,41.74231229095927,183.83413670207676,7.249396641600075,16.004807806136693,-36.20326006252559,-33.488819613843,0.0962074306504559,93.44037543810883,95.66166981304481,0,0
27.908333333333992,12.977812839656512,92.38766904173065,40.29557498061019,184.72730198522333,6.922603984628322,15.723308397762933,-34.0525801513167,-46.531633914655195,0.1002587467693159,93.29472127117111,96.29573168385338,0,0
27.916666666667325,12.557071635142453,92.54961046094445,39.81816625163146,185.37507602000062,6.64921712003098,15.307920913182956,-33.30850572315631,-53.447085276623994,0.10138628217538859,93.3975933550895,96.74571998773222,0,0
27.92500000000066,12.390532424608129,92.49781987997414,38.70866798427398,185.82813524517462,6.371785653394091,14.847496366332996,-32.70234772128246,-61.743827283001856,0.10417917967325341,93.32401607471363,96.9700573656875,0,0
27.933333333333994,11.555065487091614,92.60810751206702,37.08856860893474,186.61518483401403,6.130261618908908,14.247528598844937,-29.447913958031545,-71.1937745763613,0.1049285286267021,93.32620808421147,97.4129887042159,0,0
27.941666666667327,11.283293297322647,92.5889446833288,36.01651289993851,186.53211062562377,5.903399554907909,13.666906878688529,-25.953746931159447,-72.16285529722963,0.09765660764323769,93.27392660977625,97.14448300944727,0,0
27.95000000000066,10.73381833793582,92.64008783762222,34.48510643408668,186.94912447829046,5.710250963591784,13.069051509163156,-24.910506055938946,-72.75934589278485,0.09322741954943359,93.25985594388492,97.25388464383961,0,0
27.958333333333993,10.707984778190681,92.93824277474886,33.32750810961256,187.70076588285718,5.478226664167625,12.4932519929097,-24.371688437486114,-76.21378166567624,0.09228637050353683,93.5530753533422,97.42473311000397,0,0
27.96666666666733,10.347894587079114,93.26286226914664,31.633447277852216,187.78083182408625,5.2598535509220765,11.828742464134416,-23.652639790507106,-77.44121410350108,0.08879449362923886,93.83517677832293,96.88509339490865,0,0
27.975000000000662,10.260949195367747,92.92735817589596,30.19714951913426,187.66359697869393,5.048831307097134,11.110607903189393,-22.640092521065103,-86.5677625215647,0.09313487452524383,93.49214392632771,96.81119266825563,0,0
27.983333333334,9.763361979402479,93.27792098418018,29.391246057342872,187.395914894342,4.884543226877618,10.323346744360345,-23.487800638128952,-95.46827345099064,0.10050796023770969,93.78749266438358,96.14286562741057,0,0
27.99166666666733,9.315652481912768,92.92125617953297,27.34264534483697,188.67163470623797,4.706223743128779,9.536194859679357,-21.921949869805402,-98.48632122178762,0.09838683489028233,93.38705066092494,97.43257904667827,0,0
28.000000000000664,8.897813726350368,93.21613326213395,25.368612336141386,188.5926650312894,4.553241877442457,8.688802632188743,-19.688445317937482,-106.172848968393,0.10120592417418672,93.63983441598316,96.78827418213952,0,0
28.008333333333997,8.909716314528172,93.20505113276005,23.502383208784583,188.94017570948756,4.418932772002634,7.7725323414102165,-13.21897577255488,-116.15093772652354,0.1014513389469629,93.62993432372888,96.84090047499694,0,0
28.01666666666733,8.780203756850032,93.6641373917156,21.43347109624887,188.66100309651443,4.335719088450644,6.7537904383816905,-7.5221362198291395,-126.83644266155659,0.10438424061204321,94.0747713860947,95.8358475107195,0,0
28.025000000000663,8.72290772179139,93.62482548893547,20.25161770019702,189.23719272646446,4.254549173034809,5.719924168500423,-3.799680894254037,-128.42002032096818,0.0987204293887074,94.030298664614,96.30491120669961,0,0
28.033333333333996,8.587967922678619,93.72293813875501,18.732868592981394,189.56872399740172,4.20465198356637,4.653800046260052,-4.905643204848413,-122.1079283226495,0.08988134250351765,94.1155796157143,96.3811894327512,0,0
28.04166666666733,8.59992136477894,93.59235909003354,16.11550915854804,189.2323033018228,4.16271412663553,3.633948311298332,-6.49768163601007,-123.70168322659272,0.092270997519464,93.9866390904482,95.93478508195041,0,0
28.05000000000066,8.595909028627947,93.5181981017385,14.413123765707102,189.70827972722617,4.091232191044685,2.580771583471497,-10.924175758747841,-124.87590389570899,0.0984858785315339,93.91242211882545,96.36582272992469,0,0
28.058333333333998,8.328646473183088,93.52621037857921,12.52008121976218,190.7104955554803,3.984657120326311,1.584019364356143,-13.571749823552835,-123.26746985479426,0.09906016109373672,93.89631717939486,97.27462881234791,0,0
28.06666666666733,7.949520086260809,93.70210168354663,11.111294513864667,190.21078995867174,3.880728419002499,0.5707138601377938,-15.616626554082018,-120.95834354144688,0.09824263656090038,94.03870867635081,96.56046670411406,0,0
28.075000000000664,7.834908983485723,93.65514685530786,8.947493601024807,190.69457570091265,3.7513404934561394,-0.49866407655483586,-17.084301824617242,-119.20857457646287,0.09768189284973072,93.98229796758956,97.04580668536059,0,0
28.083333333333997,7.69443228431317,93.64924782314631,6.771871051419173,190.56121472221452,3.62135131736641,-1.4333803175533666,-17.051618603337875,-111.90377594597423,0.08808075201290189,93.9648120629151,96.91635799737075,0,0
28.09166666666733,7.242395254156809,93.58682080455173,4.871759123432871,190.92704077874322,3.490612363257068,-2.3851253569390365,-14.800904247653872,-117.76696414909459,0.09276170538056805,93.86663580485194,97.36908308230227,0,0
28.100000000000662,7.196146441969977,93.60765533289532,3.605477027244551,190.5728721698457,3.3535068274188737,-3.3648111613482516,-14.24479474116704,-117.81871233257996,0.09274380302004381,93.88385196899625,97.03167618403101,0,0
28.108333333334,7.020373603464582,93.63379039121583,1.3687654118697354,190.31629502322733,3.2051740193544185,-4.346095309446,-17.460009069721902,-115.2599736289051,0.09506618470854944,93.89660456352169,96.8475470885568,0,0
28.116666666667335,6.673509054023502,93.63939542249773,-0.5641588737633993,190.309904270228,3.040911689914755,-5.261316799203257,-21.56570560816736,-104.98739663527627,0.08912331233787274,93.87689863957492,96.94107033611715,0,0
28.125000000000668,6.5394078893678556,93.75233959695646,-1.432923244011472,190.4574457827249,2.8541471217606778,-6.050182428181906,-23.902330081018032,-97.13006614113384,0.08410671597784658,93.98013106740476,97.03316765983166,0,0
28.133333333334,6.161537899608679,93.55625717099093,-4.585793508813079,190.59491841476932,2.6546069085382507,-6.8911656474509675,-26.50928914093261,-96.88128605033653,0.08910091095672001,93.7589345349706,97.63199735940685,0,0
28.141666666667334,5.561423013306585,93.746340584363,-5.667105054873839,190.6562094777172,2.4192233531252905,-7.687944495852436,-31.756199256814362,-90.02825960461863,0.09016356598560504,93.91115907543853,97.55820073937923,0,0
28.150000000000666,5.103310131036555,93.88519115991977,-7.31443226917349,190.54432432417053,2.1439362281982444,-8.437958943034642,-34.00651389958723,-83.48472561294112,0.08754201615677859,94.0237889761321,97.45351892252191,0,0
28.158333333334,4.792241280798696,93.40403758883161,-8.346014482330926,190.57167843643595,1.8473490400985382,-9.047068954363148,-36.59191055414873,-76.0049924408899,0.08435556357687846,93.52689353543856,98.05184441093617,0,0
28.166666666667332,4.375964206625786,93.7020194952778,-10.341411830456249,190.5464129518906,1.5265811612110183,-9.70913706838997,-39.66119155420333,-73.78487907318727,0.08820659636108719,93.80414447257162,97.95630506198214,0,0
28.17500000000067,3.736761656746812,93.81052627297737,-12.851071170485053,190.7547333936874,1.1770235356576584,-10.303448588994572,-41.63290928701733,-66.46617070607023,0.08497789459631111,93.88492012720845,98.35311633175287,0,0
28.183333333334,2.9764444238836107,93.9913810562993,-13.40545043523866,190.40125381856325,0.8252856211545756,-10.833923778492236,-44.22966657069881,-69.70498448447337,0.09409617421854932,94.03849708645352,97.79176880091319,0,0
28.191666666667334,2.5508516271506823,93.83188537864032,-14.944635003031632,190.44947291364292,0.45431781099400903,-11.374332240451215,-47.97300404273139,-58.374498744173415,0.08948831927586065,93.86655185812481,98.1888500467888,0,0
28.200000000000667,1.7915629564432765,94.02593317606659,-16.2189523457323,190.35299100918394,0.03930906022928674,-11.813059691671118,-50.99981364993838,-48.28427495927994,0.08553967203166435,94.04299977912784,97.99633019779176,0,0
28.208333333334,1.1312299872317952,93.89797090349293,-18.696608290035098,190.8194485458203,-0.39613585931143497,-12.203425868519624,-51.84733574800432,-39.26321428403601,0.08016462219669185,93.90478486785015,98.92884311019519,0,0
28.216666666667333,0.48430287706975594,94.07752050465723,-19.19227295274379,191.45284917862836,-0.83993261167421,-12.520469009641591,-53.363261941935065,-37.19866041744349,0.08204819056562851,94.07876707090149,99.34345610431673,0,0
28.225000000000666,-0.243601562372187,93.97027652243207,-20.940004748524128,191.502801774438,-1.290455840779466,-12.76265863419143,-55.89181785514751,-31.486674823644588,0.0820011733823871,93.97059226919632,99.70423555133924,0,0
28.233333333334002,-1.1579277681989835,93.80607624919344,-21.226621640643994,190.66921828135185,-1.763869353273952,-13.001068145345146,-58.568046595546555,-17.680200018611586,0.07617579278279996,93.81322261806093,98.92027475744294,0,0
28.241666666667335,-1.9291166520734988,93.82368959593907,-22.8472537548821,191.3216445391035,-2.2568876118570627,-13.090982447641993,-58.95340988837752,-8.046206616549135,0.07110613072885918,93.84351986393324,99.71669708705366,0,0
28.250000000000668,-2.6264040658738805,93.92714802754341,-23.933481511589488,191.3225527429907,-2.747078469707043,-13.162270462743546,-60.288516605625254,-2.9652416457422994,0.07066794118637532,93.96386079182406,99.69882852352626,0,0
28.258333333334,-3.5437292197363446,93.84776375894097,-24.890102132454498,191.45523993595197,-3.2682539888967774,-13.18785843232417,-62.237307853486804,-5.188896665541777,0.07560356040993099,93.9146462450709,99.91439857285133,0,0
28.266666666667337,-4.417270657383933,94.087203025571,-25.114879080092006,191.34017269485668,-3.790745859706208,-13.221567162890256,-62.69280790776111,1.9416768428236477,0.07317744034574725,94.19083847824906,99.43103692466833,0,0
28.27500000000067,-5.241609153618465,93.58555993471947,-26.18874388978878,191.77470376438959,-4.30921814389244,-13.18481385650879,-62.75293838395239,3.6003674838949995,0.07358512764300862,93.73223295544744,100.39865745944473,0,0
28.283333333334003,-6.034411136829699,93.67588857359158,-26.93874386578312,191.7585211306294,-4.825982925016794,-13.135390377573124,-62.98188620013031,11.215055993471456,0.07115412526392628,93.87004963149981,100.28556195266438,0,0
28.291666666667336,-6.9866567820596925,93.2426251900859,-28.07671211549052,190.8023733987273,-5.350927814734627,-13.005758186852601,-62.568574003789564,13.355267326152417,0.07092030075155087,93.5040134182974,99.81330023849868,0,0
28.300000000000672,-7.9306194156192715,93.63217989268566,-28.806936318861627,191.80621237743645,-5.868365152804675,-12.854059958169053,-60.872815196421115,17.39494853174951,0.06872616636455531,93.96744029594318,100.36912504232319,0,0
28.308333333334005,-8.568882501277866,93.49658274361752,-28.56757980858077,191.4457074657854,-6.375447550426765,-12.643199859366415,-60.3946667344358,27.303730394465013,0.06577265167486468,93.88842704005016,99.96989010611107,0,0
28.316666666667338,-9.42513075962432,93.20855912211567,-29.230728040086202,190.81155189089435,-6.88466861258566,-12.425730523691053,-59.77619028707011,35.46840908874166,0.06434014779417385,93.68387579224586,99.59219789249609,0,0
28.32500000000067,-10.290659957378747,93.39402596589588,-29.448336027970978,191.2495476684898,-7.363110663683528,-12.16350980729115,-57.054186181687236,36.042523244855346,0.06340927604567304,93.959255895717,99.71318709234288,0,0
28.333333333334004,-11.025601277178733,92.89860677691587,-29.83612761357568,190.9201896697857,-7.833900162671197,-11.863800894658901,-54.74967596415106,35.561871919019325,0.06309320107961636,93.55060141236595,99.81015285969679,0,0
28.341666666667336,-11.736367991815026,93.00202258564059,-29.840578035984432,191.14698585310612,-8.270773185889857,-11.563037209089478,-52.24914680855559,30.90008721420228,0.0635146407035676,93.73963163283341,99.80078274290018,0,0
28.35000000000067,-12.486557556063868,92.58152632469199,-29.98432711661263,191.14252891506823,-8.683070619792677,-11.345377617325916,-48.52968651000078,26.277784121357094,0.06361338474711076,93.41976844442792,100.10216366899478,0,0
28.35833333333401,-13.083387181174427,92.6304586101138,-30.746133979727798,190.90842154797002,-9.066989141156068,-11.174109091187908,-42.73132626593963,21.84604295895572,0.0627162926383602,93.54986308088604,99.85254440265629,0,0
28.36666666666734,-13.484062253082069,92.47084960728341,-30.67430332290939,190.68357155720258,-9.423096475580584,-10.92014109743864,-39.7157960671223,22.83588128764393,0.062168223731313255,93.44879861152748,99.70578288570283,0,0
28.37500000000067,-14.218732622984472,92.49540852861128,-30.79308976923704,190.99507987351143,-9.746645673803176,-10.686128448069907,-36.56801340328197,27.193552145283032,0.061401186631193205,93.58190506865427,99.88440603950588,0,0
28.383333333334004,-14.536896708702098,92.43613336158535,-31.133806742619466,191.16478835788615,-10.03645501464049,-10.417604958003277,-32.887122192147146,32.0956115013942,0.06082663922087983,93.57221872308183,100.11395876725952,0,0
28.391666666667337,-14.988858533117078,92.59489578939764,-31.26902303038872,191.0600696487569,-10.282076112744619,-10.156321552461367,-28.12303680042518,37.127166656906034,0.06071889043744072,93.80021645164368,99.80197502660991,0,0
28.40000000000067,-15.366520638586163,92.46222280133799,-30.758732022667058,190.64788206528385,-10.491165965669845,-9.898844359537412,-24.06279995545501,36.676740119971726,0.06075067515482635,93.73042516654003,99.38482709341456,0,0
28.408333333334003,-15.863685941468756,92.47203525038094,-29.987615360097774,190.4145019716707,-10.668355735504829,-9.624828135764183,-18.602184810148692,30.364761572711014,0.05995971681497014,93.82288545444149,98.95560706535716,0,0
28.41666666666734,-15.872275335623552,92.29410943344669,-30.157712696548057,190.2063902606185,-10.820462782008967,-9.436414582824042,-13.808414531550438,22.57899425838582,0.059464094888252994,93.6489816305702,98.94891842446714,0,0
28.425000000000676,-15.978761871118873,92.25984521329121,-29.895206375834558,190.11456745347311,-10.894980844219598,-9.272227355666047,-7.9737065522271235,15.716436056063678,0.058824075775594675,93.63332670430104,98.83933474258102,0,0
28.43333333333401,-16.058456758272936,92.47359998308423,-30.0032192299804,190.29974870990475,-10.941433340602877,-9.14300968954968,-1.305857320920836,5.585565785076035,0.058261340117979454,93.8575555151997,98.81503820327323,0,0
28.44166666666734,-16.159594165532265,92.37947845540168,-30.219160517445058,190.60099274459054,-10.937657388763503,-9.094385683169309,3.9551825371709612,-1.1215882995430029,0.05807467850993442,93.7821972619896,99.22266512881606,0,0
28.450000000000674,-16.05175700088591,92.4427517520885,-29.93226705314623,190.79465980500515,-10.870429633770406,-9.070751980977501,9.819261021688645,2.020966049309,0.058475504189294814,93.82601587147218,99.32656430663587,0,0
28.458333333334007,-15.949171078620846,92.45004994627266,-29.913406555342018,190.63731541109394,-10.765219965079313,-9.054206635745693,14.215357253239562,7.964217582222114,0.059802656905706186,93.81571186727426,99.17529416093811,0,0
28.46666666666734,-15.444587640792061,92.52405419662398,-28.970417216815743,190.09826175095816,-10.627538598336313,-9.010694060762305,20.622566914707303,6.544720666515753,0.06079000572214133,93.8042424007247,98.5072283925191,0,0
28.475000000000673,-15.358536787128624,92.52581923578896,-29.076361134909515,190.41073627419985,-10.432312606971808,-8.944359596074559,26.608115903074854,10.187215179468735,0.0633654210578074,93.7918540039351,98.84146745396464,0,0
28.48333333333401,-14.945451104006676,92.57851923909624,-28.455159834025718,191.05923278302197,-10.197151209736344,-8.830756353868079,31.363654349735942,12.807723902887558,0.06540132633452256,93.777122653694,99.40303400847837,0,0
28.491666666667342,-14.361111633007848,92.60225395505836,-27.434880996863964,191.48191703170852,-9.90642001533886,-8.72167656947832,36.03275917243828,13.083951573200558,0.06660539458676862,93.70922561249151,99.74021864589608,0,0
28.500000000000675,-13.993299016535328,92.6155198216698,-27.220971005546968,190.63282854313337,-9.589167408954832,-8.636597580911596,40.58319557281983,11.53173130881026,0.06714102621420004,93.66667993050827,98.90583458647716,0,0
28.508333333334008,-13.262479806122027,92.55818947088193,-26.65875272719995,192.02729671715656,-9.20602234250127,-8.546752842466377,47.09101497947674,8.507031524108614,0.06861507122712229,93.50353901717021,100.36714315226318,0,0
28.51666666666734,-12.683624606705049,92.98348497894358,-25.268356535767392,191.88989332253902,-8.823659537464431,-8.53920026452174,51.27968823591081,2.0334909338696336,0.06670730425721016,93.84456730143329,99.70382685311736,0,0
28.525000000000674,-12.007615229482493,92.92817036467369,-24.77148018025127,191.69586040848526,-8.367658180252812,-8.570183983065624,54.90462910988944,-7.24907228228526,0.06288412119697284,93.70073463332673,99.58901970133002,0,0
28.533333333334006,-11.075920368715284,92.73602165170695,-24.108272747043028,191.11214736245097,-7.887219055303651,-8.616524976072252,59.45170464870853,-9.499340725731278,0.06361950489510804,93.39510545954741,99.23560005546908,0,0
28.54166666666734,-10.39267885832447,93.42039828952369,-23.48796930285857,191.06364746352187,-7.406050209915338,-8.651468559679154,61.26049642043081,-7.6845323260904825,0.06391780899213373,93.99669457180664,98.51746414256816,0,0
28.550000000000676,-9.373128227928984,93.54661572702821,-22.61909482520252,191.3350710820261,-6.87140424020298,-8.749307571010043,63.657779105395164,-13.79413851664962,0.06094141363512762,94.01502457989085,98.68149589367047,0,0
28.55833333333401,-8.816145835873836,93.16350295639762,-22.680729569242825,191.31477386545203,-6.338201005455006,-8.81679887330202,65.93469885346816,-9.67565380133401,0.06328519231413443,93.57971313541255,99.12567106033728,0,0
28.566666666667345,-7.525519024550927,93.53368548986884,-21.01668180901248,190.93275441618596,-5.752217915085363,-8.900614710192967,69.68389347928832,-2.828699501335263,0.0696675870080723,93.83594065125888,98.32898911811466,0,0
28.575000000000678,-6.775729113156497,93.65102380686767,-19.761558314549855,190.476432266306,-5.176181932231261,-8.932593039249193,70.66915056462749,-0.829939292896855,0.0701461068289686,93.89581867734778,97.6923307296168,0,0
28.58333333333401,-5.955767529282293,93.69450250478536,-19.410966639591262,191.27037775590327,-4.573085965879732,-8.92095347898172,73.96687338443002,1.6457669006200786,0.07420985560872984,93.88360328876435,98.4992071750823,0,0
28.591666666667344,-4.575213189422807,93.72354312193312,-18.67251495097838,191.23681845422357,-3.9538387748554276,-8.961516202262711,75.51778625955905,-1.311895490917512,0.07244400645321747,93.83514859080005,98.52701549822487,0,0
28.600000000000676,-3.750735863561654,93.8392824463715,-16.6605514246782,191.10464437480533,-3.328322117109756,-8.96554452150292,76.92717090059058,-1.6777111185667732,0.07253898921891722,93.91421058374549,98.11836713322981,0,0
28.608333333334013,-2.499303751531097,94.03036571316972,-15.98921197742811,190.81550884663528,-2.6645756611267224,-8.931156250868968,77.22939514685456,-0.49879014671435956,0.07231643288895828,94.06357528498935,97.72073247427355,0,0
28.616666666667346,-1.7972975399355233,93.82975511155314,-15.26523620751868,191.0298363872331,-2.0339967614190915,-8.885568165858231,78.76864532157214,7.954911921993189,0.08014200583840969,93.84696704071523,98.12869698489108,0,0
28.62500000000068,-0.4085253508064808,94.0653693989093,-13.533133884480488,190.25959036132383,-1.364221902970456,-8.820638365644163,78.07301547571632,14.678340673258042,0.0839198390974687,94.06625650633448,97.08544430411811,0,0
28.63333333333401,0.4613889193737508,93.79547207625654,-13.061727799660556,190.69241288283973,-0.7251435593371413,-8.657656602548338,75.7515405585507,19.750346545178076,0.08387009324705552,93.79660687755577,97.83604562466284,0,0
28.641666666667344,1.5845235684385033,93.9936306651673,-10.806053194361194,190.57827615301517,-0.10835405374396843,-8.467749419501207,75.79677245484007,24.14338562390668,0.08732339211218854,94.00698548809453,97.37617848595252,0,0
28.650000000000677,2.6932709695151447,93.81715762320033,-9.367078700317446,190.7850810180912,0.5181625727868586,-8.257617056094183,73.21218478506997,36.5489430566397,0.09510926636679962,93.8558084138198,97.71504593293734,0,0
28.65833333333401,3.5117184343274674,94.05075311710146,-8.042223092399293,190.3857402776054,1.1154363205439348,-7.902667690804598,71.39684169037453,41.3686716314475,0.09648044398063238,94.11629151350985,97.02537459869701,0,0
28.666666666667343,4.596302175008479,93.77021111586697,-6.848337222989978,190.98047174072838,1.7119192207567797,-7.599856735979998,67.5635950821091,41.07097656416538,0.08939147220288479,93.88279121542055,97.88163536488189,0,0
28.67500000000068,5.337165164692924,93.97218071609893,-5.13343782707545,191.0903826452756,2.2765033592493507,-7.279868828853967,67.68510691504342,40.070036587378304,0.0884165289623371,94.12362126764124,97.68100466809074,0,0
28.683333333334012,6.38937855831387,93.6567468408897,-3.4933742975015845,190.71534246992843,2.814453826283377,-6.888304093021037,63.04505403602364,42.39234100155016,0.08328459799408794,93.87443947731428,97.56044172455547,0,0
28.691666666667345,7.1519254973398505,93.39662296824076,-1.7360995783077966,190.68443427161628,3.3255785503097663,-6.478394874343148,60.73318978335777,53.849016315987654,0.09193863844834738,93.67005508801208,97.69296401454172,0,0
28.700000000000678,8.006162409275081,93.61372692733914,-0.4989534038498915,190.81542992270187,3.8199541929529173,-5.956030738547176,58.29030017046407,63.764976094235045,0.09935384122866342,93.95546022318294,97.57309086112511,0,0
28.70833333333401,8.811894289102558,93.5917221117025,0.5610081943218619,190.97796716596667,4.283789981008768,-5.433267358752558,53.441723366277834,67.96850501893029,0.09646911565502192,94.00563775006508,97.7351413111898,0,0
28.716666666667347,9.535902676890888,93.4866445680504,3.0049845628132674,190.35393020425062,4.731030826381806,-4.86234679185488,51.32461575474007,71.49601771824663,0.09753457810239308,93.97173060264518,97.0871974976,0,0
28.72500000000068,9.89851311798623,93.50567804491021,4.929678266567241,190.12449571294303,5.139804992474607,-4.249642819123563,46.282098645068125,79.67738178266023,0.09964788577952977,94.0281467890618,96.74649992299075,0,0
28.733333333334016,10.817353910487899,93.15196809234124,6.903793021000301,190.3548624773228,5.504627849361748,-3.6095537812813934,43.18780031445719,81.57405670654222,0.09744912698772978,93.7779521268262,97.28164593413089,0,0
28.74166666666735,11.267132340233221,93.03392181597297,8.260384917836976,190.11347723743341,5.848305192660047,-2.878128921686149,39.08195973711048,88.43139549492717,0.09993739288630765,93.71370699973883,97.12610674216535,0,0
28.750000000000682,11.704434862152656,93.01126732480293,9.367434175334612,190.14953295240338,6.162654247344012,-2.12291335608751,35.90180645923789,87.48179923583024,0.09450281298071328,93.74481129539025,97.16637392302158,0,0
28.758333333334015,12.357483581572868,92.63475462410474,11.845026000533156,190.85395423422904,6.435231928850237,-1.322345219517614,31.670722378843255,89.98803400061333,0.09194908420384174,93.45536455836519,98.22053647188966,0,0
28.766666666667348,12.448528603216293,92.65040015339798,13.39593987990111,190.7073021431454,6.675475076598863,-0.6111933751559383,27.054259947592556,94.08300642467245,0.09106561553267145,93.48295306081138,98.0614787567173,0,0
28.77500000000068,13.000482207049746,92.62249097529246,14.96135264438374,190.86980554913868,6.9076350583519215,0.16110448315155215,23.286281726137787,99.57763461165727,0.093416079802223,93.53041415541766,98.26688065591736,0,0
28.783333333334014,13.263893503410035,92.56204704642346,17.322449864476145,190.47811455190157,7.092719872742632,0.9836749489186046,22.54451935117307,100.72473575358514,0.09488751813106111,93.50755811320342,98.00014365026868,0,0
28.791666666667346,13.54970735580503,92.52407316948967,18.28276667449774,190.4329049955577,7.269400816567975,1.8335751172002612,19.71221272194783,99.54223760355197,0.09096974218544096,93.51095489460597,98.02316664982587,0,0
28.800000000000686,13.649810145645407,92.54078985040235,20.2491261505852,189.4376217775499,7.419551859121611,2.727848106049258,17.19093778300487,101.39027529446189,0.09136172732507619,93.54204991953348,97.12130049196695,0,0
28.808333333334016,13.970170355997201,92.42606230997961,21.39341366578822,189.08579418835853,7.5510946644710915,3.5890586210949484,16.172915443497512,107.36427007028875,0.09886395759254452,93.47589343731258,96.9443567621987,0,0
28.81666666666735,14.307764529913474,92.40876733122343,23.801584260049598,188.81136487257828,7.6722808077481846,4.511310687644435,12.21941512165913,112.6451502329286,0.10208768688582648,93.50985191689503,96.86894975062317,0,0
28.82500000000068,14.34530909352782,92.35363835902012,25.200983660598357,188.91247692069186,7.769282994964891,5.453155836618904,11.680149272525474,114.53834297806353,0.10601858423191723,93.46112780796905,97.16714966841997,0,0
28.833333333334014,14.431306285074474,92.43961162183206,26.964786688815085,188.3757568710825,7.8713451654727535,6.376899079170966,10.77888976952993,117.64588442731866,0.11133171581530998,93.55930952015827,96.75139325258438,0,0
28.841666666667347,14.620980649088953,92.46813893173498,28.969687657999774,187.9171369710421,7.961239995580969,7.30654924917839,9.74131235475333,109.56264105468148,0.10302607367589278,93.61693112167093,96.52148268409071,0,0
28.85000000000068,14.750576515814718,92.27908947892257,30.32194359613698,187.4564082422064,8.040702324892578,8.193766740053123,8.134133983145452,106.45047670728688,0.10051311908082505,93.45057443701405,96.44267457779199,0,0
28.858333333334016,14.773756782071931,92.34256831680347,31.81865472991831,186.57361691860353,8.089309711046734,9.117736215744628,7.108035299933669,101.71182554587044,0.09739705288636147,93.51691725457663,95.76021651316012,0,0
28.866666666667353,15.08111050573348,92.3651314324764,33.58136760811204,187.87094217594375,8.133955799789321,9.995378062787262,6.192909984868437,103.77702197070329,0.10199567261962761,93.58823322739235,97.28113588266285,0,0
28.875000000000686,15.071728065784217,92.34639487236495,34.91667862702844,187.49119562766367,8.174807613774691,10.865485290332579,3.428242726448094,101.54809452171149,0.10024753353114635,93.56822982621665,97.19236170370446,0,0
28.88333333333402,15.042685491643912,92.31773478421667,36.05343617377475,187.3637920462407,8.20415332663244,11.677291039255003,1.5451226199924555,99.87017599413718,0.10020003254028387,93.53526897641062,97.34066285619083,0,0
28.89166666666735,15.051526913146862,92.33731942378364,37.93522887843324,186.49359724358544,8.204495567726758,12.52424011779704,-0.29533219080209816,102.29856229478004,0.10463306734631761,93.55602076182502,96.89720567960539,0,0
28.900000000000684,15.041678586099469,92.39142039651614,39.30373668224883,186.27646000788235,8.207728404767868,13.320902645621217,-0.42301688492412926,95.61485912779807,0.1019035550275067,93.60783438138766,96.96931538321145,0,0
28.908333333334017,15.111922754862295,92.3057037570743,40.500365952383454,185.87247634739447,8.2252953193816,14.041708251937209,1.181458652622249,86.62068013654756,0.09904362081514329,93.53455594291174,96.95005921072173,0,0
28.91666666666735,15.07543110389486,92.31642168187398,41.268216592232484,185.66997593987463,8.2283388991457,14.725243227013763,3.6408457162668273,75.31382574223127,0.09551895735698679,93.53924489279274,96.95848649932374,0,0
28.925000000000686,15.2257049729098,92.36934214371144,42.21081408958299,184.1675408390363,8.290912813542084,15.347191272218305,7.764805073636112,66.2921793423806,0.09587570535459511,93.61579706429954,95.68231496857244,0,0
28.93333333333402,15.236437697187856,92.4377285813207,43.46825455160792,183.91452972948014,8.365494511677747,15.92488304702096,10.678775668098005,60.58994530810739,0.09791104022704378,93.68501854071546,95.73421870575547,0,0
28.941666666667352,15.563475122906201,92.44109239959727,43.84922476516733,184.25276173440272,8.464594781972961,16.38658168612418,13.681479323303854,57.498106594428,0.10152079194209218,93.74207871565575,96.07011116298519,0,0
28.950000000000685,15.744528706567454,92.49047673929618,45.158285656063875,184.22269563108745,8.587561337471762,16.877699855258637,16.244802031772295,56.52895795471049,0.10675009305451733,93.82099163648941,96.33259614842504,0,0
28.958333333334018,15.829648900097315,92.35452710639811,46.20756836376837,183.98963544188723,8.71413184677601,17.326804670175772,17.186647727437503,52.54632097737784,0.10838493724943499,93.70131515270623,96.53916858248839,0,0
28.96666666666735,16.36558166485958,92.37293715164202,47.413027664933345,183.50386839559513,8.849496876318538,17.748653487894323,16.315962975062043,47.51146554754066,0.10798149256950174,93.81146934810474,96.27455807490162,0,0
28.975000000000684,16.262412129301087,92.08804040363054,47.85646022776155,183.18540175757374,8.965911057042424,18.073605030246288,14.14925656988125,40.42471517630295,0.10522428914280546,93.51295757083042,96.42050155904987,0,0
28.98333333333402,16.62342250541605,92.13145585248787,48.35593926816171,182.94744012013894,9.073660106555925,18.359780177779747,11.653406636990741,31.86921760673126,0.10225977495246186,93.61913978077611,96.20028907752918,0,0
28.991666666667353,16.757560738024782,92.04008752383743,49.51135823840435,183.13833722248876,9.223548451081705,18.54097793814777,15.951443811316766,11.4727491452069,0.09938729610503749,93.55315897009703,96.8075531601419,0,0
29.000000000000686,16.853418843056037,92.0692261483764,49.23157380399426,182.96072456472086,9.382319650949558,18.567514687006536,18.632222216556066,-2.0922694868458,0.09868844026954582,93.5990391524419,96.48631718043173,0,0
29.00833333333402,17.054825630049667,91.8309937318462,49.60018640551056,182.8755998781009,9.540905796099384,18.564579963719016,20.498298303667514,-8.454026201344723,0.09942801180810124,93.40127668854306,96.68671478714926,0,0
29.016666666667355,17.28674790235198,91.80431034715679,49.41898103900616,183.00766864537678,9.689100891967616,18.510577887869687,22.747739655286203,-12.623170393902988,0.10028602226865857,93.41768061430635,96.69815391837525,0,0
29.025000000000688,17.87801147152084,92.01839311878729,49.773700358638116,182.78657949834076,9.884873283354016,18.373856776126825,23.580155319332206,-18.496258530686763,0.10050545945854283,93.73904184671139,96.20914004509724,0,0
29.03333333333402,18.591361073101556,91.89566529810759,49.598662105710396,182.66167862669465,10.071899458147438,18.220289812374155,24.860728636005426,-20.550213743225147,0.10101497844642093,93.75741041182958,95.9162233039441,0,0
29.041666666667354,18.348598483281084,91.90605592709778,49.805610078479965,182.61335578843597,10.298861220897686,18.018606126816103,26.15322474845728,-19.125923640700183,0.10171871607443617,93.71976409688348,96.00707175325785,0,0
29.05000000000069,18.693227853629995,91.86878666512717,50.07558584226036,182.26796385361894,10.53221487269195,17.89934305809464,25.945389502211043,-17.684379725604092,0.1026770653483502,93.75132388884104,95.69150238805368,0,0
29.058333333334023,19.08406355575187,91.81953811389326,49.8063614138485,182.84239617440733,10.762619868514772,17.704024774466518,26.3146001888235,-20.951993590404854,0.10300645917062345,93.78181626119571,96.06778999844902,0,0
29.066666666667356,19.616220221619646,91.69540371201282,49.681808746549116,182.7510642488358,10.980336589327301,17.44333537255653,26.24093528645118,-32.400106235051915,0.10301310674974573,93.77016133979984,95.89094289424582,0,0
29.07500000000069,19.90232805138476,91.68043567144622,50.0422141818923,182.6968740639157,11.151088081083708,17.159268158580378,25.074376252396583,-39.849893597119475,0.10314569618023262,93.81580328905747,95.87702954102276,0,0
29.08333333333402,20.40244215223908,91.54182538890615,49.854467542160315,182.49947294455535,11.334753447659073,16.842827086909857,24.755326872965462,-48.05581958698463,0.10412638195611157,93.78787470301502,95.60708890258223,0,0
29.091666666667354,20.567917365695624,91.66956099008024,49.65867362248952,182.9042233389847,11.57688712377823,16.401317730129062,22.28028525680583,-51.615809525971166,0.10439255981322315,93.94864361381768,95.76030343263747,0,0
29.100000000000687,20.830061838791156,91.42164745713183,48.349175151579125,183.25790778747404,11.793635944569706,15.913928972163701,22.965096413853747,-59.00192348852335,0.1055233958884374,93.76464738900245,95.87074793170464,0,0
29.108333333334024,20.98984384992855,91.5225337557523,48.055268838237744,184.29883824170946,11.992165298428242,15.396642873698436,23.540753423880858,-69.47953710272955,0.1082674447891181,93.89860345030273,96.64357145650622,0,0
29.116666666667356,21.22396869126283,91.553668765721,47.90018960230203,183.711831524032,12.169743491336549,14.847909970614293,23.52203772338809,-72.50963235966825,0.10808740221351254,93.9815466539632,95.94137650191341,0,0
29.12500000000069,21.94424204228773,91.50923861654536,47.20418936961568,183.64863355857022,12.343518525036185,14.165385598251552,21.72564774877777,-76.67078997887816,0.10856930930793007,94.10361582314648,95.53917018302923,0,0
29.133333333334022,22.335474990549987,91.5429893827677,46.181042506878505,183.57236034871676,12.484700666380373,13.537775129222174,18.706710038784866,-76.8248004666609,0.10778016619779152,94.2284052087639,95.06848168853885,0,0
29.141666666667355,22.40077399016349,91.53641710442747,45.14857390345134,183.87322267136625,12.620261158061144,12.921868042650976,13.393343644955207,-75.10943184666706,0.1073071397284342,94.23752082729102,95.09757127919532,0,0
29.150000000000688,22.385841569854282,91.51258212950688,44.34710927451011,184.2808255230952,12.72223323561096,12.3098171262904,8.361429252751504,-79.40611516315418,0.11094298732880858,94.21081992425476,95.33228341714889,0,0
29.15833333333402,22.42857045909881,91.36906089088262,43.778835594572634,185.26765664704277,12.798229347336761,11.64335760888285,3.3288544879324573,-76.96384366947933,0.1102191360343947,94.08159257219542,96.29527561793364,0,0
29.166666666667357,22.536557968487845,91.46739787381091,42.145518649768015,185.71973521999809,12.822487049119218,11.00934673680591,-0.19463444529322466,-69.6120542218364,0.10498759542922986,94.20287319860813,96.27052733946907,0,0
29.175000000000693,22.542595302826843,91.62401993367212,42.09395226245682,185.86060516496337,12.805159241663466,10.428218653045242,0.20977734586693483,-70.06167628060076,0.10251959027671864,94.35639687796994,96.24338707161805,0,0
29.183333333334026,22.598996945501714,91.47365786537756,40.82773182429566,186.32649820964565,12.816681163771134,9.819470370309428,1.5520276169152056,-73.82301871568865,0.1020079758137884,94.22390750873659,96.58855054641089,0,0
29.19166666666736,22.554369625246753,91.4393552992122,39.41327309429335,186.1556382783266,12.822212081269848,9.162620203213189,-0.042016255955272336,-78.55952003011288,0.10439932166188148,94.17990914588854,96.20497329950415,0,0
29.200000000000692,22.504075116025437,91.4927168740465,38.74777487406369,186.65486391983166,12.816345966236678,8.486379488963555,-2.4489019137810977,-80.62773790931361,0.10567933951976549,94.21969347128098,96.53855194787693,0,0
29.208333333334025,22.382616488762782,91.46927024048807,37.714138071360885,187.02328241320578,12.753832389387583,7.858045860218569,-7.714337431339637,-78.20452181529308,0.10575948311529215,94.1679824526918,96.77615820201562,0,0
29.216666666667358,22.357194701928623,91.22104888967556,36.21728578792676,187.6023884214078,12.666410730856636,7.2925173739990665,-12.681932176304448,-74.44391463342538,0.10480708716468001,93.92083855818431,97.37281311969588,0,0
29.22500000000069,22.354420634402576,91.59272797508186,34.98736658000008,187.72492158344664,12.536262765778702,6.661428808103569,-19.04066897412489,-66.13378979767357,0.10118171223553363,94.28121732252478,96.95870240066397,0,0
29.233333333334027,21.84795989754895,91.88219704882482,33.559217966742445,187.80079141760268,12.334841736430825,6.13445545183416,-26.629155129735555,-62.102845618074156,0.10265538917451922,94.44401244231409,96.63089729090481,0,0
29.241666666667356,21.41736359167368,91.57920058493397,32.66010282723318,187.11586283652485,12.11059467829348,5.627578282090516,-32.2255772896305,-57.59850583261344,0.10195809852791182,94.0502708289217,96.19590957880351,0,0
29.250000000000693,20.7422574456827,91.5981426700273,31.585256278576995,187.56336630733273,11.815021142072156,5.1507896200319605,-39.158924972466195,-50.05288394467296,0.10007836543415305,93.9173092914275,96.57584983549559,0,0
29.258333333334026,20.45973314703662,91.66135798892674,30.328746781271096,187.4723030768232,11.496411335310313,4.695188414962357,-42.46240557481074,-49.60564901457666,0.10030882923998208,93.91701245686073,96.31788322398192,0,0
29.26666666666736,19.70887133701166,91.81927727253304,28.4888174758695,188.2048341658512,11.097311029473106,4.318342774289086,-47.114484881355914,-50.24205814134005,0.10319887359690716,93.91069847588817,96.784621876806,0,0
29.27500000000069,19.006647204485436,91.8943483363825,27.489429669581174,188.7913046032238,10.68493791680578,3.9502824244254087,-50.363519788413015,-48.19461487700025,0.10197738891708452,93.83935152229144,97.26755744917364,0,0
29.283333333334024,18.559561779306254,92.01904329941425,26.313926925911066,188.77998695965448,10.245496514471082,3.5267427318296045,-55.8933386831622,-48.630564043682554,0.10661243996338188,93.87204942462564,97.07116150972472,0,0
29.291666666667357,17.524560878774654,92.37627920737401,24.683514640972138,189.06108430322507,9.762141572740035,3.1375086918485304,-59.98636189184851,-42.97265616905792,0.10316939832918504,94.02386502475103,96.94948249161513,0,0
29.300000000000693,16.919423530377973,92.16806697846192,23.22199060380382,188.97519071254465,9.2521901720765,2.7943850195548796,-64.54139713035585,-36.93519543294323,0.10033511436635312,93.70816113416457,97.01206913256223,0,0
29.308333333334026,15.629000633865022,92.45058797439896,21.948979715460954,188.8852891930851,8.691043964524068,2.516746736290831,-67.423545322181,-33.4988789147969,0.09760546360067268,93.76234253486543,96.6415735319385,0,0
29.316666666667363,15.018971052799774,92.28051066555327,20.622841799909114,189.05447510398687,8.117537268206263,2.2782040890748263,-71.63016095388876,-30.198337067397233,0.0974267320254385,93.4947171779247,96.93607976641886,0,0
29.325000000000696,13.87962199879411,92.49709271406613,18.654123144945974,189.67113776702053,7.533984259780472,2.0010539119539743,-72.41866769939129,-27.57929445757927,0.09265988856065865,93.53264706712814,97.29126832942521,0,0
29.33333333333403,12.954065742421282,92.51180836735057,18.109389520145275,190.15730648057382,6.903676605123387,1.7757870196485752,-73.94356850726801,-25.88749843766895,0.09009167137321983,93.41435921022189,97.78149449171174,0,0
29.34166666666736,11.883652048249079,92.59899228014928,16.46357524289687,190.23271157519184,6.2967676098567855,1.5648526098189746,-75.71644840359093,-24.967288454952158,0.08911894954072563,93.35841985221793,97.74108061532796,0,0
29.350000000000694,10.86180202951687,93.04269808842798,15.042528983951403,190.55435093671173,5.638669601609612,1.349361067934419,-77.36407261749052,-27.14157296769852,0.09117060439213143,93.67455583509738,97.60123420875239,0,0
29.35833333333403,9.835499217655187,93.05275123975161,13.579818243797664,189.52611480693173,4.969928882304129,1.0896813326466002,-82.7618248452449,-27.560751903483407,0.09842471062722646,93.57110429052119,96.54599837867362,0,0
29.366666666667363,8.907685304484009,93.50079438392737,11.952429637602453,189.61408178231187,4.272897106154467,0.8960086884475095,-82.9607387964189,-28.72545266461187,0.09770980692414533,93.92414709705479,96.16150208154257,0,0
29.375000000000696,7.471882998345682,93.67761293964872,10.510631078612906,190.05175348770007,3.5905032740360925,0.6557232153862916,-84.74238131988153,-31.483334651771628,0.10212431057346327,93.97512544078678,96.42203563641912,0,0
29.38333333333403,6.5747987575177875,93.8386424911501,9.054292015952004,190.7020467707295,2.878082194332932,0.37402632288529886,-85.77083429223073,-28.117234797333047,0.09855503876596927,94.06869193989964,96.89513391005693,0,0
29.391666666667362,5.07418660101536,93.63628462737506,7.030969379700598,190.5853744251114,2.165590663624093,0.17631103841599383,-86.27567946677182,-24.69487777267285,0.09441470180891542,93.77366991048564,96.96883525882171,0,0
29.400000000000695,4.010852533207246,94.04594852354802,5.716754890154339,190.54941596870106,1.4554686701129276,0.05398079303139666,-85.11009809734509,-15.801727558614292,0.08215188167373277,94.13143668157296,96.51854397880828,0,0
29.408333333334028,3.13323634976138,93.76854440198605,4.803254945149551,190.64405945348716,0.7627643296837965,-0.04114092976793833,-81.71613693267749,-10.136012523704794,0.07056819750995214,93.82087768343831,96.8899085488399,0,0
29.41666666666736,1.8337691064874706,94.03173451355866,2.8097233074458403,190.9920886343154,0.07182038883104497,-0.1796984780860853,-79.82196305623482,-12.944221837673238,0.06987927419622642,94.04961352799005,96.9652657286356,0,0
29.425000000000697,0.6563886001915806,94.08651392831081,1.861485136459014,191.0177971197084,-0.5942872493956065,-0.38673161901983266,-79.95884410635614,-18.658377670336506,0.0756313523460701,94.08880352718216,96.93877407308513,0,0
29.43333333333403,-0.3045589899990615,94.00464264344629,1.0197686623631101,191.0652433797705,-1.2512165967550557,-0.6045315627062187,-76.99688628961836,-28.831393769530976,0.08135062680146277,94.00513600171232,97.0696351029865,0,0
29.441666666667363,-1.294140934453135,94.11378587180366,-0.24621344005378898,190.80491967203955,-1.8725866202394414,-0.8671869929984221,-76.27773132967451,-38.6458178837283,0.09151673690774631,94.12268319529537,96.69681229290155,0,0
29.450000000000696,-2.313268179855977,94.02175832442833,-2.5475564158944577,191.01420067697592,-2.511583089360072,-1.142970544362385,-74.33370386231442,-42.06211413498611,0.09302392003339932,94.05021131336784,96.99272531736497,0,0
29.45833333333403,-3.529619608431058,94.04018633394452,-4.859557249563291,191.39553641259027,-3.118479780592315,-1.4937469200012543,-70.01138440275902,-46.61786008772509,0.09198128650349435,94.10640180297634,97.3644335631085,0,0
29.466666666667365,-4.335848249201542,93.99369087738876,-6.045532016310854,191.00358927130486,-3.6754500067938416,-1.8414635907028658,-67.12211579526995,-48.07651824251534,0.0901968824332453,94.09364221239508,97.0249627929918,0,0
29.475000000000698,-5.105445468219268,93.8397394912979,-7.1579341892034405,191.0872079832867,-4.22531230086152,-2.2269568382403646,-64.31905462121512,-41.30326604399449,0.08003565713193739,93.97852031833453,97.26912582135259,0,0
29.483333333334034,-6.115450417173288,93.923357993102,-8.57862519948645,191.0644403913479,-4.737106126037003,-2.586443588540803,-58.76906153814083,-34.348460719651285,0.06680944958185675,94.12223919194285,97.17230634039217,0,0
29.491666666667367,-6.9068600149446935,93.57842421806936,-9.776994495769994,190.96861283285614,-5.225068812101301,-2.9249733207252677,-54.84325493967583,-34.37958941557893,0.06346390481572683,93.83296965567588,97.43247153984018,0,0
29.5000000000007,-7.417184040882769,93.53862200712075,-11.463678918783724,190.67453270526659,-5.656803052604323,-3.228872719780537,-50.105793128432445,-41.816488815121176,0.06573980483994557,93.83223553815256,97.22015875298209,0,0
29.508333333334033,-8.193074024736514,93.47339393339348,-12.326053972109545,190.401388912284,-6.0500293530253035,-3.5781387651785805,-46.527384998460235,-49.51034945425315,0.0701329863075717,93.83177412477168,97.01606946209073,0,0
29.516666666667366,-8.844341982123463,93.20828977067674,-13.73066244017036,190.4196569657247,-6.425641509735283,-4.0591058805109155,-41.45560838555743,-58.60867339453921,0.07444863130646295,93.62696015075569,97.33409494904225,0,0
29.5250000000007,-9.231269658397533,93.50579825141693,-15.070942453123674,190.6755937496264,-6.751661222359769,-4.553304140019857,-36.078927873562954,-62.62038718145995,0.07364374522747674,93.9603674223379,97.34511254045223,0,0
29.53333333333403,-9.882332139038791,93.15068835046583,-16.898159386039136,191.35431561989213,-7.013430423454365,-5.067420805914432,-30.899526216449903,-64.77271449356233,0.07146571285874614,93.67342861597353,98.45391937770768,0,0
29.541666666667364,-10.034996600574797,93.01991936360946,-17.779719439112622,190.48791415175464,-7.251576486984655,-5.602871348941159,-25.927061617590425,-66.32910863542847,0.06937246492230598,93.55964170082073,97.77520513845862,0,0
29.550000000000704,-10.498761148263437,92.79990688111718,-19.386597488723222,191.18244742660806,-7.460145051120453,-6.126546107752594,-20.729530811856073,-67.9683995227596,0.06740583695354996,93.39189848585532,98.78318641853966,0,0
29.558333333334033,-10.752835421747474,93.09199174712376,-20.925355322029528,191.30331788012398,-7.622559274403349,-6.731163792964883,-17.809491506153957,-66.55755125651285,0.06556781652087063,93.71095131868924,98.73674463908645,0,0
29.566666666667366,-10.883312990755027,93.1773894609754,-21.263785767403473,191.2618425833445,-7.754356482928119,-7.319545126794069,-14.559124840743767,-67.95293867958539,0.06586842951969718,93.81083310799998,98.63221664030958,0,0
29.5750000000007,-10.988897906171754,92.81708939979075,-22.71454986436589,191.82052317179563,-7.866022690134556,-7.864974013942527,-10.976074480368569,-67.39084844544864,0.0643707866286154,93.46533026658075,99.6953901265874,0,0
29.583333333334032,-11.310137254059153,93.02246464569686,-23.975863669911856,190.76291395687656,-7.9507626763752315,-8.457672816218688,-9.840467286014336,-71.25281239224422,0.06870671157663066,93.7075137513827,98.55767883423654,0,0
29.591666666667365,-11.360057312905607,93.01495506012924,-25.082149216157458,191.17486432599486,-8.009362611538615,-9.053307451204448,-5.281731539700454,-71.81399176662174,0.06759244153969401,93.70609781113693,99.11439649861296,0,0
29.600000000000698,-11.396922441409682,92.94809347589069,-26.500977263036415,191.53102614008452,-8.02435380915326,-9.617297147965928,-1.9249074186435182,-71.05037851859923,0.06651259504978535,93.64420922800524,99.73327972511323,0,0
29.608333333334034,-11.350568172095901,93.0442565465379,-27.27410277935905,191.77132777524776,-8.016283455045922,-10.194631036979233,2.857037541700095,-70.36098772667077,0.06485765267170018,93.73403370242505,100.00296769490122,0,0
29.61666666666737,-11.33236870636102,92.7505610941887,-28.06102332801117,191.78897702155854,-8.004549511890362,-10.75560380971277,5.538266449174927,-61.56597963415411,0.06012344027441063,93.44029732285605,100.44130482452506,0,0
29.625000000000703,-11.268367918327609,92.87185341995246,-29.42635835250206,191.19475903153614,-7.948824530052562,-11.266954717635146,8.554683599696647,-59.00413619752912,0.05919036306516112,93.55296506899143,99.98553087578205,0,0
29.633333333334036,-10.934756575223442,93.16559749025481,-29.285405392254855,190.8389475160605,-7.873744084276673,-11.713659691356611,9.553938301857832,-53.002887563489864,0.057544193232696106,93.80510357691402,99.38223994894447,0,0
29.64166666666737,-10.894957376134979,93.08247376055789,-30.223373821166373,191.42425679333934,-7.787076219303153,-12.187062252722617,11.502310479015692,-53.0325177206146,0.058569648526779705,93.71791193583405,100.22322072423746,0,0
29.650000000000702,-10.723339307988393,92.9850668267431,-30.97736456995676,191.08847902017828,-7.658871406881231,-12.654738291642701,15.128622574999886,-55.69941040482876,0.06009221510119023,93.6013496627486,100.17237654816572,0,0
29.658333333334035,-10.700259915194803,93.00609319550028,-31.257053081830005,190.66558666951806,-7.521293299816527,-13.075754309912337,17.81177658840144,-51.7056458397295,0.059330201336925015,93.61959695353751,99.79959123612451,0,0
29.666666666667368,-10.167090983496731,93.00142879799432,-31.931231676940794,190.61505064126567,-7.349093279759149,-13.592083386909756,20.98546970105696,-58.51615702361323,0.06284407344391374,93.55552093561934,100.01048439781306,0,0
29.675000000000704,-10.032020333102704,93.02558011756292,-32.1447290578618,190.31759444303196,-7.159636468547024,-14.053800393627615,24.53795458865235,-62.13524060011404,0.06502161380201565,93.56495063950446,99.77328268957231,0,0
29.683333333334037,-9.56582212449393,93.39378062290047,-33.3044808997904,190.4161769874845,-6.966856409038756,-14.55917767305607,27.317591937499444,-59.04555825751104,0.06541432973092398,93.88239031871694,99.88427962785941,0,0
29.69166666666737,-9.086572877350758,93.25032325344017,-33.144261334231935,190.255205179496,-6.752831134318423,-14.990155553057301,26.563738355485377,-53.32473946502276,0.06515581942204296,93.69198788331097,99.94358154166973,0,0
29.700000000000703,-8.927162892799,93.22362449087001,-33.45822413657452,190.10199450895425,-6.529635430843136,-15.402965058222245,25.951667237398194,-47.592834817059725,0.06509414732189223,93.65008489333742,99.93593719531883,0,0
29.708333333334036,-8.416011789142939,93.58705635407836,-34.75985278108282,189.69176136514324,-6.303221006039927,-15.802876715418432,24.692267357720308,-40.040329774029814,0.06496291146815603,93.96470811669896,99.64994873793168,0,0
29.71666666666737,-8.142805387993686,93.26943817040342,-33.770574945219145,189.9551247459907,-6.101673031680489,-16.095957175140814,24.68611799990207,-32.45465993940987,0.0649450138237091,93.62421362131403,100.02451979925198,0,0
29.7250000000007,-7.953703344675769,93.63746853640441,-34.15950358073342,189.3951218417148,-5.886618903412259,-16.34447195141278,23.76486792362194,-23.004879929533814,0.06501867075245205,93.97466100391762,99.27875972509015,0,0
29.733333333334038,-7.560869083798816,93.39551005162741,-34.00674724134807,189.4961959203389,-5.692194105502689,-16.539049277625065,24.25667137489373,-21.74878969820978,0.06554789321383492,93.70105676621786,99.67309715244483,0,0
29.74166666666737,-7.113400432961494,93.75298582283222,-34.14825714896926,189.32146216293415,-5.499253270745009,-16.664425098254583,24.153449423198794,-10.622282664383901,0.06636252950892496,94.02245910640625,99.31876533477293,0,0
29.750000000000703,-6.852479217412561,93.65869691543622,-33.890715933521555,189.22093081616958,-5.29608521790651,-16.70250872816881,23.227457464748408,-2.7546930910109437,0.06675884531342469,93.90904098819567,99.3136787799889,0,0
29.758333333334036,-6.579078424050631,93.84902641145476,-33.421978939891964,189.50292309271248,-5.107708435736636,-16.70178461726985,23.647221711642423,-3.3908627524135877,0.06610456315691815,94.07934965383073,99.34892681057043,0,0
29.766666666667373,-6.207934953700426,93.78057385401411,-33.30548438039795,189.60582251620997,-4.903694367405211,-16.775105860574875,22.91909263667382,4.5378391511401315,0.06734459726697928,93.9858206793853,99.5829074997511,0,0
29.775000000000706,-5.950969380893066,93.76496304086567,-33.132421392557994,189.76223144051255,-4.727828453589613,-16.704379875209355,20.324381261401523,9.378525851049657,0.06643066444941859,93.9536179751862,99.77127278759295,0,0
29.78333333333404,-5.658967248459869,93.80378713841918,-31.948197529321757,190.32261360170446,-4.564708597352505,-16.555923627665596,19.222789562699415,18.559909221558293,0.06743200380578163,93.97432836593724,100.03503131708395,0,0
29.79166666666737,-5.341145051370343,93.80760146653881,-31.92165877654963,189.78425727914436,-4.409257608363262,-16.345745586680888,18.880227236072972,24.274202473668325,0.06770965062424938,93.95953343522281,99.58936776014693,0,0
29.800000000000708,-5.088105632883408,93.78416820305853,-31.750751796602398,190.0767766940835,-4.253671066840656,-16.145479979368304,17.501273302411764,29.29770713874508,0.06740329459448402,93.92209018367805,99.91578028748758,0,0
29.80833333333404,-4.897401454470066,93.71122140372478,-30.658090601226032,190.07357652312487,-4.104103344505204,-15.915291537424084,16.71366553803318,33.98567172104949,0.06732724115404265,93.83910463119398,99.74626103004144,0,0
29.816666666667373,-4.868943878445914,94.0989126361481,-29.573692854150575,190.22626191253948,-3.963891258836389,-15.614190537151183,16.268479847014824,37.563645670023014,0.06669551048313593,94.22479489920309,99.25115566510007,0,0
29.825000000000706,-4.450715845820009,94.04464692643586,-28.552040397512595,190.3331266309994,-3.8441089501131813,-15.27333360556918,14.066876201774495,43.48410107640199,0.06615108018010263,94.1499043390816,99.25898029378584,0,0
29.83333333333404,-4.332113089697084,94.07499739641918,-28.00987882379553,189.39434791055845,-3.763091505777076,-14.847915420484384,10.537449935387464,56.23840085064249,0.06881706511514052,94.17469054346927,98.21616553600629,0,0
29.841666666667372,-4.1455456154901595,94.03539104812552,-27.57084720937001,190.65108119439998,-3.66451118877269,-14.309541377749433,10.540378078774875,60.57545619443424,0.06856631756315412,94.12672478113745,99.41497038778992,0,0
29.850000000000705,-4.013077442937056,94.0091500569053,-26.06849415802122,189.8442495054589,-3.5848961392791887,-13.804145604666227,8.888738745521755,62.24874693249932,0.06559893883966428,94.09476651219634,98.34026486028075,0,0
29.85833333333404,-3.937038127704052,93.99970972633889,-25.138202609974197,191.35819766794248,-3.497240027485019,-13.354444346390418,8.68030792532214,63.86144856351087,0.06407301260809284,94.0821220947687,99.64017537961104,0,0
29.866666666667374,-3.97875659367332,94.01807882599257,-24.038856189846452,191.72440376329394,-3.3951783584303037,-12.819692275546155,10.04529840149045,70.54722557879677,0.06736373041495769,94.10222978315792,99.74434083476567,0,0
29.875000000000707,-3.806285007575691,93.77883506105735,-22.528443366527025,191.67415599455097,-3.3073096850391326,-12.183818493099547,12.684968291443958,76.14159170177037,0.07127682931141877,93.85604781242334,99.66951928392835,0,0
29.88333333333404,-3.309362527410424,93.81016833003179,-21.492558948420363,191.05013702591214,-3.22383614143627,-11.493512628146208,12.250866846208039,78.41959299592301,0.06961135840978683,93.8685227456293,98.92542718664812,0,0
29.891666666667373,-3.496745383605112,93.75460431444696,-20.86024767171767,191.03081102572838,-3.1508444499255006,-10.772525807592656,10.525469390343678,84.67962540090647,0.0704284547250249,93.81979033464252,98.81372173865957,0,0
29.900000000000706,-3.093720120205826,93.80374083240906,-18.94041035038003,190.9739130104141,-3.0722392574603146,-10.07183239679028,9.19739056784536,90.8088733167348,0.07202361616273745,93.85474361126312,98.45384681338888,0,0
29.90833333333404,-3.0095454415892915,93.77453648768477,-16.57049950560059,190.91187234349462,-3.0142554484314137,-9.223306223024723,5.1861108349688445,106.32555706373329,0.08057487460675494,93.82281735934555,98.07936323350916,0,0
29.916666666667375,-3.1362205424503555,93.74106959852537,-15.408623139593939,190.719931422007,-2.9516735349793675,-8.381276240209326,3.360466937711654,112.6737155572093,0.08266234904853409,93.79351794642562,97.7522966793329,0,0
29.92500000000071,-3.1958618653973145,93.80031405537102,-14.17815021117502,191.16004321674785,-2.899936158590674,-7.420531055944109,4.770448932927929,120.20833478058447,0.09035198457512772,93.8547412225346,97.97717856565608,0,0
29.933333333334044,-3.0071321039912915,93.64102919538857,-12.146571111588681,190.77446897842697,-2.845285781928741,-6.411903853607902,8.740944086611032,117.59558634728704,0.08951693317994103,93.6893013756772,97.56246444949379,0,0
29.941666666667377,-2.7972245184122313,93.73234214721629,-10.503340270535997,191.3251906599246,-2.7768170931479528,-5.379474366521017,8.958279374744263,118.03241108014467,0.08792266308754959,93.77407119992831,97.89662047695805,0,0
29.95000000000071,-2.8292487916166307,93.77505702139035,-7.946684675738818,191.19735040969937,-2.6944151229723428,-4.4005476897978655,10.89982475565168,116.74101988621877,0.08694030639736416,93.81772736583356,97.55660612724215,0,0
29.958333333334043,-2.340447422570885,94.0254136729381,-7.07031334747091,191.74504899775587,-2.593792825749701,-3.4366068925375894,13.331157866028514,114.43580000905624,0.08574033201829723,94.05453795806427,97.83403681583881,0,0
29.966666666667376,-2.221483904701752,94.01319848840336,-4.254951912960332,191.10387377948325,-2.4708686370677957,-2.4961005471004634,16.252278705874797,111.11675144865715,0.08433933871648991,94.0394410912718,97.11196744283643,0,0
29.97500000000071,-2.069751397387786,93.95280398347819,-3.121251124060616,191.20827817098103,-2.3215609925143967,-1.5874772258468381,19.663187275190527,106.78387420502148,0.08275900810999826,93.97559921173615,97.26115828588112,0,0
29.983333333334045,-1.9740055341090352,94.02772463871668,-1.0755597713067528,191.49841350784936,-2.1417883276772214,-0.719185501136989,23.56388357397571,101.43716827814924,0.08102812883774568,94.04844336076499,97.47482953774254,0,0
29.991666666667374,-1.3807175871891628,94.05575890394243,0.36369245102753656,191.4804046343964,-1.927469078144065,0.10032605466878387,27.954367602230338,95.07663366804042,0.07918495278180515,94.06589267131906,97.44026150460544,0,0
