Time(s),CH1(V),CH2(V)
-3.000000e-04,-7.134107e+00,-7.263919e+00
-2.999625e-04,-7.140389e+00,-7.268743e+00
-2.999250e-04,-7.140389e+00,-7.263919e+00
-2.998875e-04,-7.140389e+00,-7.268743e+00
-2.998500e-04,-7.140389e+00,-7.268743e+00
-2.998125e-04,-7.140389e+00,-7.268743e+00
-2.997750e-04,-7.140389e+00,-7.268743e+00
-2.997375e-04,-7.140389e+00,-7.268743e+00
-2.997000e-04,-7.140389e+00,-7.268743e+00
-2.996625e-04,-7.146670e+00,-7.268743e+00
-2.996250e-04,-7.146670e+00,-7.268743e+00
-2.995875e-04,-7.146670e+00,-7.268743e+00
-2.995500e-04,-7.146670e+00,-7.268743e+00
-2.995125e-04,-7.146670e+00,-7.268743e+00
-2.994750e-04,-7.146670e+00,-7.273567e+00
-2.994375e-04,-7.146670e+00,-7.273567e+00
-2.994000e-04,-7.146670e+00,-7.273567e+00
-2.993625e-04,-7.146670e+00,-7.273567e+00
-2.993250e-04,-7.146670e+00,-7.273567e+00
-2.992875e-04,-7.146670e+00,-7.273567e+00
-2.992500e-04,-7.146670e+00,-7.273567e+00
-2.992125e-04,-7.152952e+00,-7.273567e+00
-2.991750e-04,-7.146670e+00,-7.273567e+00
-2.991375e-04,-7.152952e+00,-7.273567e+00
-2.991000e-04,-7.152952e+00,-7.273567e+00
-2.990625e-04,-7.152952e+00,-7.278391e+00
-2.990250e-04,-7.152952e+00,-7.278391e+00
-2.989875e-04,-7.152952e+00,-7.278391e+00
-2.989500e-04,-7.152952e+00,-7.278391e+00
-2.989125e-04,-7.152952e+00,-7.278391e+00
-2.988750e-04,-7.152952e+00,-7.278391e+00
-2.988375e-04,-7.152952e+00,-7.278391e+00
-2.988000e-04,-7.152952e+00,-7.278391e+00
-2.987625e-04,-7.152952e+00,-7.278391e+00
-2.987250e-04,-7.152952e+00,-7.278391e+00
-2.986875e-04,-7.159233e+00,-7.278391e+00
-2.986500e-04,-7.159233e+00,-7.278391e+00
-2.986125e-04,-7.159233e+00,-7.283215e+00
-2.985750e-04,-7.159233e+00,-7.283215e+00
-2.985375e-04,-7.159233e+00,-7.283215e+00
-2.985000e-04,-7.159233e+00,-7.283215e+00
-2.984625e-04,-7.159233e+00,-7.283215e+00
-2.984250e-04,-7.159233e+00,-7.283215e+00
-2.983875e-04,-7.159233e+00,-7.283215e+00
-2.983500e-04,-7.159233e+00,-7.283215e+00
-2.983125e-04,-7.159233e+00,-7.288039e+00
-2.982750e-04,-7.165514e+00,-7.288039e+00
-2.982375e-04,-7.165514e+00,-7.288039e+00
-2.982000e-04,-7.165514e+00,-7.288039e+00
-2.981625e-04,-7.165514e+00,-7.288039e+00
-2.981250e-04,-7.165514e+00,-7.288039e+00
-2.980875e-04,-7.165514e+00,-7.288039e+00
-2.980500e-04,-7.165514e+00,-7.288039e+00
-2.980125e-04,-7.171796e+00,-7.288039e+00
-2.979750e-04,-7.171796e+00,-7.292863e+00
-2.979375e-04,-7.171796e+00,-7.292863e+00
-2.979000e-04,-7.171796e+00,-7.292863e+00
-2.978625e-04,-7.171796e+00,-7.292863e+00
-2.978250e-04,-7.171796e+00,-7.292863e+00
-2.977875e-04,-7.171796e+00,-7.292863e+00
-2.977500e-04,-7.178077e+00,-7.297688e+00
-2.977125e-04,-7.178077e+00,-7.297688e+00
-2.976750e-04,-7.178077e+00,-7.297688e+00
-2.976375e-04,-7.178077e+00,-7.297688e+00
-2.976000e-04,-7.184359e+00,-7.297688e+00
-2.975625e-04,-7.184359e+00,-7.297688e+00
-2.975250e-04,-7.184359e+00,-7.297688e+00
-2.974875e-04,-7.184359e+00,-7.297688e+00
-2.974500e-04,-7.184359e+00,-7.297688e+00
-2.974125e-04,-7.190640e+00,-7.302512e+00
-2.973750e-04,-7.190640e+00,-7.302512e+00
-2.973375e-04,-7.190640e+00,-7.302512e+00
-2.973000e-04,-7.196921e+00,-7.302512e+00
-2.972625e-04,-7.196921e+00,-7.302512e+00
-2.972250e-04,-7.196921e+00,-7.302512e+00
-2.971875e-04,-7.196921e+00,-7.307336e+00
-2.971500e-04,-7.196921e+00,-7.302512e+00
-2.971125e-04,-7.196921e+00,-7.307336e+00
-2.970750e-04,-7.203203e+00,-7.307336e+00
-2.970375e-04,-7.203203e+00,-7.307336e+00
-2.970000e-04,-7.203203e+00,-7.307336e+00
-2.969625e-04,-7.209484e+00,-7.307336e+00
-2.969250e-04,-7.209484e+00,-7.312160e+00
-2.968875e-04,-7.209484e+00,-7.312160e+00
-2.968500e-04,-7.209484e+00,-7.307336e+00
-2.968125e-04,-7.215766e+00,-7.312160e+00
-2.967750e-04,-7.215766e+00,-7.312160e+00
-2.967375e-04,-7.215766e+00,-7.312160e+00
-2.967000e-04,-7.215766e+00,-7.316984e+00
-2.966625e-04,-7.215766e+00,-7.312160e+00
-2.966250e-04,-7.222047e+00,-7.312160e+00
-2.965875e-04,-7.222047e+00,-7.312160e+00
-2.965500e-04,-7.222047e+00,-7.312160e+00
-2.965125e-04,-7.222047e+00,-7.316984e+00
-2.964750e-04,-7.228328e+00,-7.316984e+00
-2.964375e-04,-7.228328e+00,-7.316984e+00
-2.964000e-04,-7.228328e+00,-7.316984e+00
-2.963625e-04,-7.228328e+00,-7.316984e+00
-2.963250e-04,-7.228328e+00,-7.316984e+00
-2.962875e-04,-7.228328e+00,-7.316984e+00
-2.962500e-04,-7.234610e+00,-7.321808e+00
-2.962125e-04,-7.234610e+00,-7.321808e+00
-2.961750e-04,-7.234610e+00,-7.321808e+00
-2.961375e-04,-7.234610e+00,-7.321808e+00
-2.961000e-04,-7.234610e+00,-7.321808e+00
-2.960625e-04,-7.234610e+00,-7.321808e+00
-2.960250e-04,-7.240891e+00,-7.321808e+00
-2.959875e-04,-7.240891e+00,-7.326632e+00
-2.959500e-04,-7.240891e+00,-7.326632e+00
-2.959125e-04,-7.240891e+00,-7.326632e+00
-2.958750e-04,-7.240891e+00,-7.326632e+00
-2.958375e-04,-7.240891e+00,-7.326632e+00
-2.958000e-04,-7.240891e+00,-7.326632e+00
-2.957625e-04,-7.240891e+00,-7.326632e+00
-2.957250e-04,-7.240891e+00,-7.326632e+00
-2.956875e-04,-7.240891e+00,-7.326632e+00
-2.956500e-04,-7.247173e+00,-7.331456e+00
-2.956125e-04,-7.247173e+00,-7.331456e+00
-2.955750e-04,-7.247173e+00,-7.326632e+00
-2.955375e-04,-7.247173e+00,-7.331456e+00
-2.955000e-04,-7.247173e+00,-7.331456e+00
-2.954625e-04,-7.247173e+00,-7.331456e+00
-2.954250e-04,-7.247173e+00,-7.331456e+00
-2.953875e-04,-7.247173e+00,-7.331456e+00
-2.953500e-04,-7.247173e+00,-7.331456e+00
-2.953125e-04,-7.247173e+00,-7.331456e+00
-2.952750e-04,-7.247173e+00,-7.331456e+00
-2.952375e-04,-7.247173e+00,-7.336281e+00
-2.952000e-04,-7.247173e+00,-7.336281e+00
-2.951625e-04,-7.253454e+00,-7.336281e+00
-2.951250e-04,-7.247173e+00,-7.336281e+00
-2.950875e-04,-7.253454e+00,-7.336281e+00
-2.950500e-04,-7.253454e+00,-7.336281e+00
-2.950125e-04,-7.253454e+00,-7.336281e+00
-2.949750e-04,-7.253454e+00,-7.336281e+00
-2.949375e-04,-7.253454e+00,-7.336281e+00
-2.949000e-04,-7.253454e+00,-7.336281e+00
-2.948625e-04,-7.253454e+00,-7.336281e+00
-2.948250e-04,-7.253454e+00,-7.341105e+00
-2.947875e-04,-7.253454e+00,-7.341105e+00
-2.947500e-04,-7.253454e+00,-7.341105e+00
-2.947125e-04,-7.253454e+00,-7.341105e+00
-2.946750e-04,-7.253454e+00,-7.341105e+00
-2.946375e-04,-7.253454e+00,-7.341105e+00
-2.946000e-04,-7.253454e+00,-7.341105e+00
-2.945625e-04,-7.253454e+00,-7.341105e+00
-2.945250e-04,-7.253454e+00,-7.341105e+00
-2.944875e-04,-7.253454e+00,-7.341105e+00
-2.944500e-04,-7.253454e+00,-7.341105e+00
-2.944125e-04,-7.259735e+00,-7.341105e+00
-2.943750e-04,-7.259735e+00,-7.341105e+00
-2.943375e-04,-7.259735e+00,-7.345929e+00
-2.943000e-04,-7.259735e+00,-7.345929e+00
-2.942625e-04,-7.259735e+00,-7.345929e+00
-2.942250e-04,-7.259735e+00,-7.345929e+00
-2.941875e-04,-7.259735e+00,-7.345929e+00
-2.941500e-04,-7.259735e+00,-7.345929e+00
-2.941125e-04,-7.259735e+00,-7.345929e+00
-2.940750e-04,-7.259735e+00,-7.345929e+00
-2.940375e-04,-7.259735e+00,-7.345929e+00
-2.940000e-04,-7.266017e+00,-7.345929e+00
-2.939625e-04,-7.266017e+00,-7.345929e+00
-2.939250e-04,-7.266017e+00,-7.345929e+00
-2.938875e-04,-7.266017e+00,-7.345929e+00
-2.938500e-04,-7.266017e+00,-7.350753e+00
-2.938125e-04,-7.266017e+00,-7.350753e+00
-2.937750e-04,-7.266017e+00,-7.350753e+00
-2.937375e-04,-7.266017e+00,-7.350753e+00
-2.937000e-04,-7.272298e+00,-7.350753e+00
-2.936625e-04,-7.272298e+00,-7.350753e+00
-2.936250e-04,-7.272298e+00,-7.350753e+00
-2.935875e-04,-7.272298e+00,-7.350753e+00
-2.935500e-04,-7.272298e+00,-7.350753e+00
-2.935125e-04,-7.272298e+00,-7.350753e+00
-2.934750e-04,-7.278580e+00,-7.350753e+00
-2.934375e-04,-7.278580e+00,-7.350753e+00
-2.934000e-04,-7.278580e+00,-7.350753e+00
-2.933625e-04,-7.278580e+00,-7.355577e+00
-2.933250e-04,-7.278580e+00,-7.355577e+00
-2.932875e-04,-7.278580e+00,-7.355577e+00
-2.932500e-04,-7.284861e+00,-7.355577e+00
-2.932125e-04,-7.284861e+00,-7.355577e+00
-2.931750e-04,-7.284861e+00,-7.355577e+00
-2.931375e-04,-7.284861e+00,-7.355577e+00
-2.931000e-04,-7.291143e+00,-7.355577e+00
-2.930625e-04,-7.291143e+00,-7.355577e+00
-2.930250e-04,-7.291143e+00,-7.355577e+00
-2.929875e-04,-7.291143e+00,-7.355577e+00
-2.929500e-04,-7.297424e+00,-7.360401e+00
-2.929125e-04,-7.297424e+00,-7.360401e+00
-2.928750e-04,-7.297424e+00,-7.360401e+00
-2.928375e-04,-7.297424e+00,-7.360401e+00
-2.928000e-04,-7.297424e+00,-7.360401e+00
-2.927625e-04,-7.303705e+00,-7.360401e+00
-2.927250e-04,-7.303705e+00,-7.360401e+00
-2.926875e-04,-7.303705e+00,-7.360401e+00
-2.926500e-04,-7.303705e+00,-7.360401e+00
-2.926125e-04,-7.309987e+00,-7.360401e+00
-2.925750e-04,-7.309987e+00,-7.365225e+00
-2.925375e-04,-7.309987e+00,-7.365225e+00
-2.925000e-04,-7.309987e+00,-7.365225e+00
-2.924625e-04,-7.316268e+00,-7.365225e+00
-2.924250e-04,-7.316268e+00,-7.365225e+00
-2.923875e-04,-7.316268e+00,-7.365225e+00
-2.923500e-04,-7.316268e+00,-7.365225e+00
-2.923125e-04,-7.316268e+00,-7.370049e+00
-2.922750e-04,-7.322550e+00,-7.365225e+00
-2.922375e-04,-7.322550e+00,-7.370049e+00
-2.922000e-04,-7.322550e+00,-7.370049e+00
-2.921625e-04,-7.322550e+00,-7.370049e+00
-2.921250e-04,-7.322550e+00,-7.370049e+00
-2.920875e-04,-7.328831e+00,-7.370049e+00
-2.920500e-04,-7.328831e+00,-7.370049e+00
-2.920125e-04,-7.328831e+00,-7.370049e+00
-2.919750e-04,-7.328831e+00,-7.370049e+00
-2.919375e-04,-7.328831e+00,-7.374873e+00
-2.919000e-04,-7.335112e+00,-7.374873e+00
-2.918625e-04,-7.335112e+00,-7.374873e+00
-2.918250e-04,-7.335112e+00,-7.374873e+00
-2.917875e-04,-7.335112e+00,-7.374873e+00
-2.917500e-04,-7.335112e+00,-7.374873e+00
-2.917125e-04,-7.335112e+00,-7.374873e+00
-2.916750e-04,-7.341394e+00,-7.379698e+00
-2.916375e-04,-7.341394e+00,-7.379698e+00
-2.916000e-04,-7.341394e+00,-7.379698e+00
-2.915625e-04,-7.341394e+00,-7.379698e+00
-2.915250e-04,-7.341394e+00,-7.379698e+00
-2.914875e-04,-7.341394e+00,-7.379698e+00
-2.914500e-04,-7.341394e+00,-7.379698e+00
-2.914125e-04,-7.341394e+00,-7.384522e+00
-2.913750e-04,-7.347675e+00,-7.384522e+00
-2.913375e-04,-7.347675e+00,-7.384522e+00
-2.913000e-04,-7.347675e+00,-7.384522e+00
-2.912625e-04,-7.347675e+00,-7.384522e+00
-2.912250e-04,-7.347675e+00,-7.384522e+00
-2.911875e-04,-7.347675e+00,-7.384522e+00
-2.911500e-04,-7.347675e+00,-7.384522e+00
-2.911125e-04,-7.347675e+00,-7.389346e+00
-2.910750e-04,-7.347675e+00,-7.389346e+00
-2.910375e-04,-7.347675e+00,-7.389346e+00
-2.910000e-04,-7.347675e+00,-7.389346e+00
-2.909625e-04,-7.347675e+00,-7.389346e+00
-2.909250e-04,-7.347675e+00,-7.389346e+00
-2.908875e-04,-7.347675e+00,-7.389346e+00
-2.908500e-04,-7.353957e+00,-7.394170e+00
-2.908125e-04,-7.353957e+00,-7.394170e+00
-2.907750e-04,-7.353957e+00,-7.389346e+00
-2.907375e-04,-7.353957e+00,-7.394170e+00
-2.907000e-04,-7.353957e+00,-7.394170e+00
-2.906625e-04,-7.353957e+00,-7.394170e+00
-2.906250e-04,-7.353957e+00,-7.394170e+00
-2.905875e-04,-7.353957e+00,-7.394170e+00
-2.905500e-04,-7.353957e+00,-7.394170e+00
-2.905125e-04,-7.353957e+00,-7.394170e+00
-2.904750e-04,-7.353957e+00,-7.398994e+00
-2.904375e-04,-7.353957e+00,-7.398994e+00
-2.904000e-04,-7.353957e+00,-7.398994e+00
-2.903625e-04,-7.353957e+00,-7.398994e+00
-2.903250e-04,-7.353957e+00,-7.403818e+00
-2.902875e-04,-7.360238e+00,-7.398994e+00
-2.902500e-04,-7.360238e+00,-7.403818e+00
-2.902125e-04,-7.360238e+00,-7.403818e+00
-2.901750e-04,-7.360238e+00,-7.403818e+00
-2.901375e-04,-7.360238e+00,-7.403818e+00
-2.901000e-04,-7.360238e+00,-7.403818e+00
-2.900625e-04,-7.360238e+00,-7.408642e+00
-2.900250e-04,-7.360238e+00,-7.403818e+00
-2.899875e-04,-7.360238e+00,-7.403818e+00
-2.899500e-04,-7.360238e+00,-7.403818e+00
-2.899125e-04,-7.366519e+00,-7.408642e+00
-2.898750e-04,-7.366519e+00,-7.408642e+00
-2.898375e-04,-7.366519e+00,-7.408642e+00
-2.898000e-04,-7.366519e+00,-7.408642e+00
-2.897625e-04,-7.366519e+00,-7.408642e+00
-2.897250e-04,-7.366519e+00,-7.408642e+00
-2.896875e-04,-7.366519e+00,-7.408642e+00
-2.896500e-04,-7.372801e+00,-7.408642e+00
-2.896125e-04,-7.372801e+00,-7.408642e+00
-2.895750e-04,-7.372801e+00,-7.408642e+00
-2.895375e-04,-7.372801e+00,-7.413466e+00
-2.895000e-04,-7.372801e+00,-7.408642e+00
-2.894625e-04,-7.372801e+00,-7.408642e+00
-2.894250e-04,-7.372801e+00,-7.413466e+00
-2.893875e-04,-7.379082e+00,-7.413466e+00
-2.893500e-04,-7.379082e+00,-7.413466e+00
-2.893125e-04,-7.379082e+00,-7.413466e+00
-2.892750e-04,-7.379082e+00,-7.413466e+00
-2.892375e-04,-7.379082e+00,-7.413466e+00
-2.892000e-04,-7.385364e+00,-7.413466e+00
-2.891625e-04,-7.385364e+00,-7.413466e+00
-2.891250e-04,-7.385364e+00,-7.418291e+00
-2.890875e-04,-7.385364e+00,-7.418291e+00
-2.890500e-04,-7.385364e+00,-7.418291e+00
-2.890125e-04,-7.391645e+00,-7.418291e+00
-2.889750e-04,-7.391645e+00,-7.418291e+00
-2.889375e-04,-7.391645e+00,-7.418291e+00
-2.889000e-04,-7.391645e+00,-7.418291e+00
-2.888625e-04,-7.391645e+00,-7.418291e+00
-2.888250e-04,-7.397926e+00,-7.418291e+00
-2.887875e-04,-7.397926e+00,-7.418291e+00
-2.887500e-04,-7.397926e+00,-7.418291e+00
-2.887125e-04,-7.404208e+00,-7.418291e+00
-2.886750e-04,-7.404208e+00,-7.418291e+00
-2.886375e-04,-7.404208e+00,-7.418291e+00
-2.886000e-04,-7.404208e+00,-7.418291e+00
-2.885625e-04,-7.410489e+00,-7.423115e+00
-2.885250e-04,-7.410489e+00,-7.423115e+00
-2.884875e-04,-7.410489e+00,-7.418291e+00
-2.884500e-04,-7.410489e+00,-7.423115e+00
-2.884125e-04,-7.410489e+00,-7.423115e+00
-2.883750e-04,-7.416771e+00,-7.423115e+00
-2.883375e-04,-7.416771e+00,-7.423115e+00
-2.883000e-04,-7.416771e+00,-7.423115e+00
-2.882625e-04,-7.416771e+00,-7.423115e+00
-2.882250e-04,-7.423052e+00,-7.423115e+00
-2.881875e-04,-7.423052e+00,-7.423115e+00
-2.881500e-04,-7.423052e+00,-7.423115e+00
-2.881125e-04,-7.423052e+00,-7.423115e+00
-2.880750e-04,-7.423052e+00,-7.427939e+00
-2.880375e-04,-7.429333e+00,-7.427939e+00
-2.880000e-04,-7.429333e+00,-7.427939e+00
-2.879625e-04,-7.429333e+00,-7.427939e+00
-2.879250e-04,-7.429333e+00,-7.427939e+00
-2.878875e-04,-7.429333e+00,-7.427939e+00
-2.878500e-04,-7.429333e+00,-7.427939e+00
-2.878125e-04,-7.435615e+00,-7.427939e+00
-2.877750e-04,-7.435615e+00,-7.427939e+00
-2.877375e-04,-7.435615e+00,-7.427939e+00
-2.877000e-04,-7.435615e+00,-7.427939e+00
-2.876625e-04,-7.435615e+00,-7.427939e+00
-2.876250e-04,-7.435615e+00,-7.427939e+00
-2.875875e-04,-7.441896e+00,-7.427939e+00
-2.875500e-04,-7.441896e+00,-7.427939e+00
-2.875125e-04,-7.441896e+00,-7.427939e+00
-2.874750e-04,-7.441896e+00,-7.432763e+00
-2.874375e-04,-7.441896e+00,-7.432763e+00
-2.874000e-04,-7.441896e+00,-7.432763e+00
-2.873625e-04,-7.441896e+00,-7.432763e+00
-2.873250e-04,-7.441896e+00,-7.432763e+00
-2.872875e-04,-7.441896e+00,-7.432763e+00
-2.872500e-04,-7.448178e+00,-7.432763e+00
-2.872125e-04,-7.448178e+00,-7.432763e+00
-2.871750e-04,-7.448178e+00,-7.432763e+00
-2.871375e-04,-7.448178e+00,-7.437587e+00
-2.871000e-04,-7.448178e+00,-7.432763e+00
-2.870625e-04,-7.448178e+00,-7.437587e+00
-2.870250e-04,-7.448178e+00,-7.437587e+00
-2.869875e-04,-7.448178e+00,-7.437587e+00
-2.869500e-04,-7.448178e+00,-7.437587e+00
-2.869125e-04,-7.448178e+00,-7.437587e+00
-2.868750e-04,-7.448178e+00,-7.437587e+00
-2.868375e-04,-7.448178e+00,-7.437587e+00
-2.868000e-04,-7.454459e+00,-7.437587e+00
-2.867625e-04,-7.454459e+00,-7.437587e+00
-2.867250e-04,-7.454459e+00,-7.442411e+00
-2.866875e-04,-7.454459e+00,-7.442411e+00
-2.866500e-04,-7.454459e+00,-7.442411e+00
-2.866125e-04,-7.454459e+00,-7.442411e+00
-2.865750e-04,-7.454459e+00,-7.442411e+00
-2.865375e-04,-7.454459e+00,-7.442411e+00
-2.865000e-04,-7.454459e+00,-7.442411e+00
-2.864625e-04,-7.454459e+00,-7.442411e+00
-2.864250e-04,-7.454459e+00,-7.442411e+00
-2.863875e-04,-7.454459e+00,-7.447235e+00
-2.863500e-04,-7.454459e+00,-7.442411e+00
-2.863125e-04,-7.454459e+00,-7.447235e+00
-2.862750e-04,-7.460740e+00,-7.447235e+00
-2.862375e-04,-7.460740e+00,-7.447235e+00
-2.862000e-04,-7.460740e+00,-7.447235e+00
-2.861625e-04,-7.460740e+00,-7.447235e+00
-2.861250e-04,-7.460740e+00,-7.447235e+00
-2.860875e-04,-7.460740e+00,-7.447235e+00
-2.860500e-04,-7.460740e+00,-7.452059e+00
-2.860125e-04,-7.460740e+00,-7.452059e+00
-2.859750e-04,-7.460740e+00,-7.452059e+00
-2.859375e-04,-7.467022e+00,-7.452059e+00
-2.859000e-04,-7.467022e+00,-7.452059e+00
-2.858625e-04,-7.467022e+00,-7.456884e+00
-2.858250e-04,-7.467022e+00,-7.452059e+00
-2.857875e-04,-7.467022e+00,-7.456884e+00
-2.857500e-04,-7.467022e+00,-7.456884e+00
-2.857125e-04,-7.467022e+00,-7.456884e+00
-2.856750e-04,-7.473303e+00,-7.456884e+00
-2.856375e-04,-7.473303e+00,-7.456884e+00
-2.856000e-04,-7.473303e+00,-7.461708e+00
-2.855625e-04,-7.473303e+00,-7.456884e+00
-2.855250e-04,-7.473303e+00,-7.461708e+00
-2.854875e-04,-7.473303e+00,-7.461708e+00
-2.854500e-04,-7.473303e+00,-7.461708e+00
-2.854125e-04,-7.479585e+00,-7.461708e+00
-2.853750e-04,-7.479585e+00,-7.461708e+00
-2.853375e-04,-7.479585e+00,-7.461708e+00
-2.853000e-04,-7.485866e+00,-7.461708e+00
-2.852625e-04,-7.479585e+00,-7.466532e+00
-2.852250e-04,-7.485866e+00,-7.466532e+00
-2.851875e-04,-7.485866e+00,-7.466532e+00
-2.851500e-04,-7.485866e+00,-7.466532e+00
-2.851125e-04,-7.492148e+00,-7.466532e+00
-2.850750e-04,-7.492148e+00,-7.466532e+00
-2.850375e-04,-7.492148e+00,-7.466532e+00
-2.850000e-04,-7.492148e+00,-7.471356e+00
-2.849625e-04,-7.492148e+00,-7.471356e+00
-2.849250e-04,-7.492148e+00,-7.471356e+00
-2.848875e-04,-7.498429e+00,-7.471356e+00
-2.848500e-04,-7.498429e+00,-7.471356e+00
-2.848125e-04,-7.498429e+00,-7.476180e+00
-2.847750e-04,-7.504710e+00,-7.471356e+00
-2.847375e-04,-7.504710e+00,-7.471356e+00
-2.847000e-04,-7.504710e+00,-7.471356e+00
-2.846625e-04,-7.504710e+00,-7.476180e+00
-2.846250e-04,-7.504710e+00,-7.476180e+00
-2.845875e-04,-7.510992e+00,-7.476180e+00
-2.845500e-04,-7.510992e+00,-7.476180e+00
-2.845125e-04,-7.510992e+00,-7.476180e+00
-2.844750e-04,-7.510992e+00,-7.476180e+00
-2.844375e-04,-7.517273e+00,-7.476180e+00
-2.844000e-04,-7.517273e+00,-7.476180e+00
-2.843625e-04,-7.517273e+00,-7.481004e+00
-2.843250e-04,-7.517273e+00,-7.476180e+00
-2.842875e-04,-7.517273e+00,-7.481004e+00
-2.842500e-04,-7.523555e+00,-7.481004e+00
-2.842125e-04,-7.523555e+00,-7.481004e+00
-2.841750e-04,-7.523555e+00,-7.481004e+00
-2.841375e-04,-7.523555e+00,-7.481004e+00
-2.841000e-04,-7.529836e+00,-7.481004e+00
-2.840625e-04,-7.529836e+00,-7.481004e+00
-2.840250e-04,-7.529836e+00,-7.485828e+00
-2.839875e-04,-7.529836e+00,-7.485828e+00
-2.839500e-04,-7.536117e+00,-7.485828e+00
-2.839125e-04,-7.536117e+00,-7.485828e+00
-2.838750e-04,-7.536117e+00,-7.485828e+00
-2.838375e-04,-7.536117e+00,-7.485828e+00
-2.838000e-04,-7.536117e+00,-7.485828e+00
-2.837625e-04,-7.536117e+00,-7.485828e+00
-2.837250e-04,-7.536117e+00,-7.485828e+00
-2.836875e-04,-7.536117e+00,-7.485828e+00
-2.836500e-04,-7.536117e+00,-7.485828e+00
-2.836125e-04,-7.542399e+00,-7.485828e+00
-2.835750e-04,-7.542399e+00,-7.490652e+00
-2.835375e-04,-7.542399e+00,-7.490652e+00
-2.835000e-04,-7.542399e+00,-7.490652e+00
-2.834625e-04,-7.542399e+00,-7.490652e+00
-2.834250e-04,-7.542399e+00,-7.490652e+00
-2.833875e-04,-7.542399e+00,-7.490652e+00
-2.833500e-04,-7.542399e+00,-7.490652e+00
-2.833125e-04,-7.548680e+00,-7.490652e+00
-2.832750e-04,-7.548680e+00,-7.495476e+00
-2.832375e-04,-7.548680e+00,-7.490652e+00
-2.832000e-04,-7.548680e+00,-7.495476e+00
-2.831625e-04,-7.548680e+00,-7.495476e+00
-2.831250e-04,-7.548680e+00,-7.495476e+00
-2.830875e-04,-7.548680e+00,-7.490652e+00
-2.830500e-04,-7.548680e+00,-7.495476e+00
-2.830125e-04,-7.548680e+00,-7.495476e+00
-2.829750e-04,-7.548680e+00,-7.495476e+00
-2.829375e-04,-7.548680e+00,-7.495476e+00
-2.829000e-04,-7.548680e+00,-7.495476e+00
-2.828625e-04,-7.548680e+00,-7.495476e+00
-2.828250e-04,-7.548680e+00,-7.495476e+00
-2.827875e-04,-7.548680e+00,-7.495476e+00
-2.827500e-04,-7.548680e+00,-7.495476e+00
-2.827125e-04,-7.554962e+00,-7.495476e+00
-2.826750e-04,-7.554962e+00,-7.495476e+00
-2.826375e-04,-7.554962e+00,-7.495476e+00
-2.826000e-04,-7.554962e+00,-7.500301e+00
-2.825625e-04,-7.554962e+00,-7.500301e+00
-2.825250e-04,-7.554962e+00,-7.500301e+00
-2.824875e-04,-7.554962e+00,-7.500301e+00
-2.824500e-04,-7.554962e+00,-7.500301e+00
-2.824125e-04,-7.554962e+00,-7.500301e+00
-2.823750e-04,-7.554962e+00,-7.500301e+00
-2.823375e-04,-7.554962e+00,-7.500301e+00
-2.823000e-04,-7.554962e+00,-7.500301e+00
-2.822625e-04,-7.554962e+00,-7.500301e+00
-2.822250e-04,-7.554962e+00,-7.500301e+00
-2.821875e-04,-7.554962e+00,-7.500301e+00
-2.821500e-04,-7.554962e+00,-7.500301e+00
-2.821125e-04,-7.554962e+00,-7.500301e+00
-2.820750e-04,-7.554962e+00,-7.500301e+00
-2.820375e-04,-7.554962e+00,-7.500301e+00
-2.820000e-04,-7.554962e+00,-7.500301e+00
-2.819625e-04,-7.561243e+00,-7.505125e+00
-2.819250e-04,-7.561243e+00,-7.505125e+00
-2.818875e-04,-7.561243e+00,-7.505125e+00
-2.818500e-04,-7.561243e+00,-7.505125e+00
-2.818125e-04,-7.561243e+00,-7.505125e+00
-2.817750e-04,-7.561243e+00,-7.505125e+00
-2.817375e-04,-7.561243e+00,-7.505125e+00
-2.817000e-04,-7.561243e+00,-7.505125e+00
-2.816625e-04,-7.561243e+00,-7.505125e+00
-2.816250e-04,-7.561243e+00,-7.505125e+00
-2.815875e-04,-7.561243e+00,-7.505125e+00
-2.815500e-04,-7.567524e+00,-7.505125e+00
-2.815125e-04,-7.567524e+00,-7.505125e+00
-2.814750e-04,-7.567524e+00,-7.505125e+00
-2.814375e-04,-7.567524e+00,-7.509949e+00
-2.814000e-04,-7.567524e+00,-7.505125e+00
-2.813625e-04,-7.567524e+00,-7.505125e+00
-2.813250e-04,-7.567524e+00,-7.509949e+00
-2.812875e-04,-7.567524e+00,-7.509949e+00
-2.812500e-04,-7.567524e+00,-7.509949e+00
-2.812125e-04,-7.573806e+00,-7.509949e+00
-2.811750e-04,-7.573806e+00,-7.509949e+00
-2.811375e-04,-7.573806e+00,-7.509949e+00
-2.811000e-04,-7.573806e+00,-7.509949e+00
-2.810625e-04,-7.573806e+00,-7.514773e+00
-2.810250e-04,-7.573806e+00,-7.509949e+00
-2.809875e-04,-7.580087e+00,-7.509949e+00
-2.809500e-04,-7.580087e+00,-7.509949e+00
-2.809125e-04,-7.580087e+00,-7.509949e+00
-2.808750e-04,-7.580087e+00,-7.514773e+00
-2.808375e-04,-7.586369e+00,-7.514773e+00
-2.808000e-04,-7.586369e+00,-7.514773e+00
-2.807625e-04,-7.586369e+00,-7.514773e+00
-2.807250e-04,-7.586369e+00,-7.514773e+00
-2.806875e-04,-7.586369e+00,-7.514773e+00
-2.806500e-04,-7.592650e+00,-7.519597e+00
-2.806125e-04,-7.592650e+00,-7.514773e+00
-2.805750e-04,-7.592650e+00,-7.514773e+00
-2.805375e-04,-7.592650e+00,-7.519597e+00
-2.805000e-04,-7.598931e+00,-7.519597e+00
-2.804625e-04,-7.592650e+00,-7.519597e+00
-2.804250e-04,-7.598931e+00,-7.519597e+00
-2.803875e-04,-7.598931e+00,-7.519597e+00
-2.803500e-04,-7.605213e+00,-7.519597e+00
-2.803125e-04,-7.605213e+00,-7.519597e+00
-2.802750e-04,-7.605213e+00,-7.519597e+00
-2.802375e-04,-7.605213e+00,-7.519597e+00
-2.802000e-04,-7.611494e+00,-7.524421e+00
-2.801625e-04,-7.611494e+00,-7.524421e+00
-2.801250e-04,-7.611494e+00,-7.524421e+00
-2.800875e-04,-7.611494e+00,-7.524421e+00
-2.800500e-04,-7.611494e+00,-7.524421e+00
-2.800125e-04,-7.617776e+00,-7.524421e+00
-2.799750e-04,-7.617776e+00,-7.524421e+00
-2.799375e-04,-7.617776e+00,-7.529245e+00
-2.799000e-04,-7.617776e+00,-7.529245e+00
-2.798625e-04,-7.624057e+00,-7.529245e+00
-2.798250e-04,-7.624057e+00,-7.529245e+00
-2.797875e-04,-7.624057e+00,-7.529245e+00
-2.797500e-04,-7.624057e+00,-7.529245e+00
-2.797125e-04,-7.624057e+00,-7.534069e+00
-2.796750e-04,-7.630338e+00,-7.529245e+00
-2.796375e-04,-7.630338e+00,-7.534069e+00
-2.796000e-04,-7.630338e+00,-7.534069e+00
-2.795625e-04,-7.630338e+00,-7.534069e+00
-2.795250e-04,-7.630338e+00,-7.534069e+00
-2.794875e-04,-7.636620e+00,-7.534069e+00
-2.794500e-04,-7.636620e+00,-7.534069e+00
-2.794125e-04,-7.636620e+00,-7.534069e+00
-2.793750e-04,-7.636620e+00,-7.534069e+00
-2.793375e-04,-7.636620e+00,-7.538894e+00
-2.793000e-04,-7.636620e+00,-7.538894e+00
-2.792625e-04,-7.642901e+00,-7.538894e+00
-2.792250e-04,-7.642901e+00,-7.538894e+00
-2.791875e-04,-7.642901e+00,-7.538894e+00
-2.791500e-04,-7.642901e+00,-7.538894e+00
-2.791125e-04,-7.642901e+00,-7.543718e+00
-2.790750e-04,-7.642901e+00,-7.538894e+00
-2.790375e-04,-7.642901e+00,-7.543718e+00
-2.790000e-04,-7.642901e+00,-7.543718e+00
-2.789625e-04,-7.649183e+00,-7.543718e+00
-2.789250e-04,-7.649183e+00,-7.543718e+00
-2.788875e-04,-7.642901e+00,-7.543718e+00
-2.788500e-04,-7.649183e+00,-7.543718e+00
-2.788125e-04,-7.649183e+00,-7.543718e+00
-2.787750e-04,-7.649183e+00,-7.548542e+00
-2.787375e-04,-7.649183e+00,-7.548542e+00
-2.787000e-04,-7.649183e+00,-7.548542e+00
-2.786625e-04,-7.649183e+00,-7.548542e+00
-2.786250e-04,-7.649183e+00,-7.548542e+00
-2.785875e-04,-7.649183e+00,-7.548542e+00
-2.785500e-04,-7.649183e+00,-7.548542e+00
-2.785125e-04,-7.649183e+00,-7.553366e+00
-2.784750e-04,-7.649183e+00,-7.548542e+00
-2.784375e-04,-7.649183e+00,-7.553366e+00
-2.784000e-04,-7.655464e+00,-7.553366e+00
-2.783625e-04,-7.655464e+00,-7.553366e+00
-2.783250e-04,-7.655464e+00,-7.553366e+00
-2.782875e-04,-7.655464e+00,-7.553366e+00
-2.782500e-04,-7.655464e+00,-7.553366e+00
-2.782125e-04,-7.655464e+00,-7.553366e+00
-2.781750e-04,-7.655464e+00,-7.553366e+00
-2.781375e-04,-7.655464e+00,-7.558190e+00
-2.781000e-04,-7.655464e+00,-7.558190e+00
-2.780625e-04,-7.655464e+00,-7.558190e+00
-2.780250e-04,-7.655464e+00,-7.558190e+00
-2.779875e-04,-7.655464e+00,-7.558190e+00
-2.779500e-04,-7.655464e+00,-7.563014e+00
-2.779125e-04,-7.655464e+00,-7.558190e+00
-2.778750e-04,-7.655464e+00,-7.563014e+00
-2.778375e-04,-7.655464e+00,-7.563014e+00
-2.778000e-04,-7.661745e+00,-7.563014e+00
-2.777625e-04,-7.661745e+00,-7.563014e+00
-2.777250e-04,-7.661745e+00,-7.563014e+00
-2.776875e-04,-7.661745e+00,-7.563014e+00
-2.776500e-04,-7.661745e+00,-7.563014e+00
-2.776125e-04,-7.661745e+00,-7.563014e+00
-2.775750e-04,-7.661745e+00,-7.563014e+00
-2.775375e-04,-7.661745e+00,-7.567838e+00
-2.775000e-04,-7.661745e+00,-7.567838e+00
-2.774625e-04,-7.661745e+00,-7.567838e+00
-2.774250e-04,-7.661745e+00,-7.567838e+00
-2.773875e-04,-7.668027e+00,-7.567838e+00
-2.773500e-04,-7.668027e+00,-7.567838e+00
-2.773125e-04,-7.668027e+00,-7.567838e+00
-2.772750e-04,-7.668027e+00,-7.567838e+00
-2.772375e-04,-7.668027e+00,-7.567838e+00
-2.772000e-04,-7.668027e+00,-7.567838e+00
-2.771625e-04,-7.668027e+00,-7.567838e+00
-2.771250e-04,-7.674308e+00,-7.567838e+00
-2.770875e-04,-7.668027e+00,-7.567838e+00
-2.770500e-04,-7.674308e+00,-7.572662e+00
-2.770125e-04,-7.674308e+00,-7.572662e+00
-2.769750e-04,-7.674308e+00,-7.572662e+00
-2.769375e-04,-7.674308e+00,-7.572662e+00
-2.769000e-04,-7.680590e+00,-7.572662e+00
-2.768625e-04,-7.680590e+00,-7.572662e+00
-2.768250e-04,-7.680590e+00,-7.572662e+00
-2.767875e-04,-7.680590e+00,-7.572662e+00
-2.767500e-04,-7.680590e+00,-7.572662e+00
-2.767125e-04,-7.686871e+00,-7.572662e+00
-2.766750e-04,-7.686871e+00,-7.572662e+00
-2.766375e-04,-7.686871e+00,-7.572662e+00
-2.766000e-04,-7.686871e+00,-7.577487e+00
-2.765625e-04,-7.693153e+00,-7.572662e+00
-2.765250e-04,-7.693153e+00,-7.577487e+00
-2.764875e-04,-7.693153e+00,-7.572662e+00
-2.764500e-04,-7.693153e+00,-7.577487e+00
-2.764125e-04,-7.693153e+00,-7.577487e+00
-2.763750e-04,-7.699434e+00,-7.577487e+00
-2.763375e-04,-7.699434e+00,-7.577487e+00
-2.763000e-04,-7.699434e+00,-7.577487e+00
-2.762625e-04,-7.699434e+00,-7.577487e+00
-2.762250e-04,-7.705715e+00,-7.577487e+00
-2.761875e-04,-7.705715e+00,-7.577487e+00
-2.761500e-04,-7.705715e+00,-7.577487e+00
-2.761125e-04,-7.705715e+00,-7.577487e+00
-2.760750e-04,-7.711997e+00,-7.582311e+00
-2.760375e-04,-7.711997e+00,-7.582311e+00
-2.760000e-04,-7.711997e+00,-7.582311e+00
-2.759625e-04,-7.718278e+00,-7.582311e+00
-2.759250e-04,-7.718278e+00,-7.582311e+00
-2.758875e-04,-7.718278e+00,-7.582311e+00
-2.758500e-04,-7.718278e+00,-7.582311e+00
-2.758125e-04,-7.724560e+00,-7.582311e+00
-2.757750e-04,-7.718278e+00,-7.582311e+00
-2.757375e-04,-7.724560e+00,-7.582311e+00
-2.757000e-04,-7.724560e+00,-7.582311e+00
-2.756625e-04,-7.724560e+00,-7.582311e+00
-2.756250e-04,-7.724560e+00,-7.582311e+00
-2.755875e-04,-7.724560e+00,-7.587135e+00
-2.755500e-04,-7.730841e+00,-7.582311e+00
-2.755125e-04,-7.730841e+00,-7.587135e+00
-2.754750e-04,-7.730841e+00,-7.587135e+00
-2.754375e-04,-7.730841e+00,-7.587135e+00
-2.754000e-04,-7.737122e+00,-7.587135e+00
-2.753625e-04,-7.737122e+00,-7.587135e+00
-2.753250e-04,-7.737122e+00,-7.587135e+00
-2.752875e-04,-7.737122e+00,-7.587135e+00
-2.752500e-04,-7.737122e+00,-7.587135e+00
-2.752125e-04,-7.737122e+00,-7.591959e+00
-2.751750e-04,-7.737122e+00,-7.587135e+00
-2.751375e-04,-7.737122e+00,-7.591959e+00
-2.751000e-04,-7.743404e+00,-7.591959e+00
-2.750625e-04,-7.743404e+00,-7.591959e+00
-2.750250e-04,-7.743404e+00,-7.591959e+00
-2.749875e-04,-7.743404e+00,-7.591959e+00
-2.749500e-04,-7.743404e+00,-7.591959e+00
-2.749125e-04,-7.743404e+00,-7.591959e+00
-2.748750e-04,-7.743404e+00,-7.591959e+00
-2.748375e-04,-7.743404e+00,-7.591959e+00
-2.748000e-04,-7.743404e+00,-7.596783e+00
-2.747625e-04,-7.749685e+00,-7.596783e+00
-2.747250e-04,-7.749685e+00,-7.596783e+00
-2.746875e-04,-7.749685e+00,-7.596783e+00
-2.746500e-04,-7.749685e+00,-7.596783e+00
-2.746125e-04,-7.749685e+00,-7.596783e+00
-2.745750e-04,-7.749685e+00,-7.596783e+00
-2.745375e-04,-7.749685e+00,-7.596783e+00
-2.745000e-04,-7.749685e+00,-7.601607e+00
-2.744625e-04,-7.749685e+00,-7.601607e+00
-2.744250e-04,-7.749685e+00,-7.601607e+00
-2.743875e-04,-7.749685e+00,-7.601607e+00
-2.743500e-04,-7.749685e+00,-7.601607e+00
-2.743125e-04,-7.749685e+00,-7.601607e+00
-2.742750e-04,-7.755967e+00,-7.601607e+00
-2.742375e-04,-7.749685e+00,-7.601607e+00
-2.742000e-04,-7.755967e+00,-7.601607e+00
-2.741625e-04,-7.755967e+00,-7.606431e+00
-2.741250e-04,-7.755967e+00,-7.601607e+00
-2.740875e-04,-7.755967e+00,-7.606431e+00
-2.740500e-04,-7.755967e+00,-7.606431e+00
-2.740125e-04,-7.755967e+00,-7.606431e+00
-2.739750e-04,-7.755967e+00,-7.606431e+00
-2.739375e-04,-7.755967e+00,-7.611255e+00
-2.739000e-04,-7.755967e+00,-7.611255e+00
-2.738625e-04,-7.755967e+00,-7.606431e+00
-2.738250e-04,-7.755967e+00,-7.611255e+00
-2.737875e-04,-7.755967e+00,-7.611255e+00
-2.737500e-04,-7.755967e+00,-7.611255e+00
-2.737125e-04,-7.755967e+00,-7.611255e+00
-2.736750e-04,-7.755967e+00,-7.611255e+00
-2.736375e-04,-7.755967e+00,-7.611255e+00
-2.736000e-04,-7.755967e+00,-7.616079e+00
-2.735625e-04,-7.762248e+00,-7.616079e+00
-2.735250e-04,-7.762248e+00,-7.616079e+00
-2.734875e-04,-7.762248e+00,-7.616079e+00
-2.734500e-04,-7.762248e+00,-7.616079e+00
-2.734125e-04,-7.762248e+00,-7.616079e+00
-2.733750e-04,-7.762248e+00,-7.616079e+00
-2.733375e-04,-7.762248e+00,-7.620904e+00
-2.733000e-04,-7.762248e+00,-7.620904e+00
-2.732625e-04,-7.762248e+00,-7.620904e+00
-2.732250e-04,-7.768529e+00,-7.620904e+00
-2.731875e-04,-7.768529e+00,-7.620904e+00
-2.731500e-04,-7.768529e+00,-7.620904e+00
-2.731125e-04,-7.768529e+00,-7.620904e+00
-2.730750e-04,-7.768529e+00,-7.620904e+00
-2.730375e-04,-7.768529e+00,-7.620904e+00
-2.730000e-04,-7.768529e+00,-7.625728e+00
-2.729625e-04,-7.768529e+00,-7.625728e+00
-2.729250e-04,-7.768529e+00,-7.625728e+00
-2.728875e-04,-7.774811e+00,-7.625728e+00
-2.728500e-04,-7.774811e+00,-7.625728e+00
-2.728125e-04,-7.774811e+00,-7.625728e+00
-2.727750e-04,-7.774811e+00,-7.630552e+00
-2.727375e-04,-7.774811e+00,-7.630552e+00
-2.727000e-04,-7.781092e+00,-7.630552e+00
-2.726625e-04,-7.781092e+00,-7.630552e+00
-2.726250e-04,-7.781092e+00,-7.630552e+00
-2.725875e-04,-7.781092e+00,-7.630552e+00
-2.725500e-04,-7.781092e+00,-7.630552e+00
-2.725125e-04,-7.781092e+00,-7.630552e+00
-2.724750e-04,-7.787374e+00,-7.635376e+00
-2.724375e-04,-7.787374e+00,-7.630552e+00
-2.724000e-04,-7.787374e+00,-7.630552e+00
-2.723625e-04,-7.787374e+00,-7.635376e+00
-2.723250e-04,-7.787374e+00,-7.635376e+00
-2.722875e-04,-7.793655e+00,-7.635376e+00
-2.722500e-04,-7.793655e+00,-7.635376e+00
-2.722125e-04,-7.793655e+00,-7.635376e+00
-2.721750e-04,-7.799936e+00,-7.635376e+00
-2.721375e-04,-7.799936e+00,-7.635376e+00
-2.721000e-04,-7.799936e+00,-7.640200e+00
-2.720625e-04,-7.799936e+00,-7.635376e+00
-2.720250e-04,-7.799936e+00,-7.640200e+00
-2.719875e-04,-7.806218e+00,-7.640200e+00
-2.719500e-04,-7.806218e+00,-7.640200e+00
-2.719125e-04,-7.806218e+00,-7.640200e+00
-2.718750e-04,-7.806218e+00,-7.640200e+00
-2.718375e-04,-7.806218e+00,-7.640200e+00
-2.718000e-04,-7.812499e+00,-7.645024e+00
-2.717625e-04,-7.812499e+00,-7.645024e+00
-2.717250e-04,-7.812499e+00,-7.640200e+00
-2.716875e-04,-7.812499e+00,-7.640200e+00
-2.716500e-04,-7.818781e+00,-7.645024e+00
-2.716125e-04,-7.818781e+00,-7.645024e+00
-2.715750e-04,-7.818781e+00,-7.645024e+00
-2.715375e-04,-7.818781e+00,-7.645024e+00
-2.715000e-04,-7.825062e+00,-7.645024e+00
-2.714625e-04,-7.825062e+00,-7.645024e+00
-2.714250e-04,-7.825062e+00,-7.645024e+00
-2.713875e-04,-7.825062e+00,-7.645024e+00
-2.713500e-04,-7.825062e+00,-7.645024e+00
-2.713125e-04,-7.831343e+00,-7.645024e+00
-2.712750e-04,-7.831343e+00,-7.645024e+00
-2.712375e-04,-7.831343e+00,-7.649848e+00
-2.712000e-04,-7.831343e+00,-7.645024e+00
-2.711625e-04,-7.831343e+00,-7.649848e+00
-2.711250e-04,-7.837625e+00,-7.649848e+00
-2.710875e-04,-7.837625e+00,-7.649848e+00
-2.710500e-04,-7.837625e+00,-7.649848e+00
-2.710125e-04,-7.837625e+00,-7.649848e+00
-2.709750e-04,-7.837625e+00,-7.649848e+00
-2.709375e-04,-7.837625e+00,-7.649848e+00
-2.709000e-04,-7.837625e+00,-7.649848e+00
-2.708625e-04,-7.843906e+00,-7.649848e+00
-2.708250e-04,-7.843906e+00,-7.649848e+00
-2.707875e-04,-7.843906e+00,-7.649848e+00
-2.707500e-04,-7.843906e+00,-7.649848e+00
-2.707125e-04,-7.843906e+00,-7.649848e+00
-2.706750e-04,-7.843906e+00,-7.649848e+00
-2.706375e-04,-7.837625e+00,-7.649848e+00
-2.706000e-04,-7.837625e+00,-7.649848e+00
-2.705625e-04,-7.837625e+00,-7.649848e+00
-2.705250e-04,-7.837625e+00,-7.649848e+00
-2.704875e-04,-7.837625e+00,-7.649848e+00
-2.704500e-04,-7.837625e+00,-7.649848e+00
-2.704125e-04,-7.831343e+00,-7.645024e+00
-2.703750e-04,-7.831343e+00,-7.645024e+00
-2.703375e-04,-7.831343e+00,-7.645024e+00
-2.703000e-04,-7.825062e+00,-7.645024e+00
-2.702625e-04,-7.825062e+00,-7.645024e+00
-2.702250e-04,-7.825062e+00,-7.645024e+00
-2.701875e-04,-7.818781e+00,-7.645024e+00
-2.701500e-04,-7.812499e+00,-7.640200e+00
-2.701125e-04,-7.818781e+00,-7.640200e+00
-2.700750e-04,-7.812499e+00,-7.640200e+00
-2.700375e-04,-7.812499e+00,-7.640200e+00
-2.700000e-04,-7.806218e+00,-7.640200e+00
-2.699625e-04,-7.806218e+00,-7.635376e+00
-2.699250e-04,-7.806218e+00,-7.635376e+00
-2.698875e-04,-7.799936e+00,-7.635376e+00
-2.698500e-04,-7.799936e+00,-7.635376e+00
-2.698125e-04,-7.793655e+00,-7.635376e+00
-2.697750e-04,-7.793655e+00,-7.635376e+00
-2.697375e-04,-7.793655e+00,-7.635376e+00
-2.697000e-04,-7.793655e+00,-7.630552e+00
-2.696625e-04,-7.787374e+00,-7.630552e+00
-2.696250e-04,-7.787374e+00,-7.630552e+00
-2.695875e-04,-7.781092e+00,-7.630552e+00
-2.695500e-04,-7.781092e+00,-7.630552e+00
-2.695125e-04,-7.781092e+00,-7.630552e+00
-2.694750e-04,-7.781092e+00,-7.625728e+00
-2.694375e-04,-7.774811e+00,-7.625728e+00
-2.694000e-04,-7.774811e+00,-7.625728e+00
-2.693625e-04,-7.774811e+00,-7.625728e+00
-2.693250e-04,-7.774811e+00,-7.625728e+00
-2.692875e-04,-7.768529e+00,-7.625728e+00
-2.692500e-04,-7.768529e+00,-7.625728e+00
-2.692125e-04,-7.768529e+00,-7.625728e+00
-2.691750e-04,-7.768529e+00,-7.625728e+00
-2.691375e-04,-7.768529e+00,-7.620904e+00
-2.691000e-04,-7.768529e+00,-7.620904e+00
-2.690625e-04,-7.768529e+00,-7.620904e+00
-2.690250e-04,-7.762248e+00,-7.620904e+00
-2.689875e-04,-7.762248e+00,-7.620904e+00
-2.689500e-04,-7.762248e+00,-7.616079e+00
-2.689125e-04,-7.762248e+00,-7.616079e+00
-2.688750e-04,-7.762248e+00,-7.616079e+00
-2.688375e-04,-7.762248e+00,-7.616079e+00
-2.688000e-04,-7.762248e+00,-7.616079e+00
-2.687625e-04,-7.762248e+00,-7.616079e+00
-2.687250e-04,-7.762248e+00,-7.616079e+00
-2.686875e-04,-7.755967e+00,-7.611255e+00
-2.686500e-04,-7.755967e+00,-7.611255e+00
-2.686125e-04,-7.755967e+00,-7.611255e+00
-2.685750e-04,-7.755967e+00,-7.611255e+00
-2.685375e-04,-7.755967e+00,-7.611255e+00
-2.685000e-04,-7.755967e+00,-7.611255e+00
-2.684625e-04,-7.755967e+00,-7.606431e+00
-2.684250e-04,-7.755967e+00,-7.611255e+00
-2.683875e-04,-7.755967e+00,-7.611255e+00
-2.683500e-04,-7.755967e+00,-7.606431e+00
-2.683125e-04,-7.755967e+00,-7.606431e+00
-2.682750e-04,-7.755967e+00,-7.606431e+00
-2.682375e-04,-7.755967e+00,-7.606431e+00
-2.682000e-04,-7.755967e+00,-7.606431e+00
-2.681625e-04,-7.755967e+00,-7.606431e+00
-2.681250e-04,-7.755967e+00,-7.601607e+00
-2.680875e-04,-7.755967e+00,-7.601607e+00
-2.680500e-04,-7.755967e+00,-7.601607e+00
-2.680125e-04,-7.749685e+00,-7.601607e+00
-2.679750e-04,-7.749685e+00,-7.601607e+00
-2.679375e-04,-7.749685e+00,-7.601607e+00
-2.679000e-04,-7.749685e+00,-7.601607e+00
-2.678625e-04,-7.749685e+00,-7.601607e+00
-2.678250e-04,-7.749685e+00,-7.601607e+00
-2.677875e-04,-7.749685e+00,-7.596783e+00
-2.677500e-04,-7.749685e+00,-7.596783e+00
-2.677125e-04,-7.749685e+00,-7.596783e+00
-2.676750e-04,-7.749685e+00,-7.596783e+00
-2.676375e-04,-7.749685e+00,-7.596783e+00
-2.676000e-04,-7.749685e+00,-7.596783e+00
-2.675625e-04,-7.749685e+00,-7.596783e+00
-2.675250e-04,-7.749685e+00,-7.591959e+00
-2.674875e-04,-7.743404e+00,-7.591959e+00
-2.674500e-04,-7.743404e+00,-7.591959e+00
-2.674125e-04,-7.743404e+00,-7.591959e+00
-2.673750e-04,-7.743404e+00,-7.591959e+00
-2.673375e-04,-7.743404e+00,-7.591959e+00
-2.673000e-04,-7.743404e+00,-7.591959e+00
-2.672625e-04,-7.743404e+00,-7.591959e+00
-2.672250e-04,-7.743404e+00,-7.591959e+00
-2.671875e-04,-7.743404e+00,-7.591959e+00
-2.671500e-04,-7.737122e+00,-7.587135e+00
-2.671125e-04,-7.737122e+00,-7.587135e+00
-2.670750e-04,-7.737122e+00,-7.591959e+00
-2.670375e-04,-7.737122e+00,-7.587135e+00
-2.670000e-04,-7.737122e+00,-7.587135e+00
-2.669625e-04,-7.737122e+00,-7.587135e+00
-2.669250e-04,-7.730841e+00,-7.587135e+00
-2.668875e-04,-7.730841e+00,-7.587135e+00
-2.668500e-04,-7.730841e+00,-7.587135e+00
-2.668125e-04,-7.730841e+00,-7.587135e+00
-2.667750e-04,-7.730841e+00,-7.587135e+00
-2.667375e-04,-7.730841e+00,-7.587135e+00
-2.667000e-04,-7.724560e+00,-7.582311e+00
-2.666625e-04,-7.724560e+00,-7.582311e+00
-2.666250e-04,-7.724560e+00,-7.582311e+00
-2.665875e-04,-7.724560e+00,-7.582311e+00
-2.665500e-04,-7.718278e+00,-7.582311e+00
-2.665125e-04,-7.718278e+00,-7.582311e+00
-2.664750e-04,-7.718278e+00,-7.582311e+00
-2.664375e-04,-7.718278e+00,-7.582311e+00
-2.664000e-04,-7.711997e+00,-7.582311e+00
-2.663625e-04,-7.711997e+00,-7.582311e+00
-2.663250e-04,-7.711997e+00,-7.582311e+00
-2.662875e-04,-7.711997e+00,-7.577487e+00
-2.662500e-04,-7.705715e+00,-7.582311e+00
-2.662125e-04,-7.705715e+00,-7.577487e+00
-2.661750e-04,-7.705715e+00,-7.577487e+00
-2.661375e-04,-7.705715e+00,-7.577487e+00
-2.661000e-04,-7.699434e+00,-7.577487e+00
-2.660625e-04,-7.699434e+00,-7.577487e+00
-2.660250e-04,-7.699434e+00,-7.577487e+00
-2.659875e-04,-7.699434e+00,-7.577487e+00
-2.659500e-04,-7.693153e+00,-7.577487e+00
-2.659125e-04,-7.693153e+00,-7.577487e+00
-2.658750e-04,-7.693153e+00,-7.577487e+00
-2.658375e-04,-7.693153e+00,-7.577487e+00
-2.658000e-04,-7.686871e+00,-7.572662e+00
-2.657625e-04,-7.686871e+00,-7.572662e+00
-2.657250e-04,-7.686871e+00,-7.572662e+00
-2.656875e-04,-7.686871e+00,-7.572662e+00
-2.656500e-04,-7.686871e+00,-7.572662e+00
-2.656125e-04,-7.680590e+00,-7.572662e+00
-2.655750e-04,-7.680590e+00,-7.572662e+00
-2.655375e-04,-7.680590e+00,-7.572662e+00
-2.655000e-04,-7.680590e+00,-7.572662e+00
-2.654625e-04,-7.680590e+00,-7.572662e+00
-2.654250e-04,-7.674308e+00,-7.572662e+00
-2.653875e-04,-7.674308e+00,-7.572662e+00
-2.653500e-04,-7.674308e+00,-7.572662e+00
-2.653125e-04,-7.674308e+00,-7.567838e+00
-2.652750e-04,-7.674308e+00,-7.567838e+00
-2.652375e-04,-7.674308e+00,-7.572662e+00
-2.652000e-04,-7.674308e+00,-7.567838e+00
-2.651625e-04,-7.668027e+00,-7.567838e+00
-2.651250e-04,-7.668027e+00,-7.567838e+00
-2.650875e-04,-7.668027e+00,-7.567838e+00
-2.650500e-04,-7.668027e+00,-7.567838e+00
-2.650125e-04,-7.668027e+00,-7.567838e+00
-2.649750e-04,-7.661745e+00,-7.567838e+00
-2.649375e-04,-7.661745e+00,-7.567838e+00
-2.649000e-04,-7.661745e+00,-7.563014e+00
-2.648625e-04,-7.661745e+00,-7.563014e+00
-2.648250e-04,-7.661745e+00,-7.563014e+00
-2.647875e-04,-7.661745e+00,-7.563014e+00
-2.647500e-04,-7.661745e+00,-7.563014e+00
-2.647125e-04,-7.661745e+00,-7.563014e+00
-2.646750e-04,-7.661745e+00,-7.563014e+00
-2.646375e-04,-7.661745e+00,-7.563014e+00
-2.646000e-04,-7.655464e+00,-7.558190e+00
-2.645625e-04,-7.661745e+00,-7.558190e+00
-2.645250e-04,-7.655464e+00,-7.558190e+00
-2.644875e-04,-7.655464e+00,-7.558190e+00
-2.644500e-04,-7.655464e+00,-7.558190e+00
-2.644125e-04,-7.655464e+00,-7.558190e+00
-2.643750e-04,-7.655464e+00,-7.558190e+00
-2.643375e-04,-7.655464e+00,-7.553366e+00
-2.643000e-04,-7.655464e+00,-7.558190e+00
-2.642625e-04,-7.655464e+00,-7.558190e+00
-2.642250e-04,-7.655464e+00,-7.553366e+00
-2.641875e-04,-7.655464e+00,-7.553366e+00
-2.641500e-04,-7.655464e+00,-7.553366e+00
-2.641125e-04,-7.655464e+00,-7.553366e+00
-2.640750e-04,-7.655464e+00,-7.553366e+00
-2.640375e-04,-7.649183e+00,-7.553366e+00
-2.640000e-04,-7.649183e+00,-7.553366e+00
-2.639625e-04,-7.649183e+00,-7.553366e+00
-2.639250e-04,-7.649183e+00,-7.553366e+00
-2.638875e-04,-7.649183e+00,-7.548542e+00
-2.638500e-04,-7.649183e+00,-7.548542e+00
-2.638125e-04,-7.649183e+00,-7.548542e+00
-2.637750e-04,-7.649183e+00,-7.548542e+00
-2.637375e-04,-7.649183e+00,-7.548542e+00
-2.637000e-04,-7.649183e+00,-7.548542e+00
-2.636625e-04,-7.649183e+00,-7.543718e+00
-2.636250e-04,-7.649183e+00,-7.543718e+00
-2.635875e-04,-7.649183e+00,-7.543718e+00
-2.635500e-04,-7.649183e+00,-7.543718e+00
-2.635125e-04,-7.642901e+00,-7.543718e+00
-2.634750e-04,-7.642901e+00,-7.538894e+00
-2.634375e-04,-7.642901e+00,-7.543718e+00
-2.634000e-04,-7.642901e+00,-7.543718e+00
-2.633625e-04,-7.642901e+00,-7.538894e+00
-2.633250e-04,-7.642901e+00,-7.538894e+00
-2.632875e-04,-7.642901e+00,-7.538894e+00
-2.632500e-04,-7.642901e+00,-7.538894e+00
-2.632125e-04,-7.636620e+00,-7.538894e+00
-2.631750e-04,-7.636620e+00,-7.538894e+00
-2.631375e-04,-7.636620e+00,-7.538894e+00
-2.631000e-04,-7.636620e+00,-7.538894e+00
-2.630625e-04,-7.636620e+00,-7.538894e+00
-2.630250e-04,-7.636620e+00,-7.534069e+00
-2.629875e-04,-7.636620e+00,-7.534069e+00
-2.629500e-04,-7.630338e+00,-7.534069e+00
-2.629125e-04,-7.630338e+00,-7.534069e+00
-2.628750e-04,-7.630338e+00,-7.534069e+00
-2.628375e-04,-7.630338e+00,-7.534069e+00
-2.628000e-04,-7.630338e+00,-7.529245e+00
-2.627625e-04,-7.624057e+00,-7.529245e+00
-2.627250e-04,-7.624057e+00,-7.529245e+00
-2.626875e-04,-7.624057e+00,-7.529245e+00
-2.626500e-04,-7.624057e+00,-7.529245e+00
-2.626125e-04,-7.617776e+00,-7.529245e+00
-2.625750e-04,-7.617776e+00,-7.524421e+00
-2.625375e-04,-7.617776e+00,-7.524421e+00
-2.625000e-04,-7.617776e+00,-7.524421e+00
-2.624625e-04,-7.611494e+00,-7.524421e+00
-2.624250e-04,-7.611494e+00,-7.524421e+00
-2.623875e-04,-7.611494e+00,-7.524421e+00
-2.623500e-04,-7.611494e+00,-7.519597e+00
-2.623125e-04,-7.611494e+00,-7.519597e+00
-2.622750e-04,-7.605213e+00,-7.519597e+00
-2.622375e-04,-7.605213e+00,-7.519597e+00
-2.622000e-04,-7.605213e+00,-7.519597e+00
-2.621625e-04,-7.598931e+00,-7.519597e+00
-2.621250e-04,-7.598931e+00,-7.519597e+00
-2.620875e-04,-7.598931e+00,-7.519597e+00
-2.620500e-04,-7.598931e+00,-7.519597e+00
-2.620125e-04,-7.592650e+00,-7.519597e+00
-2.619750e-04,-7.592650e+00,-7.519597e+00
-2.619375e-04,-7.592650e+00,-7.514773e+00
-2.619000e-04,-7.592650e+00,-7.514773e+00
-2.618625e-04,-7.586369e+00,-7.514773e+00
-2.618250e-04,-7.586369e+00,-7.514773e+00
-2.617875e-04,-7.586369e+00,-7.514773e+00
-2.617500e-04,-7.580087e+00,-7.514773e+00
-2.617125e-04,-7.586369e+00,-7.514773e+00
-2.616750e-04,-7.580087e+00,-7.514773e+00
-2.616375e-04,-7.580087e+00,-7.514773e+00
-2.616000e-04,-7.580087e+00,-7.514773e+00
-2.615625e-04,-7.580087e+00,-7.514773e+00
-2.615250e-04,-7.580087e+00,-7.509949e+00
-2.614875e-04,-7.573806e+00,-7.509949e+00
-2.614500e-04,-7.573806e+00,-7.509949e+00
-2.614125e-04,-7.573806e+00,-7.509949e+00
-2.613750e-04,-7.573806e+00,-7.509949e+00
-2.613375e-04,-7.573806e+00,-7.509949e+00
-2.613000e-04,-7.567524e+00,-7.509949e+00
-2.612625e-04,-7.567524e+00,-7.509949e+00
-2.612250e-04,-7.567524e+00,-7.509949e+00
-2.611875e-04,-7.567524e+00,-7.509949e+00
-2.611500e-04,-7.567524e+00,-7.509949e+00
-2.611125e-04,-7.567524e+00,-7.505125e+00
-2.610750e-04,-7.567524e+00,-7.505125e+00
-2.610375e-04,-7.567524e+00,-7.505125e+00
-2.610000e-04,-7.561243e+00,-7.505125e+00
-2.609625e-04,-7.567524e+00,-7.505125e+00
-2.609250e-04,-7.561243e+00,-7.505125e+00
-2.608875e-04,-7.561243e+00,-7.505125e+00
-2.608500e-04,-7.561243e+00,-7.505125e+00
-2.608125e-04,-7.561243e+00,-7.505125e+00
-2.607750e-04,-7.561243e+00,-7.500301e+00
-2.607375e-04,-7.561243e+00,-7.505125e+00
-2.607000e-04,-7.561243e+00,-7.505125e+00
-2.606625e-04,-7.561243e+00,-7.505125e+00
-2.606250e-04,-7.561243e+00,-7.500301e+00
-2.605875e-04,-7.561243e+00,-7.505125e+00
-2.605500e-04,-7.554962e+00,-7.500301e+00
-2.605125e-04,-7.554962e+00,-7.500301e+00
-2.604750e-04,-7.554962e+00,-7.500301e+00
-2.604375e-04,-7.554962e+00,-7.500301e+00
-2.604000e-04,-7.554962e+00,-7.500301e+00
-2.603625e-04,-7.554962e+00,-7.500301e+00
-2.603250e-04,-7.554962e+00,-7.500301e+00
-2.602875e-04,-7.554962e+00,-7.500301e+00
-2.602500e-04,-7.554962e+00,-7.500301e+00
-2.602125e-04,-7.554962e+00,-7.500301e+00
-2.601750e-04,-7.554962e+00,-7.500301e+00
-2.601375e-04,-7.554962e+00,-7.495476e+00
-2.601000e-04,-7.554962e+00,-7.500301e+00
-2.600625e-04,-7.554962e+00,-7.495476e+00
-2.600250e-04,-7.554962e+00,-7.500301e+00
-2.599875e-04,-7.554962e+00,-7.495476e+00
-2.599500e-04,-7.554962e+00,-7.495476e+00
-2.599125e-04,-7.554962e+00,-7.495476e+00
-2.598750e-04,-7.554962e+00,-7.495476e+00
-2.598375e-04,-7.548680e+00,-7.495476e+00
-2.598000e-04,-7.548680e+00,-7.495476e+00
-2.597625e-04,-7.548680e+00,-7.495476e+00
-2.597250e-04,-7.548680e+00,-7.495476e+00
-2.596875e-04,-7.548680e+00,-7.495476e+00
-2.596500e-04,-7.548680e+00,-7.495476e+00
-2.596125e-04,-7.548680e+00,-7.495476e+00
-2.595750e-04,-7.548680e+00,-7.495476e+00
-2.595375e-04,-7.548680e+00,-7.490652e+00
-2.595000e-04,-7.548680e+00,-7.490652e+00
-2.594625e-04,-7.548680e+00,-7.490652e+00
-2.594250e-04,-7.548680e+00,-7.490652e+00
-2.593875e-04,-7.548680e+00,-7.490652e+00
-2.593500e-04,-7.548680e+00,-7.490652e+00
-2.593125e-04,-7.548680e+00,-7.490652e+00
-2.592750e-04,-7.548680e+00,-7.490652e+00
-2.592375e-04,-7.548680e+00,-7.490652e+00
-2.592000e-04,-7.542399e+00,-7.490652e+00
-2.591625e-04,-7.542399e+00,-7.490652e+00
-2.591250e-04,-7.542399e+00,-7.490652e+00
-2.590875e-04,-7.542399e+00,-7.490652e+00
-2.590500e-04,-7.542399e+00,-7.490652e+00
-2.590125e-04,-7.542399e+00,-7.490652e+00
-2.589750e-04,-7.542399e+00,-7.485828e+00
-2.589375e-04,-7.536117e+00,-7.485828e+00
-2.589000e-04,-7.536117e+00,-7.485828e+00
-2.588625e-04,-7.536117e+00,-7.485828e+00
-2.588250e-04,-7.536117e+00,-7.485828e+00
-2.587875e-04,-7.536117e+00,-7.485828e+00
-2.587500e-04,-7.536117e+00,-7.485828e+00
-2.587125e-04,-7.529836e+00,-7.485828e+00
-2.586750e-04,-7.529836e+00,-7.485828e+00
-2.586375e-04,-7.529836e+00,-7.485828e+00
-2.586000e-04,-7.529836e+00,-7.485828e+00
-2.585625e-04,-7.529836e+00,-7.481004e+00
-2.585250e-04,-7.523555e+00,-7.481004e+00
-2.584875e-04,-7.523555e+00,-7.481004e+00
-2.584500e-04,-7.523555e+00,-7.481004e+00
-2.584125e-04,-7.517273e+00,-7.481004e+00
-2.583750e-04,-7.523555e+00,-7.481004e+00
-2.583375e-04,-7.517273e+00,-7.476180e+00
-2.583000e-04,-7.517273e+00,-7.476180e+00
-2.582625e-04,-7.517273e+00,-7.481004e+00
-2.582250e-04,-7.517273e+00,-7.476180e+00
-2.581875e-04,-7.510992e+00,-7.476180e+00
-2.581500e-04,-7.510992e+00,-7.476180e+00
-2.581125e-04,-7.510992e+00,-7.476180e+00
-2.580750e-04,-7.510992e+00,-7.476180e+00
-2.580375e-04,-7.504710e+00,-7.476180e+00
-2.580000e-04,-7.504710e+00,-7.471356e+00
-2.579625e-04,-7.504710e+00,-7.471356e+00
-2.579250e-04,-7.498429e+00,-7.471356e+00
-2.578875e-04,-7.504710e+00,-7.471356e+00
-2.578500e-04,-7.498429e+00,-7.471356e+00
-2.578125e-04,-7.498429e+00,-7.471356e+00
-2.577750e-04,-7.498429e+00,-7.471356e+00
-2.577375e-04,-7.498429e+00,-7.471356e+00
-2.577000e-04,-7.492148e+00,-7.471356e+00
-2.576625e-04,-7.492148e+00,-7.471356e+00
-2.576250e-04,-7.492148e+00,-7.466532e+00
-2.575875e-04,-7.492148e+00,-7.466532e+00
-2.575500e-04,-7.485866e+00,-7.466532e+00
-2.575125e-04,-7.485866e+00,-7.466532e+00
-2.574750e-04,-7.485866e+00,-7.466532e+00
-2.574375e-04,-7.485866e+00,-7.461708e+00
-2.574000e-04,-7.479585e+00,-7.461708e+00
-2.573625e-04,-7.479585e+00,-7.461708e+00
-2.573250e-04,-7.479585e+00,-7.461708e+00
-2.572875e-04,-7.473303e+00,-7.461708e+00
-2.572500e-04,-7.473303e+00,-7.461708e+00
-2.572125e-04,-7.473303e+00,-7.461708e+00
-2.571750e-04,-7.473303e+00,-7.461708e+00
-2.571375e-04,-7.473303e+00,-7.461708e+00
-2.571000e-04,-7.467022e+00,-7.456884e+00
-2.570625e-04,-7.473303e+00,-7.456884e+00
-2.570250e-04,-7.467022e+00,-7.456884e+00
-2.569875e-04,-7.467022e+00,-7.456884e+00
-2.569500e-04,-7.467022e+00,-7.456884e+00
-2.569125e-04,-7.467022e+00,-7.452059e+00
-2.568750e-04,-7.467022e+00,-7.456884e+00
-2.568375e-04,-7.467022e+00,-7.456884e+00
-2.568000e-04,-7.460740e+00,-7.452059e+00
-2.567625e-04,-7.467022e+00,-7.452059e+00
-2.567250e-04,-7.460740e+00,-7.452059e+00
-2.566875e-04,-7.460740e+00,-7.452059e+00
-2.566500e-04,-7.460740e+00,-7.447235e+00
-2.566125e-04,-7.460740e+00,-7.447235e+00
-2.565750e-04,-7.460740e+00,-7.447235e+00
-2.565375e-04,-7.460740e+00,-7.447235e+00
-2.565000e-04,-7.460740e+00,-7.447235e+00
-2.564625e-04,-7.460740e+00,-7.447235e+00
-2.564250e-04,-7.460740e+00,-7.447235e+00
-2.563875e-04,-7.454459e+00,-7.447235e+00
-2.563500e-04,-7.454459e+00,-7.442411e+00
-2.563125e-04,-7.454459e+00,-7.442411e+00
-2.562750e-04,-7.454459e+00,-7.442411e+00
-2.562375e-04,-7.454459e+00,-7.442411e+00
-2.562000e-04,-7.454459e+00,-7.442411e+00
-2.561625e-04,-7.454459e+00,-7.442411e+00
-2.561250e-04,-7.454459e+00,-7.442411e+00
-2.560875e-04,-7.454459e+00,-7.442411e+00
-2.560500e-04,-7.454459e+00,-7.442411e+00
-2.560125e-04,-7.454459e+00,-7.442411e+00
-2.559750e-04,-7.454459e+00,-7.437587e+00
-2.559375e-04,-7.454459e+00,-7.442411e+00
-2.559000e-04,-7.454459e+00,-7.437587e+00
-2.558625e-04,-7.448178e+00,-7.437587e+00
-2.558250e-04,-7.448178e+00,-7.437587e+00
-2.557875e-04,-7.448178e+00,-7.437587e+00
-2.557500e-04,-7.448178e+00,-7.437587e+00
-2.557125e-04,-7.448178e+00,-7.437587e+00
-2.556750e-04,-7.448178e+00,-7.432763e+00
-2.556375e-04,-7.448178e+00,-7.432763e+00
-2.556000e-04,-7.448178e+00,-7.432763e+00
-2.555625e-04,-7.448178e+00,-7.437587e+00
-2.555250e-04,-7.448178e+00,-7.432763e+00
-2.554875e-04,-7.448178e+00,-7.432763e+00
-2.554500e-04,-7.448178e+00,-7.432763e+00
-2.554125e-04,-7.441896e+00,-7.432763e+00
-2.553750e-04,-7.441896e+00,-7.432763e+00
-2.553375e-04,-7.441896e+00,-7.432763e+00
-2.553000e-04,-7.441896e+00,-7.427939e+00
-2.552625e-04,-7.441896e+00,-7.427939e+00
-2.552250e-04,-7.441896e+00,-7.427939e+00
-2.551875e-04,-7.441896e+00,-7.427939e+00
-2.551500e-04,-7.441896e+00,-7.427939e+00
-2.551125e-04,-7.435615e+00,-7.427939e+00
-2.550750e-04,-7.435615e+00,-7.427939e+00
-2.550375e-04,-7.435615e+00,-7.427939e+00
-2.550000e-04,-7.435615e+00,-7.427939e+00
-2.549625e-04,-7.435615e+00,-7.427939e+00
-2.549250e-04,-7.435615e+00,-7.427939e+00
-2.548875e-04,-7.429333e+00,-7.427939e+00
-2.548500e-04,-7.429333e+00,-7.427939e+00
-2.548125e-04,-7.429333e+00,-7.427939e+00
-2.547750e-04,-7.429333e+00,-7.423115e+00
-2.547375e-04,-7.429333e+00,-7.423115e+00
-2.547000e-04,-7.423052e+00,-7.423115e+00
-2.546625e-04,-7.423052e+00,-7.423115e+00
-2.546250e-04,-7.423052e+00,-7.423115e+00
-2.545875e-04,-7.416771e+00,-7.423115e+00
-2.545500e-04,-7.423052e+00,-7.423115e+00
-2.545125e-04,-7.423052e+00,-7.423115e+00
-2.544750e-04,-7.416771e+00,-7.423115e+00
-2.544375e-04,-7.416771e+00,-7.423115e+00
-2.544000e-04,-7.416771e+00,-7.423115e+00
-2.543625e-04,-7.410489e+00,-7.423115e+00
-2.543250e-04,-7.410489e+00,-7.423115e+00
-2.542875e-04,-7.410489e+00,-7.423115e+00
-2.542500e-04,-7.410489e+00,-7.418291e+00
-2.542125e-04,-7.404208e+00,-7.423115e+00
-2.541750e-04,-7.404208e+00,-7.418291e+00
-2.541375e-04,-7.404208e+00,-7.418291e+00
-2.541000e-04,-7.404208e+00,-7.418291e+00
-2.540625e-04,-7.404208e+00,-7.418291e+00
-2.540250e-04,-7.397926e+00,-7.418291e+00
-2.539875e-04,-7.397926e+00,-7.418291e+00
-2.539500e-04,-7.397926e+00,-7.418291e+00
-2.539125e-04,-7.391645e+00,-7.418291e+00
-2.538750e-04,-7.391645e+00,-7.418291e+00
-2.538375e-04,-7.391645e+00,-7.418291e+00
-2.538000e-04,-7.391645e+00,-7.418291e+00
-2.537625e-04,-7.385364e+00,-7.418291e+00
-2.537250e-04,-7.385364e+00,-7.418291e+00
-2.536875e-04,-7.385364e+00,-7.413466e+00
-2.536500e-04,-7.385364e+00,-7.413466e+00
-2.536125e-04,-7.385364e+00,-7.413466e+00
-2.535750e-04,-7.379082e+00,-7.413466e+00
-2.535375e-04,-7.379082e+00,-7.413466e+00
-2.535000e-04,-7.379082e+00,-7.413466e+00
-2.534625e-04,-7.379082e+00,-7.413466e+00
-2.534250e-04,-7.379082e+00,-7.413466e+00
-2.533875e-04,-7.372801e+00,-7.408642e+00
-2.533500e-04,-7.372801e+00,-7.413466e+00
-2.533125e-04,-7.372801e+00,-7.408642e+00
-2.532750e-04,-7.372801e+00,-7.408642e+00
-2.532375e-04,-7.372801e+00,-7.408642e+00
-2.532000e-04,-7.372801e+00,-7.408642e+00
-2.531625e-04,-7.366519e+00,-7.408642e+00
-2.531250e-04,-7.366519e+00,-7.408642e+00
-2.530875e-04,-7.366519e+00,-7.408642e+00
-2.530500e-04,-7.366519e+00,-7.408642e+00
-2.530125e-04,-7.366519e+00,-7.408642e+00
-2.529750e-04,-7.366519e+00,-7.408642e+00
-2.529375e-04,-7.366519e+00,-7.408642e+00
-2.529000e-04,-7.366519e+00,-7.403818e+00
-2.528625e-04,-7.360238e+00,-7.403818e+00
-2.528250e-04,-7.360238e+00,-7.403818e+00
-2.527875e-04,-7.360238e+00,-7.403818e+00
-2.527500e-04,-7.360238e+00,-7.403818e+00
-2.527125e-04,-7.360238e+00,-7.403818e+00
-2.526750e-04,-7.360238e+00,-7.403818e+00
-2.526375e-04,-7.360238e+00,-7.403818e+00
-2.526000e-04,-7.360238e+00,-7.403818e+00
-2.525625e-04,-7.360238e+00,-7.403818e+00
-2.525250e-04,-7.360238e+00,-7.398994e+00
-2.524875e-04,-7.353957e+00,-7.398994e+00
-2.524500e-04,-7.353957e+00,-7.398994e+00
-2.524125e-04,-7.353957e+00,-7.398994e+00
-2.523750e-04,-7.353957e+00,-7.394170e+00
-2.523375e-04,-7.353957e+00,-7.398994e+00
-2.523000e-04,-7.353957e+00,-7.398994e+00
-2.522625e-04,-7.353957e+00,-7.398994e+00
-2.522250e-04,-7.353957e+00,-7.394170e+00
-2.521875e-04,-7.353957e+00,-7.394170e+00
-2.521500e-04,-7.353957e+00,-7.394170e+00
-2.521125e-04,-7.353957e+00,-7.394170e+00
-2.520750e-04,-7.353957e+00,-7.394170e+00
-2.520375e-04,-7.353957e+00,-7.394170e+00
-2.520000e-04,-7.353957e+00,-7.394170e+00
-2.519625e-04,-7.353957e+00,-7.394170e+00
-2.519250e-04,-7.347675e+00,-7.389346e+00
-2.518875e-04,-7.347675e+00,-7.389346e+00
-2.518500e-04,-7.347675e+00,-7.389346e+00
-2.518125e-04,-7.347675e+00,-7.389346e+00
-2.517750e-04,-7.347675e+00,-7.389346e+00
-2.517375e-04,-7.347675e+00,-7.389346e+00
-2.517000e-04,-7.347675e+00,-7.384522e+00
-2.516625e-04,-7.347675e+00,-7.384522e+00
-2.516250e-04,-7.347675e+00,-7.384522e+00
-2.515875e-04,-7.347675e+00,-7.384522e+00
-2.515500e-04,-7.347675e+00,-7.384522e+00
-2.515125e-04,-7.347675e+00,-7.384522e+00
-2.514750e-04,-7.347675e+00,-7.384522e+00
-2.514375e-04,-7.341394e+00,-7.379698e+00
-2.514000e-04,-7.341394e+00,-7.379698e+00
-2.513625e-04,-7.341394e+00,-7.379698e+00
-2.513250e-04,-7.341394e+00,-7.379698e+00
-2.512875e-04,-7.341394e+00,-7.374873e+00
-2.512500e-04,-7.341394e+00,-7.379698e+00
-2.512125e-04,-7.341394e+00,-7.374873e+00
-2.511750e-04,-7.335112e+00,-7.379698e+00
-2.511375e-04,-7.335112e+00,-7.374873e+00
-2.511000e-04,-7.335112e+00,-7.374873e+00
-2.510625e-04,-7.335112e+00,-7.374873e+00
-2.510250e-04,-7.335112e+00,-7.374873e+00
-2.509875e-04,-7.335112e+00,-7.374873e+00
-2.509500e-04,-7.335112e+00,-7.370049e+00
-2.509125e-04,-7.335112e+00,-7.370049e+00
-2.508750e-04,-7.328831e+00,-7.370049e+00
-2.508375e-04,-7.328831e+00,-7.370049e+00
-2.508000e-04,-7.328831e+00,-7.370049e+00
-2.507625e-04,-7.322550e+00,-7.370049e+00
-2.507250e-04,-7.328831e+00,-7.370049e+00
-2.506875e-04,-7.322550e+00,-7.365225e+00
-2.506500e-04,-7.322550e+00,-7.370049e+00
-2.506125e-04,-7.322550e+00,-7.370049e+00
-2.505750e-04,-7.322550e+00,-7.365225e+00
-2.505375e-04,-7.316268e+00,-7.365225e+00
-2.505000e-04,-7.316268e+00,-7.365225e+00
-2.504625e-04,-7.316268e+00,-7.365225e+00
-2.504250e-04,-7.309987e+00,-7.365225e+00
-2.503875e-04,-7.316268e+00,-7.365225e+00
-2.503500e-04,-7.309987e+00,-7.360401e+00
-2.503125e-04,-7.309987e+00,-7.360401e+00
-2.502750e-04,-7.309987e+00,-7.360401e+00
-2.502375e-04,-7.303705e+00,-7.360401e+00
-2.502000e-04,-7.303705e+00,-7.360401e+00
-2.501625e-04,-7.303705e+00,-7.360401e+00
-2.501250e-04,-7.303705e+00,-7.360401e+00
-2.500875e-04,-7.297424e+00,-7.360401e+00
-2.500500e-04,-7.297424e+00,-7.360401e+00
-2.500125e-04,-7.297424e+00,-7.360401e+00
-2.499750e-04,-7.297424e+00,-7.355577e+00
-2.499375e-04,-7.297424e+00,-7.355577e+00
-2.499000e-04,-7.291143e+00,-7.355577e+00
-2.498625e-04,-7.291143e+00,-7.355577e+00
-2.498250e-04,-7.291143e+00,-7.360401e+00
-2.497875e-04,-7.291143e+00,-7.355577e+00
-2.497500e-04,-7.291143e+00,-7.355577e+00
-2.497125e-04,-7.284861e+00,-7.355577e+00
-2.496750e-04,-7.284861e+00,-7.355577e+00
-2.496375e-04,-7.284861e+00,-7.350753e+00
-2.496000e-04,-7.284861e+00,-7.355577e+00
-2.495625e-04,-7.278580e+00,-7.355577e+00
-2.495250e-04,-7.278580e+00,-7.350753e+00
-2.494875e-04,-7.278580e+00,-7.350753e+00
-2.494500e-04,-7.278580e+00,-7.350753e+00
-2.494125e-04,-7.278580e+00,-7.350753e+00
-2.493750e-04,-7.272298e+00,-7.350753e+00
-2.493375e-04,-7.272298e+00,-7.350753e+00
-2.493000e-04,-7.272298e+00,-7.350753e+00
-2.492625e-04,-7.272298e+00,-7.350753e+00
-2.492250e-04,-7.272298e+00,-7.350753e+00
-2.491875e-04,-7.272298e+00,-7.350753e+00
-2.491500e-04,-7.266017e+00,-7.350753e+00
-2.491125e-04,-7.266017e+00,-7.345929e+00
-2.490750e-04,-7.266017e+00,-7.350753e+00
-2.490375e-04,-7.266017e+00,-7.345929e+00
-2.490000e-04,-7.266017e+00,-7.345929e+00
-2.489625e-04,-7.266017e+00,-7.345929e+00
-2.489250e-04,-7.266017e+00,-7.345929e+00
-2.488875e-04,-7.259735e+00,-7.345929e+00
-2.488500e-04,-7.259735e+00,-7.345929e+00
-2.488125e-04,-7.259735e+00,-7.345929e+00
-2.487750e-04,-7.259735e+00,-7.345929e+00
-2.487375e-04,-7.259735e+00,-7.345929e+00
-2.487000e-04,-7.259735e+00,-7.345929e+00
-2.486625e-04,-7.259735e+00,-7.345929e+00
-2.486250e-04,-7.259735e+00,-7.341105e+00
-2.485875e-04,-7.259735e+00,-7.345929e+00
-2.485500e-04,-7.259735e+00,-7.345929e+00
-2.485125e-04,-7.259735e+00,-7.345929e+00
-2.484750e-04,-7.259735e+00,-7.341105e+00
-2.484375e-04,-7.253454e+00,-7.341105e+00
-2.484000e-04,-7.253454e+00,-7.341105e+00
-2.483625e-04,-7.253454e+00,-7.341105e+00
-2.483250e-04,-7.253454e+00,-7.341105e+00
-2.482875e-04,-7.253454e+00,-7.341105e+00
-2.482500e-04,-7.253454e+00,-7.341105e+00
-2.482125e-04,-7.253454e+00,-7.341105e+00
-2.481750e-04,-7.253454e+00,-7.341105e+00
-2.481375e-04,-7.253454e+00,-7.341105e+00
-2.481000e-04,-7.253454e+00,-7.341105e+00
-2.480625e-04,-7.253454e+00,-7.336281e+00
-2.480250e-04,-7.253454e+00,-7.336281e+00
-2.479875e-04,-7.253454e+00,-7.336281e+00
-2.479500e-04,-7.253454e+00,-7.336281e+00
-2.479125e-04,-7.253454e+00,-7.336281e+00
-2.478750e-04,-7.253454e+00,-7.336281e+00
-2.478375e-04,-7.247173e+00,-7.336281e+00
-2.478000e-04,-7.247173e+00,-7.336281e+00
-2.477625e-04,-7.247173e+00,-7.336281e+00
-2.477250e-04,-7.247173e+00,-7.336281e+00
-2.476875e-04,-7.247173e+00,-7.331456e+00
-2.476500e-04,-7.247173e+00,-7.336281e+00
-2.476125e-04,-7.247173e+00,-7.331456e+00
-2.475750e-04,-7.247173e+00,-7.331456e+00
-2.475375e-04,-7.247173e+00,-7.331456e+00
-2.475000e-04,-7.247173e+00,-7.331456e+00
-2.474625e-04,-7.247173e+00,-7.331456e+00
-2.474250e-04,-7.247173e+00,-7.331456e+00
-2.473875e-04,-7.247173e+00,-7.331456e+00
-2.473500e-04,-7.247173e+00,-7.331456e+00
-2.473125e-04,-7.247173e+00,-7.331456e+00
-2.472750e-04,-7.240891e+00,-7.326632e+00
-2.472375e-04,-7.240891e+00,-7.326632e+00
-2.472000e-04,-7.240891e+00,-7.326632e+00
-2.471625e-04,-7.240891e+00,-7.326632e+00
-2.471250e-04,-7.240891e+00,-7.326632e+00
-2.470875e-04,-7.240891e+00,-7.326632e+00
-2.470500e-04,-7.240891e+00,-7.326632e+00
-2.470125e-04,-7.240891e+00,-7.326632e+00
-2.469750e-04,-7.240891e+00,-7.321808e+00
-2.469375e-04,-7.240891e+00,-7.326632e+00
-2.469000e-04,-7.240891e+00,-7.321808e+00
-2.468625e-04,-7.234610e+00,-7.321808e+00
-2.468250e-04,-7.234610e+00,-7.321808e+00
-2.467875e-04,-7.234610e+00,-7.321808e+00
-2.467500e-04,-7.234610e+00,-7.321808e+00
-2.467125e-04,-7.234610e+00,-7.321808e+00
-2.466750e-04,-7.234610e+00,-7.316984e+00
-2.466375e-04,-7.228328e+00,-7.316984e+00
-2.466000e-04,-7.228328e+00,-7.321808e+00
-2.465625e-04,-7.228328e+00,-7.316984e+00
-2.465250e-04,-7.222047e+00,-7.316984e+00
-2.464875e-04,-7.222047e+00,-7.316984e+00
-2.464500e-04,-7.222047e+00,-7.316984e+00
-2.464125e-04,-7.222047e+00,-7.312160e+00
-2.463750e-04,-7.222047e+00,-7.316984e+00
-2.463375e-04,-7.222047e+00,-7.312160e+00
-2.463000e-04,-7.215766e+00,-7.312160e+00
-2.462625e-04,-7.215766e+00,-7.312160e+00
-2.462250e-04,-7.215766e+00,-7.312160e+00
-2.461875e-04,-7.215766e+00,-7.312160e+00
-2.461500e-04,-7.209484e+00,-7.312160e+00
-2.461125e-04,-7.209484e+00,-7.307336e+00
-2.460750e-04,-7.209484e+00,-7.307336e+00
-2.460375e-04,-7.209484e+00,-7.312160e+00
-2.460000e-04,-7.203203e+00,-7.307336e+00
-2.459625e-04,-7.203203e+00,-7.307336e+00
-2.459250e-04,-7.203203e+00,-7.307336e+00
-2.458875e-04,-7.203203e+00,-7.302512e+00
-2.458500e-04,-7.203203e+00,-7.302512e+00
-2.458125e-04,-7.196921e+00,-7.307336e+00
-2.457750e-04,-7.196921e+00,-7.307336e+00
-2.457375e-04,-7.196921e+00,-7.302512e+00
-2.457000e-04,-7.190640e+00,-7.302512e+00
-2.456625e-04,-7.190640e+00,-7.302512e+00
-2.456250e-04,-7.190640e+00,-7.302512e+00
-2.455875e-04,-7.190640e+00,-7.297688e+00
-2.455500e-04,-7.190640e+00,-7.297688e+00
-2.455125e-04,-7.184359e+00,-7.297688e+00
-2.454750e-04,-7.184359e+00,-7.297688e+00
-2.454375e-04,-7.184359e+00,-7.297688e+00
-2.454000e-04,-7.184359e+00,-7.297688e+00
-2.453625e-04,-7.184359e+00,-7.297688e+00
-2.453250e-04,-7.178077e+00,-7.292863e+00
-2.452875e-04,-7.178077e+00,-7.292863e+00
-2.452500e-04,-7.178077e+00,-7.292863e+00
-2.452125e-04,-7.171796e+00,-7.292863e+00
-2.451750e-04,-7.178077e+00,-7.292863e+00
-2.451375e-04,-7.171796e+00,-7.292863e+00
-2.451000e-04,-7.171796e+00,-7.292863e+00
-2.450625e-04,-7.171796e+00,-7.292863e+00
-2.450250e-04,-7.171796e+00,-7.292863e+00
-2.449875e-04,-7.165514e+00,-7.288039e+00
-2.449500e-04,-7.165514e+00,-7.288039e+00
-2.449125e-04,-7.165514e+00,-7.288039e+00
-2.448750e-04,-7.165514e+00,-7.288039e+00
-2.448375e-04,-7.165514e+00,-7.288039e+00
-2.448000e-04,-7.165514e+00,-7.288039e+00
-2.447625e-04,-7.165514e+00,-7.288039e+00
-2.447250e-04,-7.165514e+00,-7.283215e+00
-2.446875e-04,-7.159233e+00,-7.283215e+00
-2.446500e-04,-7.159233e+00,-7.283215e+00
-2.446125e-04,-7.159233e+00,-7.283215e+00
-2.445750e-04,-7.159233e+00,-7.283215e+00
-2.445375e-04,-7.159233e+00,-7.283215e+00
-2.445000e-04,-7.159233e+00,-7.283215e+00
-2.444625e-04,-7.159233e+00,-7.283215e+00
-2.444250e-04,-7.159233e+00,-7.283215e+00
-2.443875e-04,-7.159233e+00,-7.283215e+00
-2.443500e-04,-7.152952e+00,-7.283215e+00
-2.443125e-04,-7.159233e+00,-7.278391e+00
-2.442750e-04,-7.152952e+00,-7.278391e+00
-2.442375e-04,-7.152952e+00,-7.278391e+00
-2.442000e-04,-7.152952e+00,-7.278391e+00
-2.441625e-04,-7.152952e+00,-7.278391e+00
-2.441250e-04,-7.152952e+00,-7.278391e+00
-2.440875e-04,-7.152952e+00,-7.278391e+00
-2.440500e-04,-7.152952e+00,-7.273567e+00
-2.440125e-04,-7.152952e+00,-7.273567e+00
-2.439750e-04,-7.152952e+00,-7.278391e+00
-2.439375e-04,-7.152952e+00,-7.278391e+00
-2.439000e-04,-7.152952e+00,-7.273567e+00
-2.438625e-04,-7.146670e+00,-7.273567e+00
-2.438250e-04,-7.146670e+00,-7.273567e+00
-2.437875e-04,-7.152952e+00,-7.273567e+00
-2.437500e-04,-7.146670e+00,-7.273567e+00
-2.437125e-04,-7.146670e+00,-7.273567e+00
-2.436750e-04,-7.146670e+00,-7.268743e+00
-2.436375e-04,-7.146670e+00,-7.268743e+00
-2.436000e-04,-7.146670e+00,-7.268743e+00
-2.435625e-04,-7.146670e+00,-7.273567e+00
-2.435250e-04,-7.146670e+00,-7.268743e+00
-2.434875e-04,-7.146670e+00,-7.268743e+00
-2.434500e-04,-7.146670e+00,-7.268743e+00
-2.434125e-04,-7.146670e+00,-7.268743e+00
-2.433750e-04,-7.146670e+00,-7.268743e+00
-2.433375e-04,-7.146670e+00,-7.268743e+00
-2.433000e-04,-7.140389e+00,-7.268743e+00
-2.432625e-04,-7.140389e+00,-7.268743e+00
-2.432250e-04,-7.140389e+00,-7.268743e+00
-2.431875e-04,-7.140389e+00,-7.263919e+00
-2.431500e-04,-7.140389e+00,-7.263919e+00
-2.431125e-04,-7.140389e+00,-7.268743e+00
-2.430750e-04,-7.140389e+00,-7.263919e+00
-2.430375e-04,-7.134107e+00,-7.263919e+00
-2.430000e-04,-7.134107e+00,-7.263919e+00
-2.429625e-04,-7.134107e+00,-7.263919e+00
-2.429250e-04,-7.134107e+00,-7.263919e+00
-2.428875e-04,-7.134107e+00,-7.263919e+00
-2.428500e-04,-7.134107e+00,-7.263919e+00
-2.428125e-04,-7.127826e+00,-7.263919e+00
-2.427750e-04,-7.127826e+00,-7.259095e+00
-2.427375e-04,-7.127826e+00,-7.259095e+00
-2.427000e-04,-7.127826e+00,-7.259095e+00
-2.426625e-04,-7.127826e+00,-7.259095e+00
-2.426250e-04,-7.121545e+00,-7.259095e+00
-2.425875e-04,-7.121545e+00,-7.259095e+00
-2.425500e-04,-7.121545e+00,-7.259095e+00
-2.425125e-04,-7.121545e+00,-7.259095e+00
-2.424750e-04,-7.121545e+00,-7.259095e+00
-2.424375e-04,-7.121545e+00,-7.259095e+00
-2.424000e-04,-7.115263e+00,-7.259095e+00
-2.423625e-04,-7.115263e+00,-7.259095e+00
-2.423250e-04,-7.115263e+00,-7.254270e+00
-2.422875e-04,-7.108982e+00,-7.254270e+00
-2.422500e-04,-7.108982e+00,-7.254270e+00
-2.422125e-04,-7.108982e+00,-7.254270e+00
-2.421750e-04,-7.108982e+00,-7.254270e+00
-2.421375e-04,-7.108982e+00,-7.254270e+00
-2.421000e-04,-7.102700e+00,-7.249446e+00
-2.420625e-04,-7.102700e+00,-7.254270e+00
-2.420250e-04,-7.102700e+00,-7.254270e+00
-2.419875e-04,-7.102700e+00,-7.254270e+00
-2.419500e-04,-7.096419e+00,-7.249446e+00
-2.419125e-04,-7.096419e+00,-7.249446e+00
-2.418750e-04,-7.096419e+00,-7.249446e+00
-2.418375e-04,-7.090138e+00,-7.249446e+00
-2.418000e-04,-7.090138e+00,-7.249446e+00
-2.417625e-04,-7.090138e+00,-7.249446e+00
-2.417250e-04,-7.090138e+00,-7.249446e+00
-2.416875e-04,-7.090138e+00,-7.244622e+00
-2.416500e-04,-7.083856e+00,-7.244622e+00
-2.416125e-04,-7.083856e+00,-7.244622e+00
-2.415750e-04,-7.083856e+00,-7.244622e+00
-2.415375e-04,-7.083856e+00,-7.244622e+00
-2.415000e-04,-7.077575e+00,-7.244622e+00
-2.414625e-04,-7.077575e+00,-7.244622e+00
-2.414250e-04,-7.077575e+00,-7.244622e+00
-2.413875e-04,-7.077575e+00,-7.244622e+00
-2.413500e-04,-7.077575e+00,-7.239798e+00
-2.413125e-04,-7.071293e+00,-7.239798e+00
-2.412750e-04,-7.071293e+00,-7.239798e+00
-2.412375e-04,-7.071293e+00,-7.239798e+00
-2.412000e-04,-7.071293e+00,-7.239798e+00
-2.411625e-04,-7.071293e+00,-7.239798e+00
-2.411250e-04,-7.071293e+00,-7.239798e+00
-2.410875e-04,-7.071293e+00,-7.239798e+00
-2.410500e-04,-7.071293e+00,-7.234974e+00
-2.410125e-04,-7.065012e+00,-7.234974e+00
-2.409750e-04,-7.065012e+00,-7.234974e+00
-2.409375e-04,-7.065012e+00,-7.234974e+00
-2.409000e-04,-7.065012e+00,-7.234974e+00
-2.408625e-04,-7.065012e+00,-7.230150e+00
-2.408250e-04,-7.065012e+00,-7.230150e+00
-2.407875e-04,-7.058730e+00,-7.230150e+00
-2.407500e-04,-7.058730e+00,-7.230150e+00
-2.407125e-04,-7.058730e+00,-7.230150e+00
-2.406750e-04,-7.058730e+00,-7.230150e+00
-2.406375e-04,-7.058730e+00,-7.230150e+00
-2.406000e-04,-7.058730e+00,-7.230150e+00
-2.405625e-04,-7.058730e+00,-7.230150e+00
-2.405250e-04,-7.058730e+00,-7.230150e+00
-2.404875e-04,-7.058730e+00,-7.225326e+00
-2.404500e-04,-7.058730e+00,-7.225326e+00
-2.404125e-04,-7.052449e+00,-7.225326e+00
-2.403750e-04,-7.052449e+00,-7.225326e+00
-2.403375e-04,-7.052449e+00,-7.225326e+00
-2.403000e-04,-7.052449e+00,-7.220502e+00
-2.402625e-04,-7.052449e+00,-7.220502e+00
-2.402250e-04,-7.052449e+00,-7.220502e+00
-2.401875e-04,-7.052449e+00,-7.220502e+00
-2.401500e-04,-7.052449e+00,-7.215678e+00
-2.401125e-04,-7.052449e+00,-7.220502e+00
-2.400750e-04,-7.052449e+00,-7.220502e+00
-2.400375e-04,-7.052449e+00,-7.220502e+00
-2.400000e-04,-7.052449e+00,-7.215678e+00
-2.399625e-04,-7.046168e+00,-7.215678e+00
-2.399250e-04,-7.046168e+00,-7.215678e+00
-2.398875e-04,-7.046168e+00,-7.215678e+00
-2.398500e-04,-7.046168e+00,-7.215678e+00
-2.398125e-04,-7.046168e+00,-7.210853e+00
-2.397750e-04,-7.046168e+00,-7.210853e+00
-2.397375e-04,-7.046168e+00,-7.215678e+00
-2.397000e-04,-7.046168e+00,-7.215678e+00
-2.396625e-04,-7.046168e+00,-7.210853e+00
-2.396250e-04,-7.046168e+00,-7.210853e+00
-2.395875e-04,-7.046168e+00,-7.210853e+00
-2.395500e-04,-7.039886e+00,-7.210853e+00
-2.395125e-04,-7.039886e+00,-7.210853e+00
-2.394750e-04,-7.039886e+00,-7.210853e+00
-2.394375e-04,-7.039886e+00,-7.210853e+00
-2.394000e-04,-7.039886e+00,-7.206029e+00
-2.393625e-04,-7.039886e+00,-7.206029e+00
-2.393250e-04,-7.033605e+00,-7.206029e+00
-2.392875e-04,-7.039886e+00,-7.206029e+00
-2.392500e-04,-7.033605e+00,-7.206029e+00
-2.392125e-04,-7.033605e+00,-7.206029e+00
-2.391750e-04,-7.033605e+00,-7.206029e+00
-2.391375e-04,-7.033605e+00,-7.206029e+00
-2.391000e-04,-7.033605e+00,-7.201205e+00
-2.390625e-04,-7.033605e+00,-7.206029e+00
-2.390250e-04,-7.027323e+00,-7.201205e+00
-2.389875e-04,-7.027323e+00,-7.201205e+00
-2.389500e-04,-7.027323e+00,-7.201205e+00
-2.389125e-04,-7.027323e+00,-7.201205e+00
-2.388750e-04,-7.021042e+00,-7.201205e+00
-2.388375e-04,-7.021042e+00,-7.201205e+00
-2.388000e-04,-7.021042e+00,-7.201205e+00
-2.387625e-04,-7.021042e+00,-7.201205e+00
-2.387250e-04,-7.021042e+00,-7.201205e+00
-2.386875e-04,-7.014761e+00,-7.196381e+00
-2.386500e-04,-7.014761e+00,-7.196381e+00
-2.386125e-04,-7.014761e+00,-7.196381e+00
-2.385750e-04,-7.014761e+00,-7.196381e+00
-2.385375e-04,-7.008479e+00,-7.196381e+00
-2.385000e-04,-7.008479e+00,-7.196381e+00
-2.384625e-04,-7.008479e+00,-7.196381e+00
-2.384250e-04,-7.008479e+00,-7.196381e+00
-2.383875e-04,-7.008479e+00,-7.196381e+00
-2.383500e-04,-7.002198e+00,-7.196381e+00
-2.383125e-04,-7.002198e+00,-7.196381e+00
-2.382750e-04,-7.002198e+00,-7.196381e+00
-2.382375e-04,-6.995916e+00,-7.196381e+00
-2.382000e-04,-6.995916e+00,-7.196381e+00
-2.381625e-04,-6.995916e+00,-7.191557e+00
-2.381250e-04,-6.995916e+00,-7.191557e+00
-2.380875e-04,-6.989635e+00,-7.191557e+00
-2.380500e-04,-6.989635e+00,-7.191557e+00
-2.380125e-04,-6.989635e+00,-7.191557e+00
-2.379750e-04,-6.989635e+00,-7.191557e+00
-2.379375e-04,-6.983354e+00,-7.191557e+00
-2.379000e-04,-6.983354e+00,-7.191557e+00
-2.378625e-04,-6.983354e+00,-7.191557e+00
-2.378250e-04,-6.983354e+00,-7.191557e+00
-2.377875e-04,-6.983354e+00,-7.191557e+00
-2.377500e-04,-6.977072e+00,-7.186733e+00
-2.377125e-04,-6.977072e+00,-7.186733e+00
-2.376750e-04,-6.977072e+00,-7.186733e+00
-2.376375e-04,-6.977072e+00,-7.186733e+00
-2.376000e-04,-6.970791e+00,-7.186733e+00
-2.375625e-04,-6.970791e+00,-7.186733e+00
-2.375250e-04,-6.970791e+00,-7.186733e+00
-2.374875e-04,-6.970791e+00,-7.186733e+00
-2.374500e-04,-6.970791e+00,-7.186733e+00
-2.374125e-04,-6.970791e+00,-7.186733e+00
-2.373750e-04,-6.970791e+00,-7.186733e+00
-2.373375e-04,-6.964509e+00,-7.186733e+00
-2.373000e-04,-6.964509e+00,-7.186733e+00
-2.372625e-04,-6.964509e+00,-7.181909e+00
-2.372250e-04,-6.964509e+00,-7.181909e+00
-2.371875e-04,-6.964509e+00,-7.181909e+00
-2.371500e-04,-6.958228e+00,-7.181909e+00
-2.371125e-04,-6.964509e+00,-7.181909e+00
-2.370750e-04,-6.958228e+00,-7.181909e+00
-2.370375e-04,-6.958228e+00,-7.181909e+00
-2.370000e-04,-6.958228e+00,-7.181909e+00
-2.369625e-04,-6.958228e+00,-7.181909e+00
-2.369250e-04,-6.958228e+00,-7.181909e+00
-2.368875e-04,-6.958228e+00,-7.177085e+00
-2.368500e-04,-6.958228e+00,-7.181909e+00
-2.368125e-04,-6.958228e+00,-7.177085e+00
-2.367750e-04,-6.958228e+00,-7.177085e+00
-2.367375e-04,-6.951947e+00,-7.177085e+00
-2.367000e-04,-6.951947e+00,-7.177085e+00
-2.366625e-04,-6.951947e+00,-7.177085e+00
-2.366250e-04,-6.951947e+00,-7.177085e+00
-2.365875e-04,-6.951947e+00,-7.177085e+00
-2.365500e-04,-6.951947e+00,-7.177085e+00
-2.365125e-04,-6.951947e+00,-7.177085e+00
-2.364750e-04,-6.951947e+00,-7.172260e+00
-2.364375e-04,-6.951947e+00,-7.172260e+00
-2.364000e-04,-6.951947e+00,-7.172260e+00
-2.363625e-04,-6.951947e+00,-7.172260e+00
-2.363250e-04,-6.951947e+00,-7.172260e+00
-2.362875e-04,-6.945665e+00,-7.172260e+00
-2.362500e-04,-6.951947e+00,-7.172260e+00
-2.362125e-04,-6.945665e+00,-7.172260e+00
-2.361750e-04,-6.945665e+00,-7.172260e+00
-2.361375e-04,-6.945665e+00,-7.172260e+00
-2.361000e-04,-6.945665e+00,-7.167436e+00
-2.360625e-04,-6.945665e+00,-7.167436e+00
-2.360250e-04,-6.945665e+00,-7.167436e+00
-2.359875e-04,-6.945665e+00,-7.167436e+00
-2.359500e-04,-6.945665e+00,-7.167436e+00
-2.359125e-04,-6.945665e+00,-7.162612e+00
-2.358750e-04,-6.945665e+00,-7.167436e+00
-2.358375e-04,-6.945665e+00,-7.162612e+00
-2.358000e-04,-6.939384e+00,-7.162612e+00
-2.357625e-04,-6.939384e+00,-7.162612e+00
-2.357250e-04,-6.939384e+00,-7.162612e+00
-2.356875e-04,-6.939384e+00,-7.162612e+00
-2.356500e-04,-6.939384e+00,-7.162612e+00
-2.356125e-04,-6.939384e+00,-7.162612e+00
-2.355750e-04,-6.939384e+00,-7.157788e+00
-2.355375e-04,-6.939384e+00,-7.157788e+00
-2.355000e-04,-6.939384e+00,-7.157788e+00
-2.354625e-04,-6.939384e+00,-7.157788e+00
-2.354250e-04,-6.933102e+00,-7.157788e+00
-2.353875e-04,-6.933102e+00,-7.157788e+00
-2.353500e-04,-6.933102e+00,-7.157788e+00
-2.353125e-04,-6.933102e+00,-7.157788e+00
-2.352750e-04,-6.933102e+00,-7.152964e+00
-2.352375e-04,-6.933102e+00,-7.152964e+00
-2.352000e-04,-6.926821e+00,-7.152964e+00
-2.351625e-04,-6.926821e+00,-7.152964e+00
-2.351250e-04,-6.926821e+00,-7.152964e+00
-2.350875e-04,-6.926821e+00,-7.152964e+00
-2.350500e-04,-6.926821e+00,-7.148140e+00
-2.350125e-04,-6.920540e+00,-7.148140e+00
-2.349750e-04,-6.920540e+00,-7.148140e+00
-2.349375e-04,-6.920540e+00,-7.148140e+00
-2.349000e-04,-6.920540e+00,-7.148140e+00
-2.348625e-04,-6.920540e+00,-7.148140e+00
-2.348250e-04,-6.914258e+00,-7.148140e+00
-2.347875e-04,-6.914258e+00,-7.148140e+00
-2.347500e-04,-6.914258e+00,-7.143316e+00
-2.347125e-04,-6.914258e+00,-7.143316e+00
-2.346750e-04,-6.907977e+00,-7.143316e+00
-2.346375e-04,-6.907977e+00,-7.143316e+00
-2.346000e-04,-6.907977e+00,-7.143316e+00
-2.345625e-04,-6.907977e+00,-7.143316e+00
-2.345250e-04,-6.901695e+00,-7.138492e+00
-2.344875e-04,-6.901695e+00,-7.138492e+00
-2.344500e-04,-6.901695e+00,-7.138492e+00
-2.344125e-04,-6.901695e+00,-7.138492e+00
-2.343750e-04,-6.901695e+00,-7.138492e+00
-2.343375e-04,-6.895414e+00,-7.138492e+00
-2.343000e-04,-6.895414e+00,-7.138492e+00
-2.342625e-04,-6.895414e+00,-7.138492e+00
-2.342250e-04,-6.895414e+00,-7.138492e+00
-2.341875e-04,-6.889133e+00,-7.133667e+00
-2.341500e-04,-6.889133e+00,-7.133667e+00
-2.341125e-04,-6.889133e+00,-7.133667e+00
-2.340750e-04,-6.889133e+00,-7.133667e+00
-2.340375e-04,-6.882851e+00,-7.133667e+00
-2.340000e-04,-6.882851e+00,-7.133667e+00
-2.339625e-04,-6.882851e+00,-7.133667e+00
-2.339250e-04,-6.882851e+00,-7.133667e+00
-2.338875e-04,-6.876570e+00,-7.128843e+00
-2.338500e-04,-6.876570e+00,-7.128843e+00
-2.338125e-04,-6.876570e+00,-7.128843e+00
-2.337750e-04,-6.876570e+00,-7.128843e+00
-2.337375e-04,-6.876570e+00,-7.128843e+00
-2.337000e-04,-6.876570e+00,-7.128843e+00
-2.336625e-04,-6.870288e+00,-7.128843e+00
-2.336250e-04,-6.870288e+00,-7.128843e+00
-2.335875e-04,-6.870288e+00,-7.128843e+00
-2.335500e-04,-6.870288e+00,-7.124019e+00
-2.335125e-04,-6.870288e+00,-7.124019e+00
-2.334750e-04,-6.864007e+00,-7.124019e+00
-2.334375e-04,-6.864007e+00,-7.124019e+00
-2.334000e-04,-6.864007e+00,-7.124019e+00
-2.333625e-04,-6.864007e+00,-7.124019e+00
-2.333250e-04,-6.864007e+00,-7.124019e+00
-2.332875e-04,-6.864007e+00,-7.124019e+00
-2.332500e-04,-6.864007e+00,-7.124019e+00
-2.332125e-04,-6.864007e+00,-7.124019e+00
-2.331750e-04,-6.857725e+00,-7.124019e+00
-2.331375e-04,-6.857725e+00,-7.124019e+00
-2.331000e-04,-6.857725e+00,-7.119195e+00
-2.330625e-04,-6.857725e+00,-7.119195e+00
-2.330250e-04,-6.857725e+00,-7.119195e+00
-2.329875e-04,-6.857725e+00,-7.119195e+00
-2.329500e-04,-6.857725e+00,-7.119195e+00
-2.329125e-04,-6.857725e+00,-7.119195e+00
-2.328750e-04,-6.857725e+00,-7.119195e+00
-2.328375e-04,-6.851444e+00,-7.119195e+00
-2.328000e-04,-6.851444e+00,-7.119195e+00
-2.327625e-04,-6.851444e+00,-7.119195e+00
-2.327250e-04,-6.851444e+00,-7.119195e+00
-2.326875e-04,-6.851444e+00,-7.114371e+00
-2.326500e-04,-6.851444e+00,-7.119195e+00
-2.326125e-04,-6.851444e+00,-7.114371e+00
-2.325750e-04,-6.851444e+00,-7.114371e+00
-2.325375e-04,-6.851444e+00,-7.114371e+00
-2.325000e-04,-6.851444e+00,-7.114371e+00
-2.324625e-04,-6.851444e+00,-7.114371e+00
-2.324250e-04,-6.851444e+00,-7.114371e+00
-2.323875e-04,-6.851444e+00,-7.114371e+00
-2.323500e-04,-6.851444e+00,-7.114371e+00
-2.323125e-04,-6.851444e+00,-7.114371e+00
-2.322750e-04,-6.851444e+00,-7.114371e+00
-2.322375e-04,-6.845163e+00,-7.114371e+00
-2.322000e-04,-6.845163e+00,-7.114371e+00
-2.321625e-04,-6.845163e+00,-7.109547e+00
-2.321250e-04,-6.845163e+00,-7.109547e+00
-2.320875e-04,-6.845163e+00,-7.109547e+00
-2.320500e-04,-6.845163e+00,-7.114371e+00
-2.320125e-04,-6.845163e+00,-7.109547e+00
-2.319750e-04,-6.845163e+00,-7.109547e+00
-2.319375e-04,-6.845163e+00,-7.109547e+00
-2.319000e-04,-6.845163e+00,-7.109547e+00
-2.318625e-04,-6.845163e+00,-7.109547e+00
-2.318250e-04,-6.845163e+00,-7.109547e+00
-2.317875e-04,-6.845163e+00,-7.109547e+00
-2.317500e-04,-6.838881e+00,-7.109547e+00
-2.317125e-04,-6.838881e+00,-7.109547e+00
-2.316750e-04,-6.838881e+00,-7.109547e+00
-2.316375e-04,-6.838881e+00,-7.109547e+00
-2.316000e-04,-6.838881e+00,-7.109547e+00
-2.315625e-04,-6.838881e+00,-7.104723e+00
-2.315250e-04,-6.838881e+00,-7.104723e+00
-2.314875e-04,-6.838881e+00,-7.104723e+00
-2.314500e-04,-6.838881e+00,-7.104723e+00
-2.314125e-04,-6.832600e+00,-7.104723e+00
-2.313750e-04,-6.832600e+00,-7.104723e+00
-2.313375e-04,-6.832600e+00,-7.104723e+00
-2.313000e-04,-6.832600e+00,-7.104723e+00
-2.312625e-04,-6.832600e+00,-7.104723e+00
-2.312250e-04,-6.826318e+00,-7.099899e+00
-2.311875e-04,-6.826318e+00,-7.099899e+00
-2.311500e-04,-6.826318e+00,-7.099899e+00
-2.311125e-04,-6.826318e+00,-7.099899e+00
-2.310750e-04,-6.826318e+00,-7.099899e+00
-2.310375e-04,-6.826318e+00,-7.099899e+00
-2.310000e-04,-6.826318e+00,-7.099899e+00
-2.309625e-04,-6.820037e+00,-7.099899e+00
-2.309250e-04,-6.820037e+00,-7.099899e+00
-2.308875e-04,-6.820037e+00,-7.095075e+00
-2.308500e-04,-6.813756e+00,-7.099899e+00
-2.308125e-04,-6.813756e+00,-7.095075e+00
-2.307750e-04,-6.813756e+00,-7.095075e+00
-2.307375e-04,-6.813756e+00,-7.099899e+00
-2.307000e-04,-6.813756e+00,-7.095075e+00
-2.306625e-04,-6.807474e+00,-7.095075e+00
-2.306250e-04,-6.807474e+00,-7.095075e+00
-2.305875e-04,-6.807474e+00,-7.090250e+00
-2.305500e-04,-6.807474e+00,-7.090250e+00
-2.305125e-04,-6.801193e+00,-7.095075e+00
-2.304750e-04,-6.801193e+00,-7.090250e+00
-2.304375e-04,-6.801193e+00,-7.090250e+00
-2.304000e-04,-6.801193e+00,-7.090250e+00
-2.303625e-04,-6.801193e+00,-7.090250e+00
-2.303250e-04,-6.794911e+00,-7.090250e+00
-2.302875e-04,-6.794911e+00,-7.090250e+00
-2.302500e-04,-6.794911e+00,-7.085426e+00
-2.302125e-04,-6.788630e+00,-7.085426e+00
-2.301750e-04,-6.788630e+00,-7.085426e+00
-2.301375e-04,-6.788630e+00,-7.085426e+00
-2.301000e-04,-6.788630e+00,-7.085426e+00
-2.300625e-04,-6.788630e+00,-7.085426e+00
-2.300250e-04,-6.782349e+00,-7.085426e+00
-2.299875e-04,-6.782349e+00,-7.085426e+00
-2.299500e-04,-6.782349e+00,-7.080602e+00
-2.299125e-04,-6.782349e+00,-7.085426e+00
-2.298750e-04,-6.782349e+00,-7.080602e+00
-2.298375e-04,-6.782349e+00,-7.085426e+00
-2.298000e-04,-6.782349e+00,-7.080602e+00
-2.297625e-04,-6.776067e+00,-7.080602e+00
-2.297250e-04,-6.776067e+00,-7.080602e+00
-2.296875e-04,-6.776067e+00,-7.080602e+00
-2.296500e-04,-6.769786e+00,-7.080602e+00
-2.296125e-04,-6.769786e+00,-7.075778e+00
-2.295750e-04,-6.769786e+00,-7.075778e+00
-2.295375e-04,-6.769786e+00,-7.075778e+00
-2.295000e-04,-6.769786e+00,-7.075778e+00
-2.294625e-04,-6.769786e+00,-7.070954e+00
-2.294250e-04,-6.769786e+00,-7.075778e+00
-2.293875e-04,-6.763504e+00,-7.075778e+00
-2.293500e-04,-6.763504e+00,-7.070954e+00
-2.293125e-04,-6.763504e+00,-7.070954e+00
-2.292750e-04,-6.763504e+00,-7.070954e+00
-2.292375e-04,-6.763504e+00,-7.070954e+00
-2.292000e-04,-6.763504e+00,-7.070954e+00
-2.291625e-04,-6.763504e+00,-7.070954e+00
-2.291250e-04,-6.763504e+00,-7.066130e+00
-2.290875e-04,-6.757223e+00,-7.066130e+00
-2.290500e-04,-6.757223e+00,-7.066130e+00
-2.290125e-04,-6.757223e+00,-7.066130e+00
-2.289750e-04,-6.757223e+00,-7.066130e+00
-2.289375e-04,-6.757223e+00,-7.066130e+00
-2.289000e-04,-6.757223e+00,-7.066130e+00
-2.288625e-04,-6.757223e+00,-7.066130e+00
-2.288250e-04,-6.757223e+00,-7.061306e+00
-2.287875e-04,-6.757223e+00,-7.061306e+00
-2.287500e-04,-6.757223e+00,-7.061306e+00
-2.287125e-04,-6.750942e+00,-7.061306e+00
-2.286750e-04,-6.750942e+00,-7.061306e+00
-2.286375e-04,-6.750942e+00,-7.061306e+00
-2.286000e-04,-6.750942e+00,-7.061306e+00
-2.285625e-04,-6.750942e+00,-7.056482e+00
-2.285250e-04,-6.750942e+00,-7.056482e+00
-2.284875e-04,-6.750942e+00,-7.056482e+00
-2.284500e-04,-6.750942e+00,-7.056482e+00
-2.284125e-04,-6.750942e+00,-7.056482e+00
-2.283750e-04,-6.750942e+00,-7.056482e+00
-2.283375e-04,-6.750942e+00,-7.056482e+00
-2.283000e-04,-6.750942e+00,-7.056482e+00
-2.282625e-04,-6.750942e+00,-7.051657e+00
-2.282250e-04,-6.750942e+00,-7.051657e+00
-2.281875e-04,-6.744660e+00,-7.056482e+00
-2.281500e-04,-6.744660e+00,-7.056482e+00
-2.281125e-04,-6.744660e+00,-7.051657e+00
-2.280750e-04,-6.744660e+00,-7.051657e+00
-2.280375e-04,-6.744660e+00,-7.051657e+00
-2.280000e-04,-6.744660e+00,-7.051657e+00
-2.279625e-04,-6.744660e+00,-7.051657e+00
-2.279250e-04,-6.744660e+00,-7.051657e+00
-2.278875e-04,-6.744660e+00,-7.051657e+00
-2.278500e-04,-6.744660e+00,-7.046833e+00
-2.278125e-04,-6.744660e+00,-7.051657e+00
-2.277750e-04,-6.744660e+00,-7.046833e+00
-2.277375e-04,-6.738379e+00,-7.046833e+00
-2.277000e-04,-6.738379e+00,-7.046833e+00
-2.276625e-04,-6.738379e+00,-7.046833e+00
-2.276250e-04,-6.738379e+00,-7.046833e+00
-2.275875e-04,-6.738379e+00,-7.046833e+00
-2.275500e-04,-6.738379e+00,-7.046833e+00
-2.275125e-04,-6.738379e+00,-7.046833e+00
-2.274750e-04,-6.738379e+00,-7.046833e+00
-2.274375e-04,-6.732097e+00,-7.042009e+00
-2.274000e-04,-6.732097e+00,-7.046833e+00
-2.273625e-04,-6.732097e+00,-7.042009e+00
-2.273250e-04,-6.732097e+00,-7.042009e+00
-2.272875e-04,-6.732097e+00,-7.042009e+00
-2.272500e-04,-6.725816e+00,-7.042009e+00
-2.272125e-04,-6.725816e+00,-7.042009e+00
-2.271750e-04,-6.725816e+00,-7.042009e+00
-2.271375e-04,-6.725816e+00,-7.042009e+00
-2.271000e-04,-6.725816e+00,-7.042009e+00
-2.270625e-04,-6.719535e+00,-7.042009e+00
-2.270250e-04,-6.719535e+00,-7.042009e+00
-2.269875e-04,-6.719535e+00,-7.042009e+00
-2.269500e-04,-6.719535e+00,-7.042009e+00
-2.269125e-04,-6.713253e+00,-7.042009e+00
-2.268750e-04,-6.713253e+00,-7.042009e+00
-2.268375e-04,-6.713253e+00,-7.037185e+00
-2.268000e-04,-6.713253e+00,-7.037185e+00
-2.267625e-04,-6.713253e+00,-7.037185e+00
-2.267250e-04,-6.706972e+00,-7.037185e+00
-2.266875e-04,-6.706972e+00,-7.037185e+00
-2.266500e-04,-6.706972e+00,-7.037185e+00
-2.266125e-04,-6.706972e+00,-7.037185e+00
-2.265750e-04,-6.706972e+00,-7.037185e+00
-2.265375e-04,-6.700690e+00,-7.037185e+00
-2.265000e-04,-6.700690e+00,-7.037185e+00
-2.264625e-04,-6.694409e+00,-7.037185e+00
-2.264250e-04,-6.694409e+00,-7.037185e+00
-2.263875e-04,-6.694409e+00,-7.037185e+00
-2.263500e-04,-6.694409e+00,-7.037185e+00
-2.263125e-04,-6.694409e+00,-7.037185e+00
-2.262750e-04,-6.694409e+00,-7.037185e+00
-2.262375e-04,-6.688127e+00,-7.037185e+00
-2.262000e-04,-6.688127e+00,-7.037185e+00
-2.261625e-04,-6.688127e+00,-7.032361e+00
-2.261250e-04,-6.681846e+00,-7.032361e+00
-2.260875e-04,-6.681846e+00,-7.032361e+00
-2.260500e-04,-6.681846e+00,-7.032361e+00
-2.260125e-04,-6.681846e+00,-7.032361e+00
-2.259750e-04,-6.675565e+00,-7.032361e+00
-2.259375e-04,-6.675565e+00,-7.032361e+00
-2.259000e-04,-6.675565e+00,-7.032361e+00
-2.258625e-04,-6.675565e+00,-7.032361e+00
-2.258250e-04,-6.675565e+00,-7.032361e+00
-2.257875e-04,-6.675565e+00,-7.032361e+00
-2.257500e-04,-6.669283e+00,-7.032361e+00
-2.257125e-04,-6.669283e+00,-7.032361e+00
-2.256750e-04,-6.669283e+00,-7.032361e+00
-2.256375e-04,-6.669283e+00,-7.027537e+00
-2.256000e-04,-6.669283e+00,-7.027537e+00
-2.255625e-04,-6.663002e+00,-7.027537e+00
-2.255250e-04,-6.663002e+00,-7.027537e+00
-2.254875e-04,-6.663002e+00,-7.027537e+00
-2.254500e-04,-6.663002e+00,-7.027537e+00
-2.254125e-04,-6.663002e+00,-7.027537e+00
-2.253750e-04,-6.663002e+00,-7.027537e+00
-2.253375e-04,-6.663002e+00,-7.027537e+00
-2.253000e-04,-6.663002e+00,-7.027537e+00
-2.252625e-04,-6.656720e+00,-7.027537e+00
-2.252250e-04,-6.656720e+00,-7.027537e+00
-2.251875e-04,-6.656720e+00,-7.022713e+00
-2.251500e-04,-6.656720e+00,-7.027537e+00
-2.251125e-04,-6.656720e+00,-7.022713e+00
-2.250750e-04,-6.656720e+00,-7.022713e+00
-2.250375e-04,-6.656720e+00,-7.022713e+00
-2.250000e-04,-6.656720e+00,-7.022713e+00
-2.249625e-04,-6.656720e+00,-7.022713e+00
-2.249250e-04,-6.650439e+00,-7.022713e+00
-2.248875e-04,-6.650439e+00,-7.022713e+00
-2.248500e-04,-6.650439e+00,-7.017889e+00
-2.248125e-04,-6.650439e+00,-7.017889e+00
-2.247750e-04,-6.650439e+00,-7.017889e+00
-2.247375e-04,-6.650439e+00,-7.022713e+00
-2.247000e-04,-6.650439e+00,-7.017889e+00
-2.246625e-04,-6.650439e+00,-7.017889e+00
-2.246250e-04,-6.650439e+00,-7.017889e+00
-2.245875e-04,-6.650439e+00,-7.017889e+00
-2.245500e-04,-6.650439e+00,-7.017889e+00
-2.245125e-04,-6.650439e+00,-7.017889e+00
-2.244750e-04,-6.650439e+00,-7.017889e+00
-2.244375e-04,-6.650439e+00,-7.017889e+00
-2.244000e-04,-6.650439e+00,-7.013064e+00
-2.243625e-04,-6.644158e+00,-7.013064e+00
-2.243250e-04,-6.650439e+00,-7.013064e+00
-2.242875e-04,-6.644158e+00,-7.013064e+00
-2.242500e-04,-6.644158e+00,-7.013064e+00
-2.242125e-04,-6.644158e+00,-7.013064e+00
-2.241750e-04,-6.644158e+00,-7.013064e+00
-2.241375e-04,-6.644158e+00,-7.013064e+00
-2.241000e-04,-6.644158e+00,-7.013064e+00
-2.240625e-04,-6.644158e+00,-7.008240e+00
-2.240250e-04,-6.644158e+00,-7.008240e+00
-2.239875e-04,-6.644158e+00,-7.008240e+00
-2.239500e-04,-6.644158e+00,-7.008240e+00
-2.239125e-04,-6.644158e+00,-7.003416e+00
-2.238750e-04,-6.637876e+00,-7.008240e+00
-2.238375e-04,-6.637876e+00,-7.003416e+00
-2.238000e-04,-6.637876e+00,-7.003416e+00
-2.237625e-04,-6.637876e+00,-7.003416e+00
-2.237250e-04,-6.637876e+00,-7.003416e+00
-2.236875e-04,-6.637876e+00,-7.003416e+00
-2.236500e-04,-6.631595e+00,-7.003416e+00
-2.236125e-04,-6.637876e+00,-7.003416e+00
-2.235750e-04,-6.631595e+00,-6.998592e+00
-2.235375e-04,-6.631595e+00,-6.998592e+00
-2.235000e-04,-6.631595e+00,-6.998592e+00
-2.234625e-04,-6.625313e+00,-6.998592e+00
-2.234250e-04,-6.625313e+00,-6.998592e+00
-2.233875e-04,-6.631595e+00,-6.998592e+00
-2.233500e-04,-6.625313e+00,-6.998592e+00
-2.233125e-04,-6.625313e+00,-6.998592e+00
-2.232750e-04,-6.625313e+00,-6.998592e+00
-2.232375e-04,-6.625313e+00,-6.993768e+00
-2.232000e-04,-6.619032e+00,-6.993768e+00
-2.231625e-04,-6.619032e+00,-6.993768e+00
-2.231250e-04,-6.619032e+00,-6.993768e+00
-2.230875e-04,-6.619032e+00,-6.988944e+00
-2.230500e-04,-6.619032e+00,-6.993768e+00
-2.230125e-04,-6.612751e+00,-6.993768e+00
-2.229750e-04,-6.612751e+00,-6.988944e+00
-2.229375e-04,-6.612751e+00,-6.988944e+00
-2.229000e-04,-6.612751e+00,-6.988944e+00
-2.228625e-04,-6.606469e+00,-6.988944e+00
-2.228250e-04,-6.606469e+00,-6.984120e+00
-2.227875e-04,-6.606469e+00,-6.984120e+00
-2.227500e-04,-6.606469e+00,-6.988944e+00
-2.227125e-04,-6.600188e+00,-6.984120e+00
-2.226750e-04,-6.600188e+00,-6.984120e+00
-2.226375e-04,-6.600188e+00,-6.984120e+00
-2.226000e-04,-6.600188e+00,-6.984120e+00
-2.225625e-04,-6.593906e+00,-6.984120e+00
-2.225250e-04,-6.593906e+00,-6.979296e+00
-2.224875e-04,-6.593906e+00,-6.984120e+00
-2.224500e-04,-6.593906e+00,-6.979296e+00
-2.224125e-04,-6.587625e+00,-6.979296e+00
-2.223750e-04,-6.587625e+00,-6.979296e+00
-2.223375e-04,-6.587625e+00,-6.979296e+00
-2.223000e-04,-6.587625e+00,-6.979296e+00
-2.222625e-04,-6.587625e+00,-6.979296e+00
-2.222250e-04,-6.581344e+00,-6.979296e+00
-2.221875e-04,-6.581344e+00,-6.974472e+00
-2.221500e-04,-6.581344e+00,-6.974472e+00
-2.221125e-04,-6.575062e+00,-6.974472e+00
-2.220750e-04,-6.575062e+00,-6.974472e+00
-2.220375e-04,-6.575062e+00,-6.974472e+00
-2.220000e-04,-6.575062e+00,-6.974472e+00
-2.219625e-04,-6.575062e+00,-6.974472e+00
-2.219250e-04,-6.575062e+00,-6.974472e+00
-2.218875e-04,-6.568781e+00,-6.974472e+00
-2.218500e-04,-6.568781e+00,-6.974472e+00
-2.218125e-04,-6.568781e+00,-6.974472e+00
-2.217750e-04,-6.568781e+00,-6.974472e+00
-2.217375e-04,-6.568781e+00,-6.969647e+00
-2.217000e-04,-6.568781e+00,-6.969647e+00
-2.216625e-04,-6.562499e+00,-6.969647e+00
-2.216250e-04,-6.562499e+00,-6.969647e+00
-2.215875e-04,-6.562499e+00,-6.969647e+00
-2.215500e-04,-6.562499e+00,-6.969647e+00
-2.215125e-04,-6.562499e+00,-6.969647e+00
-2.214750e-04,-6.562499e+00,-6.969647e+00
-2.214375e-04,-6.562499e+00,-6.964823e+00
-2.214000e-04,-6.556218e+00,-6.964823e+00
-2.213625e-04,-6.556218e+00,-6.964823e+00
-2.213250e-04,-6.556218e+00,-6.964823e+00
-2.212875e-04,-6.556218e+00,-6.964823e+00
-2.212500e-04,-6.556218e+00,-6.964823e+00
-2.212125e-04,-6.556218e+00,-6.964823e+00
-2.211750e-04,-6.556218e+00,-6.964823e+00
-2.211375e-04,-6.556218e+00,-6.964823e+00
-2.211000e-04,-6.556218e+00,-6.964823e+00
-2.210625e-04,-6.549937e+00,-6.959999e+00
-2.210250e-04,-6.549937e+00,-6.964823e+00
-2.209875e-04,-6.549937e+00,-6.959999e+00
-2.209500e-04,-6.549937e+00,-6.959999e+00
-2.209125e-04,-6.549937e+00,-6.959999e+00
-2.208750e-04,-6.549937e+00,-6.959999e+00
-2.208375e-04,-6.549937e+00,-6.959999e+00
-2.208000e-04,-6.549937e+00,-6.959999e+00
-2.207625e-04,-6.549937e+00,-6.959999e+00
-2.207250e-04,-6.549937e+00,-6.959999e+00
-2.206875e-04,-6.549937e+00,-6.959999e+00
-2.206500e-04,-6.549937e+00,-6.959999e+00
-2.206125e-04,-6.549937e+00,-6.959999e+00
-2.205750e-04,-6.549937e+00,-6.959999e+00
-2.205375e-04,-6.549937e+00,-6.955175e+00
-2.205000e-04,-6.549937e+00,-6.955175e+00
-2.204625e-04,-6.549937e+00,-6.955175e+00
-2.204250e-04,-6.549937e+00,-6.955175e+00
-2.203875e-04,-6.549937e+00,-6.955175e+00
-2.203500e-04,-6.543655e+00,-6.955175e+00
-2.203125e-04,-6.543655e+00,-6.955175e+00
-2.202750e-04,-6.543655e+00,-6.955175e+00
-2.202375e-04,-6.543655e+00,-6.955175e+00
-2.202000e-04,-6.543655e+00,-6.955175e+00
-2.201625e-04,-6.543655e+00,-6.955175e+00
-2.201250e-04,-6.543655e+00,-6.955175e+00
-2.200875e-04,-6.543655e+00,-6.955175e+00
-2.200500e-04,-6.543655e+00,-6.950351e+00
-2.200125e-04,-6.543655e+00,-6.950351e+00
-2.199750e-04,-6.543655e+00,-6.950351e+00
-2.199375e-04,-6.543655e+00,-6.950351e+00
-2.199000e-04,-6.543655e+00,-6.950351e+00
-2.198625e-04,-6.543655e+00,-6.950351e+00
-2.198250e-04,-6.537374e+00,-6.950351e+00
-2.197875e-04,-6.537374e+00,-6.950351e+00
-2.197500e-04,-6.537374e+00,-6.950351e+00
-2.197125e-04,-6.537374e+00,-6.950351e+00
-2.196750e-04,-6.537374e+00,-6.950351e+00
-2.196375e-04,-6.537374e+00,-6.945527e+00
-2.196000e-04,-6.537374e+00,-6.945527e+00
-2.195625e-04,-6.537374e+00,-6.945527e+00
-2.195250e-04,-6.531092e+00,-6.945527e+00
-2.194875e-04,-6.531092e+00,-6.945527e+00
-2.194500e-04,-6.531092e+00,-6.945527e+00
-2.194125e-04,-6.531092e+00,-6.945527e+00
-2.193750e-04,-6.531092e+00,-6.945527e+00
-2.193375e-04,-6.524811e+00,-6.945527e+00
-2.193000e-04,-6.524811e+00,-6.940703e+00
-2.192625e-04,-6.524811e+00,-6.940703e+00
-2.192250e-04,-6.524811e+00,-6.940703e+00
-2.191875e-04,-6.524811e+00,-6.940703e+00
-2.191500e-04,-6.524811e+00,-6.940703e+00
-2.191125e-04,-6.518530e+00,-6.940703e+00
-2.190750e-04,-6.518530e+00,-6.940703e+00
-2.190375e-04,-6.518530e+00,-6.940703e+00
-2.190000e-04,-6.518530e+00,-6.940703e+00
-2.189625e-04,-6.512248e+00,-6.935879e+00
-2.189250e-04,-6.512248e+00,-6.935879e+00
-2.188875e-04,-6.512248e+00,-6.935879e+00
-2.188500e-04,-6.512248e+00,-6.935879e+00
-2.188125e-04,-6.512248e+00,-6.935879e+00
-2.187750e-04,-6.505967e+00,-6.935879e+00
-2.187375e-04,-6.505967e+00,-6.935879e+00
-2.187000e-04,-6.505967e+00,-6.931054e+00
-2.186625e-04,-6.505967e+00,-6.931054e+00
-2.186250e-04,-6.499685e+00,-6.931054e+00
-2.185875e-04,-6.499685e+00,-6.931054e+00
-2.185500e-04,-6.499685e+00,-6.931054e+00
-2.185125e-04,-6.499685e+00,-6.931054e+00
-2.184750e-04,-6.493404e+00,-6.931054e+00
-2.184375e-04,-6.493404e+00,-6.931054e+00
-2.184000e-04,-6.493404e+00,-6.931054e+00
-2.183625e-04,-6.487122e+00,-6.931054e+00
-2.183250e-04,-6.487122e+00,-6.926230e+00
-2.182875e-04,-6.487122e+00,-6.926230e+00
-2.182500e-04,-6.487122e+00,-6.926230e+00
-2.182125e-04,-6.487122e+00,-6.926230e+00
-2.181750e-04,-6.480841e+00,-6.921406e+00
-2.181375e-04,-6.480841e+00,-6.921406e+00
-2.181000e-04,-6.480841e+00,-6.921406e+00
-2.180625e-04,-6.480841e+00,-6.921406e+00
-2.180250e-04,-6.474560e+00,-6.921406e+00
-2.179875e-04,-6.474560e+00,-6.921406e+00
-2.179500e-04,-6.474560e+00,-6.921406e+00
-2.179125e-04,-6.474560e+00,-6.921406e+00
-2.178750e-04,-6.468278e+00,-6.921406e+00
-2.178375e-04,-6.468278e+00,-6.916582e+00
-2.178000e-04,-6.468278e+00,-6.916582e+00
-2.177625e-04,-6.468278e+00,-6.916582e+00
-2.177250e-04,-6.468278e+00,-6.916582e+00
-2.176875e-04,-6.461997e+00,-6.916582e+00
-2.176500e-04,-6.461997e+00,-6.916582e+00
-2.176125e-04,-6.461997e+00,-6.916582e+00
-2.175750e-04,-6.461997e+00,-6.911758e+00
-2.175375e-04,-6.461997e+00,-6.911758e+00
-2.175000e-04,-6.461997e+00,-6.911758e+00
-2.174625e-04,-6.461997e+00,-6.911758e+00
-2.174250e-04,-6.461997e+00,-6.911758e+00
-2.173875e-04,-6.455715e+00,-6.911758e+00
-2.173500e-04,-6.455715e+00,-6.911758e+00
-2.173125e-04,-6.455715e+00,-6.906934e+00
-2.172750e-04,-6.455715e+00,-6.906934e+00
-2.172375e-04,-6.455715e+00,-6.906934e+00
-2.172000e-04,-6.455715e+00,-6.906934e+00
-2.171625e-04,-6.455715e+00,-6.906934e+00
-2.171250e-04,-6.455715e+00,-6.906934e+00
-2.170875e-04,-6.455715e+00,-6.906934e+00
-2.170500e-04,-6.455715e+00,-6.906934e+00
-2.170125e-04,-6.449434e+00,-6.902110e+00
-2.169750e-04,-6.455715e+00,-6.902110e+00
-2.169375e-04,-6.449434e+00,-6.902110e+00
-2.169000e-04,-6.449434e+00,-6.902110e+00
-2.168625e-04,-6.449434e+00,-6.902110e+00
-2.168250e-04,-6.449434e+00,-6.902110e+00
-2.167875e-04,-6.449434e+00,-6.902110e+00
-2.167500e-04,-6.449434e+00,-6.902110e+00
-2.167125e-04,-6.449434e+00,-6.902110e+00
-2.166750e-04,-6.449434e+00,-6.897286e+00
-2.166375e-04,-6.449434e+00,-6.897286e+00
-2.166000e-04,-6.449434e+00,-6.897286e+00
-2.165625e-04,-6.449434e+00,-6.897286e+00
-2.165250e-04,-6.449434e+00,-6.897286e+00
-2.164875e-04,-6.449434e+00,-6.897286e+00
-2.164500e-04,-6.449434e+00,-6.897286e+00
-2.164125e-04,-6.449434e+00,-6.897286e+00
-2.163750e-04,-6.449434e+00,-6.897286e+00
-2.163375e-04,-6.449434e+00,-6.897286e+00
-2.163000e-04,-6.449434e+00,-6.897286e+00
-2.162625e-04,-6.443153e+00,-6.892461e+00
-2.162250e-04,-6.443153e+00,-6.892461e+00
-2.161875e-04,-6.443153e+00,-6.892461e+00
-2.161500e-04,-6.443153e+00,-6.892461e+00
-2.161125e-04,-6.443153e+00,-6.892461e+00
-2.160750e-04,-6.443153e+00,-6.892461e+00
-2.160375e-04,-6.443153e+00,-6.892461e+00
-2.160000e-04,-6.443153e+00,-6.892461e+00
-2.159625e-04,-6.443153e+00,-6.887637e+00
-2.159250e-04,-6.443153e+00,-6.887637e+00
-2.158875e-04,-6.443153e+00,-6.887637e+00
-2.158500e-04,-6.443153e+00,-6.887637e+00
-2.158125e-04,-6.443153e+00,-6.892461e+00
-2.157750e-04,-6.443153e+00,-6.887637e+00
-2.157375e-04,-6.443153e+00,-6.887637e+00
-2.157000e-04,-6.443153e+00,-6.887637e+00
-2.156625e-04,-6.443153e+00,-6.887637e+00
-2.156250e-04,-6.436871e+00,-6.887637e+00
-2.155875e-04,-6.436871e+00,-6.887637e+00
-2.155500e-04,-6.436871e+00,-6.887637e+00
-2.155125e-04,-6.436871e+00,-6.887637e+00
-2.154750e-04,-6.436871e+00,-6.882813e+00
-2.154375e-04,-6.436871e+00,-6.882813e+00
-2.154000e-04,-6.436871e+00,-6.882813e+00
-2.153625e-04,-6.430590e+00,-6.882813e+00
-2.153250e-04,-6.436871e+00,-6.882813e+00
-2.152875e-04,-6.436871e+00,-6.882813e+00
-2.152500e-04,-6.430590e+00,-6.882813e+00
-2.152125e-04,-6.430590e+00,-6.882813e+00
-2.151750e-04,-6.430590e+00,-6.882813e+00
-2.151375e-04,-6.430590e+00,-6.882813e+00
-2.151000e-04,-6.424308e+00,-6.882813e+00
-2.150625e-04,-6.424308e+00,-6.882813e+00
-2.150250e-04,-6.424308e+00,-6.882813e+00
-2.149875e-04,-6.424308e+00,-6.882813e+00
-2.149500e-04,-6.418027e+00,-6.877989e+00
-2.149125e-04,-6.418027e+00,-6.877989e+00
-2.148750e-04,-6.418027e+00,-6.877989e+00
-2.148375e-04,-6.418027e+00,-6.877989e+00
-2.148000e-04,-6.418027e+00,-6.877989e+00
-2.147625e-04,-6.418027e+00,-6.877989e+00
-2.147250e-04,-6.411746e+00,-6.877989e+00
-2.146875e-04,-6.411746e+00,-6.877989e+00
-2.146500e-04,-6.411746e+00,-6.877989e+00
-2.146125e-04,-6.405464e+00,-6.877989e+00
-2.145750e-04,-6.405464e+00,-6.873165e+00
-2.145375e-04,-6.405464e+00,-6.873165e+00
-2.145000e-04,-6.405464e+00,-6.877989e+00
-2.144625e-04,-6.399183e+00,-6.873165e+00
-2.144250e-04,-6.399183e+00,-6.873165e+00
-2.143875e-04,-6.399183e+00,-6.873165e+00
-2.143500e-04,-6.399183e+00,-6.873165e+00
-2.143125e-04,-6.392901e+00,-6.873165e+00
-2.142750e-04,-6.399183e+00,-6.873165e+00
-2.142375e-04,-6.392901e+00,-6.873165e+00
-2.142000e-04,-6.392901e+00,-6.873165e+00
-2.141625e-04,-6.392901e+00,-6.868341e+00
-2.141250e-04,-6.386620e+00,-6.873165e+00
-2.140875e-04,-6.386620e+00,-6.873165e+00
-2.140500e-04,-6.386620e+00,-6.868341e+00
-2.140125e-04,-6.386620e+00,-6.868341e+00
-2.139750e-04,-6.380339e+00,-6.868341e+00
-2.139375e-04,-6.380339e+00,-6.868341e+00
-2.139000e-04,-6.380339e+00,-6.868341e+00
-2.138625e-04,-6.380339e+00,-6.868341e+00
-2.138250e-04,-6.380339e+00,-6.868341e+00
-2.137875e-04,-6.380339e+00,-6.868341e+00
-2.137500e-04,-6.374057e+00,-6.868341e+00
-2.137125e-04,-6.374057e+00,-6.868341e+00
-2.136750e-04,-6.374057e+00,-6.863517e+00
-2.136375e-04,-6.367776e+00,-6.863517e+00
-2.136000e-04,-6.367776e+00,-6.863517e+00
-2.135625e-04,-6.367776e+00,-6.863517e+00
-2.135250e-04,-6.367776e+00,-6.863517e+00
-2.134875e-04,-6.367776e+00,-6.863517e+00
-2.134500e-04,-6.367776e+00,-6.863517e+00
-2.134125e-04,-6.361494e+00,-6.863517e+00
-2.133750e-04,-6.361494e+00,-6.863517e+00
-2.133375e-04,-6.361494e+00,-6.858693e+00
-2.133000e-04,-6.361494e+00,-6.858693e+00
-2.132625e-04,-6.361494e+00,-6.858693e+00
-2.132250e-04,-6.361494e+00,-6.858693e+00
-2.131875e-04,-6.355213e+00,-6.858693e+00
-2.131500e-04,-6.355213e+00,-6.853869e+00
-2.131125e-04,-6.355213e+00,-6.853869e+00
-2.130750e-04,-6.355213e+00,-6.853869e+00
-2.130375e-04,-6.355213e+00,-6.853869e+00
-2.130000e-04,-6.355213e+00,-6.853869e+00
-2.129625e-04,-6.355213e+00,-6.853869e+00
-2.129250e-04,-6.355213e+00,-6.853869e+00
-2.128875e-04,-6.355213e+00,-6.853869e+00
-2.128500e-04,-6.355213e+00,-6.849044e+00
-2.128125e-04,-6.348932e+00,-6.849044e+00
-2.127750e-04,-6.348932e+00,-6.849044e+00
-2.127375e-04,-6.348932e+00,-6.849044e+00
-2.127000e-04,-6.348932e+00,-6.849044e+00
-2.126625e-04,-6.348932e+00,-6.849044e+00
-2.126250e-04,-6.348932e+00,-6.844220e+00
-2.125875e-04,-6.348932e+00,-6.844220e+00
-2.125500e-04,-6.348932e+00,-6.844220e+00
-2.125125e-04,-6.348932e+00,-6.844220e+00
-2.124750e-04,-6.348932e+00,-6.844220e+00
-2.124375e-04,-6.348932e+00,-6.839396e+00
-2.124000e-04,-6.348932e+00,-6.844220e+00
-2.123625e-04,-6.342650e+00,-6.844220e+00
-2.123250e-04,-6.342650e+00,-6.844220e+00
-2.122875e-04,-6.342650e+00,-6.839396e+00
-2.122500e-04,-6.342650e+00,-6.839396e+00
-2.122125e-04,-6.342650e+00,-6.839396e+00
-2.121750e-04,-6.342650e+00,-6.839396e+00
-2.121375e-04,-6.342650e+00,-6.839396e+00
-2.121000e-04,-6.342650e+00,-6.839396e+00
-2.120625e-04,-6.342650e+00,-6.834572e+00
-2.120250e-04,-6.342650e+00,-6.834572e+00
-2.119875e-04,-6.336369e+00,-6.834572e+00
-2.119500e-04,-6.336369e+00,-6.834572e+00
-2.119125e-04,-6.336369e+00,-6.834572e+00
-2.118750e-04,-6.336369e+00,-6.834572e+00
-2.118375e-04,-6.336369e+00,-6.834572e+00
-2.118000e-04,-6.336369e+00,-6.834572e+00
-2.117625e-04,-6.336369e+00,-6.829748e+00
-2.117250e-04,-6.336369e+00,-6.829748e+00
-2.116875e-04,-6.330087e+00,-6.829748e+00
-2.116500e-04,-6.330087e+00,-6.829748e+00
-2.116125e-04,-6.330087e+00,-6.829748e+00
-2.115750e-04,-6.330087e+00,-6.829748e+00
-2.115375e-04,-6.323806e+00,-6.829748e+00
-2.115000e-04,-6.330087e+00,-6.829748e+00
-2.114625e-04,-6.323806e+00,-6.824924e+00
-2.114250e-04,-6.323806e+00,-6.829748e+00
-2.113875e-04,-6.323806e+00,-6.824924e+00
-2.113500e-04,-6.323806e+00,-6.824924e+00
-2.113125e-04,-6.323806e+00,-6.824924e+00
-2.112750e-04,-6.317525e+00,-6.824924e+00
-2.112375e-04,-6.317525e+00,-6.824924e+00
-2.112000e-04,-6.317525e+00,-6.824924e+00
-2.111625e-04,-6.317525e+00,-6.820100e+00
-2.111250e-04,-6.317525e+00,-6.820100e+00
-2.110875e-04,-6.311243e+00,-6.820100e+00
-2.110500e-04,-6.311243e+00,-6.820100e+00
-2.110125e-04,-6.311243e+00,-6.820100e+00
-2.109750e-04,-6.311243e+00,-6.820100e+00
-2.109375e-04,-6.304962e+00,-6.820100e+00
-2.109000e-04,-6.304962e+00,-6.820100e+00
-2.108625e-04,-6.304962e+00,-6.815276e+00
-2.108250e-04,-6.304962e+00,-6.815276e+00
-2.107875e-04,-6.298680e+00,-6.815276e+00
-2.107500e-04,-6.298680e+00,-6.815276e+00
-2.107125e-04,-6.298680e+00,-6.815276e+00
-2.106750e-04,-6.292399e+00,-6.815276e+00
-2.106375e-04,-6.292399e+00,-6.815276e+00
-2.106000e-04,-6.292399e+00,-6.810451e+00
-2.105625e-04,-6.292399e+00,-6.815276e+00
-2.105250e-04,-6.286117e+00,-6.815276e+00
-2.104875e-04,-6.286117e+00,-6.810451e+00
-2.104500e-04,-6.286117e+00,-6.810451e+00
-2.104125e-04,-6.286117e+00,-6.810451e+00
-2.103750e-04,-6.279836e+00,-6.810451e+00
-2.103375e-04,-6.279836e+00,-6.810451e+00
-2.103000e-04,-6.279836e+00,-6.810451e+00
-2.102625e-04,-6.279836e+00,-6.810451e+00
-2.102250e-04,-6.279836e+00,-6.810451e+00
-2.101875e-04,-6.273555e+00,-6.810451e+00
-2.101500e-04,-6.273555e+00,-6.805627e+00
-2.101125e-04,-6.273555e+00,-6.810451e+00
-2.100750e-04,-6.273555e+00,-6.810451e+00
-2.100375e-04,-6.273555e+00,-6.805627e+00
-2.100000e-04,-6.267273e+00,-6.805627e+00
-2.099625e-04,-6.267273e+00,-6.805627e+00
-2.099250e-04,-6.267273e+00,-6.805627e+00
-2.098875e-04,-6.267273e+00,-6.805627e+00
-2.098500e-04,-6.267273e+00,-6.805627e+00
-2.098125e-04,-6.267273e+00,-6.805627e+00
-2.097750e-04,-6.260992e+00,-6.805627e+00
-2.097375e-04,-6.260992e+00,-6.805627e+00
-2.097000e-04,-6.260992e+00,-6.805627e+00
-2.096625e-04,-6.260992e+00,-6.800803e+00
-2.096250e-04,-6.260992e+00,-6.800803e+00
-2.095875e-04,-6.260992e+00,-6.800803e+00
-2.095500e-04,-6.260992e+00,-6.800803e+00
-2.095125e-04,-6.254710e+00,-6.800803e+00
-2.094750e-04,-6.254710e+00,-6.800803e+00
-2.094375e-04,-6.254710e+00,-6.800803e+00
-2.094000e-04,-6.254710e+00,-6.800803e+00
-2.093625e-04,-6.254710e+00,-6.800803e+00
-2.093250e-04,-6.254710e+00,-6.800803e+00
-2.092875e-04,-6.254710e+00,-6.800803e+00
-2.092500e-04,-6.254710e+00,-6.800803e+00
-2.092125e-04,-6.254710e+00,-6.795979e+00
-2.091750e-04,-6.248429e+00,-6.795979e+00
-2.091375e-04,-6.248429e+00,-6.795979e+00
-2.091000e-04,-6.248429e+00,-6.795979e+00
-2.090625e-04,-6.248429e+00,-6.795979e+00
-2.090250e-04,-6.248429e+00,-6.795979e+00
-2.089875e-04,-6.248429e+00,-6.795979e+00
-2.089500e-04,-6.248429e+00,-6.795979e+00
-2.089125e-04,-6.248429e+00,-6.795979e+00
-2.088750e-04,-6.248429e+00,-6.791155e+00
-2.088375e-04,-6.248429e+00,-6.791155e+00
-2.088000e-04,-6.248429e+00,-6.791155e+00
-2.087625e-04,-6.248429e+00,-6.795979e+00
-2.087250e-04,-6.248429e+00,-6.791155e+00
-2.086875e-04,-6.248429e+00,-6.791155e+00
-2.086500e-04,-6.248429e+00,-6.791155e+00
-2.086125e-04,-6.248429e+00,-6.791155e+00
-2.085750e-04,-6.248429e+00,-6.791155e+00
-2.085375e-04,-6.248429e+00,-6.791155e+00
-2.085000e-04,-6.248429e+00,-6.791155e+00
-2.084625e-04,-6.242148e+00,-6.791155e+00
-2.084250e-04,-6.242148e+00,-6.786331e+00
-2.083875e-04,-6.242148e+00,-6.786331e+00
-2.083500e-04,-6.242148e+00,-6.786331e+00
-2.083125e-04,-6.242148e+00,-6.786331e+00
-2.082750e-04,-6.242148e+00,-6.781507e+00
-2.082375e-04,-6.242148e+00,-6.786331e+00
-2.082000e-04,-6.242148e+00,-6.786331e+00
-2.081625e-04,-6.242148e+00,-6.786331e+00
-2.081250e-04,-6.242148e+00,-6.781507e+00
-2.080875e-04,-6.242148e+00,-6.781507e+00
-2.080500e-04,-6.242148e+00,-6.781507e+00
-2.080125e-04,-6.242148e+00,-6.781507e+00
-2.079750e-04,-6.242148e+00,-6.781507e+00
-2.079375e-04,-6.235866e+00,-6.781507e+00
-2.079000e-04,-6.235866e+00,-6.776683e+00
-2.078625e-04,-6.235866e+00,-6.776683e+00
-2.078250e-04,-6.235866e+00,-6.776683e+00
-2.077875e-04,-6.235866e+00,-6.776683e+00
-2.077500e-04,-6.235866e+00,-6.776683e+00
-2.077125e-04,-6.235866e+00,-6.776683e+00
-2.076750e-04,-6.235866e+00,-6.776683e+00
-2.076375e-04,-6.235866e+00,-6.776683e+00
-2.076000e-04,-6.229585e+00,-6.776683e+00
-2.075625e-04,-6.229585e+00,-6.771858e+00
-2.075250e-04,-6.229585e+00,-6.771858e+00
-2.074875e-04,-6.229585e+00,-6.771858e+00
-2.074500e-04,-6.229585e+00,-6.771858e+00
-2.074125e-04,-6.223303e+00,-6.771858e+00
-2.073750e-04,-6.223303e+00,-6.771858e+00
-2.073375e-04,-6.223303e+00,-6.771858e+00
-2.073000e-04,-6.223303e+00,-6.767034e+00
-2.072625e-04,-6.223303e+00,-6.767034e+00
-2.072250e-04,-6.223303e+00,-6.767034e+00
-2.071875e-04,-6.217022e+00,-6.767034e+00
-2.071500e-04,-6.217022e+00,-6.767034e+00
-2.071125e-04,-6.217022e+00,-6.767034e+00
-2.070750e-04,-6.217022e+00,-6.767034e+00
-2.070375e-04,-6.210741e+00,-6.767034e+00
-2.070000e-04,-6.210741e+00,-6.767034e+00
-2.069625e-04,-6.210741e+00,-6.762210e+00
-2.069250e-04,-6.210741e+00,-6.762210e+00
-2.068875e-04,-6.204459e+00,-6.762210e+00
-2.068500e-04,-6.204459e+00,-6.762210e+00
-2.068125e-04,-6.204459e+00,-6.762210e+00
-2.067750e-04,-6.204459e+00,-6.762210e+00
-2.067375e-04,-6.198178e+00,-6.762210e+00
-2.067000e-04,-6.198178e+00,-6.757386e+00
-2.066625e-04,-6.198178e+00,-6.757386e+00
-2.066250e-04,-6.191896e+00,-6.757386e+00
-2.065875e-04,-6.191896e+00,-6.757386e+00
-2.065500e-04,-6.191896e+00,-6.752562e+00
-2.065125e-04,-6.191896e+00,-6.757386e+00
-2.064750e-04,-6.185615e+00,-6.757386e+00
-2.064375e-04,-6.185615e+00,-6.752562e+00
-2.064000e-04,-6.185615e+00,-6.752562e+00
-2.063625e-04,-6.185615e+00,-6.752562e+00
-2.063250e-04,-6.185615e+00,-6.752562e+00
-2.062875e-04,-6.179334e+00,-6.752562e+00
-2.062500e-04,-6.179334e+00,-6.752562e+00
-2.062125e-04,-6.179334e+00,-6.752562e+00
-2.061750e-04,-6.179334e+00,-6.747738e+00
-2.061375e-04,-6.173052e+00,-6.747738e+00
-2.061000e-04,-6.173052e+00,-6.747738e+00
-2.060625e-04,-6.173052e+00,-6.747738e+00
-2.060250e-04,-6.173052e+00,-6.747738e+00
-2.059875e-04,-6.173052e+00,-6.747738e+00
-2.059500e-04,-6.166771e+00,-6.742914e+00
-2.059125e-04,-6.166771e+00,-6.747738e+00
-2.058750e-04,-6.166771e+00,-6.742914e+00
-2.058375e-04,-6.166771e+00,-6.742914e+00
-2.058000e-04,-6.166771e+00,-6.742914e+00
-2.057625e-04,-6.160489e+00,-6.742914e+00
-2.057250e-04,-6.160489e+00,-6.742914e+00
-2.056875e-04,-6.160489e+00,-6.742914e+00
-2.056500e-04,-6.160489e+00,-6.742914e+00
-2.056125e-04,-6.160489e+00,-6.742914e+00
-2.055750e-04,-6.160489e+00,-6.742914e+00
-2.055375e-04,-6.160489e+00,-6.738090e+00
-2.055000e-04,-6.160489e+00,-6.738090e+00
-2.054625e-04,-6.154208e+00,-6.738090e+00
-2.054250e-04,-6.154208e+00,-6.738090e+00
-2.053875e-04,-6.154208e+00,-6.738090e+00
-2.053500e-04,-6.154208e+00,-6.738090e+00
-2.053125e-04,-6.154208e+00,-6.738090e+00
-2.052750e-04,-6.154208e+00,-6.738090e+00
-2.052375e-04,-6.154208e+00,-6.738090e+00
-2.052000e-04,-6.154208e+00,-6.738090e+00
-2.051625e-04,-6.154208e+00,-6.738090e+00
-2.051250e-04,-6.147927e+00,-6.738090e+00
-2.050875e-04,-6.147927e+00,-6.733266e+00
-2.050500e-04,-6.147927e+00,-6.733266e+00
-2.050125e-04,-6.147927e+00,-6.733266e+00
-2.049750e-04,-6.147927e+00,-6.733266e+00
-2.049375e-04,-6.147927e+00,-6.733266e+00
-2.049000e-04,-6.147927e+00,-6.733266e+00
-2.048625e-04,-6.147927e+00,-6.733266e+00
-2.048250e-04,-6.147927e+00,-6.733266e+00
-2.047875e-04,-6.147927e+00,-6.733266e+00
-2.047500e-04,-6.147927e+00,-6.728441e+00
-2.047125e-04,-6.147927e+00,-6.728441e+00
-2.046750e-04,-6.147927e+00,-6.728441e+00
-2.046375e-04,-6.147927e+00,-6.728441e+00
-2.046000e-04,-6.147927e+00,-6.728441e+00
-2.045625e-04,-6.141645e+00,-6.728441e+00
-2.045250e-04,-6.141645e+00,-6.728441e+00
-2.044875e-04,-6.141645e+00,-6.728441e+00
-2.044500e-04,-6.141645e+00,-6.728441e+00
-2.044125e-04,-6.141645e+00,-6.728441e+00
-2.043750e-04,-6.141645e+00,-6.728441e+00
-2.043375e-04,-6.141645e+00,-6.728441e+00
-2.043000e-04,-6.141645e+00,-6.723617e+00
-2.042625e-04,-6.141645e+00,-6.728441e+00
-2.042250e-04,-6.141645e+00,-6.723617e+00
-2.041875e-04,-6.141645e+00,-6.723617e+00
-2.041500e-04,-6.135364e+00,-6.723617e+00
-2.041125e-04,-6.135364e+00,-6.723617e+00
-2.040750e-04,-6.141645e+00,-6.723617e+00
-2.040375e-04,-6.135364e+00,-6.723617e+00
-2.040000e-04,-6.135364e+00,-6.723617e+00
-2.039625e-04,-6.135364e+00,-6.723617e+00
-2.039250e-04,-6.135364e+00,-6.723617e+00
-2.038875e-04,-6.135364e+00,-6.723617e+00
-2.038500e-04,-6.135364e+00,-6.723617e+00
-2.038125e-04,-6.135364e+00,-6.723617e+00
-2.037750e-04,-6.129082e+00,-6.723617e+00
-2.037375e-04,-6.129082e+00,-6.723617e+00
-2.037000e-04,-6.129082e+00,-6.718793e+00
-2.036625e-04,-6.129082e+00,-6.718793e+00
-2.036250e-04,-6.129082e+00,-6.723617e+00
-2.035875e-04,-6.129082e+00,-6.718793e+00
-2.035500e-04,-6.122801e+00,-6.718793e+00
-2.035125e-04,-6.122801e+00,-6.718793e+00
-2.034750e-04,-6.122801e+00,-6.718793e+00
-2.034375e-04,-6.122801e+00,-6.718793e+00
-2.034000e-04,-6.116520e+00,-6.718793e+00
-2.033625e-04,-6.116520e+00,-6.718793e+00
-2.033250e-04,-6.116520e+00,-6.718793e+00
-2.032875e-04,-6.116520e+00,-6.718793e+00
-2.032500e-04,-6.116520e+00,-6.718793e+00
-2.032125e-04,-6.116520e+00,-6.713969e+00
-2.031750e-04,-6.116520e+00,-6.713969e+00
-2.031375e-04,-6.110238e+00,-6.713969e+00
-2.031000e-04,-6.110238e+00,-6.713969e+00
-2.030625e-04,-6.110238e+00,-6.713969e+00
-2.030250e-04,-6.110238e+00,-6.713969e+00
-2.029875e-04,-6.103957e+00,-6.713969e+00
-2.029500e-04,-6.103957e+00,-6.709145e+00
-2.029125e-04,-6.103957e+00,-6.709145e+00
-2.028750e-04,-6.097675e+00,-6.713969e+00
-2.028375e-04,-6.097675e+00,-6.709145e+00
-2.028000e-04,-6.097675e+00,-6.709145e+00
-2.027625e-04,-6.097675e+00,-6.709145e+00
-2.027250e-04,-6.091394e+00,-6.709145e+00
-2.026875e-04,-6.091394e+00,-6.709145e+00
-2.026500e-04,-6.091394e+00,-6.709145e+00
-2.026125e-04,-6.091394e+00,-6.704321e+00
-2.025750e-04,-6.091394e+00,-6.704321e+00
-2.025375e-04,-6.085112e+00,-6.704321e+00
-2.025000e-04,-6.085112e+00,-6.704321e+00
-2.024625e-04,-6.085112e+00,-6.704321e+00
-2.024250e-04,-6.078831e+00,-6.704321e+00
-2.023875e-04,-6.078831e+00,-6.704321e+00
-2.023500e-04,-6.078831e+00,-6.704321e+00
-2.023125e-04,-6.078831e+00,-6.699497e+00
-2.022750e-04,-6.072550e+00,-6.704321e+00
-2.022375e-04,-6.072550e+00,-6.699497e+00
-2.022000e-04,-6.072550e+00,-6.699497e+00
-2.021625e-04,-6.072550e+00,-6.699497e+00
-2.021250e-04,-6.072550e+00,-6.699497e+00
-2.020875e-04,-6.066268e+00,-6.699497e+00
-2.020500e-04,-6.066268e+00,-6.699497e+00
-2.020125e-04,-6.066268e+00,-6.699497e+00
-2.019750e-04,-6.066268e+00,-6.699497e+00
-2.019375e-04,-6.066268e+00,-6.694673e+00
-2.019000e-04,-6.066268e+00,-6.694673e+00
-2.018625e-04,-6.066268e+00,-6.694673e+00
-2.018250e-04,-6.059987e+00,-6.694673e+00
-2.017875e-04,-6.059987e+00,-6.694673e+00
-2.017500e-04,-6.059987e+00,-6.689848e+00
-2.017125e-04,-6.059987e+00,-6.689848e+00
-2.016750e-04,-6.059987e+00,-6.689848e+00
-2.016375e-04,-6.059987e+00,-6.689848e+00
-2.016000e-04,-6.053705e+00,-6.689848e+00
-2.015625e-04,-6.053705e+00,-6.689848e+00
-2.015250e-04,-6.053705e+00,-6.685024e+00
-2.014875e-04,-6.053705e+00,-6.689848e+00
-2.014500e-04,-6.053705e+00,-6.685024e+00
-2.014125e-04,-6.053705e+00,-6.685024e+00
-2.013750e-04,-6.053705e+00,-6.685024e+00
-2.013375e-04,-6.053705e+00,-6.685024e+00
-2.013000e-04,-6.053705e+00,-6.685024e+00
-2.012625e-04,-6.053705e+00,-6.685024e+00
-2.012250e-04,-6.053705e+00,-6.685024e+00
-2.011875e-04,-6.047424e+00,-6.680200e+00
-2.011500e-04,-6.047424e+00,-6.680200e+00
-2.011125e-04,-6.047424e+00,-6.680200e+00
-2.010750e-04,-6.047424e+00,-6.680200e+00
-2.010375e-04,-6.047424e+00,-6.680200e+00
-2.010000e-04,-6.047424e+00,-6.680200e+00
-2.009625e-04,-6.047424e+00,-6.680200e+00
-2.009250e-04,-6.047424e+00,-6.675376e+00
-2.008875e-04,-6.047424e+00,-6.675376e+00
-2.008500e-04,-6.047424e+00,-6.675376e+00
-2.008125e-04,-6.047424e+00,-6.675376e+00
-2.007750e-04,-6.041143e+00,-6.675376e+00
-2.007375e-04,-6.041143e+00,-6.675376e+00
-2.007000e-04,-6.041143e+00,-6.675376e+00
-2.006625e-04,-6.041143e+00,-6.670552e+00
-2.006250e-04,-6.041143e+00,-6.670552e+00
-2.005875e-04,-6.041143e+00,-6.675376e+00
-2.005500e-04,-6.041143e+00,-6.670552e+00
-2.005125e-04,-6.041143e+00,-6.670552e+00
-2.004750e-04,-6.041143e+00,-6.670552e+00
-2.004375e-04,-6.041143e+00,-6.670552e+00
-2.004000e-04,-6.041143e+00,-6.670552e+00
-2.003625e-04,-6.041143e+00,-6.670552e+00
-2.003250e-04,-6.041143e+00,-6.670552e+00
-2.002875e-04,-6.041143e+00,-6.665728e+00
-2.002500e-04,-6.041143e+00,-6.665728e+00
-2.002125e-04,-6.034861e+00,-6.665728e+00
-2.001750e-04,-6.034861e+00,-6.665728e+00
-2.001375e-04,-6.034861e+00,-6.665728e+00
-2.001000e-04,-6.034861e+00,-6.665728e+00
-2.000625e-04,-6.034861e+00,-6.665728e+00
-2.000250e-04,-6.034861e+00,-6.665728e+00
-1.999875e-04,-6.034861e+00,-6.660904e+00
-1.999500e-04,-6.028580e+00,-6.665728e+00
-1.999125e-04,-6.028580e+00,-6.665728e+00
-1.998750e-04,-6.028580e+00,-6.660904e+00
-1.998375e-04,-6.028580e+00,-6.660904e+00
-1.998000e-04,-6.028580e+00,-6.660904e+00
-1.997625e-04,-6.022298e+00,-6.660904e+00
-1.997250e-04,-6.022298e+00,-6.660904e+00
-1.996875e-04,-6.022298e+00,-6.660904e+00
-1.996500e-04,-6.022298e+00,-6.660904e+00
-1.996125e-04,-6.022298e+00,-6.656080e+00
-1.995750e-04,-6.022298e+00,-6.656080e+00
-1.995375e-04,-6.022298e+00,-6.656080e+00
-1.995000e-04,-6.016017e+00,-6.656080e+00
-1.994625e-04,-6.016017e+00,-6.656080e+00
-1.994250e-04,-6.016017e+00,-6.656080e+00
-1.993875e-04,-6.016017e+00,-6.656080e+00
-1.993500e-04,-6.009736e+00,-6.656080e+00
-1.993125e-04,-6.009736e+00,-6.656080e+00
-1.992750e-04,-6.009736e+00,-6.656080e+00
-1.992375e-04,-6.003454e+00,-6.656080e+00
-1.992000e-04,-6.003454e+00,-6.656080e+00
-1.991625e-04,-6.003454e+00,-6.656080e+00
-1.991250e-04,-6.003454e+00,-6.656080e+00
-1.990875e-04,-6.003454e+00,-6.656080e+00
-1.990500e-04,-6.003454e+00,-6.656080e+00
-1.990125e-04,-5.997173e+00,-6.656080e+00
-1.989750e-04,-5.997173e+00,-6.651255e+00
-1.989375e-04,-5.997173e+00,-6.651255e+00
-1.989000e-04,-5.997173e+00,-6.651255e+00
-1.988625e-04,-5.990891e+00,-6.651255e+00
-1.988250e-04,-5.990891e+00,-6.651255e+00
-1.987875e-04,-5.990891e+00,-6.651255e+00
-1.987500e-04,-5.990891e+00,-6.651255e+00
-1.987125e-04,-5.984610e+00,-6.651255e+00
-1.986750e-04,-5.984610e+00,-6.651255e+00
-1.986375e-04,-5.984610e+00,-6.651255e+00
-1.986000e-04,-5.978329e+00,-6.651255e+00
-1.985625e-04,-5.978329e+00,-6.651255e+00
-1.985250e-04,-5.978329e+00,-6.651255e+00
-1.984875e-04,-5.978329e+00,-6.651255e+00
-1.984500e-04,-5.978329e+00,-6.646431e+00
-1.984125e-04,-5.978329e+00,-6.646431e+00
-1.983750e-04,-5.972047e+00,-6.646431e+00
-1.983375e-04,-5.972047e+00,-6.646431e+00
-1.983000e-04,-5.972047e+00,-6.646431e+00
-1.982625e-04,-5.972047e+00,-6.646431e+00
-1.982250e-04,-5.972047e+00,-6.646431e+00
-1.981875e-04,-5.965766e+00,-6.646431e+00
-1.981500e-04,-5.965766e+00,-6.646431e+00
-1.981125e-04,-5.965766e+00,-6.646431e+00
-1.980750e-04,-5.965766e+00,-6.641607e+00
-1.980375e-04,-5.959484e+00,-6.641607e+00
-1.980000e-04,-5.959484e+00,-6.646431e+00
-1.979625e-04,-5.959484e+00,-6.641607e+00
-1.979250e-04,-5.959484e+00,-6.641607e+00
-1.978875e-04,-5.959484e+00,-6.641607e+00
-1.978500e-04,-5.959484e+00,-6.641607e+00
-1.978125e-04,-5.959484e+00,-6.641607e+00
-1.977750e-04,-5.959484e+00,-6.641607e+00
-1.977375e-04,-5.953203e+00,-6.641607e+00
-1.977000e-04,-5.953203e+00,-6.641607e+00
-1.976625e-04,-5.953203e+00,-6.641607e+00
-1.976250e-04,-5.953203e+00,-6.641607e+00
-1.975875e-04,-5.953203e+00,-6.636783e+00
-1.975500e-04,-5.953203e+00,-6.636783e+00
-1.975125e-04,-5.953203e+00,-6.636783e+00
-1.974750e-04,-5.953203e+00,-6.636783e+00
-1.974375e-04,-5.953203e+00,-6.636783e+00
-1.974000e-04,-5.953203e+00,-6.636783e+00
-1.973625e-04,-5.946922e+00,-6.636783e+00
-1.973250e-04,-5.946922e+00,-6.636783e+00
-1.972875e-04,-5.946922e+00,-6.636783e+00
-1.972500e-04,-5.946922e+00,-6.631959e+00
-1.972125e-04,-5.946922e+00,-6.631959e+00
-1.971750e-04,-5.946922e+00,-6.631959e+00
-1.971375e-04,-5.946922e+00,-6.631959e+00
-1.971000e-04,-5.946922e+00,-6.631959e+00
-1.970625e-04,-5.946922e+00,-6.631959e+00
-1.970250e-04,-5.946922e+00,-6.631959e+00
-1.969875e-04,-5.946922e+00,-6.631959e+00
-1.969500e-04,-5.946922e+00,-6.627135e+00
-1.969125e-04,-5.946922e+00,-6.627135e+00
-1.968750e-04,-5.946922e+00,-6.627135e+00
-1.968375e-04,-5.946922e+00,-6.627135e+00
-1.968000e-04,-5.940640e+00,-6.627135e+00
-1.967625e-04,-5.946922e+00,-6.627135e+00
-1.967250e-04,-5.940640e+00,-6.627135e+00
-1.966875e-04,-5.940640e+00,-6.627135e+00
-1.966500e-04,-5.940640e+00,-6.627135e+00
-1.966125e-04,-5.940640e+00,-6.622311e+00
-1.965750e-04,-5.940640e+00,-6.622311e+00
-1.965375e-04,-5.940640e+00,-6.622311e+00
-1.965000e-04,-5.940640e+00,-6.622311e+00
-1.964625e-04,-5.940640e+00,-6.622311e+00
-1.964250e-04,-5.940640e+00,-6.622311e+00
-1.963875e-04,-5.940640e+00,-6.617487e+00
-1.963500e-04,-5.940640e+00,-6.617487e+00
-1.963125e-04,-5.940640e+00,-6.617487e+00
-1.962750e-04,-5.940640e+00,-6.617487e+00
-1.962375e-04,-5.934359e+00,-6.617487e+00
-1.962000e-04,-5.940640e+00,-6.617487e+00
-1.961625e-04,-5.934359e+00,-6.617487e+00
-1.961250e-04,-5.934359e+00,-6.617487e+00
-1.960875e-04,-5.934359e+00,-6.617487e+00
-1.960500e-04,-5.934359e+00,-6.612663e+00
-1.960125e-04,-5.934359e+00,-6.612663e+00
-1.959750e-04,-5.934359e+00,-6.612663e+00
-1.959375e-04,-5.934359e+00,-6.612663e+00
-1.959000e-04,-5.928077e+00,-6.612663e+00
-1.958625e-04,-5.928077e+00,-6.612663e+00
-1.958250e-04,-5.928077e+00,-6.607838e+00
-1.957875e-04,-5.928077e+00,-6.612663e+00
-1.957500e-04,-5.928077e+00,-6.607838e+00
-1.957125e-04,-5.928077e+00,-6.607838e+00
-1.956750e-04,-5.928077e+00,-6.607838e+00
-1.956375e-04,-5.921796e+00,-6.607838e+00
-1.956000e-04,-5.921796e+00,-6.607838e+00
-1.955625e-04,-5.921796e+00,-6.603014e+00
-1.955250e-04,-5.921796e+00,-6.603014e+00
-1.954875e-04,-5.921796e+00,-6.603014e+00
-1.954500e-04,-5.915515e+00,-6.603014e+00
-1.954125e-04,-5.915515e+00,-6.603014e+00
-1.953750e-04,-5.915515e+00,-6.603014e+00
-1.953375e-04,-5.915515e+00,-6.603014e+00
-1.953000e-04,-5.909233e+00,-6.603014e+00
-1.952625e-04,-5.909233e+00,-6.598190e+00
-1.952250e-04,-5.909233e+00,-6.598190e+00
-1.951875e-04,-5.909233e+00,-6.598190e+00
-1.951500e-04,-5.902952e+00,-6.598190e+00
-1.951125e-04,-5.902952e+00,-6.598190e+00
-1.950750e-04,-5.902952e+00,-6.598190e+00
-1.950375e-04,-5.902952e+00,-6.593366e+00
-1.950000e-04,-5.902952e+00,-6.593366e+00
-1.949625e-04,-5.896670e+00,-6.593366e+00
-1.949250e-04,-5.896670e+00,-6.593366e+00
-1.948875e-04,-5.896670e+00,-6.593366e+00
-1.948500e-04,-5.890389e+00,-6.593366e+00
-1.948125e-04,-5.890389e+00,-6.593366e+00
-1.947750e-04,-5.890389e+00,-6.593366e+00
-1.947375e-04,-5.890389e+00,-6.593366e+00
-1.947000e-04,-5.884107e+00,-6.588542e+00
-1.946625e-04,-5.884107e+00,-6.588542e+00
-1.946250e-04,-5.884107e+00,-6.588542e+00
-1.945875e-04,-5.884107e+00,-6.588542e+00
-1.945500e-04,-5.877826e+00,-6.588542e+00
-1.945125e-04,-5.877826e+00,-6.588542e+00
-1.944750e-04,-5.877826e+00,-6.588542e+00
-1.944375e-04,-5.877826e+00,-6.588542e+00
-1.944000e-04,-5.871545e+00,-6.583718e+00
-1.943625e-04,-5.871545e+00,-6.583718e+00
-1.943250e-04,-5.871545e+00,-6.583718e+00
-1.942875e-04,-5.871545e+00,-6.583718e+00
-1.942500e-04,-5.871545e+00,-6.583718e+00
-1.942125e-04,-5.871545e+00,-6.583718e+00
-1.941750e-04,-5.865263e+00,-6.583718e+00
-1.941375e-04,-5.865263e+00,-6.578894e+00
-1.941000e-04,-5.865263e+00,-6.578894e+00
-1.940625e-04,-5.865263e+00,-6.578894e+00
-1.940250e-04,-5.865263e+00,-6.578894e+00
-1.939875e-04,-5.858982e+00,-6.574070e+00
-1.939500e-04,-5.858982e+00,-6.574070e+00
-1.939125e-04,-5.858982e+00,-6.569245e+00
-1.938750e-04,-5.858982e+00,-6.569245e+00
-1.938375e-04,-5.858982e+00,-6.564421e+00
-1.938000e-04,-5.858982e+00,-6.559597e+00
-1.937625e-04,-5.852700e+00,-6.559597e+00
-1.937250e-04,-5.852700e+00,-6.554773e+00
-1.936875e-04,-5.852700e+00,-6.554773e+00
-1.936500e-04,-5.852700e+00,-6.545125e+00
-1.936125e-04,-5.852700e+00,-6.545125e+00
-1.935750e-04,-5.852700e+00,-6.540301e+00
-1.935375e-04,-5.846419e+00,-6.535477e+00
-1.935000e-04,-5.846419e+00,-6.530652e+00
-1.934625e-04,-5.846419e+00,-6.521004e+00
-1.934250e-04,-5.846419e+00,-6.521004e+00
-1.933875e-04,-5.846419e+00,-6.511356e+00
-1.933500e-04,-5.840138e+00,-6.506532e+00
-1.933125e-04,-5.840138e+00,-6.501708e+00
-1.932750e-04,-5.840138e+00,-6.496884e+00
-1.932375e-04,-5.840138e+00,-6.487235e+00
-1.932000e-04,-5.840138e+00,-6.482411e+00
-1.931625e-04,-5.833856e+00,-6.477587e+00
-1.931250e-04,-5.833856e+00,-6.472763e+00
-1.930875e-04,-5.833856e+00,-6.467939e+00
-1.930500e-04,-5.833856e+00,-6.463115e+00
-1.930125e-04,-5.827575e+00,-6.458291e+00
-1.929750e-04,-5.827575e+00,-6.453467e+00
-1.929375e-04,-5.827575e+00,-6.448642e+00
-1.929000e-04,-5.821293e+00,-6.443818e+00
-1.928625e-04,-5.821293e+00,-6.443818e+00
-1.928250e-04,-5.821293e+00,-6.438994e+00
-1.927875e-04,-5.821293e+00,-6.434170e+00
-1.927500e-04,-5.815012e+00,-6.434170e+00
-1.927125e-04,-5.815012e+00,-6.429346e+00
-1.926750e-04,-5.815012e+00,-6.429346e+00
-1.926375e-04,-5.808731e+00,-6.424522e+00
-1.926000e-04,-5.808731e+00,-6.424522e+00
-1.925625e-04,-5.808731e+00,-6.424522e+00
-1.925250e-04,-5.808731e+00,-6.419698e+00
-1.924875e-04,-5.802449e+00,-6.419698e+00
-1.924500e-04,-5.802449e+00,-6.414874e+00
-1.924125e-04,-5.802449e+00,-6.414874e+00
-1.923750e-04,-5.802449e+00,-6.414874e+00
-1.923375e-04,-5.796168e+00,-6.410049e+00
-1.923000e-04,-5.796168e+00,-6.410049e+00
-1.922625e-04,-5.789886e+00,-6.410049e+00
-1.922250e-04,-5.789886e+00,-6.405225e+00
-1.921875e-04,-5.789886e+00,-6.405225e+00
-1.921500e-04,-5.789886e+00,-6.405225e+00
-1.921125e-04,-5.783605e+00,-6.405225e+00
-1.920750e-04,-5.783605e+00,-6.400401e+00
-1.920375e-04,-5.783605e+00,-6.400401e+00
-1.920000e-04,-5.783605e+00,-6.400401e+00
-1.919625e-04,-5.783605e+00,-6.395577e+00
-1.919250e-04,-5.777324e+00,-6.395577e+00
-1.918875e-04,-5.777324e+00,-6.395577e+00
-1.918500e-04,-5.777324e+00,-6.395577e+00
-1.918125e-04,-5.771042e+00,-6.395577e+00
-1.917750e-04,-5.771042e+00,-6.390753e+00
-1.917375e-04,-5.771042e+00,-6.390753e+00
-1.917000e-04,-5.764761e+00,-6.385929e+00
-1.916625e-04,-5.764761e+00,-6.385929e+00
-1.916250e-04,-5.764761e+00,-6.385929e+00
-1.915875e-04,-5.764761e+00,-6.381105e+00
-1.915500e-04,-5.764761e+00,-6.381105e+00
-1.915125e-04,-5.764761e+00,-6.381105e+00
-1.914750e-04,-5.758479e+00,-6.381105e+00
-1.914375e-04,-5.758479e+00,-6.376281e+00
-1.914000e-04,-5.758479e+00,-6.376281e+00
-1.913625e-04,-5.758479e+00,-6.376281e+00
-1.913250e-04,-5.758479e+00,-6.371457e+00
-1.912875e-04,-5.758479e+00,-6.371457e+00
-1.912500e-04,-5.758479e+00,-6.371457e+00
-1.912125e-04,-5.752198e+00,-6.371457e+00
-1.911750e-04,-5.752198e+00,-6.366632e+00
-1.911375e-04,-5.752198e+00,-6.366632e+00
-1.911000e-04,-5.752198e+00,-6.366632e+00
-1.910625e-04,-5.752198e+00,-6.366632e+00
-1.910250e-04,-5.752198e+00,-6.361808e+00
-1.909875e-04,-5.752198e+00,-6.361808e+00
-1.909500e-04,-5.752198e+00,-6.361808e+00
-1.909125e-04,-5.752198e+00,-6.356984e+00
-1.908750e-04,-5.745917e+00,-6.356984e+00
-1.908375e-04,-5.745917e+00,-6.356984e+00
-1.908000e-04,-5.745917e+00,-6.356984e+00
-1.907625e-04,-5.745917e+00,-6.356984e+00
-1.907250e-04,-5.745917e+00,-6.352160e+00
-1.906875e-04,-5.745917e+00,-6.352160e+00
-1.906500e-04,-5.745917e+00,-6.352160e+00
-1.906125e-04,-5.745917e+00,-6.352160e+00
-1.905750e-04,-5.745917e+00,-6.347336e+00
-1.905375e-04,-5.745917e+00,-6.347336e+00
-1.905000e-04,-5.745917e+00,-6.347336e+00
-1.904625e-04,-5.745917e+00,-6.347336e+00
-1.904250e-04,-5.745917e+00,-6.347336e+00
-1.903875e-04,-5.739635e+00,-6.347336e+00
-1.903500e-04,-5.739635e+00,-6.342512e+00
-1.903125e-04,-5.739635e+00,-6.342512e+00
-1.902750e-04,-5.739635e+00,-6.342512e+00
-1.902375e-04,-5.739635e+00,-6.342512e+00
-1.902000e-04,-5.739635e+00,-6.342512e+00
-1.901625e-04,-5.739635e+00,-6.342512e+00
-1.901250e-04,-5.739635e+00,-6.337688e+00
-1.900875e-04,-5.739635e+00,-6.337688e+00
-1.900500e-04,-5.739635e+00,-6.337688e+00
-1.900125e-04,-5.733354e+00,-6.337688e+00
-1.899750e-04,-5.733354e+00,-6.337688e+00
-1.899375e-04,-5.733354e+00,-6.332864e+00
-1.899000e-04,-5.733354e+00,-6.337688e+00
-1.898625e-04,-5.733354e+00,-6.332864e+00
-1.898250e-04,-5.733354e+00,-6.332864e+00
-1.897875e-04,-5.733354e+00,-6.332864e+00
-1.897500e-04,-5.727072e+00,-6.328039e+00
-1.897125e-04,-5.727072e+00,-6.328039e+00
-1.896750e-04,-5.727072e+00,-6.328039e+00
-1.896375e-04,-5.727072e+00,-6.328039e+00
-1.896000e-04,-5.720791e+00,-6.328039e+00
-1.895625e-04,-5.720791e+00,-6.328039e+00
-1.895250e-04,-5.720791e+00,-6.323215e+00
-1.894875e-04,-5.720791e+00,-6.323215e+00
-1.894500e-04,-5.720791e+00,-6.323215e+00
-1.894125e-04,-5.720791e+00,-6.318391e+00
-1.893750e-04,-5.714510e+00,-6.318391e+00
-1.893375e-04,-5.714510e+00,-6.318391e+00
-1.893000e-04,-5.714510e+00,-6.313567e+00
-1.892625e-04,-5.708228e+00,-6.313567e+00
-1.892250e-04,-5.708228e+00,-6.313567e+00
-1.891875e-04,-5.708228e+00,-6.313567e+00
-1.891500e-04,-5.708228e+00,-6.308743e+00
-1.891125e-04,-5.708228e+00,-6.308743e+00
-1.890750e-04,-5.701947e+00,-6.308743e+00
-1.890375e-04,-5.701947e+00,-6.308743e+00
-1.890000e-04,-5.701947e+00,-6.303919e+00
-1.889625e-04,-5.701947e+00,-6.303919e+00
-1.889250e-04,-5.695665e+00,-6.299095e+00
-1.888875e-04,-5.695665e+00,-6.299095e+00
-1.888500e-04,-5.695665e+00,-6.299095e+00
-1.888125e-04,-5.695665e+00,-6.299095e+00
-1.887750e-04,-5.689384e+00,-6.299095e+00
-1.887375e-04,-5.689384e+00,-6.294271e+00
-1.887000e-04,-5.689384e+00,-6.289446e+00
-1.886625e-04,-5.683102e+00,-6.289446e+00
-1.886250e-04,-5.683102e+00,-6.289446e+00
-1.885875e-04,-5.683102e+00,-6.289446e+00
-1.885500e-04,-5.676821e+00,-6.289446e+00
-1.885125e-04,-5.676821e+00,-6.289446e+00
-1.884750e-04,-5.676821e+00,-6.284622e+00
-1.884375e-04,-5.676821e+00,-6.284622e+00
-1.884000e-04,-5.670540e+00,-6.284622e+00
-1.883625e-04,-5.670540e+00,-6.279798e+00
-1.883250e-04,-5.670540e+00,-6.279798e+00
-1.882875e-04,-5.670540e+00,-6.279798e+00
-1.882500e-04,-5.664258e+00,-6.279798e+00
-1.882125e-04,-5.664258e+00,-6.279798e+00
-1.881750e-04,-5.664258e+00,-6.274974e+00
-1.881375e-04,-5.664258e+00,-6.274974e+00
-1.881000e-04,-5.664258e+00,-6.274974e+00
-1.880625e-04,-5.664258e+00,-6.274974e+00
-1.880250e-04,-5.664258e+00,-6.270150e+00
-1.879875e-04,-5.657977e+00,-6.270150e+00
-1.879500e-04,-5.657977e+00,-6.270150e+00
-1.879125e-04,-5.657977e+00,-6.270150e+00
-1.878750e-04,-5.657977e+00,-6.270150e+00
-1.878375e-04,-5.657977e+00,-6.270150e+00
-1.878000e-04,-5.657977e+00,-6.265326e+00
-1.877625e-04,-5.651695e+00,-6.265326e+00
-1.877250e-04,-5.651695e+00,-6.265326e+00
-1.876875e-04,-5.651695e+00,-6.265326e+00
-1.876500e-04,-5.651695e+00,-6.260502e+00
-1.876125e-04,-5.651695e+00,-6.260502e+00
-1.875750e-04,-5.651695e+00,-6.260502e+00
-1.875375e-04,-5.651695e+00,-6.260502e+00
-1.875000e-04,-5.651695e+00,-6.260502e+00
-1.874625e-04,-5.645414e+00,-6.260502e+00
-1.874250e-04,-5.645414e+00,-6.255678e+00
-1.873875e-04,-5.645414e+00,-6.255678e+00
-1.873500e-04,-5.645414e+00,-6.255678e+00
-1.873125e-04,-5.645414e+00,-6.255678e+00
-1.872750e-04,-5.645414e+00,-6.255678e+00
-1.872375e-04,-5.645414e+00,-6.255678e+00
-1.872000e-04,-5.645414e+00,-6.250854e+00
-1.871625e-04,-5.645414e+00,-6.250854e+00
-1.871250e-04,-5.645414e+00,-6.250854e+00
-1.870875e-04,-5.645414e+00,-6.250854e+00
-1.870500e-04,-5.645414e+00,-6.246029e+00
-1.870125e-04,-5.645414e+00,-6.246029e+00
-1.869750e-04,-5.645414e+00,-6.246029e+00
-1.869375e-04,-5.645414e+00,-6.241205e+00
-1.869000e-04,-5.645414e+00,-6.241205e+00
-1.868625e-04,-5.639133e+00,-6.241205e+00
-1.868250e-04,-5.639133e+00,-6.236381e+00
-1.867875e-04,-5.639133e+00,-6.236381e+00
-1.867500e-04,-5.639133e+00,-6.236381e+00
-1.867125e-04,-5.639133e+00,-6.236381e+00
-1.866750e-04,-5.639133e+00,-6.231557e+00
-1.866375e-04,-5.639133e+00,-6.231557e+00
-1.866000e-04,-5.639133e+00,-6.231557e+00
-1.865625e-04,-5.639133e+00,-6.226733e+00
-1.865250e-04,-5.639133e+00,-6.226733e+00
-1.864875e-04,-5.639133e+00,-6.226733e+00
-1.864500e-04,-5.632851e+00,-6.221909e+00
-1.864125e-04,-5.632851e+00,-6.221909e+00
-1.863750e-04,-5.632851e+00,-6.221909e+00
-1.863375e-04,-5.632851e+00,-6.221909e+00
-1.863000e-04,-5.632851e+00,-6.217085e+00
-1.862625e-04,-5.632851e+00,-6.217085e+00
-1.862250e-04,-5.632851e+00,-6.212261e+00
-1.861875e-04,-5.632851e+00,-6.212261e+00
-1.861500e-04,-5.626570e+00,-6.212261e+00
-1.861125e-04,-5.626570e+00,-6.212261e+00
-1.860750e-04,-5.626570e+00,-6.212261e+00
-1.860375e-04,-5.626570e+00,-6.207436e+00
-1.860000e-04,-5.620288e+00,-6.207436e+00
-1.859625e-04,-5.620288e+00,-6.207436e+00
-1.859250e-04,-5.620288e+00,-6.207436e+00
-1.858875e-04,-5.620288e+00,-6.202612e+00
-1.858500e-04,-5.614007e+00,-6.202612e+00
-1.858125e-04,-5.620288e+00,-6.202612e+00
-1.857750e-04,-5.614007e+00,-6.197788e+00
-1.857375e-04,-5.614007e+00,-6.202612e+00
-1.857000e-04,-5.614007e+00,-6.197788e+00
-1.856625e-04,-5.607726e+00,-6.197788e+00
-1.856250e-04,-5.607726e+00,-6.197788e+00
-1.855875e-04,-5.607726e+00,-6.197788e+00
-1.855500e-04,-5.607726e+00,-6.192964e+00
-1.855125e-04,-5.601444e+00,-6.192964e+00
-1.854750e-04,-5.601444e+00,-6.192964e+00
-1.854375e-04,-5.601444e+00,-6.192964e+00
-1.854000e-04,-5.601444e+00,-6.188140e+00
-1.853625e-04,-5.595163e+00,-6.188140e+00
-1.853250e-04,-5.595163e+00,-6.188140e+00
-1.852875e-04,-5.588881e+00,-6.188140e+00
-1.852500e-04,-5.588881e+00,-6.188140e+00
-1.852125e-04,-5.588881e+00,-6.188140e+00
-1.851750e-04,-5.582600e+00,-6.183316e+00
-1.851375e-04,-5.582600e+00,-6.183316e+00
-1.851000e-04,-5.582600e+00,-6.183316e+00
-1.850625e-04,-5.582600e+00,-6.178492e+00
-1.850250e-04,-5.576319e+00,-6.178492e+00
-1.849875e-04,-5.576319e+00,-6.178492e+00
-1.849500e-04,-5.576319e+00,-6.178492e+00
-1.849125e-04,-5.576319e+00,-6.178492e+00
-1.848750e-04,-5.576319e+00,-6.178492e+00
-1.848375e-04,-5.570037e+00,-6.173668e+00
-1.848000e-04,-5.570037e+00,-6.173668e+00
-1.847625e-04,-5.570037e+00,-6.173668e+00
-1.847250e-04,-5.570037e+00,-6.173668e+00
-1.846875e-04,-5.563756e+00,-6.168843e+00
-1.846500e-04,-5.563756e+00,-6.168843e+00
-1.846125e-04,-5.563756e+00,-6.168843e+00
-1.845750e-04,-5.563756e+00,-6.168843e+00
-1.845375e-04,-5.563756e+00,-6.164019e+00
-1.845000e-04,-5.557474e+00,-6.164019e+00
-1.844625e-04,-5.557474e+00,-6.164019e+00
-1.844250e-04,-5.557474e+00,-6.159195e+00
-1.843875e-04,-5.557474e+00,-6.159195e+00
-1.843500e-04,-5.557474e+00,-6.159195e+00
-1.843125e-04,-5.557474e+00,-6.154371e+00
-1.842750e-04,-5.551193e+00,-6.154371e+00
-1.842375e-04,-5.551193e+00,-6.154371e+00
-1.842000e-04,-5.551193e+00,-6.154371e+00
-1.841625e-04,-5.551193e+00,-6.149547e+00
-1.841250e-04,-5.551193e+00,-6.149547e+00
-1.840875e-04,-5.551193e+00,-6.149547e+00
-1.840500e-04,-5.551193e+00,-6.144723e+00
-1.840125e-04,-5.551193e+00,-6.144723e+00
-1.839750e-04,-5.551193e+00,-6.144723e+00
-1.839375e-04,-5.544912e+00,-6.139899e+00
-1.839000e-04,-5.544912e+00,-6.139899e+00
-1.838625e-04,-5.544912e+00,-6.139899e+00
-1.838250e-04,-5.544912e+00,-6.139899e+00
-1.837875e-04,-5.544912e+00,-6.139899e+00
-1.837500e-04,-5.544912e+00,-6.135075e+00
-1.837125e-04,-5.544912e+00,-6.135075e+00
-1.836750e-04,-5.544912e+00,-6.130251e+00
-1.836375e-04,-5.544912e+00,-6.130251e+00
-1.836000e-04,-5.544912e+00,-6.130251e+00
-1.835625e-04,-5.544912e+00,-6.125426e+00
-1.835250e-04,-5.544912e+00,-6.125426e+00
-1.834875e-04,-5.544912e+00,-6.125426e+00
-1.834500e-04,-5.544912e+00,-6.125426e+00
-1.834125e-04,-5.538630e+00,-6.125426e+00
-1.833750e-04,-5.538630e+00,-6.120602e+00
-1.833375e-04,-5.538630e+00,-6.120602e+00
-1.833000e-04,-5.538630e+00,-6.120602e+00
-1.832625e-04,-5.538630e+00,-6.120602e+00
-1.832250e-04,-5.538630e+00,-6.115778e+00
-1.831875e-04,-5.538630e+00,-6.115778e+00
-1.831500e-04,-5.538630e+00,-6.115778e+00
-1.831125e-04,-5.538630e+00,-6.115778e+00
-1.830750e-04,-5.538630e+00,-6.115778e+00
-1.830375e-04,-5.538630e+00,-6.115778e+00
-1.830000e-04,-5.538630e+00,-6.110954e+00
-1.829625e-04,-5.538630e+00,-6.110954e+00
-1.829250e-04,-5.538630e+00,-6.110954e+00
-1.828875e-04,-5.532349e+00,-6.106130e+00
-1.828500e-04,-5.532349e+00,-6.106130e+00
-1.828125e-04,-5.532349e+00,-6.106130e+00
-1.827750e-04,-5.532349e+00,-6.106130e+00
-1.827375e-04,-5.532349e+00,-6.106130e+00
-1.827000e-04,-5.532349e+00,-6.106130e+00
-1.826625e-04,-5.532349e+00,-6.101306e+00
-1.826250e-04,-5.532349e+00,-6.101306e+00
-1.825875e-04,-5.532349e+00,-6.101306e+00
-1.825500e-04,-5.526067e+00,-6.101306e+00
-1.825125e-04,-5.526067e+00,-6.096482e+00
-1.824750e-04,-5.526067e+00,-6.096482e+00
-1.824375e-04,-5.526067e+00,-6.096482e+00
-1.824000e-04,-5.519786e+00,-6.096482e+00
-1.823625e-04,-5.519786e+00,-6.091658e+00
-1.823250e-04,-5.519786e+00,-6.091658e+00
-1.822875e-04,-5.519786e+00,-6.091658e+00
-1.822500e-04,-5.513504e+00,-6.091658e+00
-1.822125e-04,-5.513504e+00,-6.091658e+00
-1.821750e-04,-5.513504e+00,-6.086833e+00
-1.821375e-04,-5.513504e+00,-6.086833e+00
-1.821000e-04,-5.513504e+00,-6.086833e+00
-1.820625e-04,-5.507223e+00,-6.082009e+00
-1.820250e-04,-5.507223e+00,-6.082009e+00
-1.819875e-04,-5.507223e+00,-6.082009e+00
-1.819500e-04,-5.500942e+00,-6.077185e+00
-1.819125e-04,-5.500942e+00,-6.077185e+00
-1.818750e-04,-5.500942e+00,-6.077185e+00
-1.818375e-04,-5.500942e+00,-6.077185e+00
-1.818000e-04,-5.494660e+00,-6.072361e+00
-1.817625e-04,-5.494660e+00,-6.072361e+00
-1.817250e-04,-5.494660e+00,-6.067537e+00
-1.816875e-04,-5.494660e+00,-6.067537e+00
-1.816500e-04,-5.494660e+00,-6.067537e+00
-1.816125e-04,-5.488379e+00,-6.067537e+00
-1.815750e-04,-5.488379e+00,-6.062713e+00
-1.815375e-04,-5.488379e+00,-6.062713e+00
-1.815000e-04,-5.482097e+00,-6.062713e+00
-1.814625e-04,-5.482097e+00,-6.062713e+00
-1.814250e-04,-5.482097e+00,-6.062713e+00
-1.813875e-04,-5.475816e+00,-6.057889e+00
-1.813500e-04,-5.475816e+00,-6.057889e+00
-1.813125e-04,-5.475816e+00,-6.057889e+00
-1.812750e-04,-5.475816e+00,-6.053065e+00
-1.812375e-04,-5.469535e+00,-6.053065e+00
-1.812000e-04,-5.469535e+00,-6.053065e+00
-1.811625e-04,-5.469535e+00,-6.048240e+00
-1.811250e-04,-5.463253e+00,-6.048240e+00
-1.810875e-04,-5.469535e+00,-6.048240e+00
-1.810500e-04,-5.463253e+00,-6.048240e+00
-1.810125e-04,-5.463253e+00,-6.048240e+00
-1.809750e-04,-5.463253e+00,-6.048240e+00
-1.809375e-04,-5.463253e+00,-6.043416e+00
-1.809000e-04,-5.456972e+00,-6.043416e+00
-1.808625e-04,-5.456972e+00,-6.043416e+00
-1.808250e-04,-5.456972e+00,-6.038592e+00
-1.807875e-04,-5.456972e+00,-6.038592e+00
-1.807500e-04,-5.456972e+00,-6.038592e+00
-1.807125e-04,-5.456972e+00,-6.038592e+00
-1.806750e-04,-5.456972e+00,-6.033768e+00
-1.806375e-04,-5.450690e+00,-6.033768e+00
-1.806000e-04,-5.450690e+00,-6.033768e+00
-1.805625e-04,-5.450690e+00,-6.033768e+00
-1.805250e-04,-5.450690e+00,-6.033768e+00
-1.804875e-04,-5.450690e+00,-6.028944e+00
-1.804500e-04,-5.450690e+00,-6.033768e+00
-1.804125e-04,-5.450690e+00,-6.028944e+00
-1.803750e-04,-5.450690e+00,-6.028944e+00
-1.803375e-04,-5.450690e+00,-6.028944e+00
-1.803000e-04,-5.444409e+00,-6.028944e+00
-1.802625e-04,-5.444409e+00,-6.028944e+00
-1.802250e-04,-5.444409e+00,-6.024120e+00
-1.801875e-04,-5.444409e+00,-6.024120e+00
-1.801500e-04,-5.444409e+00,-6.024120e+00
-1.801125e-04,-5.444409e+00,-6.019296e+00
-1.800750e-04,-5.444409e+00,-6.019296e+00
-1.800375e-04,-5.444409e+00,-6.019296e+00
-1.800000e-04,-5.444409e+00,-6.019296e+00
-1.799625e-04,-5.444409e+00,-6.019296e+00
-1.799250e-04,-5.444409e+00,-6.014472e+00
-1.798875e-04,-5.444409e+00,-6.014472e+00
-1.798500e-04,-5.438128e+00,-6.014472e+00
-1.798125e-04,-5.438128e+00,-6.009648e+00
-1.797750e-04,-5.438128e+00,-6.009648e+00
-1.797375e-04,-5.438128e+00,-6.009648e+00
-1.797000e-04,-5.438128e+00,-6.009648e+00
-1.796625e-04,-5.438128e+00,-6.004823e+00
-1.796250e-04,-5.438128e+00,-6.004823e+00
-1.795875e-04,-5.438128e+00,-5.999999e+00
-1.795500e-04,-5.438128e+00,-6.004823e+00
-1.795125e-04,-5.438128e+00,-5.999999e+00
-1.794750e-04,-5.438128e+00,-5.999999e+00
-1.794375e-04,-5.431846e+00,-5.999999e+00
-1.794000e-04,-5.431846e+00,-5.995175e+00
-1.793625e-04,-5.431846e+00,-5.995175e+00
-1.793250e-04,-5.431846e+00,-5.995175e+00
-1.792875e-04,-5.431846e+00,-5.990351e+00
-1.792500e-04,-5.431846e+00,-5.990351e+00
-1.792125e-04,-5.431846e+00,-5.990351e+00
-1.791750e-04,-5.425565e+00,-5.985527e+00
-1.791375e-04,-5.425565e+00,-5.985527e+00
-1.791000e-04,-5.425565e+00,-5.985527e+00
-1.790625e-04,-5.425565e+00,-5.980703e+00
-1.790250e-04,-5.425565e+00,-5.980703e+00
-1.789875e-04,-5.419283e+00,-5.980703e+00
-1.789500e-04,-5.419283e+00,-5.980703e+00
-1.789125e-04,-5.419283e+00,-5.975879e+00
-1.788750e-04,-5.419283e+00,-5.975879e+00
-1.788375e-04,-5.419283e+00,-5.975879e+00
-1.788000e-04,-5.413002e+00,-5.975879e+00
-1.787625e-04,-5.413002e+00,-5.971055e+00
-1.787250e-04,-5.413002e+00,-5.971055e+00
-1.786875e-04,-5.406721e+00,-5.971055e+00
-1.786500e-04,-5.413002e+00,-5.966230e+00
-1.786125e-04,-5.406721e+00,-5.966230e+00
-1.785750e-04,-5.406721e+00,-5.966230e+00
-1.785375e-04,-5.400439e+00,-5.966230e+00
-1.785000e-04,-5.400439e+00,-5.966230e+00
-1.784625e-04,-5.400439e+00,-5.966230e+00
-1.784250e-04,-5.400439e+00,-5.966230e+00
-1.783875e-04,-5.394158e+00,-5.961406e+00
-1.783500e-04,-5.394158e+00,-5.961406e+00
-1.783125e-04,-5.394158e+00,-5.961406e+00
-1.782750e-04,-5.394158e+00,-5.961406e+00
-1.782375e-04,-5.387876e+00,-5.956582e+00
-1.782000e-04,-5.387876e+00,-5.956582e+00
-1.781625e-04,-5.387876e+00,-5.956582e+00
-1.781250e-04,-5.387876e+00,-5.956582e+00
-1.780875e-04,-5.381595e+00,-5.956582e+00
-1.780500e-04,-5.381595e+00,-5.951758e+00
-1.780125e-04,-5.375314e+00,-5.951758e+00
-1.779750e-04,-5.375314e+00,-5.951758e+00
-1.779375e-04,-5.375314e+00,-5.951758e+00
-1.779000e-04,-5.375314e+00,-5.951758e+00
-1.778625e-04,-5.369032e+00,-5.946934e+00
-1.778250e-04,-5.369032e+00,-5.951758e+00
-1.777875e-04,-5.369032e+00,-5.951758e+00
-1.777500e-04,-5.369032e+00,-5.946934e+00
-1.777125e-04,-5.369032e+00,-5.946934e+00
-1.776750e-04,-5.362751e+00,-5.946934e+00
-1.776375e-04,-5.362751e+00,-5.946934e+00
-1.776000e-04,-5.362751e+00,-5.942110e+00
-1.775625e-04,-5.362751e+00,-5.942110e+00
-1.775250e-04,-5.362751e+00,-5.942110e+00
-1.774875e-04,-5.356469e+00,-5.937286e+00
-1.774500e-04,-5.356469e+00,-5.937286e+00
-1.774125e-04,-5.356469e+00,-5.937286e+00
-1.773750e-04,-5.356469e+00,-5.937286e+00
-1.773375e-04,-5.350188e+00,-5.932462e+00
-1.773000e-04,-5.356469e+00,-5.932462e+00
-1.772625e-04,-5.350188e+00,-5.932462e+00
-1.772250e-04,-5.350188e+00,-5.932462e+00
-1.771875e-04,-5.350188e+00,-5.927637e+00
-1.771500e-04,-5.350188e+00,-5.927637e+00
-1.771125e-04,-5.350188e+00,-5.927637e+00
-1.770750e-04,-5.350188e+00,-5.922813e+00
-1.770375e-04,-5.350188e+00,-5.927637e+00
-1.770000e-04,-5.350188e+00,-5.922813e+00
-1.769625e-04,-5.350188e+00,-5.922813e+00
-1.769250e-04,-5.350188e+00,-5.917989e+00
-1.768875e-04,-5.343907e+00,-5.917989e+00
-1.768500e-04,-5.343907e+00,-5.917989e+00
-1.768125e-04,-5.343907e+00,-5.913165e+00
-1.767750e-04,-5.343907e+00,-5.913165e+00
-1.767375e-04,-5.343907e+00,-5.913165e+00
-1.767000e-04,-5.343907e+00,-5.913165e+00
-1.766625e-04,-5.343907e+00,-5.908341e+00
-1.766250e-04,-5.343907e+00,-5.908341e+00
-1.765875e-04,-5.343907e+00,-5.908341e+00
-1.765500e-04,-5.343907e+00,-5.903517e+00
-1.765125e-04,-5.343907e+00,-5.903517e+00
-1.764750e-04,-5.343907e+00,-5.903517e+00
-1.764375e-04,-5.343907e+00,-5.903517e+00
-1.764000e-04,-5.343907e+00,-5.898693e+00
-1.763625e-04,-5.343907e+00,-5.898693e+00
-1.763250e-04,-5.343907e+00,-5.898693e+00
-1.762875e-04,-5.337625e+00,-5.893869e+00
-1.762500e-04,-5.343907e+00,-5.893869e+00
-1.762125e-04,-5.337625e+00,-5.893869e+00
-1.761750e-04,-5.337625e+00,-5.889045e+00
-1.761375e-04,-5.337625e+00,-5.889045e+00
-1.761000e-04,-5.337625e+00,-5.889045e+00
-1.760625e-04,-5.337625e+00,-5.889045e+00
-1.760250e-04,-5.337625e+00,-5.889045e+00
-1.759875e-04,-5.337625e+00,-5.889045e+00
-1.759500e-04,-5.337625e+00,-5.884220e+00
-1.759125e-04,-5.337625e+00,-5.884220e+00
-1.758750e-04,-5.337625e+00,-5.884220e+00
-1.758375e-04,-5.337625e+00,-5.884220e+00
-1.758000e-04,-5.331344e+00,-5.879396e+00
-1.757625e-04,-5.331344e+00,-5.879396e+00
-1.757250e-04,-5.331344e+00,-5.879396e+00
-1.756875e-04,-5.331344e+00,-5.879396e+00
-1.756500e-04,-5.331344e+00,-5.879396e+00
-1.756125e-04,-5.331344e+00,-5.874572e+00
-1.755750e-04,-5.331344e+00,-5.874572e+00
-1.755375e-04,-5.331344e+00,-5.874572e+00
-1.755000e-04,-5.325062e+00,-5.874572e+00
-1.754625e-04,-5.325062e+00,-5.874572e+00
-1.754250e-04,-5.325062e+00,-5.874572e+00
-1.753875e-04,-5.325062e+00,-5.869748e+00
-1.753500e-04,-5.318781e+00,-5.869748e+00
-1.753125e-04,-5.318781e+00,-5.864924e+00
-1.752750e-04,-5.318781e+00,-5.864924e+00
-1.752375e-04,-5.318781e+00,-5.864924e+00
-1.752000e-04,-5.318781e+00,-5.864924e+00
-1.751625e-04,-5.318781e+00,-5.864924e+00
-1.751250e-04,-5.312499e+00,-5.864924e+00
-1.750875e-04,-5.312499e+00,-5.864924e+00
-1.750500e-04,-5.312499e+00,-5.860100e+00
-1.750125e-04,-5.312499e+00,-5.860100e+00
-1.749750e-04,-5.312499e+00,-5.860100e+00
-1.749375e-04,-5.306218e+00,-5.855276e+00
-1.749000e-04,-5.306218e+00,-5.855276e+00
-1.748625e-04,-5.306218e+00,-5.855276e+00
-1.748250e-04,-5.299937e+00,-5.850452e+00
-1.747875e-04,-5.299937e+00,-5.850452e+00
-1.747500e-04,-5.299937e+00,-5.850452e+00
-1.747125e-04,-5.293655e+00,-5.850452e+00
-1.746750e-04,-5.293655e+00,-5.845627e+00
-1.746375e-04,-5.293655e+00,-5.845627e+00
-1.746000e-04,-5.293655e+00,-5.845627e+00
-1.745625e-04,-5.287374e+00,-5.840803e+00
-1.745250e-04,-5.287374e+00,-5.840803e+00
-1.744875e-04,-5.287374e+00,-5.840803e+00
-1.744500e-04,-5.287374e+00,-5.840803e+00
-1.744125e-04,-5.281092e+00,-5.840803e+00
-1.743750e-04,-5.281092e+00,-5.835979e+00
-1.743375e-04,-5.281092e+00,-5.835979e+00
-1.743000e-04,-5.274811e+00,-5.835979e+00
-1.742625e-04,-5.274811e+00,-5.831155e+00
-1.742250e-04,-5.274811e+00,-5.831155e+00
-1.741875e-04,-5.274811e+00,-5.826331e+00
-1.741500e-04,-5.274811e+00,-5.826331e+00
-1.741125e-04,-5.268530e+00,-5.826331e+00
-1.740750e-04,-5.268530e+00,-5.826331e+00
-1.740375e-04,-5.268530e+00,-5.821507e+00
-1.740000e-04,-5.268530e+00,-5.821507e+00
-1.739625e-04,-5.262248e+00,-5.821507e+00
-1.739250e-04,-5.262248e+00,-5.821507e+00
-1.738875e-04,-5.262248e+00,-5.816683e+00
-1.738500e-04,-5.262248e+00,-5.816683e+00
-1.738125e-04,-5.262248e+00,-5.816683e+00
-1.737750e-04,-5.262248e+00,-5.816683e+00
-1.737375e-04,-5.262248e+00,-5.816683e+00
-1.737000e-04,-5.255967e+00,-5.811859e+00
-1.736625e-04,-5.255967e+00,-5.811859e+00
-1.736250e-04,-5.255967e+00,-5.811859e+00
-1.735875e-04,-5.255967e+00,-5.811859e+00
-1.735500e-04,-5.249685e+00,-5.811859e+00
-1.735125e-04,-5.249685e+00,-5.807034e+00
-1.734750e-04,-5.249685e+00,-5.807034e+00
-1.734375e-04,-5.249685e+00,-5.807034e+00
-1.734000e-04,-5.249685e+00,-5.807034e+00
-1.733625e-04,-5.249685e+00,-5.802210e+00
-1.733250e-04,-5.249685e+00,-5.802210e+00
-1.732875e-04,-5.249685e+00,-5.802210e+00
-1.732500e-04,-5.249685e+00,-5.802210e+00
-1.732125e-04,-5.249685e+00,-5.802210e+00
-1.731750e-04,-5.243404e+00,-5.797386e+00
-1.731375e-04,-5.243404e+00,-5.797386e+00
-1.731000e-04,-5.243404e+00,-5.797386e+00
-1.730625e-04,-5.243404e+00,-5.797386e+00
-1.730250e-04,-5.243404e+00,-5.797386e+00
-1.729875e-04,-5.243404e+00,-5.792562e+00
-1.729500e-04,-5.243404e+00,-5.792562e+00
-1.729125e-04,-5.243404e+00,-5.792562e+00
-1.728750e-04,-5.243404e+00,-5.792562e+00
-1.728375e-04,-5.243404e+00,-5.787738e+00
-1.728000e-04,-5.243404e+00,-5.787738e+00
-1.727625e-04,-5.243404e+00,-5.787738e+00
-1.727250e-04,-5.243404e+00,-5.787738e+00
-1.726875e-04,-5.243404e+00,-5.787738e+00
-1.726500e-04,-5.243404e+00,-5.782914e+00
-1.726125e-04,-5.237123e+00,-5.782914e+00
-1.725750e-04,-5.237123e+00,-5.782914e+00
-1.725375e-04,-5.237123e+00,-5.782914e+00
-1.725000e-04,-5.237123e+00,-5.778090e+00
-1.724625e-04,-5.237123e+00,-5.778090e+00
-1.724250e-04,-5.237123e+00,-5.773266e+00
-1.723875e-04,-5.237123e+00,-5.773266e+00
-1.723500e-04,-5.237123e+00,-5.773266e+00
-1.723125e-04,-5.237123e+00,-5.773266e+00
-1.722750e-04,-5.237123e+00,-5.768442e+00
-1.722375e-04,-5.237123e+00,-5.768442e+00
-1.722000e-04,-5.237123e+00,-5.768442e+00
-1.721625e-04,-5.230841e+00,-5.768442e+00
-1.721250e-04,-5.230841e+00,-5.768442e+00
-1.720875e-04,-5.230841e+00,-5.763617e+00
-1.720500e-04,-5.230841e+00,-5.763617e+00
-1.720125e-04,-5.230841e+00,-5.763617e+00
-1.719750e-04,-5.230841e+00,-5.758793e+00
-1.719375e-04,-5.230841e+00,-5.758793e+00
-1.719000e-04,-5.230841e+00,-5.758793e+00
-1.718625e-04,-5.224560e+00,-5.749145e+00
-1.718250e-04,-5.224560e+00,-5.749145e+00
-1.717875e-04,-5.224560e+00,-5.753969e+00
-1.717500e-04,-5.224560e+00,-5.749145e+00
-1.717125e-04,-5.224560e+00,-5.749145e+00
-1.716750e-04,-5.218278e+00,-5.749145e+00
-1.716375e-04,-5.218278e+00,-5.744321e+00
-1.716000e-04,-5.218278e+00,-5.744321e+00
-1.715625e-04,-5.218278e+00,-5.744321e+00
-1.715250e-04,-5.211997e+00,-5.744321e+00
-1.714875e-04,-5.211997e+00,-5.739497e+00
-1.714500e-04,-5.211997e+00,-5.739497e+00
-1.714125e-04,-5.211997e+00,-5.739497e+00
-1.713750e-04,-5.205716e+00,-5.739497e+00
-1.713375e-04,-5.205716e+00,-5.734673e+00
-1.713000e-04,-5.205716e+00,-5.734673e+00
-1.712625e-04,-5.199434e+00,-5.734673e+00
-1.712250e-04,-5.199434e+00,-5.734673e+00
-1.711875e-04,-5.199434e+00,-5.729849e+00
-1.711500e-04,-5.193153e+00,-5.729849e+00
-1.711125e-04,-5.193153e+00,-5.725024e+00
-1.710750e-04,-5.193153e+00,-5.725024e+00
-1.710375e-04,-5.193153e+00,-5.725024e+00
-1.710000e-04,-5.186871e+00,-5.725024e+00
-1.709625e-04,-5.186871e+00,-5.720200e+00
-1.709250e-04,-5.186871e+00,-5.725024e+00
-1.708875e-04,-5.186871e+00,-5.720200e+00
-1.708500e-04,-5.180590e+00,-5.720200e+00
-1.708125e-04,-5.180590e+00,-5.720200e+00
-1.707750e-04,-5.180590e+00,-5.720200e+00
-1.707375e-04,-5.180590e+00,-5.715376e+00
-1.707000e-04,-5.174309e+00,-5.715376e+00
-1.706625e-04,-5.174309e+00,-5.715376e+00
-1.706250e-04,-5.168027e+00,-5.715376e+00
-1.705875e-04,-5.174309e+00,-5.710552e+00
-1.705500e-04,-5.168027e+00,-5.705728e+00
-1.705125e-04,-5.168027e+00,-5.710552e+00
-1.704750e-04,-5.168027e+00,-5.710552e+00
-1.704375e-04,-5.161746e+00,-5.705728e+00
-1.704000e-04,-5.161746e+00,-5.705728e+00
-1.703625e-04,-5.161746e+00,-5.705728e+00
-1.703250e-04,-5.161746e+00,-5.700904e+00
-1.702875e-04,-5.161746e+00,-5.700904e+00
-1.702500e-04,-5.155464e+00,-5.700904e+00
-1.702125e-04,-5.155464e+00,-5.700904e+00
-1.701750e-04,-5.155464e+00,-5.696080e+00
-1.701375e-04,-5.155464e+00,-5.696080e+00
-1.701000e-04,-5.155464e+00,-5.696080e+00
-1.700625e-04,-5.155464e+00,-5.691256e+00
-1.700250e-04,-5.149183e+00,-5.691256e+00
-1.699875e-04,-5.149183e+00,-5.691256e+00
-1.699500e-04,-5.149183e+00,-5.686431e+00
-1.699125e-04,-5.149183e+00,-5.686431e+00
-1.698750e-04,-5.149183e+00,-5.686431e+00
-1.698375e-04,-5.149183e+00,-5.681607e+00
-1.698000e-04,-5.149183e+00,-5.681607e+00
-1.697625e-04,-5.149183e+00,-5.681607e+00
-1.697250e-04,-5.149183e+00,-5.681607e+00
-1.696875e-04,-5.142902e+00,-5.676783e+00
-1.696500e-04,-5.142902e+00,-5.676783e+00
-1.696125e-04,-5.142902e+00,-5.671959e+00
-1.695750e-04,-5.142902e+00,-5.671959e+00
-1.695375e-04,-5.142902e+00,-5.671959e+00
-1.695000e-04,-5.142902e+00,-5.671959e+00
-1.694625e-04,-5.142902e+00,-5.671959e+00
-1.694250e-04,-5.142902e+00,-5.667135e+00
-1.693875e-04,-5.142902e+00,-5.667135e+00
-1.693500e-04,-5.142902e+00,-5.667135e+00
-1.693125e-04,-5.142902e+00,-5.667135e+00
-1.692750e-04,-5.142902e+00,-5.662311e+00
-1.692375e-04,-5.136620e+00,-5.662311e+00
-1.692000e-04,-5.136620e+00,-5.662311e+00
-1.691625e-04,-5.136620e+00,-5.662311e+00
-1.691250e-04,-5.136620e+00,-5.662311e+00
-1.690875e-04,-5.136620e+00,-5.657487e+00
-1.690500e-04,-5.136620e+00,-5.657487e+00
-1.690125e-04,-5.136620e+00,-5.657487e+00
-1.689750e-04,-5.136620e+00,-5.657487e+00
-1.689375e-04,-5.136620e+00,-5.652663e+00
-1.689000e-04,-5.136620e+00,-5.652663e+00
-1.688625e-04,-5.130339e+00,-5.652663e+00
-1.688250e-04,-5.130339e+00,-5.652663e+00
-1.687875e-04,-5.130339e+00,-5.647839e+00
-1.687500e-04,-5.130339e+00,-5.647839e+00
-1.687125e-04,-5.130339e+00,-5.647839e+00
-1.686750e-04,-5.130339e+00,-5.647839e+00
-1.686375e-04,-5.130339e+00,-5.647839e+00
-1.686000e-04,-5.130339e+00,-5.647839e+00
-1.685625e-04,-5.124057e+00,-5.643014e+00
-1.685250e-04,-5.124057e+00,-5.643014e+00
-1.684875e-04,-5.124057e+00,-5.643014e+00
-1.684500e-04,-5.124057e+00,-5.643014e+00
-1.684125e-04,-5.117776e+00,-5.643014e+00
-1.683750e-04,-5.124057e+00,-5.638190e+00
-1.683375e-04,-5.117776e+00,-5.638190e+00
-1.683000e-04,-5.117776e+00,-5.638190e+00
-1.682625e-04,-5.117776e+00,-5.638190e+00
-1.682250e-04,-5.117776e+00,-5.633366e+00
-1.681875e-04,-5.111494e+00,-5.633366e+00
-1.681500e-04,-5.111494e+00,-5.633366e+00
-1.681125e-04,-5.111494e+00,-5.633366e+00
-1.680750e-04,-5.111494e+00,-5.633366e+00
-1.680375e-04,-5.105213e+00,-5.628542e+00
-1.680000e-04,-5.105213e+00,-5.628542e+00
-1.679625e-04,-5.105213e+00,-5.628542e+00
-1.679250e-04,-5.105213e+00,-5.623718e+00
-1.678875e-04,-5.098932e+00,-5.623718e+00
-1.678500e-04,-5.098932e+00,-5.623718e+00
-1.678125e-04,-5.098932e+00,-5.623718e+00
-1.677750e-04,-5.098932e+00,-5.623718e+00
-1.677375e-04,-5.092650e+00,-5.618894e+00
-1.677000e-04,-5.092650e+00,-5.618894e+00
-1.676625e-04,-5.092650e+00,-5.614070e+00
-1.676250e-04,-5.086369e+00,-5.614070e+00
-1.675875e-04,-5.086369e+00,-5.614070e+00
-1.675500e-04,-5.086369e+00,-5.614070e+00
-1.675125e-04,-5.080087e+00,-5.614070e+00
-1.674750e-04,-5.080087e+00,-5.609246e+00
-1.674375e-04,-5.080087e+00,-5.604421e+00
-1.674000e-04,-5.080087e+00,-5.604421e+00
-1.673625e-04,-5.073806e+00,-5.604421e+00
-1.673250e-04,-5.073806e+00,-5.604421e+00
-1.672875e-04,-5.073806e+00,-5.599597e+00
-1.672500e-04,-5.073806e+00,-5.599597e+00
-1.672125e-04,-5.073806e+00,-5.599597e+00
-1.671750e-04,-5.067525e+00,-5.594773e+00
-1.671375e-04,-5.067525e+00,-5.594773e+00
-1.671000e-04,-5.067525e+00,-5.594773e+00
-1.670625e-04,-5.067525e+00,-5.594773e+00
-1.670250e-04,-5.061243e+00,-5.589949e+00
-1.669875e-04,-5.061243e+00,-5.589949e+00
-1.669500e-04,-5.061243e+00,-5.589949e+00
-1.669125e-04,-5.054962e+00,-5.589949e+00
-1.668750e-04,-5.054962e+00,-5.585125e+00
-1.668375e-04,-5.054962e+00,-5.585125e+00
-1.668000e-04,-5.054962e+00,-5.585125e+00
-1.667625e-04,-5.054962e+00,-5.585125e+00
-1.667250e-04,-5.054962e+00,-5.580301e+00
-1.666875e-04,-5.054962e+00,-5.580301e+00
-1.666500e-04,-5.054962e+00,-5.580301e+00
-1.666125e-04,-5.054962e+00,-5.580301e+00
-1.665750e-04,-5.048680e+00,-5.580301e+00
-1.665375e-04,-5.048680e+00,-5.575477e+00
-1.665000e-04,-5.048680e+00,-5.575477e+00
-1.664625e-04,-5.048680e+00,-5.575477e+00
-1.664250e-04,-5.048680e+00,-5.575477e+00
-1.663875e-04,-5.048680e+00,-5.570653e+00
-1.663500e-04,-5.048680e+00,-5.570653e+00
-1.663125e-04,-5.048680e+00,-5.570653e+00
-1.662750e-04,-5.048680e+00,-5.570653e+00
-1.662375e-04,-5.042399e+00,-5.570653e+00
-1.662000e-04,-5.042399e+00,-5.570653e+00
-1.661625e-04,-5.042399e+00,-5.570653e+00
-1.661250e-04,-5.042399e+00,-5.570653e+00
-1.660875e-04,-5.042399e+00,-5.565828e+00
-1.660500e-04,-5.042399e+00,-5.565828e+00
-1.660125e-04,-5.042399e+00,-5.565828e+00
-1.659750e-04,-5.042399e+00,-5.565828e+00
-1.659375e-04,-5.042399e+00,-5.561004e+00
-1.659000e-04,-5.042399e+00,-5.561004e+00
-1.658625e-04,-5.036118e+00,-5.561004e+00
-1.658250e-04,-5.036118e+00,-5.556180e+00
-1.657875e-04,-5.036118e+00,-5.556180e+00
-1.657500e-04,-5.036118e+00,-5.556180e+00
-1.657125e-04,-5.036118e+00,-5.556180e+00
-1.656750e-04,-5.036118e+00,-5.556180e+00
-1.656375e-04,-5.036118e+00,-5.556180e+00
-1.656000e-04,-5.036118e+00,-5.551356e+00
-1.655625e-04,-5.036118e+00,-5.551356e+00
-1.655250e-04,-5.036118e+00,-5.551356e+00
-1.654875e-04,-5.036118e+00,-5.546532e+00
-1.654500e-04,-5.029836e+00,-5.546532e+00
-1.654125e-04,-5.029836e+00,-5.546532e+00
-1.653750e-04,-5.029836e+00,-5.546532e+00
-1.653375e-04,-5.029836e+00,-5.541708e+00
-1.653000e-04,-5.029836e+00,-5.541708e+00
-1.652625e-04,-5.023555e+00,-5.541708e+00
-1.652250e-04,-5.023555e+00,-5.541708e+00
-1.651875e-04,-5.023555e+00,-5.541708e+00
-1.651500e-04,-5.023555e+00,-5.536884e+00
-1.651125e-04,-5.023555e+00,-5.536884e+00
-1.650750e-04,-5.023555e+00,-5.532060e+00
-1.650375e-04,-5.023555e+00,-5.527236e+00
-1.650000e-04,-5.017273e+00,-5.532060e+00
-1.649625e-04,-5.017273e+00,-5.527236e+00
-1.649250e-04,-5.017273e+00,-5.527236e+00
-1.648875e-04,-5.017273e+00,-5.527236e+00
-1.648500e-04,-5.010992e+00,-5.527236e+00
-1.648125e-04,-5.010992e+00,-5.527236e+00
-1.647750e-04,-5.010992e+00,-5.522411e+00
-1.647375e-04,-5.010992e+00,-5.522411e+00
-1.647000e-04,-5.004711e+00,-5.517587e+00
-1.646625e-04,-5.004711e+00,-5.517587e+00
-1.646250e-04,-5.004711e+00,-5.517587e+00
-1.645875e-04,-5.004711e+00,-5.517587e+00
-1.645500e-04,-4.998429e+00,-5.517587e+00
-1.645125e-04,-4.998429e+00,-5.512763e+00
-1.644750e-04,-4.998429e+00,-5.507939e+00
-1.644375e-04,-4.992148e+00,-5.507939e+00
-1.644000e-04,-4.992148e+00,-5.507939e+00
-1.643625e-04,-4.992148e+00,-5.507939e+00
-1.643250e-04,-4.992148e+00,-5.503115e+00
-1.642875e-04,-4.985866e+00,-5.503115e+00
-1.642500e-04,-4.985866e+00,-5.503115e+00
-1.642125e-04,-4.985866e+00,-5.503115e+00
-1.641750e-04,-4.985866e+00,-5.503115e+00
-1.641375e-04,-4.979585e+00,-5.498291e+00
-1.641000e-04,-4.979585e+00,-5.498291e+00
-1.640625e-04,-4.973304e+00,-5.498291e+00
-1.640250e-04,-4.973304e+00,-5.498291e+00
-1.639875e-04,-4.973304e+00,-5.498291e+00
-1.639500e-04,-4.973304e+00,-5.493467e+00
-1.639125e-04,-4.973304e+00,-5.493467e+00
-1.638750e-04,-4.967022e+00,-5.493467e+00
-1.638375e-04,-4.967022e+00,-5.493467e+00
-1.638000e-04,-4.967022e+00,-5.488643e+00
-1.637625e-04,-4.960741e+00,-5.488643e+00
-1.637250e-04,-4.960741e+00,-5.488643e+00
-1.636875e-04,-4.960741e+00,-5.483818e+00
-1.636500e-04,-4.960741e+00,-5.483818e+00
-1.636125e-04,-4.960741e+00,-5.483818e+00
-1.635750e-04,-4.954459e+00,-5.483818e+00
-1.635375e-04,-4.960741e+00,-5.483818e+00
-1.635000e-04,-4.954459e+00,-5.478994e+00
-1.634625e-04,-4.954459e+00,-5.478994e+00
-1.634250e-04,-4.954459e+00,-5.478994e+00
-1.633875e-04,-4.954459e+00,-5.478994e+00
-1.633500e-04,-4.954459e+00,-5.478994e+00
-1.633125e-04,-4.954459e+00,-5.474170e+00
-1.632750e-04,-4.948178e+00,-5.474170e+00
-1.632375e-04,-4.948178e+00,-5.469346e+00
-1.632000e-04,-4.948178e+00,-5.469346e+00
-1.631625e-04,-4.948178e+00,-5.469346e+00
-1.631250e-04,-4.948178e+00,-5.469346e+00
-1.630875e-04,-4.948178e+00,-5.464522e+00
-1.630500e-04,-4.948178e+00,-5.464522e+00
-1.630125e-04,-4.948178e+00,-5.464522e+00
-1.629750e-04,-4.941897e+00,-5.464522e+00
-1.629375e-04,-4.941897e+00,-5.459698e+00
-1.629000e-04,-4.941897e+00,-5.459698e+00
-1.628625e-04,-4.941897e+00,-5.459698e+00
-1.628250e-04,-4.941897e+00,-5.459698e+00
-1.627875e-04,-4.941897e+00,-5.454874e+00
-1.627500e-04,-4.941897e+00,-5.450050e+00
-1.627125e-04,-4.941897e+00,-5.450050e+00
-1.626750e-04,-4.941897e+00,-5.450050e+00
-1.626375e-04,-4.941897e+00,-5.450050e+00
-1.626000e-04,-4.941897e+00,-5.450050e+00
-1.625625e-04,-4.941897e+00,-5.445225e+00
-1.625250e-04,-4.941897e+00,-5.445225e+00
-1.624875e-04,-4.935615e+00,-5.445225e+00
-1.624500e-04,-4.935615e+00,-5.440401e+00
-1.624125e-04,-4.935615e+00,-5.440401e+00
-1.623750e-04,-4.935615e+00,-5.440401e+00
-1.623375e-04,-4.935615e+00,-5.435577e+00
-1.623000e-04,-4.935615e+00,-5.435577e+00
-1.622625e-04,-4.935615e+00,-5.435577e+00
-1.622250e-04,-4.935615e+00,-5.435577e+00
-1.621875e-04,-4.935615e+00,-5.435577e+00
-1.621500e-04,-4.935615e+00,-5.430753e+00
-1.621125e-04,-4.929334e+00,-5.430753e+00
-1.620750e-04,-4.929334e+00,-5.425929e+00
-1.620375e-04,-4.929334e+00,-5.425929e+00
-1.620000e-04,-4.929334e+00,-5.425929e+00
-1.619625e-04,-4.929334e+00,-5.425929e+00
-1.619250e-04,-4.929334e+00,-5.425929e+00
-1.618875e-04,-4.929334e+00,-5.425929e+00
-1.618500e-04,-4.929334e+00,-5.421105e+00
-1.618125e-04,-4.923052e+00,-5.421105e+00
-1.617750e-04,-4.923052e+00,-5.421105e+00
-1.617375e-04,-4.923052e+00,-5.421105e+00
-1.617000e-04,-4.923052e+00,-5.421105e+00
-1.616625e-04,-4.923052e+00,-5.416281e+00
-1.616250e-04,-4.923052e+00,-5.416281e+00
-1.615875e-04,-4.916771e+00,-5.416281e+00
-1.615500e-04,-4.916771e+00,-5.416281e+00
-1.615125e-04,-4.916771e+00,-5.416281e+00
-1.614750e-04,-4.916771e+00,-5.416281e+00
-1.614375e-04,-4.910489e+00,-5.411457e+00
-1.614000e-04,-4.910489e+00,-5.411457e+00
-1.613625e-04,-4.910489e+00,-5.411457e+00
-1.613250e-04,-4.904208e+00,-5.411457e+00
-1.612875e-04,-4.910489e+00,-5.406633e+00
-1.612500e-04,-4.904208e+00,-5.406633e+00
-1.612125e-04,-4.904208e+00,-5.406633e+00
-1.611750e-04,-4.904208e+00,-5.406633e+00
-1.611375e-04,-4.897927e+00,-5.406633e+00
-1.611000e-04,-4.897927e+00,-5.401808e+00
-1.610625e-04,-4.897927e+00,-5.401808e+00
-1.610250e-04,-4.891645e+00,-5.401808e+00
-1.609875e-04,-4.891645e+00,-5.401808e+00
-1.609500e-04,-4.891645e+00,-5.396984e+00
-1.609125e-04,-4.885364e+00,-5.401808e+00
-1.608750e-04,-4.885364e+00,-5.396984e+00
-1.608375e-04,-4.885364e+00,-5.396984e+00
-1.608000e-04,-4.885364e+00,-5.396984e+00
-1.607625e-04,-4.885364e+00,-5.396984e+00
-1.607250e-04,-4.885364e+00,-5.392160e+00
-1.606875e-04,-4.879082e+00,-5.392160e+00
-1.606500e-04,-4.879082e+00,-5.392160e+00
-1.606125e-04,-4.872801e+00,-5.387336e+00
-1.605750e-04,-4.872801e+00,-5.387336e+00
-1.605375e-04,-4.872801e+00,-5.387336e+00
-1.605000e-04,-4.872801e+00,-5.382512e+00
-1.604625e-04,-4.872801e+00,-5.382512e+00
-1.604250e-04,-4.872801e+00,-5.382512e+00
-1.603875e-04,-4.866520e+00,-5.377688e+00
-1.603500e-04,-4.866520e+00,-5.377688e+00
-1.603125e-04,-4.866520e+00,-5.377688e+00
-1.602750e-04,-4.866520e+00,-5.377688e+00
-1.602375e-04,-4.860238e+00,-5.372864e+00
-1.602000e-04,-4.860238e+00,-5.372864e+00
-1.601625e-04,-4.860238e+00,-5.372864e+00
-1.601250e-04,-4.860238e+00,-5.368040e+00
-1.600875e-04,-4.860238e+00,-5.368040e+00
-1.600500e-04,-4.853957e+00,-5.368040e+00
-1.600125e-04,-4.853957e+00,-5.363215e+00
-1.599750e-04,-4.853957e+00,-5.363215e+00
-1.599375e-04,-4.853957e+00,-5.363215e+00
-1.599000e-04,-4.853957e+00,-5.363215e+00
-1.598625e-04,-4.853957e+00,-5.358391e+00
-1.598250e-04,-4.847675e+00,-5.358391e+00
-1.597875e-04,-4.853957e+00,-5.358391e+00
-1.597500e-04,-4.847675e+00,-5.358391e+00
-1.597125e-04,-4.847675e+00,-5.358391e+00
-1.596750e-04,-4.847675e+00,-5.353567e+00
-1.596375e-04,-4.847675e+00,-5.353567e+00
-1.596000e-04,-4.847675e+00,-5.353567e+00
-1.595625e-04,-4.847675e+00,-5.353567e+00
-1.595250e-04,-4.847675e+00,-5.348743e+00
-1.594875e-04,-4.841394e+00,-5.348743e+00
-1.594500e-04,-4.841394e+00,-5.348743e+00
-1.594125e-04,-4.841394e+00,-5.343919e+00
-1.593750e-04,-4.841394e+00,-5.343919e+00
-1.593375e-04,-4.841394e+00,-5.343919e+00
-1.593000e-04,-4.841394e+00,-5.343919e+00
-1.592625e-04,-4.841394e+00,-5.343919e+00
-1.592250e-04,-4.841394e+00,-5.343919e+00
-1.591875e-04,-4.841394e+00,-5.339095e+00
-1.591500e-04,-4.841394e+00,-5.339095e+00
-1.591125e-04,-4.841394e+00,-5.339095e+00
-1.590750e-04,-4.841394e+00,-5.339095e+00
-1.590375e-04,-4.841394e+00,-5.334271e+00
-1.590000e-04,-4.841394e+00,-5.334271e+00
-1.589625e-04,-4.835113e+00,-5.334271e+00
-1.589250e-04,-4.835113e+00,-5.334271e+00
-1.588875e-04,-4.835113e+00,-5.334271e+00
-1.588500e-04,-4.835113e+00,-5.329447e+00
-1.588125e-04,-4.835113e+00,-5.329447e+00
-1.587750e-04,-4.835113e+00,-5.329447e+00
-1.587375e-04,-4.835113e+00,-5.329447e+00
-1.587000e-04,-4.835113e+00,-5.329447e+00
-1.586625e-04,-4.835113e+00,-5.329447e+00
-1.586250e-04,-4.835113e+00,-5.324622e+00
-1.585875e-04,-4.835113e+00,-5.324622e+00
-1.585500e-04,-4.828831e+00,-5.324622e+00
-1.585125e-04,-4.828831e+00,-5.319798e+00
-1.584750e-04,-4.828831e+00,-5.319798e+00
-1.584375e-04,-4.828831e+00,-5.319798e+00
-1.584000e-04,-4.828831e+00,-5.319798e+00
-1.583625e-04,-4.828831e+00,-5.314974e+00
-1.583250e-04,-4.822550e+00,-5.314974e+00
-1.582875e-04,-4.822550e+00,-5.314974e+00
-1.582500e-04,-4.822550e+00,-5.310150e+00
-1.582125e-04,-4.822550e+00,-5.310150e+00
-1.581750e-04,-4.822550e+00,-5.310150e+00
-1.581375e-04,-4.822550e+00,-5.310150e+00
-1.581000e-04,-4.816268e+00,-5.305326e+00
-1.580625e-04,-4.816268e+00,-5.305326e+00
-1.580250e-04,-4.816268e+00,-5.305326e+00
-1.579875e-04,-4.816268e+00,-5.300502e+00
-1.579500e-04,-4.809987e+00,-5.300502e+00
-1.579125e-04,-4.809987e+00,-5.300502e+00
-1.578750e-04,-4.809987e+00,-5.295678e+00
-1.578375e-04,-4.809987e+00,-5.300502e+00
-1.578000e-04,-4.809987e+00,-5.295678e+00
-1.577625e-04,-4.803706e+00,-5.290854e+00
-1.577250e-04,-4.803706e+00,-5.295678e+00
-1.576875e-04,-4.803706e+00,-5.290854e+00
-1.576500e-04,-4.803706e+00,-5.290854e+00
-1.576125e-04,-4.803706e+00,-5.290854e+00
-1.575750e-04,-4.797424e+00,-5.286030e+00
-1.575375e-04,-4.797424e+00,-5.286030e+00
-1.575000e-04,-4.797424e+00,-5.286030e+00
-1.574625e-04,-4.791143e+00,-5.281205e+00
-1.574250e-04,-4.791143e+00,-5.281205e+00
-1.573875e-04,-4.791143e+00,-5.281205e+00
-1.573500e-04,-4.791143e+00,-5.281205e+00
-1.573125e-04,-4.784861e+00,-5.276381e+00
-1.572750e-04,-4.784861e+00,-5.276381e+00
-1.572375e-04,-4.784861e+00,-5.276381e+00
-1.572000e-04,-4.784861e+00,-5.276381e+00
-1.571625e-04,-4.778580e+00,-5.271557e+00
-1.571250e-04,-4.778580e+00,-5.271557e+00
-1.570875e-04,-4.772299e+00,-5.271557e+00
-1.570500e-04,-4.772299e+00,-5.266733e+00
-1.570125e-04,-4.772299e+00,-5.266733e+00
-1.569750e-04,-4.772299e+00,-5.266733e+00
-1.569375e-04,-4.772299e+00,-5.266733e+00
-1.569000e-04,-4.766017e+00,-5.266733e+00
-1.568625e-04,-4.766017e+00,-5.261909e+00
-1.568250e-04,-4.766017e+00,-5.261909e+00
-1.567875e-04,-4.766017e+00,-5.261909e+00
-1.567500e-04,-4.759736e+00,-5.261909e+00
-1.567125e-04,-4.759736e+00,-5.261909e+00
-1.566750e-04,-4.759736e+00,-5.257085e+00
-1.566375e-04,-4.759736e+00,-5.257085e+00
-1.566000e-04,-4.759736e+00,-5.257085e+00
-1.565625e-04,-4.753454e+00,-5.257085e+00
-1.565250e-04,-4.753454e+00,-5.257085e+00
-1.564875e-04,-4.753454e+00,-5.252261e+00
-1.564500e-04,-4.753454e+00,-5.252261e+00
-1.564125e-04,-4.753454e+00,-5.252261e+00
-1.563750e-04,-4.753454e+00,-5.252261e+00
-1.563375e-04,-4.753454e+00,-5.252261e+00
-1.563000e-04,-4.747173e+00,-5.247437e+00
-1.562625e-04,-4.747173e+00,-5.247437e+00
-1.562250e-04,-4.747173e+00,-5.247437e+00
-1.561875e-04,-4.747173e+00,-5.242612e+00
-1.561500e-04,-4.747173e+00,-5.242612e+00
-1.561125e-04,-4.747173e+00,-5.242612e+00
-1.560750e-04,-4.747173e+00,-5.242612e+00
-1.560375e-04,-4.747173e+00,-5.242612e+00
-1.560000e-04,-4.747173e+00,-5.237788e+00
-1.559625e-04,-4.740892e+00,-5.237788e+00
-1.559250e-04,-4.740892e+00,-5.237788e+00
-1.558875e-04,-4.740892e+00,-5.232964e+00
-1.558500e-04,-4.740892e+00,-5.232964e+00
-1.558125e-04,-4.740892e+00,-5.232964e+00
-1.557750e-04,-4.740892e+00,-5.228140e+00
-1.557375e-04,-4.740892e+00,-5.228140e+00
-1.557000e-04,-4.740892e+00,-5.223316e+00
-1.556625e-04,-4.740892e+00,-5.228140e+00
-1.556250e-04,-4.740892e+00,-5.223316e+00
-1.555875e-04,-4.740892e+00,-5.223316e+00
-1.555500e-04,-4.734610e+00,-5.223316e+00
-1.555125e-04,-4.734610e+00,-5.218492e+00
-1.554750e-04,-4.734610e+00,-5.218492e+00
-1.554375e-04,-4.734610e+00,-5.218492e+00
-1.554000e-04,-4.734610e+00,-5.213668e+00
-1.553625e-04,-4.734610e+00,-5.213668e+00
-1.553250e-04,-4.734610e+00,-5.213668e+00
-1.552875e-04,-4.734610e+00,-5.208844e+00
-1.552500e-04,-4.734610e+00,-5.208844e+00
-1.552125e-04,-4.734610e+00,-5.208844e+00
-1.551750e-04,-4.728329e+00,-5.208844e+00
-1.551375e-04,-4.734610e+00,-5.204019e+00
-1.551000e-04,-4.728329e+00,-5.204019e+00
-1.550625e-04,-4.728329e+00,-5.204019e+00
-1.550250e-04,-4.728329e+00,-5.199195e+00
-1.549875e-04,-4.728329e+00,-5.199195e+00
-1.549500e-04,-4.728329e+00,-5.199195e+00
-1.549125e-04,-4.728329e+00,-5.199195e+00
-1.548750e-04,-4.722047e+00,-5.194371e+00
-1.548375e-04,-4.722047e+00,-5.194371e+00
-1.548000e-04,-4.722047e+00,-5.194371e+00
-1.547625e-04,-4.722047e+00,-5.194371e+00
-1.547250e-04,-4.715766e+00,-5.189547e+00
-1.546875e-04,-4.715766e+00,-5.189547e+00
-1.546500e-04,-4.715766e+00,-5.189547e+00
-1.546125e-04,-4.715766e+00,-5.189547e+00
-1.545750e-04,-4.715766e+00,-5.189547e+00
-1.545375e-04,-4.715766e+00,-5.189547e+00
-1.545000e-04,-4.709484e+00,-5.184723e+00
-1.544625e-04,-4.709484e+00,-5.184723e+00
-1.544250e-04,-4.709484e+00,-5.184723e+00
-1.543875e-04,-4.703203e+00,-5.184723e+00
-1.543500e-04,-4.703203e+00,-5.184723e+00
-1.543125e-04,-4.703203e+00,-5.179899e+00
-1.542750e-04,-4.696922e+00,-5.179899e+00
-1.542375e-04,-4.696922e+00,-5.179899e+00
-1.542000e-04,-4.696922e+00,-5.179899e+00
-1.541625e-04,-4.696922e+00,-5.179899e+00
-1.541250e-04,-4.690640e+00,-5.175075e+00
-1.540875e-04,-4.690640e+00,-5.175075e+00
-1.540500e-04,-4.690640e+00,-5.175075e+00
-1.540125e-04,-4.684359e+00,-5.175075e+00
-1.539750e-04,-4.684359e+00,-5.175075e+00
-1.539375e-04,-4.684359e+00,-5.170251e+00
-1.539000e-04,-4.684359e+00,-5.170251e+00
-1.538625e-04,-4.678077e+00,-5.170251e+00
-1.538250e-04,-4.678077e+00,-5.170251e+00
-1.537875e-04,-4.678077e+00,-5.170251e+00
-1.537500e-04,-4.671796e+00,-5.165427e+00
-1.537125e-04,-4.671796e+00,-5.165427e+00
-1.536750e-04,-4.671796e+00,-5.165427e+00
-1.536375e-04,-4.671796e+00,-5.165427e+00
-1.536000e-04,-4.665515e+00,-5.160602e+00
-1.535625e-04,-4.665515e+00,-5.160602e+00
-1.535250e-04,-4.665515e+00,-5.155778e+00
-1.534875e-04,-4.665515e+00,-5.155778e+00
-1.534500e-04,-4.665515e+00,-5.155778e+00
-1.534125e-04,-4.665515e+00,-5.155778e+00
-1.533750e-04,-4.659233e+00,-5.150954e+00
-1.533375e-04,-4.659233e+00,-5.150954e+00
-1.533000e-04,-4.659233e+00,-5.150954e+00
-1.532625e-04,-4.652952e+00,-5.146130e+00
-1.532250e-04,-4.652952e+00,-5.146130e+00
-1.531875e-04,-4.652952e+00,-5.146130e+00
-1.531500e-04,-4.652952e+00,-5.141306e+00
-1.531125e-04,-4.652952e+00,-5.141306e+00
-1.530750e-04,-4.652952e+00,-5.141306e+00
-1.530375e-04,-4.646670e+00,-5.136482e+00
-1.530000e-04,-4.646670e+00,-5.136482e+00
-1.529625e-04,-4.646670e+00,-5.136482e+00
-1.529250e-04,-4.646670e+00,-5.136482e+00
-1.528875e-04,-4.646670e+00,-5.136482e+00
-1.528500e-04,-4.646670e+00,-5.136482e+00
-1.528125e-04,-4.646670e+00,-5.131658e+00
-1.527750e-04,-4.640389e+00,-5.126834e+00
-1.527375e-04,-4.646670e+00,-5.126834e+00
-1.527000e-04,-4.640389e+00,-5.126834e+00
-1.526625e-04,-4.640389e+00,-5.126834e+00
-1.526250e-04,-4.640389e+00,-5.122009e+00
-1.525875e-04,-4.640389e+00,-5.122009e+00
-1.525500e-04,-4.640389e+00,-5.122009e+00
-1.525125e-04,-4.640389e+00,-5.122009e+00
-1.524750e-04,-4.640389e+00,-5.122009e+00
-1.524375e-04,-4.640389e+00,-5.117185e+00
-1.524000e-04,-4.640389e+00,-5.117185e+00
-1.523625e-04,-4.640389e+00,-5.117185e+00
-1.523250e-04,-4.634108e+00,-5.117185e+00
-1.522875e-04,-4.640389e+00,-5.112361e+00
-1.522500e-04,-4.634108e+00,-5.112361e+00
-1.522125e-04,-4.634108e+00,-5.112361e+00
-1.521750e-04,-4.634108e+00,-5.112361e+00
-1.521375e-04,-4.634108e+00,-5.112361e+00
-1.521000e-04,-4.634108e+00,-5.107537e+00
-1.520625e-04,-4.634108e+00,-5.107537e+00
-1.520250e-04,-4.634108e+00,-5.107537e+00
-1.519875e-04,-4.627826e+00,-5.107537e+00
-1.519500e-04,-4.627826e+00,-5.107537e+00
-1.519125e-04,-4.627826e+00,-5.107537e+00
-1.518750e-04,-4.627826e+00,-5.102713e+00
-1.518375e-04,-4.627826e+00,-5.102713e+00
-1.518000e-04,-4.627826e+00,-5.102713e+00
-1.517625e-04,-4.627826e+00,-5.102713e+00
-1.517250e-04,-4.621545e+00,-5.097889e+00
-1.516875e-04,-4.621545e+00,-5.097889e+00
-1.516500e-04,-4.621545e+00,-5.097889e+00
-1.516125e-04,-4.621545e+00,-5.097889e+00
-1.515750e-04,-4.621545e+00,-5.097889e+00
-1.515375e-04,-4.621545e+00,-5.093065e+00
-1.515000e-04,-4.615263e+00,-5.093065e+00
-1.514625e-04,-4.615263e+00,-5.093065e+00
-1.514250e-04,-4.615263e+00,-5.088241e+00
-1.513875e-04,-4.615263e+00,-5.088241e+00
-1.513500e-04,-4.608982e+00,-5.088241e+00
-1.513125e-04,-4.608982e+00,-5.088241e+00
-1.512750e-04,-4.608982e+00,-5.088241e+00
-1.512375e-04,-4.608982e+00,-5.088241e+00
-1.512000e-04,-4.602701e+00,-5.083416e+00
-1.511625e-04,-4.602701e+00,-5.083416e+00
-1.511250e-04,-4.602701e+00,-5.078592e+00
-1.510875e-04,-4.596419e+00,-5.078592e+00
-1.510500e-04,-4.596419e+00,-5.078592e+00
-1.510125e-04,-4.596419e+00,-5.078592e+00
-1.509750e-04,-4.596419e+00,-5.078592e+00
-1.509375e-04,-4.590138e+00,-5.073768e+00
-1.509000e-04,-4.590138e+00,-5.073768e+00
-1.508625e-04,-4.590138e+00,-5.073768e+00
-1.508250e-04,-4.583856e+00,-5.068944e+00
-1.507875e-04,-4.583856e+00,-5.068944e+00
-1.507500e-04,-4.583856e+00,-5.064120e+00
-1.507125e-04,-4.583856e+00,-5.064120e+00
-1.506750e-04,-4.577575e+00,-5.064120e+00
-1.506375e-04,-4.577575e+00,-5.064120e+00
-1.506000e-04,-4.577575e+00,-5.059296e+00
-1.505625e-04,-4.577575e+00,-5.059296e+00
-1.505250e-04,-4.571294e+00,-5.059296e+00
-1.504875e-04,-4.571294e+00,-5.054472e+00
-1.504500e-04,-4.571294e+00,-5.054472e+00
-1.504125e-04,-4.571294e+00,-5.054472e+00
-1.503750e-04,-4.565012e+00,-5.054472e+00
-1.503375e-04,-4.565012e+00,-5.049648e+00
-1.503000e-04,-4.565012e+00,-5.049648e+00
-1.502625e-04,-4.565012e+00,-5.049648e+00
-1.502250e-04,-4.558731e+00,-5.049648e+00
-1.501875e-04,-4.558731e+00,-5.044824e+00
-1.501500e-04,-4.558731e+00,-5.044824e+00
-1.501125e-04,-4.558731e+00,-5.044824e+00
-1.500750e-04,-4.558731e+00,-5.039999e+00
-1.500375e-04,-4.552449e+00,-5.039999e+00
-1.500000e-04,-4.552449e+00,-5.039999e+00
-1.499625e-04,-4.552449e+00,-5.035175e+00
-1.499250e-04,-4.552449e+00,-5.039999e+00
-1.498875e-04,-4.552449e+00,-5.035175e+00
-1.498500e-04,-4.552449e+00,-5.035175e+00
-1.498125e-04,-4.546168e+00,-5.035175e+00
-1.497750e-04,-4.546168e+00,-5.035175e+00
-1.497375e-04,-4.546168e+00,-5.035175e+00
-1.497000e-04,-4.546168e+00,-5.030351e+00
-1.496625e-04,-4.546168e+00,-5.030351e+00
-1.496250e-04,-4.546168e+00,-5.030351e+00
-1.495875e-04,-4.546168e+00,-5.030351e+00
-1.495500e-04,-4.546168e+00,-5.025527e+00
-1.495125e-04,-4.546168e+00,-5.025527e+00
-1.494750e-04,-4.546168e+00,-5.025527e+00
-1.494375e-04,-4.539887e+00,-5.025527e+00
-1.494000e-04,-4.539887e+00,-5.025527e+00
-1.493625e-04,-4.539887e+00,-5.025527e+00
-1.493250e-04,-4.539887e+00,-5.020703e+00
-1.492875e-04,-4.539887e+00,-5.020703e+00
-1.492500e-04,-4.539887e+00,-5.020703e+00
-1.492125e-04,-4.539887e+00,-5.020703e+00
-1.491750e-04,-4.539887e+00,-5.020703e+00
-1.491375e-04,-4.539887e+00,-5.020703e+00
-1.491000e-04,-4.539887e+00,-5.015879e+00
-1.490625e-04,-4.539887e+00,-5.015879e+00
-1.490250e-04,-4.539887e+00,-5.015879e+00
-1.489875e-04,-4.533605e+00,-5.015879e+00
-1.489500e-04,-4.533605e+00,-5.011055e+00
-1.489125e-04,-4.533605e+00,-5.011055e+00
-1.488750e-04,-4.533605e+00,-5.011055e+00
-1.488375e-04,-4.533605e+00,-5.006231e+00
-1.488000e-04,-4.533605e+00,-5.006231e+00
-1.487625e-04,-4.533605e+00,-5.006231e+00
-1.487250e-04,-4.533605e+00,-5.006231e+00
-1.486875e-04,-4.533605e+00,-5.001406e+00
-1.486500e-04,-4.533605e+00,-5.001406e+00
-1.486125e-04,-4.533605e+00,-4.996582e+00
-1.485750e-04,-4.533605e+00,-4.996582e+00
-1.485375e-04,-4.527324e+00,-4.996582e+00
-1.485000e-04,-4.533605e+00,-4.996582e+00
-1.484625e-04,-4.527324e+00,-4.991758e+00
-1.484250e-04,-4.527324e+00,-4.991758e+00
-1.483875e-04,-4.527324e+00,-4.991758e+00
-1.483500e-04,-4.527324e+00,-4.986934e+00
-1.483125e-04,-4.527324e+00,-4.986934e+00
-1.482750e-04,-4.527324e+00,-4.986934e+00
-1.482375e-04,-4.527324e+00,-4.986934e+00
-1.482000e-04,-4.521042e+00,-4.982110e+00
-1.481625e-04,-4.521042e+00,-4.982110e+00
-1.481250e-04,-4.521042e+00,-4.982110e+00
-1.480875e-04,-4.521042e+00,-4.977286e+00
-1.480500e-04,-4.521042e+00,-4.977286e+00
-1.480125e-04,-4.521042e+00,-4.977286e+00
-1.479750e-04,-4.514761e+00,-4.972462e+00
-1.479375e-04,-4.514761e+00,-4.972462e+00
-1.479000e-04,-4.514761e+00,-4.972462e+00
-1.478625e-04,-4.514761e+00,-4.967638e+00
-1.478250e-04,-4.508479e+00,-4.972462e+00
-1.477875e-04,-4.508479e+00,-4.967638e+00
-1.477500e-04,-4.508479e+00,-4.967638e+00
-1.477125e-04,-4.508479e+00,-4.967638e+00
-1.476750e-04,-4.502198e+00,-4.962813e+00
-1.476375e-04,-4.502198e+00,-4.962813e+00
-1.476000e-04,-4.502198e+00,-4.962813e+00
-1.475625e-04,-4.495917e+00,-4.962813e+00
-1.475250e-04,-4.495917e+00,-4.962813e+00
-1.474875e-04,-4.495917e+00,-4.957989e+00
-1.474500e-04,-4.495917e+00,-4.957989e+00
-1.474125e-04,-4.495917e+00,-4.957989e+00
-1.473750e-04,-4.489635e+00,-4.957989e+00
-1.473375e-04,-4.489635e+00,-4.953165e+00
-1.473000e-04,-4.489635e+00,-4.953165e+00
-1.472625e-04,-4.483354e+00,-4.953165e+00
-1.472250e-04,-4.483354e+00,-4.953165e+00
-1.471875e-04,-4.483354e+00,-4.953165e+00
-1.471500e-04,-4.483354e+00,-4.953165e+00
-1.471125e-04,-4.477072e+00,-4.948341e+00
-1.470750e-04,-4.477072e+00,-4.948341e+00
-1.470375e-04,-4.477072e+00,-4.948341e+00
-1.470000e-04,-4.477072e+00,-4.948341e+00
-1.469625e-04,-4.470791e+00,-4.943517e+00
-1.469250e-04,-4.470791e+00,-4.943517e+00
-1.468875e-04,-4.470791e+00,-4.943517e+00
-1.468500e-04,-4.470791e+00,-4.943517e+00
-1.468125e-04,-4.464510e+00,-4.943517e+00
-1.467750e-04,-4.464510e+00,-4.943517e+00
-1.467375e-04,-4.464510e+00,-4.938693e+00
-1.467000e-04,-4.464510e+00,-4.938693e+00
-1.466625e-04,-4.464510e+00,-4.938693e+00
-1.466250e-04,-4.458228e+00,-4.933869e+00
-1.465875e-04,-4.458228e+00,-4.933869e+00
-1.465500e-04,-4.458228e+00,-4.933869e+00
-1.465125e-04,-4.458228e+00,-4.933869e+00
-1.464750e-04,-4.458228e+00,-4.929045e+00
-1.464375e-04,-4.451947e+00,-4.929045e+00
-1.464000e-04,-4.451947e+00,-4.929045e+00
-1.463625e-04,-4.451947e+00,-4.929045e+00
-1.463250e-04,-4.451947e+00,-4.924221e+00
-1.462875e-04,-4.451947e+00,-4.924221e+00
-1.462500e-04,-4.451947e+00,-4.924221e+00
-1.462125e-04,-4.445665e+00,-4.924221e+00
-1.461750e-04,-4.445665e+00,-4.919396e+00
-1.461375e-04,-4.445665e+00,-4.919396e+00
-1.461000e-04,-4.445665e+00,-4.914572e+00
-1.460625e-04,-4.445665e+00,-4.914572e+00
-1.460250e-04,-4.445665e+00,-4.914572e+00
-1.459875e-04,-4.445665e+00,-4.909748e+00
-1.459500e-04,-4.445665e+00,-4.909748e+00
-1.459125e-04,-4.445665e+00,-4.909748e+00
-1.458750e-04,-4.445665e+00,-4.909748e+00
-1.458375e-04,-4.439384e+00,-4.904924e+00
-1.458000e-04,-4.439384e+00,-4.904924e+00
-1.457625e-04,-4.439384e+00,-4.904924e+00
-1.457250e-04,-4.439384e+00,-4.900100e+00
-1.456875e-04,-4.439384e+00,-4.900100e+00
-1.456500e-04,-4.439384e+00,-4.900100e+00
-1.456125e-04,-4.439384e+00,-4.895276e+00
-1.455750e-04,-4.439384e+00,-4.895276e+00
-1.455375e-04,-4.439384e+00,-4.895276e+00
-1.455000e-04,-4.439384e+00,-4.890452e+00
-1.454625e-04,-4.439384e+00,-4.895276e+00
-1.454250e-04,-4.433103e+00,-4.890452e+00
-1.453875e-04,-4.433103e+00,-4.890452e+00
-1.453500e-04,-4.433103e+00,-4.890452e+00
-1.453125e-04,-4.433103e+00,-4.890452e+00
-1.452750e-04,-4.433103e+00,-4.885628e+00
-1.452375e-04,-4.433103e+00,-4.885628e+00
-1.452000e-04,-4.433103e+00,-4.885628e+00
-1.451625e-04,-4.433103e+00,-4.885628e+00
-1.451250e-04,-4.433103e+00,-4.885628e+00
-1.450875e-04,-4.433103e+00,-4.880803e+00
-1.450500e-04,-4.433103e+00,-4.880803e+00
-1.450125e-04,-4.433103e+00,-4.880803e+00
-1.449750e-04,-4.426821e+00,-4.880803e+00
-1.449375e-04,-4.426821e+00,-4.875979e+00
-1.449000e-04,-4.426821e+00,-4.875979e+00
-1.448625e-04,-4.426821e+00,-4.875979e+00
-1.448250e-04,-4.426821e+00,-4.875979e+00
-1.447875e-04,-4.426821e+00,-4.875979e+00
-1.447500e-04,-4.420540e+00,-4.871155e+00
-1.447125e-04,-4.420540e+00,-4.871155e+00
-1.446750e-04,-4.420540e+00,-4.871155e+00
-1.446375e-04,-4.420540e+00,-4.866331e+00
-1.446000e-04,-4.420540e+00,-4.866331e+00
-1.445625e-04,-4.420540e+00,-4.866331e+00
-1.445250e-04,-4.420540e+00,-4.866331e+00
-1.444875e-04,-4.414258e+00,-4.866331e+00
-1.444500e-04,-4.414258e+00,-4.866331e+00
-1.444125e-04,-4.414258e+00,-4.861507e+00
-1.443750e-04,-4.414258e+00,-4.861507e+00
-1.443375e-04,-4.407977e+00,-4.861507e+00
-1.443000e-04,-4.407977e+00,-4.861507e+00
-1.442625e-04,-4.407977e+00,-4.856683e+00
-1.442250e-04,-4.401696e+00,-4.856683e+00
-1.441875e-04,-4.401696e+00,-4.856683e+00
-1.441500e-04,-4.401696e+00,-4.851859e+00
-1.441125e-04,-4.401696e+00,-4.851859e+00
-1.440750e-04,-4.395414e+00,-4.851859e+00
-1.440375e-04,-4.401696e+00,-4.847035e+00
-1.440000e-04,-4.395414e+00,-4.851859e+00
-1.439625e-04,-4.395414e+00,-4.847035e+00
-1.439250e-04,-4.389133e+00,-4.842210e+00
-1.438875e-04,-4.389133e+00,-4.842210e+00
-1.438500e-04,-4.389133e+00,-4.842210e+00
-1.438125e-04,-4.389133e+00,-4.837386e+00
-1.437750e-04,-4.382851e+00,-4.837386e+00
-1.437375e-04,-4.382851e+00,-4.837386e+00
-1.437000e-04,-4.382851e+00,-4.837386e+00
-1.436625e-04,-4.376570e+00,-4.832562e+00
-1.436250e-04,-4.376570e+00,-4.832562e+00
-1.435875e-04,-4.376570e+00,-4.827738e+00
-1.435500e-04,-4.370289e+00,-4.827738e+00
-1.435125e-04,-4.370289e+00,-4.827738e+00
-1.434750e-04,-4.370289e+00,-4.827738e+00
-1.434375e-04,-4.364007e+00,-4.827738e+00
-1.434000e-04,-4.364007e+00,-4.827738e+00
-1.433625e-04,-4.364007e+00,-4.822914e+00
-1.433250e-04,-4.364007e+00,-4.822914e+00
-1.432875e-04,-4.364007e+00,-4.818090e+00
-1.432500e-04,-4.364007e+00,-4.818090e+00
-1.432125e-04,-4.357726e+00,-4.818090e+00
-1.431750e-04,-4.357726e+00,-4.818090e+00
-1.431375e-04,-4.357726e+00,-4.818090e+00
-1.431000e-04,-4.357726e+00,-4.813266e+00
-1.430625e-04,-4.351444e+00,-4.813266e+00
-1.430250e-04,-4.351444e+00,-4.813266e+00
-1.429875e-04,-4.351444e+00,-4.813266e+00
-1.429500e-04,-4.351444e+00,-4.808442e+00
-1.429125e-04,-4.351444e+00,-4.808442e+00
-1.428750e-04,-4.351444e+00,-4.808442e+00
-1.428375e-04,-4.351444e+00,-4.808442e+00
-1.428000e-04,-4.345163e+00,-4.808442e+00
-1.427625e-04,-4.345163e+00,-4.803618e+00
-1.427250e-04,-4.345163e+00,-4.803618e+00
-1.426875e-04,-4.345163e+00,-4.803618e+00
-1.426500e-04,-4.345163e+00,-4.803618e+00
-1.426125e-04,-4.345163e+00,-4.798793e+00
-1.425750e-04,-4.345163e+00,-4.798793e+00
-1.425375e-04,-4.338882e+00,-4.798793e+00
-1.425000e-04,-4.345163e+00,-4.798793e+00
-1.424625e-04,-4.338882e+00,-4.798793e+00
-1.424250e-04,-4.338882e+00,-4.798793e+00
-1.423875e-04,-4.338882e+00,-4.798793e+00
-1.423500e-04,-4.338882e+00,-4.793969e+00
-1.423125e-04,-4.338882e+00,-4.793969e+00
-1.422750e-04,-4.338882e+00,-4.793969e+00
-1.422375e-04,-4.338882e+00,-4.793969e+00
-1.422000e-04,-4.338882e+00,-4.793969e+00
-1.421625e-04,-4.338882e+00,-4.793969e+00
-1.421250e-04,-4.338882e+00,-4.789145e+00
-1.420875e-04,-4.332600e+00,-4.789145e+00
-1.420500e-04,-4.338882e+00,-4.789145e+00
-1.420125e-04,-4.332600e+00,-4.789145e+00
-1.419750e-04,-4.332600e+00,-4.789145e+00
-1.419375e-04,-4.332600e+00,-4.784321e+00
-1.419000e-04,-4.332600e+00,-4.784321e+00
-1.418625e-04,-4.332600e+00,-4.784321e+00
-1.418250e-04,-4.332600e+00,-4.784321e+00
-1.417875e-04,-4.332600e+00,-4.779497e+00
-1.417500e-04,-4.332600e+00,-4.779497e+00
-1.417125e-04,-4.326319e+00,-4.779497e+00
-1.416750e-04,-4.326319e+00,-4.779497e+00
-1.416375e-04,-4.326319e+00,-4.774673e+00
-1.416000e-04,-4.326319e+00,-4.774673e+00
-1.415625e-04,-4.326319e+00,-4.774673e+00
-1.415250e-04,-4.326319e+00,-4.769849e+00
-1.414875e-04,-4.326319e+00,-4.769849e+00
-1.414500e-04,-4.320037e+00,-4.769849e+00
-1.414125e-04,-4.320037e+00,-4.769849e+00
-1.413750e-04,-4.320037e+00,-4.765025e+00
-1.413375e-04,-4.320037e+00,-4.765025e+00
-1.413000e-04,-4.320037e+00,-4.765025e+00
-1.412625e-04,-4.313756e+00,-4.765025e+00
-1.412250e-04,-4.313756e+00,-4.760200e+00
-1.411875e-04,-4.313756e+00,-4.760200e+00
-1.411500e-04,-4.313756e+00,-4.760200e+00
-1.411125e-04,-4.313756e+00,-4.760200e+00
-1.410750e-04,-4.307474e+00,-4.750552e+00
-1.410375e-04,-4.307474e+00,-4.755376e+00
-1.410000e-04,-4.307474e+00,-4.750552e+00
-1.409625e-04,-4.307474e+00,-4.750552e+00
-1.409250e-04,-4.301193e+00,-4.750552e+00
-1.408875e-04,-4.301193e+00,-4.745728e+00
-1.408500e-04,-4.301193e+00,-4.745728e+00
-1.408125e-04,-4.301193e+00,-4.745728e+00
-1.407750e-04,-4.294912e+00,-4.740904e+00
-1.407375e-04,-4.294912e+00,-4.740904e+00
-1.407000e-04,-4.294912e+00,-4.740904e+00
-1.406625e-04,-4.288630e+00,-4.740904e+00
-1.406250e-04,-4.288630e+00,-4.736080e+00
-1.405875e-04,-4.288630e+00,-4.736080e+00
-1.405500e-04,-4.288630e+00,-4.736080e+00
-1.405125e-04,-4.282349e+00,-4.731256e+00
-1.404750e-04,-4.282349e+00,-4.731256e+00
-1.404375e-04,-4.282349e+00,-4.731256e+00
-1.404000e-04,-4.276067e+00,-4.731256e+00
-1.403625e-04,-4.276067e+00,-4.731256e+00
-1.403250e-04,-4.276067e+00,-4.726432e+00
-1.402875e-04,-4.276067e+00,-4.726432e+00
-1.402500e-04,-4.269786e+00,-4.726432e+00
-1.402125e-04,-4.269786e+00,-4.721607e+00
-1.401750e-04,-4.269786e+00,-4.721607e+00
-1.401375e-04,-4.269786e+00,-4.721607e+00
-1.401000e-04,-4.263505e+00,-4.721607e+00
-1.400625e-04,-4.263505e+00,-4.716783e+00
-1.400250e-04,-4.263505e+00,-4.716783e+00
-1.399875e-04,-4.257223e+00,-4.716783e+00
-1.399500e-04,-4.257223e+00,-4.716783e+00
-1.399125e-04,-4.257223e+00,-4.716783e+00
-1.398750e-04,-4.257223e+00,-4.711959e+00
-1.398375e-04,-4.257223e+00,-4.711959e+00
-1.398000e-04,-4.257223e+00,-4.711959e+00
-1.397625e-04,-4.250942e+00,-4.711959e+00
-1.397250e-04,-4.250942e+00,-4.707135e+00
-1.396875e-04,-4.250942e+00,-4.707135e+00
-1.396500e-04,-4.250942e+00,-4.707135e+00
-1.396125e-04,-4.250942e+00,-4.702311e+00
-1.395750e-04,-4.250942e+00,-4.702311e+00
-1.395375e-04,-4.244660e+00,-4.702311e+00
-1.395000e-04,-4.244660e+00,-4.702311e+00
-1.394625e-04,-4.244660e+00,-4.697487e+00
-1.394250e-04,-4.244660e+00,-4.697487e+00
-1.393875e-04,-4.244660e+00,-4.697487e+00
-1.393500e-04,-4.244660e+00,-4.697487e+00
-1.393125e-04,-4.244660e+00,-4.692663e+00
-1.392750e-04,-4.238379e+00,-4.692663e+00
-1.392375e-04,-4.238379e+00,-4.692663e+00
-1.392000e-04,-4.244660e+00,-4.687839e+00
-1.391625e-04,-4.238379e+00,-4.687839e+00
-1.391250e-04,-4.238379e+00,-4.687839e+00
-1.390875e-04,-4.238379e+00,-4.687839e+00
-1.390500e-04,-4.238379e+00,-4.683015e+00
-1.390125e-04,-4.238379e+00,-4.683015e+00
-1.389750e-04,-4.238379e+00,-4.683015e+00
-1.389375e-04,-4.238379e+00,-4.678190e+00
-1.389000e-04,-4.238379e+00,-4.678190e+00
-1.388625e-04,-4.238379e+00,-4.678190e+00
-1.388250e-04,-4.232098e+00,-4.673366e+00
-1.387875e-04,-4.232098e+00,-4.668542e+00
-1.387500e-04,-4.232098e+00,-4.668542e+00
-1.387125e-04,-4.232098e+00,-4.668542e+00
-1.386750e-04,-4.232098e+00,-4.668542e+00
-1.386375e-04,-4.232098e+00,-4.663718e+00
-1.386000e-04,-4.232098e+00,-4.663718e+00
-1.385625e-04,-4.232098e+00,-4.663718e+00
-1.385250e-04,-4.232098e+00,-4.663718e+00
-1.384875e-04,-4.232098e+00,-4.658894e+00
-1.384500e-04,-4.225816e+00,-4.658894e+00
-1.384125e-04,-4.225816e+00,-4.658894e+00
-1.383750e-04,-4.225816e+00,-4.658894e+00
-1.383375e-04,-4.225816e+00,-4.654070e+00
-1.383000e-04,-4.225816e+00,-4.654070e+00
-1.382625e-04,-4.225816e+00,-4.654070e+00
-1.382250e-04,-4.225816e+00,-4.654070e+00
-1.381875e-04,-4.219535e+00,-4.654070e+00
-1.381500e-04,-4.219535e+00,-4.649246e+00
-1.381125e-04,-4.219535e+00,-4.649246e+00
-1.380750e-04,-4.219535e+00,-4.649246e+00
-1.380375e-04,-4.219535e+00,-4.649246e+00
-1.380000e-04,-4.213253e+00,-4.644422e+00
-1.379625e-04,-4.213253e+00,-4.649246e+00
-1.379250e-04,-4.213253e+00,-4.644422e+00
-1.378875e-04,-4.213253e+00,-4.644422e+00
-1.378500e-04,-4.206972e+00,-4.644422e+00
-1.378125e-04,-4.206972e+00,-4.644422e+00
-1.377750e-04,-4.206972e+00,-4.639597e+00
-1.377375e-04,-4.206972e+00,-4.639597e+00
-1.377000e-04,-4.200691e+00,-4.639597e+00
-1.376625e-04,-4.200691e+00,-4.639597e+00
-1.376250e-04,-4.200691e+00,-4.639597e+00
-1.375875e-04,-4.194409e+00,-4.634773e+00
-1.375500e-04,-4.194409e+00,-4.634773e+00
-1.375125e-04,-4.194409e+00,-4.634773e+00
-1.374750e-04,-4.194409e+00,-4.634773e+00
-1.374375e-04,-4.188128e+00,-4.634773e+00
-1.374000e-04,-4.188128e+00,-4.634773e+00
-1.373625e-04,-4.188128e+00,-4.629949e+00
-1.373250e-04,-4.188128e+00,-4.629949e+00
-1.372875e-04,-4.181846e+00,-4.625125e+00
-1.372500e-04,-4.181846e+00,-4.625125e+00
-1.372125e-04,-4.175565e+00,-4.625125e+00
-1.371750e-04,-4.175565e+00,-4.625125e+00
-1.371375e-04,-4.175565e+00,-4.620301e+00
-1.371000e-04,-4.175565e+00,-4.620301e+00
-1.370625e-04,-4.169284e+00,-4.620301e+00
-1.370250e-04,-4.169284e+00,-4.620301e+00
-1.369875e-04,-4.169284e+00,-4.615477e+00
-1.369500e-04,-4.169284e+00,-4.615477e+00
-1.369125e-04,-4.169284e+00,-4.615477e+00
-1.368750e-04,-4.163002e+00,-4.615477e+00
-1.368375e-04,-4.163002e+00,-4.610653e+00
-1.368000e-04,-4.163002e+00,-4.610653e+00
-1.367625e-04,-4.163002e+00,-4.610653e+00
-1.367250e-04,-4.163002e+00,-4.605829e+00
-1.366875e-04,-4.156721e+00,-4.605829e+00
-1.366500e-04,-4.156721e+00,-4.605829e+00
-1.366125e-04,-4.156721e+00,-4.601004e+00
-1.365750e-04,-4.156721e+00,-4.601004e+00
-1.365375e-04,-4.150439e+00,-4.596180e+00
-1.365000e-04,-4.150439e+00,-4.601004e+00
-1.364625e-04,-4.150439e+00,-4.596180e+00
-1.364250e-04,-4.150439e+00,-4.596180e+00
-1.363875e-04,-4.150439e+00,-4.596180e+00
-1.363500e-04,-4.150439e+00,-4.591356e+00
-1.363125e-04,-4.150439e+00,-4.591356e+00
-1.362750e-04,-4.144158e+00,-4.591356e+00
-1.362375e-04,-4.144158e+00,-4.586532e+00
-1.362000e-04,-4.144158e+00,-4.586532e+00
-1.361625e-04,-4.144158e+00,-4.586532e+00
-1.361250e-04,-4.144158e+00,-4.581708e+00
-1.360875e-04,-4.144158e+00,-4.581708e+00
-1.360500e-04,-4.144158e+00,-4.581708e+00
-1.360125e-04,-4.144158e+00,-4.581708e+00
-1.359750e-04,-4.137876e+00,-4.576884e+00
-1.359375e-04,-4.137876e+00,-4.581708e+00
-1.359000e-04,-4.137876e+00,-4.576884e+00
-1.358625e-04,-4.137876e+00,-4.576884e+00
-1.358250e-04,-4.137876e+00,-4.576884e+00
-1.357875e-04,-4.137876e+00,-4.576884e+00
-1.357500e-04,-4.137876e+00,-4.572060e+00
-1.357125e-04,-4.137876e+00,-4.572060e+00
-1.356750e-04,-4.137876e+00,-4.572060e+00
-1.356375e-04,-4.137876e+00,-4.567236e+00
-1.356000e-04,-4.137876e+00,-4.567236e+00
-1.355625e-04,-4.137876e+00,-4.567236e+00
-1.355250e-04,-4.137876e+00,-4.567236e+00
-1.354875e-04,-4.137876e+00,-4.562412e+00
-1.354500e-04,-4.137876e+00,-4.562412e+00
-1.354125e-04,-4.131595e+00,-4.562412e+00
-1.353750e-04,-4.131595e+00,-4.562412e+00
-1.353375e-04,-4.131595e+00,-4.562412e+00
-1.353000e-04,-4.131595e+00,-4.562412e+00
-1.352625e-04,-4.131595e+00,-4.557587e+00
-1.352250e-04,-4.131595e+00,-4.557587e+00
-1.351875e-04,-4.131595e+00,-4.557587e+00
-1.351500e-04,-4.131595e+00,-4.557587e+00
-1.351125e-04,-4.131595e+00,-4.552763e+00
-1.350750e-04,-4.131595e+00,-4.552763e+00
-1.350375e-04,-4.131595e+00,-4.552763e+00
-1.350000e-04,-4.125314e+00,-4.552763e+00
-1.349625e-04,-4.125314e+00,-4.547939e+00
-1.349250e-04,-4.125314e+00,-4.543115e+00
-1.348875e-04,-4.125314e+00,-4.547939e+00
-1.348500e-04,-4.125314e+00,-4.543115e+00
-1.348125e-04,-4.125314e+00,-4.543115e+00
-1.347750e-04,-4.125314e+00,-4.543115e+00
-1.347375e-04,-4.119032e+00,-4.538291e+00
-1.347000e-04,-4.119032e+00,-4.543115e+00
-1.346625e-04,-4.119032e+00,-4.538291e+00
-1.346250e-04,-4.119032e+00,-4.533467e+00
-1.345875e-04,-4.119032e+00,-4.533467e+00
-1.345500e-04,-4.112751e+00,-4.533467e+00
-1.345125e-04,-4.112751e+00,-4.533467e+00
-1.344750e-04,-4.112751e+00,-4.533467e+00
-1.344375e-04,-4.112751e+00,-4.528643e+00
-1.344000e-04,-4.106469e+00,-4.528643e+00
-1.343625e-04,-4.106469e+00,-4.523819e+00
-1.343250e-04,-4.106469e+00,-4.523819e+00
-1.342875e-04,-4.100188e+00,-4.523819e+00
-1.342500e-04,-4.106469e+00,-4.523819e+00
-1.342125e-04,-4.100188e+00,-4.518994e+00
-1.341750e-04,-4.100188e+00,-4.518994e+00
-1.341375e-04,-4.100188e+00,-4.518994e+00
-1.341000e-04,-4.093907e+00,-4.514170e+00
-1.340625e-04,-4.093907e+00,-4.514170e+00
-1.340250e-04,-4.093907e+00,-4.514170e+00
-1.339875e-04,-4.087625e+00,-4.509346e+00
-1.339500e-04,-4.087625e+00,-4.509346e+00
-1.339125e-04,-4.087625e+00,-4.509346e+00
-1.338750e-04,-4.087625e+00,-4.509346e+00
-1.338375e-04,-4.087625e+00,-4.504522e+00
-1.338000e-04,-4.081344e+00,-4.504522e+00
-1.337625e-04,-4.081344e+00,-4.504522e+00
-1.337250e-04,-4.075062e+00,-4.504522e+00
-1.336875e-04,-4.075062e+00,-4.499698e+00
-1.336500e-04,-4.075062e+00,-4.499698e+00
-1.336125e-04,-4.075062e+00,-4.499698e+00
-1.335750e-04,-4.075062e+00,-4.499698e+00
-1.335375e-04,-4.068781e+00,-4.499698e+00
-1.335000e-04,-4.068781e+00,-4.494874e+00
-1.334625e-04,-4.068781e+00,-4.494874e+00
-1.334250e-04,-4.062500e+00,-4.494874e+00
-1.333875e-04,-4.062500e+00,-4.494874e+00
-1.333500e-04,-4.062500e+00,-4.494874e+00
-1.333125e-04,-4.062500e+00,-4.490050e+00
-1.332750e-04,-4.062500e+00,-4.490050e+00
-1.332375e-04,-4.056218e+00,-4.490050e+00
-1.332000e-04,-4.056218e+00,-4.490050e+00
-1.331625e-04,-4.056218e+00,-4.490050e+00
-1.331250e-04,-4.056218e+00,-4.490050e+00
-1.330875e-04,-4.049937e+00,-4.490050e+00
-1.330500e-04,-4.049937e+00,-4.485226e+00
-1.330125e-04,-4.049937e+00,-4.485226e+00
-1.329750e-04,-4.049937e+00,-4.485226e+00
-1.329375e-04,-4.049937e+00,-4.485226e+00
-1.329000e-04,-4.049937e+00,-4.485226e+00
-1.328625e-04,-4.043655e+00,-4.480401e+00
-1.328250e-04,-4.043655e+00,-4.480401e+00
-1.327875e-04,-4.043655e+00,-4.480401e+00
-1.327500e-04,-4.043655e+00,-4.480401e+00
-1.327125e-04,-4.043655e+00,-4.480401e+00
-1.326750e-04,-4.043655e+00,-4.475577e+00
-1.326375e-04,-4.043655e+00,-4.475577e+00
-1.326000e-04,-4.043655e+00,-4.475577e+00
-1.325625e-04,-4.043655e+00,-4.475577e+00
-1.325250e-04,-4.043655e+00,-4.475577e+00
-1.324875e-04,-4.037374e+00,-4.470753e+00
-1.324500e-04,-4.037374e+00,-4.470753e+00
-1.324125e-04,-4.037374e+00,-4.470753e+00
-1.323750e-04,-4.037374e+00,-4.470753e+00
-1.323375e-04,-4.037374e+00,-4.465929e+00
-1.323000e-04,-4.037374e+00,-4.465929e+00
-1.322625e-04,-4.037374e+00,-4.465929e+00
-1.322250e-04,-4.037374e+00,-4.461105e+00
-1.321875e-04,-4.037374e+00,-4.461105e+00
-1.321500e-04,-4.037374e+00,-4.461105e+00
-1.321125e-04,-4.037374e+00,-4.461105e+00
-1.320750e-04,-4.037374e+00,-4.456281e+00
-1.320375e-04,-4.037374e+00,-4.456281e+00
-1.320000e-04,-4.037374e+00,-4.456281e+00
-1.319625e-04,-4.037374e+00,-4.456281e+00
-1.319250e-04,-4.031093e+00,-4.451457e+00
-1.318875e-04,-4.031093e+00,-4.451457e+00
-1.318500e-04,-4.031093e+00,-4.446633e+00
-1.318125e-04,-4.031093e+00,-4.446633e+00
-1.317750e-04,-4.031093e+00,-4.446633e+00
-1.317375e-04,-4.031093e+00,-4.446633e+00
-1.317000e-04,-4.031093e+00,-4.441809e+00
-1.316625e-04,-4.031093e+00,-4.441809e+00
-1.316250e-04,-4.031093e+00,-4.441809e+00
-1.315875e-04,-4.031093e+00,-4.436984e+00
-1.315500e-04,-4.031093e+00,-4.441809e+00
-1.315125e-04,-4.024811e+00,-4.436984e+00
-1.314750e-04,-4.031093e+00,-4.436984e+00
-1.314375e-04,-4.024811e+00,-4.432160e+00
-1.314000e-04,-4.024811e+00,-4.432160e+00
-1.313625e-04,-4.024811e+00,-4.432160e+00
-1.313250e-04,-4.024811e+00,-4.432160e+00
-1.312875e-04,-4.024811e+00,-4.427336e+00
-1.312500e-04,-4.024811e+00,-4.422512e+00
-1.312125e-04,-4.018530e+00,-4.427336e+00
-1.311750e-04,-4.018530e+00,-4.422512e+00
-1.311375e-04,-4.018530e+00,-4.422512e+00
-1.311000e-04,-4.018530e+00,-4.422512e+00
-1.310625e-04,-4.018530e+00,-4.422512e+00
-1.310250e-04,-4.012248e+00,-4.417688e+00
-1.309875e-04,-4.012248e+00,-4.417688e+00
-1.309500e-04,-4.012248e+00,-4.417688e+00
-1.309125e-04,-4.012248e+00,-4.417688e+00
-1.308750e-04,-4.005967e+00,-4.417688e+00
-1.308375e-04,-4.005967e+00,-4.412864e+00
-1.308000e-04,-4.005967e+00,-4.412864e+00
-1.307625e-04,-4.005967e+00,-4.412864e+00
-1.307250e-04,-3.999686e+00,-4.412864e+00
-1.306875e-04,-3.999686e+00,-4.412864e+00
-1.306500e-04,-3.999686e+00,-4.408040e+00
-1.306125e-04,-3.999686e+00,-4.408040e+00
-1.305750e-04,-3.993404e+00,-4.408040e+00
-1.305375e-04,-3.993404e+00,-4.408040e+00
-1.305000e-04,-3.993404e+00,-4.408040e+00
-1.304625e-04,-3.993404e+00,-4.403216e+00
-1.304250e-04,-3.987123e+00,-4.403216e+00
-1.303875e-04,-3.987123e+00,-4.403216e+00
-1.303500e-04,-3.980841e+00,-4.403216e+00
-1.303125e-04,-3.980841e+00,-4.403216e+00
-1.302750e-04,-3.980841e+00,-4.398391e+00
-1.302375e-04,-3.980841e+00,-4.398391e+00
-1.302000e-04,-3.974560e+00,-4.398391e+00
-1.301625e-04,-3.974560e+00,-4.393567e+00
-1.301250e-04,-3.974560e+00,-4.393567e+00
-1.300875e-04,-3.968279e+00,-4.393567e+00
-1.300500e-04,-3.968279e+00,-4.388743e+00
-1.300125e-04,-3.968279e+00,-4.388743e+00
-1.299750e-04,-3.968279e+00,-4.388743e+00
-1.299375e-04,-3.968279e+00,-4.388743e+00
-1.299000e-04,-3.961997e+00,-4.383919e+00
-1.298625e-04,-3.961997e+00,-4.383919e+00
-1.298250e-04,-3.961997e+00,-4.383919e+00
-1.297875e-04,-3.961997e+00,-4.379095e+00
-1.297500e-04,-3.955716e+00,-4.379095e+00
-1.297125e-04,-3.955716e+00,-4.374271e+00
-1.296750e-04,-3.955716e+00,-4.379095e+00
-1.296375e-04,-3.955716e+00,-4.374271e+00
-1.296000e-04,-3.955716e+00,-4.374271e+00
-1.295625e-04,-3.949434e+00,-4.374271e+00
-1.295250e-04,-3.949434e+00,-4.369447e+00
-1.294875e-04,-3.949434e+00,-4.369447e+00
-1.294500e-04,-3.949434e+00,-4.364623e+00
-1.294125e-04,-3.949434e+00,-4.364623e+00
-1.293750e-04,-3.943153e+00,-4.364623e+00
-1.293375e-04,-3.943153e+00,-4.364623e+00
-1.293000e-04,-3.943153e+00,-4.359798e+00
-1.292625e-04,-3.943153e+00,-4.359798e+00
-1.292250e-04,-3.943153e+00,-4.359798e+00
-1.291875e-04,-3.943153e+00,-4.359798e+00
-1.291500e-04,-3.943153e+00,-4.354974e+00
-1.291125e-04,-3.943153e+00,-4.354974e+00
-1.290750e-04,-3.936871e+00,-4.354974e+00
-1.290375e-04,-3.936871e+00,-4.350150e+00
-1.290000e-04,-3.936871e+00,-4.350150e+00
-1.289625e-04,-3.936871e+00,-4.350150e+00
-1.289250e-04,-3.936871e+00,-4.350150e+00
-1.288875e-04,-3.936871e+00,-4.345326e+00
-1.288500e-04,-3.936871e+00,-4.345326e+00
-1.288125e-04,-3.936871e+00,-4.345326e+00
-1.287750e-04,-3.936871e+00,-4.345326e+00
-1.287375e-04,-3.936871e+00,-4.345326e+00
-1.287000e-04,-3.936871e+00,-4.340502e+00
-1.286625e-04,-3.936871e+00,-4.340502e+00
-1.286250e-04,-3.936871e+00,-4.340502e+00
-1.285875e-04,-3.930590e+00,-4.340502e+00
-1.285500e-04,-3.930590e+00,-4.335678e+00
-1.285125e-04,-3.930590e+00,-4.340502e+00
-1.284750e-04,-3.930590e+00,-4.335678e+00
-1.284375e-04,-3.930590e+00,-4.335678e+00
-1.284000e-04,-3.930590e+00,-4.335678e+00
-1.283625e-04,-3.930590e+00,-4.335678e+00
-1.283250e-04,-3.930590e+00,-4.335678e+00
-1.282875e-04,-3.930590e+00,-4.330854e+00
-1.282500e-04,-3.924309e+00,-4.330854e+00
-1.282125e-04,-3.924309e+00,-4.330854e+00
-1.281750e-04,-3.924309e+00,-4.330854e+00
-1.281375e-04,-3.924309e+00,-4.326030e+00
-1.281000e-04,-3.924309e+00,-4.326030e+00
-1.280625e-04,-3.924309e+00,-4.326030e+00
-1.280250e-04,-3.924309e+00,-4.326030e+00
-1.279875e-04,-3.918027e+00,-4.326030e+00
-1.279500e-04,-3.918027e+00,-4.321206e+00
-1.279125e-04,-3.918027e+00,-4.321206e+00
-1.278750e-04,-3.918027e+00,-4.321206e+00
-1.278375e-04,-3.911746e+00,-4.316381e+00
-1.278000e-04,-3.918027e+00,-4.316381e+00
-1.277625e-04,-3.911746e+00,-4.316381e+00
-1.277250e-04,-3.911746e+00,-4.316381e+00
-1.276875e-04,-3.911746e+00,-4.316381e+00
-1.276500e-04,-3.905464e+00,-4.316381e+00
-1.276125e-04,-3.905464e+00,-4.311557e+00
-1.275750e-04,-3.905464e+00,-4.311557e+00
-1.275375e-04,-3.905464e+00,-4.311557e+00
-1.275000e-04,-3.905464e+00,-4.306733e+00
-1.274625e-04,-3.899183e+00,-4.306733e+00
-1.274250e-04,-3.899183e+00,-4.301909e+00
-1.273875e-04,-3.899183e+00,-4.301909e+00
-1.273500e-04,-3.899183e+00,-4.301909e+00
-1.273125e-04,-3.892902e+00,-4.301909e+00
-1.272750e-04,-3.892902e+00,-4.301909e+00
-1.272375e-04,-3.892902e+00,-4.297085e+00
-1.272000e-04,-3.892902e+00,-4.297085e+00
-1.271625e-04,-3.886620e+00,-4.297085e+00
-1.271250e-04,-3.886620e+00,-4.292261e+00
-1.270875e-04,-3.880339e+00,-4.292261e+00
-1.270500e-04,-3.880339e+00,-4.287437e+00
-1.270125e-04,-3.880339e+00,-4.287437e+00
-1.269750e-04,-3.880339e+00,-4.287437e+00
-1.269375e-04,-3.880339e+00,-4.287437e+00
-1.269000e-04,-3.874057e+00,-4.282613e+00
-1.268625e-04,-3.874057e+00,-4.282613e+00
-1.268250e-04,-3.874057e+00,-4.282613e+00
-1.267875e-04,-3.867776e+00,-4.282613e+00
-1.267500e-04,-3.867776e+00,-4.277788e+00
-1.267125e-04,-3.867776e+00,-4.277788e+00
-1.266750e-04,-3.861495e+00,-4.272964e+00
-1.266375e-04,-3.867776e+00,-4.272964e+00
-1.266000e-04,-3.861495e+00,-4.272964e+00
-1.265625e-04,-3.861495e+00,-4.272964e+00
-1.265250e-04,-3.861495e+00,-4.268140e+00
-1.264875e-04,-3.855213e+00,-4.268140e+00
-1.264500e-04,-3.855213e+00,-4.268140e+00
-1.264125e-04,-3.855213e+00,-4.268140e+00
-1.263750e-04,-3.855213e+00,-4.263316e+00
-1.263375e-04,-3.848932e+00,-4.263316e+00
-1.263000e-04,-3.848932e+00,-4.263316e+00
-1.262625e-04,-3.848932e+00,-4.263316e+00
-1.262250e-04,-3.848932e+00,-4.263316e+00
-1.261875e-04,-3.848932e+00,-4.263316e+00
-1.261500e-04,-3.848932e+00,-4.263316e+00
-1.261125e-04,-3.848932e+00,-4.258492e+00
-1.260750e-04,-3.842650e+00,-4.258492e+00
-1.260375e-04,-3.842650e+00,-4.258492e+00
-1.260000e-04,-3.842650e+00,-4.253668e+00
-1.259625e-04,-3.842650e+00,-4.258492e+00
-1.259250e-04,-3.842650e+00,-4.253668e+00
-1.258875e-04,-3.842650e+00,-4.253668e+00
-1.258500e-04,-3.842650e+00,-4.253668e+00
-1.258125e-04,-3.842650e+00,-4.248844e+00
-1.257750e-04,-3.842650e+00,-4.253668e+00
-1.257375e-04,-3.842650e+00,-4.248844e+00
-1.257000e-04,-3.836369e+00,-4.248844e+00
-1.256625e-04,-3.836369e+00,-4.244020e+00
-1.256250e-04,-3.836369e+00,-4.244020e+00
-1.255875e-04,-3.836369e+00,-4.244020e+00
-1.255500e-04,-3.836369e+00,-4.244020e+00
-1.255125e-04,-3.836369e+00,-4.244020e+00
-1.254750e-04,-3.836369e+00,-4.239195e+00
-1.254375e-04,-3.836369e+00,-4.239195e+00
-1.254000e-04,-3.836369e+00,-4.239195e+00
-1.253625e-04,-3.836369e+00,-4.234371e+00
-1.253250e-04,-3.836369e+00,-4.234371e+00
-1.252875e-04,-3.830088e+00,-4.234371e+00
-1.252500e-04,-3.830088e+00,-4.234371e+00
-1.252125e-04,-3.830088e+00,-4.229547e+00
-1.251750e-04,-3.830088e+00,-4.229547e+00
-1.251375e-04,-3.830088e+00,-4.229547e+00
-1.251000e-04,-3.830088e+00,-4.224723e+00
-1.250625e-04,-3.830088e+00,-4.224723e+00
-1.250250e-04,-3.830088e+00,-4.224723e+00
-1.249875e-04,-3.830088e+00,-4.219899e+00
-1.249500e-04,-3.823806e+00,-4.219899e+00
-1.249125e-04,-3.823806e+00,-4.219899e+00
-1.248750e-04,-3.823806e+00,-4.219899e+00
-1.248375e-04,-3.823806e+00,-4.219899e+00
-1.248000e-04,-3.823806e+00,-4.215075e+00
-1.247625e-04,-3.823806e+00,-4.215075e+00
-1.247250e-04,-3.823806e+00,-4.210251e+00
-1.246875e-04,-3.823806e+00,-4.210251e+00
-1.246500e-04,-3.817525e+00,-4.210251e+00
-1.246125e-04,-3.817525e+00,-4.210251e+00
-1.245750e-04,-3.817525e+00,-4.205427e+00
-1.245375e-04,-3.817525e+00,-4.205427e+00
-1.245000e-04,-3.817525e+00,-4.205427e+00
-1.244625e-04,-3.811243e+00,-4.200603e+00
-1.244250e-04,-3.811243e+00,-4.200603e+00
-1.243875e-04,-3.811243e+00,-4.200603e+00
-1.243500e-04,-3.811243e+00,-4.200603e+00
-1.243125e-04,-3.804962e+00,-4.195778e+00
-1.242750e-04,-3.804962e+00,-4.195778e+00
-1.242375e-04,-3.804962e+00,-4.195778e+00
-1.242000e-04,-3.804962e+00,-4.195778e+00
-1.241625e-04,-3.798681e+00,-4.195778e+00
-1.241250e-04,-3.798681e+00,-4.190954e+00
-1.240875e-04,-3.798681e+00,-4.190954e+00
-1.240500e-04,-3.792399e+00,-4.190954e+00
-1.240125e-04,-3.792399e+00,-4.186130e+00
-1.239750e-04,-3.792399e+00,-4.186130e+00
-1.239375e-04,-3.786118e+00,-4.186130e+00
-1.239000e-04,-3.786118e+00,-4.186130e+00
-1.238625e-04,-3.786118e+00,-4.186130e+00
-1.238250e-04,-3.786118e+00,-4.186130e+00
-1.237875e-04,-3.779836e+00,-4.186130e+00
-1.237500e-04,-3.779836e+00,-4.181306e+00
-1.237125e-04,-3.779836e+00,-4.181306e+00
-1.236750e-04,-3.773555e+00,-4.181306e+00
-1.236375e-04,-3.773555e+00,-4.181306e+00
-1.236000e-04,-3.773555e+00,-4.176482e+00
-1.235625e-04,-3.773555e+00,-4.176482e+00
-1.235250e-04,-3.773555e+00,-4.176482e+00
-1.234875e-04,-3.767274e+00,-4.176482e+00
-1.234500e-04,-3.767274e+00,-4.176482e+00
-1.234125e-04,-3.767274e+00,-4.176482e+00
-1.233750e-04,-3.767274e+00,-4.171658e+00
-1.233375e-04,-3.760992e+00,-4.171658e+00
-1.233000e-04,-3.760992e+00,-4.171658e+00
-1.232625e-04,-3.760992e+00,-4.171658e+00
-1.232250e-04,-3.760992e+00,-4.171658e+00
-1.231875e-04,-3.754711e+00,-4.171658e+00
-1.231500e-04,-3.754711e+00,-4.166834e+00
-1.231125e-04,-3.754711e+00,-4.166834e+00
-1.230750e-04,-3.754711e+00,-4.166834e+00
-1.230375e-04,-3.748429e+00,-4.166834e+00
-1.230000e-04,-3.748429e+00,-4.162010e+00
-1.229625e-04,-3.748429e+00,-4.162010e+00
-1.229250e-04,-3.748429e+00,-4.162010e+00
-1.228875e-04,-3.748429e+00,-4.162010e+00
-1.228500e-04,-3.748429e+00,-4.162010e+00
-1.228125e-04,-3.742148e+00,-4.157185e+00
-1.227750e-04,-3.742148e+00,-4.157185e+00
-1.227375e-04,-3.742148e+00,-4.157185e+00
-1.227000e-04,-3.742148e+00,-4.152361e+00
-1.226625e-04,-3.742148e+00,-4.152361e+00
-1.226250e-04,-3.742148e+00,-4.152361e+00
-1.225875e-04,-3.742148e+00,-4.152361e+00
-1.225500e-04,-3.742148e+00,-4.152361e+00
-1.225125e-04,-3.735866e+00,-4.147537e+00
-1.224750e-04,-3.735866e+00,-4.147537e+00
-1.224375e-04,-3.735866e+00,-4.142713e+00
-1.224000e-04,-3.735866e+00,-4.142713e+00
-1.223625e-04,-3.735866e+00,-4.142713e+00
-1.223250e-04,-3.735866e+00,-4.137889e+00
-1.222875e-04,-3.735866e+00,-4.137889e+00
-1.222500e-04,-3.735866e+00,-4.137889e+00
-1.222125e-04,-3.735866e+00,-4.137889e+00
-1.221750e-04,-3.735866e+00,-4.133065e+00
-1.221375e-04,-3.735866e+00,-4.133065e+00
-1.221000e-04,-3.735866e+00,-4.133065e+00
-1.220625e-04,-3.729585e+00,-4.128241e+00
-1.220250e-04,-3.729585e+00,-4.128241e+00
-1.219875e-04,-3.729585e+00,-4.123417e+00
-1.219500e-04,-3.729585e+00,-4.123417e+00
-1.219125e-04,-3.729585e+00,-4.123417e+00
-1.218750e-04,-3.729585e+00,-4.123417e+00
-1.218375e-04,-3.729585e+00,-4.123417e+00
-1.218000e-04,-3.729585e+00,-4.118592e+00
-1.217625e-04,-3.729585e+00,-4.118592e+00
-1.217250e-04,-3.729585e+00,-4.118592e+00
-1.216875e-04,-3.729585e+00,-4.113768e+00
-1.216500e-04,-3.723304e+00,-4.113768e+00
-1.216125e-04,-3.723304e+00,-4.113768e+00
-1.215750e-04,-3.723304e+00,-4.113768e+00
-1.215375e-04,-3.723304e+00,-4.113768e+00
-1.215000e-04,-3.723304e+00,-4.108944e+00
-1.214625e-04,-3.723304e+00,-4.108944e+00
-1.214250e-04,-3.723304e+00,-4.108944e+00
-1.213875e-04,-3.717022e+00,-4.108944e+00
-1.213500e-04,-3.717022e+00,-4.104120e+00
-1.213125e-04,-3.717022e+00,-4.104120e+00
-1.212750e-04,-3.717022e+00,-4.104120e+00
-1.212375e-04,-3.717022e+00,-4.104120e+00
-1.212000e-04,-3.710741e+00,-4.099296e+00
-1.211625e-04,-3.710741e+00,-4.104120e+00
-1.211250e-04,-3.710741e+00,-4.099296e+00
-1.210875e-04,-3.710741e+00,-4.099296e+00
-1.210500e-04,-3.710741e+00,-4.099296e+00
-1.210125e-04,-3.704459e+00,-4.094472e+00
-1.209750e-04,-3.704459e+00,-4.094472e+00
-1.209375e-04,-3.698178e+00,-4.094472e+00
-1.209000e-04,-3.704459e+00,-4.089648e+00
-1.208625e-04,-3.698178e+00,-4.089648e+00
-1.208250e-04,-3.698178e+00,-4.089648e+00
-1.207875e-04,-3.698178e+00,-4.089648e+00
-1.207500e-04,-3.691897e+00,-4.089648e+00
-1.207125e-04,-3.691897e+00,-4.089648e+00
-1.206750e-04,-3.691897e+00,-4.084824e+00
-1.206375e-04,-3.685615e+00,-4.084824e+00
-1.206000e-04,-3.685615e+00,-4.084824e+00
-1.205625e-04,-3.685615e+00,-4.080000e+00
-1.205250e-04,-3.685615e+00,-4.080000e+00
-1.204875e-04,-3.679334e+00,-4.080000e+00
-1.204500e-04,-3.679334e+00,-4.075175e+00
-1.204125e-04,-3.679334e+00,-4.075175e+00
-1.203750e-04,-3.679334e+00,-4.075175e+00
-1.203375e-04,-3.673052e+00,-4.070351e+00
-1.203000e-04,-3.673052e+00,-4.070351e+00
-1.202625e-04,-3.673052e+00,-4.065527e+00
-1.202250e-04,-3.666771e+00,-4.065527e+00
-1.201875e-04,-3.666771e+00,-4.065527e+00
-1.201500e-04,-3.666771e+00,-4.065527e+00
-1.201125e-04,-3.666771e+00,-4.060703e+00
-1.200750e-04,-3.666771e+00,-4.060703e+00
-1.200375e-04,-3.660490e+00,-4.060703e+00
-1.200000e-04,-3.660490e+00,-4.055879e+00
-1.199625e-04,-3.660490e+00,-4.055879e+00
-1.199250e-04,-3.660490e+00,-4.055879e+00
-1.198875e-04,-3.654208e+00,-4.051055e+00
-1.198500e-04,-3.654208e+00,-4.051055e+00
-1.198125e-04,-3.654208e+00,-4.051055e+00
-1.197750e-04,-3.654208e+00,-4.051055e+00
-1.197375e-04,-3.654208e+00,-4.046231e+00
-1.197000e-04,-3.647927e+00,-4.046231e+00
-1.196625e-04,-3.647927e+00,-4.041407e+00
-1.196250e-04,-3.647927e+00,-4.046231e+00
-1.195875e-04,-3.647927e+00,-4.041407e+00
-1.195500e-04,-3.647927e+00,-4.041407e+00
-1.195125e-04,-3.647927e+00,-4.041407e+00
-1.194750e-04,-3.647927e+00,-4.036582e+00
-1.194375e-04,-3.641645e+00,-4.036582e+00
-1.194000e-04,-3.641645e+00,-4.036582e+00
-1.193625e-04,-3.641645e+00,-4.036582e+00
-1.193250e-04,-3.641645e+00,-4.031758e+00
-1.192875e-04,-3.641645e+00,-4.031758e+00
-1.192500e-04,-3.641645e+00,-4.031758e+00
-1.192125e-04,-3.641645e+00,-4.026934e+00
-1.191750e-04,-3.641645e+00,-4.026934e+00
-1.191375e-04,-3.635364e+00,-4.031758e+00
-1.191000e-04,-3.635364e+00,-4.026934e+00
-1.190625e-04,-3.635364e+00,-4.026934e+00
-1.190250e-04,-3.635364e+00,-4.022110e+00
-1.189875e-04,-3.635364e+00,-4.022110e+00
-1.189500e-04,-3.635364e+00,-4.022110e+00
-1.189125e-04,-3.635364e+00,-4.022110e+00
-1.188750e-04,-3.635364e+00,-4.022110e+00
-1.188375e-04,-3.635364e+00,-4.017286e+00
-1.188000e-04,-3.635364e+00,-4.017286e+00
-1.187625e-04,-3.635364e+00,-4.017286e+00
-1.187250e-04,-3.635364e+00,-4.017286e+00
-1.186875e-04,-3.629083e+00,-4.012462e+00
-1.186500e-04,-3.629083e+00,-4.012462e+00
-1.186125e-04,-3.629083e+00,-4.012462e+00
-1.185750e-04,-3.629083e+00,-4.012462e+00
-1.185375e-04,-3.629083e+00,-4.012462e+00
-1.185000e-04,-3.629083e+00,-4.007638e+00
-1.184625e-04,-3.629083e+00,-4.007638e+00
-1.184250e-04,-3.629083e+00,-4.007638e+00
-1.183875e-04,-3.629083e+00,-4.002814e+00
-1.183500e-04,-3.622801e+00,-4.002814e+00
-1.183125e-04,-3.622801e+00,-4.002814e+00
-1.182750e-04,-3.622801e+00,-4.002814e+00
-1.182375e-04,-3.622801e+00,-3.997989e+00
-1.182000e-04,-3.622801e+00,-3.997989e+00
-1.181625e-04,-3.622801e+00,-3.997989e+00
-1.181250e-04,-3.622801e+00,-3.997989e+00
-1.180875e-04,-3.616520e+00,-3.993165e+00
-1.180500e-04,-3.616520e+00,-3.993165e+00
-1.180125e-04,-3.616520e+00,-3.993165e+00
-1.179750e-04,-3.616520e+00,-3.993165e+00
-1.179375e-04,-3.616520e+00,-3.988341e+00
-1.179000e-04,-3.616520e+00,-3.988341e+00
-1.178625e-04,-3.610238e+00,-3.983517e+00
-1.178250e-04,-3.610238e+00,-3.983517e+00
-1.177875e-04,-3.610238e+00,-3.983517e+00
-1.177500e-04,-3.610238e+00,-3.978693e+00
-1.177125e-04,-3.603957e+00,-3.978693e+00
-1.176750e-04,-3.603957e+00,-3.978693e+00
-1.176375e-04,-3.603957e+00,-3.978693e+00
-1.176000e-04,-3.603957e+00,-3.978693e+00
-1.175625e-04,-3.597676e+00,-3.973869e+00
-1.175250e-04,-3.597676e+00,-3.969045e+00
-1.174875e-04,-3.597676e+00,-3.969045e+00
-1.174500e-04,-3.591394e+00,-3.969045e+00
-1.174125e-04,-3.591394e+00,-3.969045e+00
-1.173750e-04,-3.591394e+00,-3.969045e+00
-1.173375e-04,-3.591394e+00,-3.964221e+00
-1.173000e-04,-3.585113e+00,-3.964221e+00
-1.172625e-04,-3.585113e+00,-3.964221e+00
-1.172250e-04,-3.585113e+00,-3.964221e+00
-1.171875e-04,-3.585113e+00,-3.959397e+00
-1.171500e-04,-3.578831e+00,-3.959397e+00
-1.171125e-04,-3.578831e+00,-3.959397e+00
-1.170750e-04,-3.572550e+00,-3.959397e+00
-1.170375e-04,-3.572550e+00,-3.959397e+00
-1.170000e-04,-3.572550e+00,-3.954572e+00
-1.169625e-04,-3.572550e+00,-3.954572e+00
-1.169250e-04,-3.566269e+00,-3.954572e+00
-1.168875e-04,-3.566269e+00,-3.954572e+00
-1.168500e-04,-3.566269e+00,-3.954572e+00
-1.168125e-04,-3.559987e+00,-3.954572e+00
-1.167750e-04,-3.559987e+00,-3.949748e+00
-1.167375e-04,-3.559987e+00,-3.949748e+00
-1.167000e-04,-3.559987e+00,-3.949748e+00
-1.166625e-04,-3.559987e+00,-3.949748e+00
-1.166250e-04,-3.553706e+00,-3.949748e+00
-1.165875e-04,-3.553706e+00,-3.949748e+00
-1.165500e-04,-3.553706e+00,-3.949748e+00
-1.165125e-04,-3.553706e+00,-3.944924e+00
-1.164750e-04,-3.553706e+00,-3.944924e+00
-1.164375e-04,-3.553706e+00,-3.944924e+00
-1.164000e-04,-3.547424e+00,-3.940100e+00
-1.163625e-04,-3.547424e+00,-3.940100e+00
-1.163250e-04,-3.547424e+00,-3.940100e+00
-1.162875e-04,-3.547424e+00,-3.940100e+00
-1.162500e-04,-3.547424e+00,-3.940100e+00
-1.162125e-04,-3.547424e+00,-3.940100e+00
-1.161750e-04,-3.541143e+00,-3.935276e+00
-1.161375e-04,-3.541143e+00,-3.935276e+00
-1.161000e-04,-3.541143e+00,-3.935276e+00
-1.160625e-04,-3.541143e+00,-3.935276e+00
-1.160250e-04,-3.541143e+00,-3.935276e+00
-1.159875e-04,-3.541143e+00,-3.935276e+00
-1.159500e-04,-3.541143e+00,-3.930452e+00
-1.159125e-04,-3.541143e+00,-3.930452e+00
-1.158750e-04,-3.541143e+00,-3.930452e+00
-1.158375e-04,-3.534861e+00,-3.930452e+00
-1.158000e-04,-3.534861e+00,-3.925628e+00
-1.157625e-04,-3.534861e+00,-3.925628e+00
-1.157250e-04,-3.534861e+00,-3.920804e+00
-1.156875e-04,-3.534861e+00,-3.920804e+00
-1.156500e-04,-3.534861e+00,-3.920804e+00
-1.156125e-04,-3.534861e+00,-3.915979e+00
-1.155750e-04,-3.534861e+00,-3.915979e+00
-1.155375e-04,-3.534861e+00,-3.915979e+00
-1.155000e-04,-3.534861e+00,-3.915979e+00
-1.154625e-04,-3.534861e+00,-3.911155e+00
-1.154250e-04,-3.534861e+00,-3.911155e+00
-1.153875e-04,-3.528580e+00,-3.906331e+00
-1.153500e-04,-3.528580e+00,-3.906331e+00
-1.153125e-04,-3.528580e+00,-3.906331e+00
-1.152750e-04,-3.528580e+00,-3.906331e+00
-1.152375e-04,-3.528580e+00,-3.906331e+00
-1.152000e-04,-3.528580e+00,-3.901507e+00
-1.151625e-04,-3.528580e+00,-3.901507e+00
-1.151250e-04,-3.528580e+00,-3.896683e+00
-1.150875e-04,-3.528580e+00,-3.896683e+00
-1.150500e-04,-3.528580e+00,-3.896683e+00
-1.150125e-04,-3.528580e+00,-3.891859e+00
-1.149750e-04,-3.522299e+00,-3.891859e+00
-1.149375e-04,-3.522299e+00,-3.891859e+00
-1.149000e-04,-3.522299e+00,-3.887035e+00
-1.148625e-04,-3.522299e+00,-3.887035e+00
-1.148250e-04,-3.522299e+00,-3.887035e+00
-1.147875e-04,-3.522299e+00,-3.887035e+00
-1.147500e-04,-3.522299e+00,-3.887035e+00
-1.147125e-04,-3.516017e+00,-3.887035e+00
-1.146750e-04,-3.516017e+00,-3.882211e+00
-1.146375e-04,-3.516017e+00,-3.882211e+00
-1.146000e-04,-3.516017e+00,-3.882211e+00
-1.145625e-04,-3.516017e+00,-3.877386e+00
-1.145250e-04,-3.509736e+00,-3.877386e+00
-1.144875e-04,-3.509736e+00,-3.877386e+00
-1.144500e-04,-3.509736e+00,-3.877386e+00
-1.144125e-04,-3.509736e+00,-3.877386e+00
-1.143750e-04,-3.509736e+00,-3.872562e+00
-1.143375e-04,-3.509736e+00,-3.872562e+00
-1.143000e-04,-3.503454e+00,-3.872562e+00
-1.142625e-04,-3.497173e+00,-3.872562e+00
-1.142250e-04,-3.497173e+00,-3.867738e+00
-1.141875e-04,-3.497173e+00,-3.867738e+00
-1.141500e-04,-3.497173e+00,-3.867738e+00
-1.141125e-04,-3.490892e+00,-3.867738e+00
-1.140750e-04,-3.490892e+00,-3.862914e+00
-1.140375e-04,-3.490892e+00,-3.862914e+00
-1.140000e-04,-3.490892e+00,-3.862914e+00
-1.139625e-04,-3.484610e+00,-3.862914e+00
-1.139250e-04,-3.484610e+00,-3.858090e+00
-1.138875e-04,-3.484610e+00,-3.858090e+00
-1.138500e-04,-3.484610e+00,-3.858090e+00
-1.138125e-04,-3.478329e+00,-3.858090e+00
-1.137750e-04,-3.478329e+00,-3.853266e+00
-1.137375e-04,-3.478329e+00,-3.853266e+00
-1.137000e-04,-3.472047e+00,-3.853266e+00
-1.136625e-04,-3.472047e+00,-3.848442e+00
-1.136250e-04,-3.472047e+00,-3.853266e+00
-1.135875e-04,-3.472047e+00,-3.848442e+00
-1.135500e-04,-3.472047e+00,-3.848442e+00
-1.135125e-04,-3.465766e+00,-3.843618e+00
-1.134750e-04,-3.465766e+00,-3.843618e+00
-1.134375e-04,-3.459485e+00,-3.843618e+00
-1.134000e-04,-3.459485e+00,-3.838794e+00
-1.133625e-04,-3.459485e+00,-3.838794e+00
-1.133250e-04,-3.459485e+00,-3.838794e+00
-1.132875e-04,-3.459485e+00,-3.833969e+00
-1.132500e-04,-3.453203e+00,-3.833969e+00
-1.132125e-04,-3.453203e+00,-3.833969e+00
-1.131750e-04,-3.453203e+00,-3.829145e+00
-1.131375e-04,-3.453203e+00,-3.829145e+00
-1.131000e-04,-3.453203e+00,-3.829145e+00
-1.130625e-04,-3.453203e+00,-3.829145e+00
-1.130250e-04,-3.446922e+00,-3.824321e+00
-1.129875e-04,-3.446922e+00,-3.824321e+00
-1.129500e-04,-3.446922e+00,-3.824321e+00
-1.129125e-04,-3.446922e+00,-3.824321e+00
-1.128750e-04,-3.446922e+00,-3.819497e+00
-1.128375e-04,-3.440640e+00,-3.819497e+00
-1.128000e-04,-3.440640e+00,-3.819497e+00
-1.127625e-04,-3.440640e+00,-3.814673e+00
-1.127250e-04,-3.440640e+00,-3.814673e+00
-1.126875e-04,-3.440640e+00,-3.814673e+00
-1.126500e-04,-3.440640e+00,-3.809849e+00
-1.126125e-04,-3.440640e+00,-3.809849e+00
-1.125750e-04,-3.440640e+00,-3.809849e+00
-1.125375e-04,-3.440640e+00,-3.809849e+00
-1.125000e-04,-3.434359e+00,-3.809849e+00
-1.124625e-04,-3.434359e+00,-3.805025e+00
-1.124250e-04,-3.434359e+00,-3.805025e+00
-1.123875e-04,-3.434359e+00,-3.805025e+00
-1.123500e-04,-3.434359e+00,-3.800201e+00
-1.123125e-04,-3.434359e+00,-3.800201e+00
-1.122750e-04,-3.434359e+00,-3.800201e+00
-1.122375e-04,-3.434359e+00,-3.800201e+00
-1.122000e-04,-3.434359e+00,-3.800201e+00
-1.121625e-04,-3.434359e+00,-3.800201e+00
-1.121250e-04,-3.434359e+00,-3.795376e+00
-1.120875e-04,-3.434359e+00,-3.795376e+00
-1.120500e-04,-3.434359e+00,-3.795376e+00
-1.120125e-04,-3.434359e+00,-3.795376e+00
-1.119750e-04,-3.428078e+00,-3.795376e+00
-1.119375e-04,-3.428078e+00,-3.790552e+00
-1.119000e-04,-3.428078e+00,-3.795376e+00
-1.118625e-04,-3.428078e+00,-3.790552e+00
-1.118250e-04,-3.428078e+00,-3.790552e+00
-1.117875e-04,-3.428078e+00,-3.790552e+00
-1.117500e-04,-3.428078e+00,-3.785728e+00
-1.117125e-04,-3.428078e+00,-3.785728e+00
-1.116750e-04,-3.428078e+00,-3.785728e+00
-1.116375e-04,-3.428078e+00,-3.785728e+00
-1.116000e-04,-3.428078e+00,-3.785728e+00
-1.115625e-04,-3.428078e+00,-3.780904e+00
-1.115250e-04,-3.421796e+00,-3.780904e+00
-1.114875e-04,-3.421796e+00,-3.780904e+00
-1.114500e-04,-3.421796e+00,-3.780904e+00
-1.114125e-04,-3.421796e+00,-3.780904e+00
-1.113750e-04,-3.421796e+00,-3.776080e+00
-1.113375e-04,-3.421796e+00,-3.776080e+00
-1.113000e-04,-3.415515e+00,-3.776080e+00
-1.112625e-04,-3.415515e+00,-3.771256e+00
-1.112250e-04,-3.415515e+00,-3.771256e+00
-1.111875e-04,-3.415515e+00,-3.771256e+00
-1.111500e-04,-3.415515e+00,-3.771256e+00
-1.111125e-04,-3.415515e+00,-3.766432e+00
-1.110750e-04,-3.409233e+00,-3.766432e+00
-1.110375e-04,-3.409233e+00,-3.766432e+00
-1.110000e-04,-3.409233e+00,-3.766432e+00
-1.109625e-04,-3.409233e+00,-3.761608e+00
-1.109250e-04,-3.409233e+00,-3.761608e+00
-1.108875e-04,-3.402952e+00,-3.756783e+00
-1.108500e-04,-3.402952e+00,-3.756783e+00
-1.108125e-04,-3.402952e+00,-3.756783e+00
-1.107750e-04,-3.396671e+00,-3.756783e+00
-1.107375e-04,-3.396671e+00,-3.751959e+00
-1.107000e-04,-3.396671e+00,-3.751959e+00
-1.106625e-04,-3.396671e+00,-3.747135e+00
-1.106250e-04,-3.390389e+00,-3.747135e+00
-1.105875e-04,-3.390389e+00,-3.747135e+00
-1.105500e-04,-3.390389e+00,-3.747135e+00
-1.105125e-04,-3.384108e+00,-3.742311e+00
-1.104750e-04,-3.384108e+00,-3.742311e+00
-1.104375e-04,-3.384108e+00,-3.742311e+00
-1.104000e-04,-3.384108e+00,-3.737487e+00
-1.103625e-04,-3.377826e+00,-3.737487e+00
-1.103250e-04,-3.377826e+00,-3.737487e+00
-1.102875e-04,-3.377826e+00,-3.737487e+00
-1.102500e-04,-3.371545e+00,-3.732663e+00
-1.102125e-04,-3.371545e+00,-3.732663e+00
-1.101750e-04,-3.371545e+00,-3.732663e+00
-1.101375e-04,-3.365264e+00,-3.732663e+00
-1.101000e-04,-3.365264e+00,-3.727839e+00
-1.100625e-04,-3.365264e+00,-3.727839e+00
-1.100250e-04,-3.365264e+00,-3.727839e+00
-1.099875e-04,-3.365264e+00,-3.727839e+00
-1.099500e-04,-3.358982e+00,-3.723015e+00
-1.099125e-04,-3.358982e+00,-3.723015e+00
-1.098750e-04,-3.358982e+00,-3.723015e+00
-1.098375e-04,-3.358982e+00,-3.723015e+00
-1.098000e-04,-3.352701e+00,-3.723015e+00
-1.097625e-04,-3.352701e+00,-3.723015e+00
-1.097250e-04,-3.352701e+00,-3.718191e+00
-1.096875e-04,-3.352701e+00,-3.718191e+00
-1.096500e-04,-3.346419e+00,-3.718191e+00
-1.096125e-04,-3.346419e+00,-3.718191e+00
-1.095750e-04,-3.346419e+00,-3.713366e+00
-1.095375e-04,-3.346419e+00,-3.713366e+00
-1.095000e-04,-3.346419e+00,-3.713366e+00
-1.094625e-04,-3.346419e+00,-3.713366e+00
-1.094250e-04,-3.340138e+00,-3.713366e+00
-1.093875e-04,-3.340138e+00,-3.713366e+00
-1.093500e-04,-3.340138e+00,-3.708542e+00
-1.093125e-04,-3.340138e+00,-3.708542e+00
-1.092750e-04,-3.340138e+00,-3.708542e+00
-1.092375e-04,-3.340138e+00,-3.703718e+00
-1.092000e-04,-3.340138e+00,-3.703718e+00
-1.091625e-04,-3.340138e+00,-3.703718e+00
-1.091250e-04,-3.340138e+00,-3.703718e+00
-1.090875e-04,-3.333856e+00,-3.698894e+00
-1.090500e-04,-3.333856e+00,-3.698894e+00
-1.090125e-04,-3.333856e+00,-3.698894e+00
-1.089750e-04,-3.333856e+00,-3.698894e+00
-1.089375e-04,-3.333856e+00,-3.698894e+00
-1.089000e-04,-3.333856e+00,-3.694070e+00
-1.088625e-04,-3.333856e+00,-3.694070e+00
-1.088250e-04,-3.333856e+00,-3.694070e+00
-1.087875e-04,-3.333856e+00,-3.689246e+00
-1.087500e-04,-3.333856e+00,-3.689246e+00
-1.087125e-04,-3.327575e+00,-3.689246e+00
-1.086750e-04,-3.327575e+00,-3.684422e+00
-1.086375e-04,-3.327575e+00,-3.684422e+00
-1.086000e-04,-3.327575e+00,-3.684422e+00
-1.085625e-04,-3.327575e+00,-3.684422e+00
-1.085250e-04,-3.327575e+00,-3.679598e+00
-1.084875e-04,-3.327575e+00,-3.679598e+00
-1.084500e-04,-3.327575e+00,-3.674773e+00
-1.084125e-04,-3.321294e+00,-3.674773e+00
-1.083750e-04,-3.321294e+00,-3.674773e+00
-1.083375e-04,-3.321294e+00,-3.669949e+00
-1.083000e-04,-3.321294e+00,-3.674773e+00
-1.082625e-04,-3.321294e+00,-3.669949e+00
-1.082250e-04,-3.321294e+00,-3.669949e+00
-1.081875e-04,-3.321294e+00,-3.669949e+00
-1.081500e-04,-3.315012e+00,-3.665125e+00
-1.081125e-04,-3.315012e+00,-3.665125e+00
-1.080750e-04,-3.315012e+00,-3.665125e+00
-1.080375e-04,-3.315012e+00,-3.665125e+00
-1.080000e-04,-3.315012e+00,-3.660301e+00
-1.079625e-04,-3.308731e+00,-3.660301e+00
-1.079250e-04,-3.308731e+00,-3.655477e+00
-1.078875e-04,-3.308731e+00,-3.655477e+00
-1.078500e-04,-3.308731e+00,-3.655477e+00
-1.078125e-04,-3.302449e+00,-3.655477e+00
-1.077750e-04,-3.302449e+00,-3.655477e+00
-1.077375e-04,-3.302449e+00,-3.650653e+00
-1.077000e-04,-3.302449e+00,-3.650653e+00
-1.076625e-04,-3.296168e+00,-3.650653e+00
-1.076250e-04,-3.296168e+00,-3.645829e+00
-1.075875e-04,-3.296168e+00,-3.645829e+00
-1.075500e-04,-3.296168e+00,-3.645829e+00
-1.075125e-04,-3.289887e+00,-3.645829e+00
-1.074750e-04,-3.289887e+00,-3.645829e+00
-1.074375e-04,-3.289887e+00,-3.645829e+00
-1.074000e-04,-3.289887e+00,-3.641005e+00
-1.073625e-04,-3.283605e+00,-3.641005e+00
-1.073250e-04,-3.283605e+00,-3.641005e+00
-1.072875e-04,-3.283605e+00,-3.641005e+00
-1.072500e-04,-3.283605e+00,-3.636180e+00
-1.072125e-04,-3.277324e+00,-3.636180e+00
-1.071750e-04,-3.277324e+00,-3.636180e+00
-1.071375e-04,-3.271042e+00,-3.636180e+00
-1.071000e-04,-3.271042e+00,-3.636180e+00
-1.070625e-04,-3.271042e+00,-3.636180e+00
-1.070250e-04,-3.271042e+00,-3.636180e+00
-1.069875e-04,-3.271042e+00,-3.631356e+00
-1.069500e-04,-3.271042e+00,-3.631356e+00
-1.069125e-04,-3.264761e+00,-3.631356e+00
-1.068750e-04,-3.264761e+00,-3.626532e+00
-1.068375e-04,-3.264761e+00,-3.626532e+00
-1.068000e-04,-3.258480e+00,-3.626532e+00
-1.067625e-04,-3.258480e+00,-3.626532e+00
-1.067250e-04,-3.258480e+00,-3.621708e+00
-1.066875e-04,-3.252198e+00,-3.621708e+00
-1.066500e-04,-3.252198e+00,-3.621708e+00
-1.066125e-04,-3.252198e+00,-3.621708e+00
-1.065750e-04,-3.252198e+00,-3.616884e+00
-1.065375e-04,-3.252198e+00,-3.616884e+00
-1.065000e-04,-3.252198e+00,-3.616884e+00
-1.064625e-04,-3.245917e+00,-3.612060e+00
-1.064250e-04,-3.245917e+00,-3.612060e+00
-1.063875e-04,-3.245917e+00,-3.612060e+00
-1.063500e-04,-3.245917e+00,-3.612060e+00
-1.063125e-04,-3.239635e+00,-3.607236e+00
-1.062750e-04,-3.239635e+00,-3.607236e+00
-1.062375e-04,-3.239635e+00,-3.607236e+00
-1.062000e-04,-3.239635e+00,-3.602412e+00
-1.061625e-04,-3.239635e+00,-3.602412e+00
-1.061250e-04,-3.239635e+00,-3.597588e+00
-1.060875e-04,-3.239635e+00,-3.597588e+00
-1.060500e-04,-3.239635e+00,-3.597588e+00
-1.060125e-04,-3.239635e+00,-3.597588e+00
-1.059750e-04,-3.233354e+00,-3.592763e+00
-1.059375e-04,-3.233354e+00,-3.592763e+00
-1.059000e-04,-3.233354e+00,-3.592763e+00
-1.058625e-04,-3.233354e+00,-3.592763e+00
-1.058250e-04,-3.233354e+00,-3.587939e+00
-1.057875e-04,-3.233354e+00,-3.587939e+00
-1.057500e-04,-3.233354e+00,-3.583115e+00
-1.057125e-04,-3.233354e+00,-3.583115e+00
-1.056750e-04,-3.233354e+00,-3.583115e+00
-1.056375e-04,-3.233354e+00,-3.578291e+00
-1.056000e-04,-3.233354e+00,-3.578291e+00
-1.055625e-04,-3.233354e+00,-3.578291e+00
-1.055250e-04,-3.233354e+00,-3.578291e+00
-1.054875e-04,-3.233354e+00,-3.578291e+00
-1.054500e-04,-3.227073e+00,-3.573467e+00
-1.054125e-04,-3.227073e+00,-3.573467e+00
-1.053750e-04,-3.227073e+00,-3.573467e+00
-1.053375e-04,-3.227073e+00,-3.568643e+00
-1.053000e-04,-3.227073e+00,-3.568643e+00
-1.052625e-04,-3.227073e+00,-3.568643e+00
-1.052250e-04,-3.227073e+00,-3.568643e+00
-1.051875e-04,-3.227073e+00,-3.568643e+00
-1.051500e-04,-3.227073e+00,-3.563819e+00
-1.051125e-04,-3.227073e+00,-3.563819e+00
-1.050750e-04,-3.227073e+00,-3.563819e+00
-1.050375e-04,-3.227073e+00,-3.563819e+00
-1.050000e-04,-3.227073e+00,-3.558995e+00
-1.049625e-04,-3.220791e+00,-3.558995e+00
-1.049250e-04,-3.220791e+00,-3.558995e+00
-1.048875e-04,-3.220791e+00,-3.558995e+00
-1.048500e-04,-3.220791e+00,-3.554170e+00
-1.048125e-04,-3.220791e+00,-3.554170e+00
-1.047750e-04,-3.220791e+00,-3.554170e+00
-1.047375e-04,-3.220791e+00,-3.554170e+00
-1.047000e-04,-3.214510e+00,-3.554170e+00
-1.046625e-04,-3.214510e+00,-3.554170e+00
-1.046250e-04,-3.214510e+00,-3.549346e+00
-1.045875e-04,-3.214510e+00,-3.549346e+00
-1.045500e-04,-3.208228e+00,-3.549346e+00
-1.045125e-04,-3.208228e+00,-3.544522e+00
-1.044750e-04,-3.208228e+00,-3.544522e+00
-1.044375e-04,-3.208228e+00,-3.544522e+00
-1.044000e-04,-3.208228e+00,-3.539698e+00
-1.043625e-04,-3.201947e+00,-3.539698e+00
-1.043250e-04,-3.201947e+00,-3.539698e+00
-1.042875e-04,-3.201947e+00,-3.534874e+00
-1.042500e-04,-3.195666e+00,-3.534874e+00
-1.042125e-04,-3.195666e+00,-3.534874e+00
-1.041750e-04,-3.195666e+00,-3.530050e+00
-1.041375e-04,-3.195666e+00,-3.530050e+00
-1.041000e-04,-3.189384e+00,-3.530050e+00
-1.040625e-04,-3.189384e+00,-3.530050e+00
-1.040250e-04,-3.189384e+00,-3.530050e+00
-1.039875e-04,-3.189384e+00,-3.525226e+00
-1.039500e-04,-3.183103e+00,-3.525226e+00
-1.039125e-04,-3.183103e+00,-3.520402e+00
-1.038750e-04,-3.183103e+00,-3.520402e+00
-1.038375e-04,-3.176821e+00,-3.515577e+00
-1.038000e-04,-3.176821e+00,-3.520402e+00
-1.037625e-04,-3.176821e+00,-3.515577e+00
-1.037250e-04,-3.170540e+00,-3.515577e+00
-1.036875e-04,-3.170540e+00,-3.510753e+00
-1.036500e-04,-3.170540e+00,-3.510753e+00
-1.036125e-04,-3.170540e+00,-3.510753e+00
-1.035750e-04,-3.164259e+00,-3.510753e+00
-1.035375e-04,-3.164259e+00,-3.505929e+00
-1.035000e-04,-3.164259e+00,-3.505929e+00
-1.034625e-04,-3.164259e+00,-3.505929e+00
-1.034250e-04,-3.157977e+00,-3.505929e+00
-1.033875e-04,-3.157977e+00,-3.501105e+00
-1.033500e-04,-3.157977e+00,-3.501105e+00
-1.033125e-04,-3.157977e+00,-3.501105e+00
-1.032750e-04,-3.151696e+00,-3.501105e+00
-1.032375e-04,-3.151696e+00,-3.501105e+00
-1.032000e-04,-3.151696e+00,-3.496281e+00
-1.031625e-04,-3.151696e+00,-3.496281e+00
-1.031250e-04,-3.151696e+00,-3.496281e+00
-1.030875e-04,-3.145414e+00,-3.491457e+00
-1.030500e-04,-3.145414e+00,-3.491457e+00
-1.030125e-04,-3.145414e+00,-3.491457e+00
-1.029750e-04,-3.145414e+00,-3.491457e+00
-1.029375e-04,-3.145414e+00,-3.491457e+00
-1.029000e-04,-3.145414e+00,-3.486633e+00
-1.028625e-04,-3.139133e+00,-3.486633e+00
-1.028250e-04,-3.139133e+00,-3.486633e+00
-1.027875e-04,-3.139133e+00,-3.486633e+00
-1.027500e-04,-3.139133e+00,-3.486633e+00
-1.027125e-04,-3.139133e+00,-3.486633e+00
-1.026750e-04,-3.139133e+00,-3.486633e+00
-1.026375e-04,-3.139133e+00,-3.481809e+00
-1.026000e-04,-3.139133e+00,-3.481809e+00
-1.025625e-04,-3.139133e+00,-3.481809e+00
-1.025250e-04,-3.132851e+00,-3.481809e+00
-1.024875e-04,-3.132851e+00,-3.476985e+00
-1.024500e-04,-3.132851e+00,-3.481809e+00
-1.024125e-04,-3.132851e+00,-3.476985e+00
-1.023750e-04,-3.132851e+00,-3.476985e+00
-1.023375e-04,-3.132851e+00,-3.476985e+00
-1.023000e-04,-3.132851e+00,-3.472160e+00
-1.022625e-04,-3.132851e+00,-3.476985e+00
-1.022250e-04,-3.132851e+00,-3.472160e+00
-1.021875e-04,-3.132851e+00,-3.472160e+00
-1.021500e-04,-3.132851e+00,-3.472160e+00
-1.021125e-04,-3.126570e+00,-3.472160e+00
-1.020750e-04,-3.126570e+00,-3.467336e+00
-1.020375e-04,-3.126570e+00,-3.467336e+00
-1.020000e-04,-3.126570e+00,-3.467336e+00
-1.019625e-04,-3.126570e+00,-3.462512e+00
-1.019250e-04,-3.126570e+00,-3.462512e+00
-1.018875e-04,-3.126570e+00,-3.457688e+00
-1.018500e-04,-3.126570e+00,-3.457688e+00
-1.018125e-04,-3.126570e+00,-3.457688e+00
-1.017750e-04,-3.126570e+00,-3.452864e+00
-1.017375e-04,-3.126570e+00,-3.452864e+00
-1.017000e-04,-3.126570e+00,-3.452864e+00
-1.016625e-04,-3.120289e+00,-3.452864e+00
-1.016250e-04,-3.120289e+00,-3.448040e+00
-1.015875e-04,-3.120289e+00,-3.448040e+00
-1.015500e-04,-3.120289e+00,-3.448040e+00
-1.015125e-04,-3.120289e+00,-3.443216e+00
-1.014750e-04,-3.120289e+00,-3.443216e+00
-1.014375e-04,-3.114007e+00,-3.443216e+00
-1.014000e-04,-3.120289e+00,-3.443216e+00
-1.013625e-04,-3.114007e+00,-3.438392e+00
-1.013250e-04,-3.114007e+00,-3.438392e+00
-1.012875e-04,-3.114007e+00,-3.433567e+00
-1.012500e-04,-3.114007e+00,-3.438392e+00
-1.012125e-04,-3.107726e+00,-3.433567e+00
-1.011750e-04,-3.107726e+00,-3.433567e+00
-1.011375e-04,-3.107726e+00,-3.428743e+00
-1.011000e-04,-3.107726e+00,-3.428743e+00
-1.010625e-04,-3.107726e+00,-3.428743e+00
-1.010250e-04,-3.101444e+00,-3.428743e+00
-1.009875e-04,-3.101444e+00,-3.423919e+00
-1.009500e-04,-3.101444e+00,-3.423919e+00
-1.009125e-04,-3.101444e+00,-3.423919e+00
-1.008750e-04,-3.095163e+00,-3.423919e+00
-1.008375e-04,-3.095163e+00,-3.419095e+00
-1.008000e-04,-3.095163e+00,-3.419095e+00
-1.007625e-04,-3.095163e+00,-3.419095e+00
-1.007250e-04,-3.095163e+00,-3.419095e+00
-1.006875e-04,-3.088882e+00,-3.419095e+00
-1.006500e-04,-3.088882e+00,-3.414271e+00
-1.006125e-04,-3.082600e+00,-3.414271e+00
-1.005750e-04,-3.082600e+00,-3.414271e+00
-1.005375e-04,-3.082600e+00,-3.414271e+00
-1.005000e-04,-3.082600e+00,-3.409447e+00
-1.004625e-04,-3.076319e+00,-3.409447e+00
-1.004250e-04,-3.076319e+00,-3.409447e+00
-1.003875e-04,-3.076319e+00,-3.409447e+00
-1.003500e-04,-3.076319e+00,-3.409447e+00
-1.003125e-04,-3.070037e+00,-3.409447e+00
-1.002750e-04,-3.070037e+00,-3.404623e+00
-1.002375e-04,-3.070037e+00,-3.404623e+00
-1.002000e-04,-3.063756e+00,-3.404623e+00
-1.001625e-04,-3.070037e+00,-3.404623e+00
-1.001250e-04,-3.063756e+00,-3.399799e+00
-1.000875e-04,-3.057475e+00,-3.404623e+00
-1.000500e-04,-3.063756e+00,-3.399799e+00
-1.000125e-04,-3.057475e+00,-3.399799e+00
-9.997500e-05,-3.057475e+00,-3.394974e+00
-9.993750e-05,-3.057475e+00,-3.394974e+00
-9.990000e-05,-3.057475e+00,-3.394974e+00
-9.986250e-05,-3.051193e+00,-3.394974e+00
-9.982500e-05,-3.051193e+00,-3.394974e+00
-9.978750e-05,-3.051193e+00,-3.390150e+00
-9.975000e-05,-3.051193e+00,-3.390150e+00
-9.971250e-05,-3.044912e+00,-3.390150e+00
-9.967500e-05,-3.044912e+00,-3.390150e+00
-9.963750e-05,-3.044912e+00,-3.385326e+00
-9.960000e-05,-3.044912e+00,-3.385326e+00
-9.956250e-05,-3.044912e+00,-3.385326e+00
-9.952500e-05,-3.044912e+00,-3.380502e+00
-9.948750e-05,-3.044912e+00,-3.380502e+00
-9.945000e-05,-3.044912e+00,-3.380502e+00
-9.941250e-05,-3.038630e+00,-3.380502e+00
-9.937500e-05,-3.038630e+00,-3.375678e+00
-9.933750e-05,-3.038630e+00,-3.375678e+00
-9.930000e-05,-3.038630e+00,-3.370854e+00
-9.926250e-05,-3.038630e+00,-3.370854e+00
-9.922500e-05,-3.038630e+00,-3.370854e+00
-9.918750e-05,-3.038630e+00,-3.366030e+00
-9.915000e-05,-3.032349e+00,-3.366030e+00
-9.911250e-05,-3.032349e+00,-3.366030e+00
-9.907500e-05,-3.032349e+00,-3.366030e+00
-9.903750e-05,-3.032349e+00,-3.361206e+00
-9.900000e-05,-3.032349e+00,-3.361206e+00
-9.896250e-05,-3.032349e+00,-3.361206e+00
-9.892500e-05,-3.032349e+00,-3.361206e+00
-9.888750e-05,-3.032349e+00,-3.356382e+00
-9.885000e-05,-3.032349e+00,-3.356382e+00
-9.881250e-05,-3.032349e+00,-3.356382e+00
-9.877500e-05,-3.026068e+00,-3.351557e+00
-9.873750e-05,-3.032349e+00,-3.351557e+00
-9.870000e-05,-3.026068e+00,-3.351557e+00
-9.866250e-05,-3.026068e+00,-3.346733e+00
-9.862500e-05,-3.026068e+00,-3.346733e+00
-9.858750e-05,-3.026068e+00,-3.346733e+00
-9.855000e-05,-3.026068e+00,-3.346733e+00
-9.851250e-05,-3.026068e+00,-3.341909e+00
-9.847500e-05,-3.026068e+00,-3.341909e+00
-9.843750e-05,-3.026068e+00,-3.341909e+00
-9.840000e-05,-3.026068e+00,-3.341909e+00
-9.836250e-05,-3.026068e+00,-3.341909e+00
-9.832500e-05,-3.019786e+00,-3.337085e+00
-9.828750e-05,-3.019786e+00,-3.337085e+00
-9.825000e-05,-3.019786e+00,-3.337085e+00
-9.821250e-05,-3.019786e+00,-3.337085e+00
-9.817500e-05,-3.019786e+00,-3.337085e+00
-9.813750e-05,-3.013505e+00,-3.332261e+00
-9.810000e-05,-3.013505e+00,-3.332261e+00
-9.806250e-05,-3.013505e+00,-3.332261e+00
-9.802500e-05,-3.013505e+00,-3.332261e+00
-9.798750e-05,-3.007223e+00,-3.332261e+00
-9.795000e-05,-3.007223e+00,-3.327437e+00
-9.791250e-05,-3.007223e+00,-3.327437e+00
-9.787500e-05,-3.007223e+00,-3.327437e+00
-9.783750e-05,-3.007223e+00,-3.327437e+00
-9.780000e-05,-3.007223e+00,-3.327437e+00
-9.776250e-05,-3.000942e+00,-3.322613e+00
-9.772500e-05,-3.000942e+00,-3.322613e+00
-9.768750e-05,-3.000942e+00,-3.322613e+00
-9.765000e-05,-2.994661e+00,-3.322613e+00
-9.761250e-05,-2.994661e+00,-3.317789e+00
-9.757500e-05,-2.994661e+00,-3.317789e+00
-9.753750e-05,-2.994661e+00,-3.317789e+00
-9.750000e-05,-2.988379e+00,-3.317789e+00
-9.746250e-05,-2.988379e+00,-3.312964e+00
-9.742500e-05,-2.988379e+00,-3.312964e+00
-9.738750e-05,-2.982098e+00,-3.312964e+00
-9.735000e-05,-2.982098e+00,-3.312964e+00
-9.731250e-05,-2.982098e+00,-3.312964e+00
-9.727500e-05,-2.975816e+00,-3.308140e+00
-9.723750e-05,-2.975816e+00,-3.308140e+00
-9.720000e-05,-2.975816e+00,-3.308140e+00
-9.716250e-05,-2.975816e+00,-3.303316e+00
-9.712500e-05,-2.969535e+00,-3.303316e+00
-9.708750e-05,-2.969535e+00,-3.303316e+00
-9.705000e-05,-2.969535e+00,-3.298492e+00
-9.701250e-05,-2.963254e+00,-3.298492e+00
-9.697500e-05,-2.963254e+00,-3.298492e+00
-9.693750e-05,-2.963254e+00,-3.298492e+00
-9.690000e-05,-2.963254e+00,-3.293668e+00
-9.686250e-05,-2.963254e+00,-3.293668e+00
-9.682500e-05,-2.956972e+00,-3.293668e+00
-9.678750e-05,-2.956972e+00,-3.288844e+00
-9.675000e-05,-2.956972e+00,-3.284020e+00
-9.671250e-05,-2.956972e+00,-3.284020e+00
-9.667500e-05,-2.950691e+00,-3.284020e+00
-9.663750e-05,-2.950691e+00,-3.284020e+00
-9.660000e-05,-2.950691e+00,-3.284020e+00
-9.656250e-05,-2.950691e+00,-3.279196e+00
-9.652500e-05,-2.944409e+00,-3.279196e+00
-9.648750e-05,-2.944409e+00,-3.279196e+00
-9.645000e-05,-2.944409e+00,-3.279196e+00
-9.641250e-05,-2.944409e+00,-3.274371e+00
-9.637500e-05,-2.944409e+00,-3.274371e+00
-9.633750e-05,-2.944409e+00,-3.274371e+00
-9.630000e-05,-2.944409e+00,-3.269547e+00
-9.626250e-05,-2.938128e+00,-3.269547e+00
-9.622500e-05,-2.938128e+00,-3.269547e+00
-9.618750e-05,-2.938128e+00,-3.269547e+00
-9.615000e-05,-2.938128e+00,-3.264723e+00
-9.611250e-05,-2.938128e+00,-3.264723e+00
-9.607500e-05,-2.938128e+00,-3.264723e+00
-9.603750e-05,-2.938128e+00,-3.264723e+00
-9.600000e-05,-2.931846e+00,-3.264723e+00
-9.596250e-05,-2.931846e+00,-3.264723e+00
-9.592500e-05,-2.931846e+00,-3.259899e+00
-9.588750e-05,-2.931846e+00,-3.259899e+00
-9.585000e-05,-2.931846e+00,-3.259899e+00
-9.581250e-05,-2.931846e+00,-3.255075e+00
-9.577500e-05,-2.931846e+00,-3.255075e+00
-9.573750e-05,-2.931846e+00,-3.255075e+00
-9.570000e-05,-2.931846e+00,-3.255075e+00
-9.566250e-05,-2.931846e+00,-3.255075e+00
-9.562500e-05,-2.925565e+00,-3.250251e+00
-9.558750e-05,-2.925565e+00,-3.250251e+00
-9.555000e-05,-2.925565e+00,-3.250251e+00
-9.551250e-05,-2.925565e+00,-3.250251e+00
-9.547500e-05,-2.925565e+00,-3.250251e+00
-9.543750e-05,-2.925565e+00,-3.250251e+00
-9.540000e-05,-2.925565e+00,-3.250251e+00
-9.536250e-05,-2.925565e+00,-3.245427e+00
-9.532500e-05,-2.925565e+00,-3.245427e+00
-9.528750e-05,-2.925565e+00,-3.245427e+00
-9.525000e-05,-2.925565e+00,-3.245427e+00
-9.521250e-05,-2.919284e+00,-3.240603e+00
-9.517500e-05,-2.919284e+00,-3.240603e+00
-9.513750e-05,-2.919284e+00,-3.240603e+00
-9.510000e-05,-2.919284e+00,-3.240603e+00
-9.506250e-05,-2.919284e+00,-3.235779e+00
-9.502500e-05,-2.919284e+00,-3.235779e+00
-9.498750e-05,-2.913002e+00,-3.235779e+00
-9.495000e-05,-2.913002e+00,-3.235779e+00
-9.491250e-05,-2.913002e+00,-3.235779e+00
-9.487500e-05,-2.913002e+00,-3.230954e+00
-9.483750e-05,-2.913002e+00,-3.230954e+00
-9.480000e-05,-2.906721e+00,-3.226130e+00
-9.476250e-05,-2.906721e+00,-3.226130e+00
-9.472500e-05,-2.906721e+00,-3.221306e+00
-9.468750e-05,-2.906721e+00,-3.221306e+00
-9.465000e-05,-2.906721e+00,-3.221306e+00
-9.461250e-05,-2.900439e+00,-3.221306e+00
-9.457500e-05,-2.900439e+00,-3.216482e+00
-9.453750e-05,-2.900439e+00,-3.216482e+00
-9.450000e-05,-2.900439e+00,-3.216482e+00
-9.446250e-05,-2.894158e+00,-3.211658e+00
-9.442500e-05,-2.894158e+00,-3.211658e+00
-9.438750e-05,-2.894158e+00,-3.211658e+00
-9.435000e-05,-2.887877e+00,-3.206834e+00
-9.431250e-05,-2.887877e+00,-3.206834e+00
-9.427500e-05,-2.887877e+00,-3.206834e+00
-9.423750e-05,-2.887877e+00,-3.206834e+00
-9.420000e-05,-2.881595e+00,-3.206834e+00
-9.416250e-05,-2.881595e+00,-3.202010e+00
-9.412500e-05,-2.875314e+00,-3.202010e+00
-9.408750e-05,-2.875314e+00,-3.197186e+00
-9.405000e-05,-2.875314e+00,-3.197186e+00
-9.401250e-05,-2.875314e+00,-3.197186e+00
-9.397500e-05,-2.875314e+00,-3.197186e+00
-9.393750e-05,-2.869032e+00,-3.192361e+00
-9.390000e-05,-2.869032e+00,-3.192361e+00
-9.386250e-05,-2.869032e+00,-3.192361e+00
-9.382500e-05,-2.862751e+00,-3.192361e+00
-9.378750e-05,-2.862751e+00,-3.187537e+00
-9.375000e-05,-2.862751e+00,-3.187537e+00
-9.371250e-05,-2.856470e+00,-3.187537e+00
-9.367500e-05,-2.856470e+00,-3.187537e+00
-9.363750e-05,-2.856470e+00,-3.182713e+00
-9.360000e-05,-2.856470e+00,-3.182713e+00
-9.356250e-05,-2.850188e+00,-3.182713e+00
-9.352500e-05,-2.850188e+00,-3.182713e+00
-9.348750e-05,-2.850188e+00,-3.177889e+00
-9.345000e-05,-2.850188e+00,-3.177889e+00
-9.341250e-05,-2.843907e+00,-3.177889e+00
-9.337500e-05,-2.850188e+00,-3.177889e+00
-9.333750e-05,-2.850188e+00,-3.177889e+00
-9.330000e-05,-2.843907e+00,-3.173065e+00
-9.326250e-05,-2.843907e+00,-3.173065e+00
-9.322500e-05,-2.843907e+00,-3.173065e+00
-9.318750e-05,-2.843907e+00,-3.173065e+00
-9.315000e-05,-2.837625e+00,-3.173065e+00
-9.311250e-05,-2.837625e+00,-3.173065e+00
-9.307500e-05,-2.837625e+00,-3.168241e+00
-9.303750e-05,-2.837625e+00,-3.168241e+00
-9.300000e-05,-2.837625e+00,-3.168241e+00
-9.296250e-05,-2.837625e+00,-3.168241e+00
-9.292500e-05,-2.837625e+00,-3.163417e+00
-9.288750e-05,-2.837625e+00,-3.163417e+00
-9.285000e-05,-2.837625e+00,-3.163417e+00
-9.281250e-05,-2.831344e+00,-3.163417e+00
-9.277500e-05,-2.831344e+00,-3.158593e+00
-9.273750e-05,-2.831344e+00,-3.158593e+00
-9.270000e-05,-2.831344e+00,-3.153768e+00
-9.266250e-05,-2.831344e+00,-3.153768e+00
-9.262500e-05,-2.831344e+00,-3.153768e+00
-9.258750e-05,-2.831344e+00,-3.153768e+00
-9.255000e-05,-2.831344e+00,-3.153768e+00
-9.251250e-05,-2.831344e+00,-3.148944e+00
-9.247500e-05,-2.831344e+00,-3.148944e+00
-9.243750e-05,-2.831344e+00,-3.144120e+00
-9.240000e-05,-2.831344e+00,-3.144120e+00
-9.236250e-05,-2.831344e+00,-3.144120e+00
-9.232500e-05,-2.825063e+00,-3.139296e+00
-9.228750e-05,-2.825063e+00,-3.139296e+00
-9.225000e-05,-2.825063e+00,-3.139296e+00
-9.221250e-05,-2.825063e+00,-3.139296e+00
-9.217500e-05,-2.825063e+00,-3.134472e+00
-9.213750e-05,-2.825063e+00,-3.134472e+00
-9.210000e-05,-2.825063e+00,-3.134472e+00
-9.206250e-05,-2.825063e+00,-3.129648e+00
-9.202500e-05,-2.825063e+00,-3.129648e+00
-9.198750e-05,-2.825063e+00,-3.129648e+00
-9.195000e-05,-2.825063e+00,-3.129648e+00
-9.191250e-05,-2.818781e+00,-3.124824e+00
-9.187500e-05,-2.818781e+00,-3.124824e+00
-9.183750e-05,-2.818781e+00,-3.120000e+00
-9.180000e-05,-2.818781e+00,-3.124824e+00
-9.176250e-05,-2.818781e+00,-3.120000e+00
-9.172500e-05,-2.818781e+00,-3.120000e+00
-9.168750e-05,-2.812500e+00,-3.115176e+00
-9.165000e-05,-2.812500e+00,-3.115176e+00
-9.161250e-05,-2.812500e+00,-3.115176e+00
-9.157500e-05,-2.812500e+00,-3.115176e+00
-9.153750e-05,-2.812500e+00,-3.115176e+00
-9.150000e-05,-2.812500e+00,-3.110351e+00
-9.146250e-05,-2.806218e+00,-3.110351e+00
-9.142500e-05,-2.806218e+00,-3.110351e+00
-9.138750e-05,-2.806218e+00,-3.105527e+00
-9.135000e-05,-2.799937e+00,-3.105527e+00
-9.131250e-05,-2.799937e+00,-3.105527e+00
-9.127500e-05,-2.799937e+00,-3.105527e+00
-9.123750e-05,-2.799937e+00,-3.105527e+00
-9.120000e-05,-2.799937e+00,-3.105527e+00
-9.116250e-05,-2.793656e+00,-3.105527e+00
-9.112500e-05,-2.793656e+00,-3.100703e+00
-9.108750e-05,-2.793656e+00,-3.100703e+00
-9.105000e-05,-2.793656e+00,-3.100703e+00
-9.101250e-05,-2.787374e+00,-3.100703e+00
-9.097500e-05,-2.787374e+00,-3.095879e+00
-9.093750e-05,-2.781093e+00,-3.095879e+00
-9.090000e-05,-2.787374e+00,-3.095879e+00
-9.086250e-05,-2.781093e+00,-3.095879e+00
-9.082500e-05,-2.781093e+00,-3.091055e+00
-9.078750e-05,-2.774811e+00,-3.091055e+00
-9.075000e-05,-2.774811e+00,-3.091055e+00
-9.071250e-05,-2.774811e+00,-3.086231e+00
-9.067500e-05,-2.774811e+00,-3.086231e+00
-9.063750e-05,-2.768530e+00,-3.086231e+00
-9.060000e-05,-2.768530e+00,-3.086231e+00
-9.056250e-05,-2.768530e+00,-3.086231e+00
-9.052500e-05,-2.768530e+00,-3.081407e+00
-9.048750e-05,-2.768530e+00,-3.081407e+00
-9.045000e-05,-2.762248e+00,-3.081407e+00
-9.041250e-05,-2.762248e+00,-3.076583e+00
-9.037500e-05,-2.755967e+00,-3.076583e+00
-9.033750e-05,-2.755967e+00,-3.081407e+00
-9.030000e-05,-2.755967e+00,-3.071758e+00
-9.026250e-05,-2.755967e+00,-3.076583e+00
-9.022500e-05,-2.755967e+00,-3.071758e+00
-9.018750e-05,-2.749686e+00,-3.071758e+00
-9.015000e-05,-2.749686e+00,-3.071758e+00
-9.011250e-05,-2.749686e+00,-3.066934e+00
-9.007500e-05,-2.749686e+00,-3.066934e+00
-9.003750e-05,-2.749686e+00,-3.066934e+00
-9.000000e-05,-2.749686e+00,-3.062110e+00
-8.996250e-05,-2.743404e+00,-3.062110e+00
-8.992500e-05,-2.743404e+00,-3.062110e+00
-8.988750e-05,-2.743404e+00,-3.057286e+00
-8.985000e-05,-2.743404e+00,-3.057286e+00
-8.981250e-05,-2.743404e+00,-3.057286e+00
-8.977500e-05,-2.737123e+00,-3.057286e+00
-8.973750e-05,-2.737123e+00,-3.052462e+00
-8.970000e-05,-2.737123e+00,-3.052462e+00
-8.966250e-05,-2.737123e+00,-3.047638e+00
-8.962500e-05,-2.737123e+00,-3.047638e+00
-8.958750e-05,-2.737123e+00,-3.047638e+00
-8.955000e-05,-2.737123e+00,-3.042814e+00
-8.951250e-05,-2.737123e+00,-3.042814e+00
-8.947500e-05,-2.730841e+00,-3.042814e+00
-8.943750e-05,-2.730841e+00,-3.042814e+00
-8.940000e-05,-2.730841e+00,-3.037990e+00
-8.936250e-05,-2.730841e+00,-3.037990e+00
-8.932500e-05,-2.730841e+00,-3.037990e+00
-8.928750e-05,-2.730841e+00,-3.033165e+00
-8.925000e-05,-2.730841e+00,-3.033165e+00
-8.921250e-05,-2.730841e+00,-3.033165e+00
-8.917500e-05,-2.730841e+00,-3.033165e+00
-8.913750e-05,-2.730841e+00,-3.033165e+00
-8.910000e-05,-2.730841e+00,-3.028341e+00
-8.906250e-05,-2.730841e+00,-3.028341e+00
-8.902500e-05,-2.730841e+00,-3.028341e+00
-8.898750e-05,-2.730841e+00,-3.028341e+00
-8.895000e-05,-2.730841e+00,-3.023517e+00
-8.891250e-05,-2.724560e+00,-3.023517e+00
-8.887500e-05,-2.730841e+00,-3.023517e+00
-8.883750e-05,-2.724560e+00,-3.023517e+00
-8.880000e-05,-2.724560e+00,-3.023517e+00
-8.876250e-05,-2.724560e+00,-3.018693e+00
-8.872500e-05,-2.724560e+00,-3.018693e+00
-8.868750e-05,-2.724560e+00,-3.018693e+00
-8.865000e-05,-2.724560e+00,-3.018693e+00
-8.861250e-05,-2.724560e+00,-3.013869e+00
-8.857500e-05,-2.724560e+00,-3.013869e+00
-8.853750e-05,-2.724560e+00,-3.013869e+00
-8.850000e-05,-2.724560e+00,-3.013869e+00
-8.846250e-05,-2.724560e+00,-3.009045e+00
-8.842500e-05,-2.718279e+00,-3.009045e+00
-8.838750e-05,-2.718279e+00,-3.009045e+00
-8.835000e-05,-2.718279e+00,-3.009045e+00
-8.831250e-05,-2.718279e+00,-3.009045e+00
-8.827500e-05,-2.718279e+00,-3.004221e+00
-8.823750e-05,-2.711997e+00,-3.004221e+00
-8.820000e-05,-2.711997e+00,-3.004221e+00
-8.816250e-05,-2.711997e+00,-3.004221e+00
-8.812500e-05,-2.711997e+00,-2.999397e+00
-8.808750e-05,-2.711997e+00,-2.999397e+00
-8.805000e-05,-2.705716e+00,-2.999397e+00
-8.801250e-05,-2.711997e+00,-2.994573e+00
-8.797500e-05,-2.705716e+00,-2.994573e+00
-8.793750e-05,-2.705716e+00,-2.994573e+00
-8.790000e-05,-2.705716e+00,-2.989748e+00
-8.786250e-05,-2.699434e+00,-2.989748e+00
-8.782500e-05,-2.699434e+00,-2.989748e+00
-8.778750e-05,-2.699434e+00,-2.989748e+00
-8.775000e-05,-2.693153e+00,-2.984924e+00
-8.771250e-05,-2.693153e+00,-2.984924e+00
-8.767500e-05,-2.693153e+00,-2.980100e+00
-8.763750e-05,-2.693153e+00,-2.980100e+00
-8.760000e-05,-2.686872e+00,-2.980100e+00
-8.756250e-05,-2.686872e+00,-2.980100e+00
-8.752500e-05,-2.686872e+00,-2.980100e+00
-8.748750e-05,-2.686872e+00,-2.975276e+00
-8.745000e-05,-2.680590e+00,-2.970452e+00
-8.741250e-05,-2.680590e+00,-2.975276e+00
-8.737500e-05,-2.674309e+00,-2.975276e+00
-8.733750e-05,-2.674309e+00,-2.970452e+00
-8.730000e-05,-2.674309e+00,-2.970452e+00
-8.726250e-05,-2.674309e+00,-2.965628e+00
-8.722500e-05,-2.674309e+00,-2.965628e+00
-8.718750e-05,-2.668027e+00,-2.965628e+00
-8.715000e-05,-2.668027e+00,-2.960804e+00
-8.711250e-05,-2.668027e+00,-2.960804e+00
-8.707500e-05,-2.668027e+00,-2.960804e+00
-8.703750e-05,-2.661746e+00,-2.960804e+00
-8.700000e-05,-2.661746e+00,-2.960804e+00
-8.696250e-05,-2.655465e+00,-2.955980e+00
-8.692500e-05,-2.655465e+00,-2.955980e+00
-8.688750e-05,-2.655465e+00,-2.955980e+00
-8.685000e-05,-2.655465e+00,-2.955980e+00
-8.681250e-05,-2.649183e+00,-2.951155e+00
-8.677500e-05,-2.649183e+00,-2.951155e+00
-8.673750e-05,-2.649183e+00,-2.951155e+00
-8.670000e-05,-2.649183e+00,-2.951155e+00
-8.666250e-05,-2.649183e+00,-2.951155e+00
-8.662500e-05,-2.649183e+00,-2.951155e+00
-8.658750e-05,-2.642902e+00,-2.946331e+00
-8.655000e-05,-2.642902e+00,-2.946331e+00
-8.651250e-05,-2.642902e+00,-2.946331e+00
-8.647500e-05,-2.642902e+00,-2.941507e+00
-8.643750e-05,-2.642902e+00,-2.941507e+00
-8.640000e-05,-2.642902e+00,-2.941507e+00
-8.636250e-05,-2.642902e+00,-2.941507e+00
-8.632500e-05,-2.636620e+00,-2.941507e+00
-8.628750e-05,-2.636620e+00,-2.941507e+00
-8.625000e-05,-2.636620e+00,-2.941507e+00
-8.621250e-05,-2.636620e+00,-2.936683e+00
-8.617500e-05,-2.636620e+00,-2.936683e+00
-8.613750e-05,-2.636620e+00,-2.936683e+00
-8.610000e-05,-2.636620e+00,-2.936683e+00
-8.606250e-05,-2.630339e+00,-2.936683e+00
-8.602500e-05,-2.630339e+00,-2.931859e+00
-8.598750e-05,-2.630339e+00,-2.931859e+00
-8.595000e-05,-2.630339e+00,-2.927035e+00
-8.591250e-05,-2.630339e+00,-2.927035e+00
-8.587500e-05,-2.630339e+00,-2.927035e+00
-8.583750e-05,-2.630339e+00,-2.927035e+00
-8.580000e-05,-2.630339e+00,-2.927035e+00
-8.576250e-05,-2.630339e+00,-2.927035e+00
-8.572500e-05,-2.630339e+00,-2.922211e+00
-8.568750e-05,-2.630339e+00,-2.922211e+00
-8.565000e-05,-2.630339e+00,-2.917387e+00
-8.561250e-05,-2.630339e+00,-2.917387e+00
-8.557500e-05,-2.624058e+00,-2.917387e+00
-8.553750e-05,-2.624058e+00,-2.917387e+00
-8.550000e-05,-2.624058e+00,-2.917387e+00
-8.546250e-05,-2.624058e+00,-2.912562e+00
-8.542500e-05,-2.624058e+00,-2.912562e+00
-8.538750e-05,-2.624058e+00,-2.912562e+00
-8.535000e-05,-2.624058e+00,-2.907738e+00
-8.531250e-05,-2.624058e+00,-2.907738e+00
-8.527500e-05,-2.624058e+00,-2.907738e+00
-8.523750e-05,-2.617776e+00,-2.902914e+00
-8.520000e-05,-2.617776e+00,-2.902914e+00
-8.516250e-05,-2.617776e+00,-2.898090e+00
-8.512500e-05,-2.617776e+00,-2.898090e+00
-8.508750e-05,-2.617776e+00,-2.898090e+00
-8.505000e-05,-2.617776e+00,-2.893266e+00
-8.501250e-05,-2.617776e+00,-2.893266e+00
-8.497500e-05,-2.611495e+00,-2.893266e+00
-8.493750e-05,-2.611495e+00,-2.888442e+00
-8.490000e-05,-2.611495e+00,-2.888442e+00
-8.486250e-05,-2.611495e+00,-2.888442e+00
-8.482500e-05,-2.611495e+00,-2.888442e+00
-8.478750e-05,-2.611495e+00,-2.883618e+00
-8.475000e-05,-2.605213e+00,-2.883618e+00
-8.471250e-05,-2.605213e+00,-2.883618e+00
-8.467500e-05,-2.605213e+00,-2.883618e+00
-8.463750e-05,-2.605213e+00,-2.878794e+00
-8.460000e-05,-2.598932e+00,-2.878794e+00
-8.456250e-05,-2.598932e+00,-2.878794e+00
-8.452500e-05,-2.598932e+00,-2.878794e+00
-8.448750e-05,-2.592651e+00,-2.878794e+00
-8.445000e-05,-2.592651e+00,-2.873970e+00
-8.441250e-05,-2.592651e+00,-2.873970e+00
-8.437500e-05,-2.592651e+00,-2.873970e+00
-8.433750e-05,-2.586369e+00,-2.869145e+00
-8.430000e-05,-2.586369e+00,-2.869145e+00
-8.426250e-05,-2.586369e+00,-2.869145e+00
-8.422500e-05,-2.580088e+00,-2.869145e+00
-8.418750e-05,-2.580088e+00,-2.864321e+00
-8.415000e-05,-2.580088e+00,-2.864321e+00
-8.411250e-05,-2.580088e+00,-2.864321e+00
-8.407500e-05,-2.573806e+00,-2.864321e+00
-8.403750e-05,-2.573806e+00,-2.859497e+00
-8.400000e-05,-2.567525e+00,-2.859497e+00
-8.396250e-05,-2.567525e+00,-2.859497e+00
-8.392500e-05,-2.567525e+00,-2.859497e+00
-8.388750e-05,-2.567525e+00,-2.859497e+00
-8.385000e-05,-2.567525e+00,-2.859497e+00
-8.381250e-05,-2.561243e+00,-2.854673e+00
-8.377500e-05,-2.561243e+00,-2.854673e+00
-8.373750e-05,-2.561243e+00,-2.854673e+00
-8.370000e-05,-2.554962e+00,-2.849849e+00
-8.366250e-05,-2.554962e+00,-2.849849e+00
-8.362500e-05,-2.554962e+00,-2.849849e+00
-8.358750e-05,-2.554962e+00,-2.849849e+00
-8.355000e-05,-2.554962e+00,-2.845025e+00
-8.351250e-05,-2.554962e+00,-2.845025e+00
-8.347500e-05,-2.548681e+00,-2.840201e+00
-8.343750e-05,-2.548681e+00,-2.840201e+00
-8.340000e-05,-2.548681e+00,-2.840201e+00
-8.336250e-05,-2.542399e+00,-2.840201e+00
-8.332500e-05,-2.542399e+00,-2.835377e+00
-8.328750e-05,-2.542399e+00,-2.835377e+00
-8.325000e-05,-2.542399e+00,-2.835377e+00
-8.321250e-05,-2.542399e+00,-2.830552e+00
-8.317500e-05,-2.542399e+00,-2.830552e+00
-8.313750e-05,-2.536118e+00,-2.830552e+00
-8.310000e-05,-2.536118e+00,-2.825728e+00
-8.306250e-05,-2.536118e+00,-2.825728e+00
-8.302500e-05,-2.536118e+00,-2.825728e+00
-8.298750e-05,-2.536118e+00,-2.820904e+00
-8.295000e-05,-2.536118e+00,-2.820904e+00
-8.291250e-05,-2.536118e+00,-2.820904e+00
-8.287500e-05,-2.536118e+00,-2.816080e+00
-8.283750e-05,-2.529836e+00,-2.816080e+00
-8.280000e-05,-2.529836e+00,-2.816080e+00
-8.276250e-05,-2.529836e+00,-2.811256e+00
-8.272500e-05,-2.529836e+00,-2.811256e+00
-8.268750e-05,-2.529836e+00,-2.811256e+00
-8.265000e-05,-2.529836e+00,-2.811256e+00
-8.261250e-05,-2.529836e+00,-2.811256e+00
-8.257500e-05,-2.529836e+00,-2.806432e+00
-8.253750e-05,-2.529836e+00,-2.806432e+00
-8.250000e-05,-2.529836e+00,-2.806432e+00
-8.246250e-05,-2.523555e+00,-2.801608e+00
-8.242500e-05,-2.523555e+00,-2.801608e+00
-8.238750e-05,-2.523555e+00,-2.801608e+00
-8.235000e-05,-2.523555e+00,-2.801608e+00
-8.231250e-05,-2.523555e+00,-2.801608e+00
-8.227500e-05,-2.523555e+00,-2.796784e+00
-8.223750e-05,-2.523555e+00,-2.796784e+00
-8.220000e-05,-2.523555e+00,-2.796784e+00
-8.216250e-05,-2.523555e+00,-2.796784e+00
-8.212500e-05,-2.523555e+00,-2.796784e+00
-8.208750e-05,-2.517274e+00,-2.791959e+00
-8.205000e-05,-2.517274e+00,-2.791959e+00
-8.201250e-05,-2.517274e+00,-2.791959e+00
-8.197500e-05,-2.517274e+00,-2.791959e+00
-8.193750e-05,-2.517274e+00,-2.787135e+00
-8.190000e-05,-2.517274e+00,-2.787135e+00
-8.186250e-05,-2.517274e+00,-2.787135e+00
-8.182500e-05,-2.517274e+00,-2.787135e+00
-8.178750e-05,-2.510992e+00,-2.787135e+00
-8.175000e-05,-2.510992e+00,-2.782311e+00
-8.171250e-05,-2.510992e+00,-2.782311e+00
-8.167500e-05,-2.510992e+00,-2.782311e+00
-8.163750e-05,-2.510992e+00,-2.777487e+00
-8.160000e-05,-2.504711e+00,-2.777487e+00
-8.156250e-05,-2.504711e+00,-2.777487e+00
-8.152500e-05,-2.504711e+00,-2.777487e+00
-8.148750e-05,-2.504711e+00,-2.772663e+00
-8.145000e-05,-2.498429e+00,-2.772663e+00
-8.141250e-05,-2.498429e+00,-2.772663e+00
-8.137500e-05,-2.498429e+00,-2.772663e+00
-8.133750e-05,-2.498429e+00,-2.767839e+00
-8.130000e-05,-2.492148e+00,-2.767839e+00
-8.126250e-05,-2.492148e+00,-2.767839e+00
-8.122500e-05,-2.492148e+00,-2.767839e+00
-8.118750e-05,-2.485867e+00,-2.763015e+00
-8.115000e-05,-2.485867e+00,-2.763015e+00
-8.111250e-05,-2.485867e+00,-2.763015e+00
-8.107500e-05,-2.485867e+00,-2.758191e+00
-8.103750e-05,-2.479585e+00,-2.758191e+00
-8.100000e-05,-2.479585e+00,-2.758191e+00
-8.096250e-05,-2.479585e+00,-2.753367e+00
-8.092500e-05,-2.473304e+00,-2.753367e+00
-8.088750e-05,-2.473304e+00,-2.753367e+00
-8.085000e-05,-2.473304e+00,-2.748542e+00
-8.081250e-05,-2.467022e+00,-2.748542e+00
-8.077500e-05,-2.467022e+00,-2.748542e+00
-8.073750e-05,-2.467022e+00,-2.748542e+00
-8.070000e-05,-2.467022e+00,-2.743718e+00
-8.066250e-05,-2.460741e+00,-2.743718e+00
-8.062500e-05,-2.460741e+00,-2.743718e+00
-8.058750e-05,-2.460741e+00,-2.738894e+00
-8.055000e-05,-2.460741e+00,-2.738894e+00
-8.051250e-05,-2.454460e+00,-2.738894e+00
-8.047500e-05,-2.454460e+00,-2.734070e+00
-8.043750e-05,-2.454460e+00,-2.734070e+00
-8.040000e-05,-2.454460e+00,-2.734070e+00
-8.036250e-05,-2.448178e+00,-2.734070e+00
-8.032500e-05,-2.448178e+00,-2.729246e+00
-8.028750e-05,-2.448178e+00,-2.729246e+00
-8.025000e-05,-2.448178e+00,-2.729246e+00
-8.021250e-05,-2.448178e+00,-2.729246e+00
-8.017500e-05,-2.441897e+00,-2.729246e+00
-8.013750e-05,-2.441897e+00,-2.724422e+00
-8.010000e-05,-2.441897e+00,-2.724422e+00
-8.006250e-05,-2.441897e+00,-2.719598e+00
-8.002500e-05,-2.441897e+00,-2.719598e+00
-7.998750e-05,-2.441897e+00,-2.719598e+00
-7.995000e-05,-2.435615e+00,-2.719598e+00
-7.991250e-05,-2.435615e+00,-2.719598e+00
-7.987500e-05,-2.435615e+00,-2.719598e+00
-7.983750e-05,-2.435615e+00,-2.719598e+00
-7.980000e-05,-2.435615e+00,-2.714774e+00
-7.976250e-05,-2.435615e+00,-2.714774e+00
-7.972500e-05,-2.435615e+00,-2.714774e+00
-7.968750e-05,-2.435615e+00,-2.714774e+00
-7.965000e-05,-2.435615e+00,-2.709949e+00
-7.961250e-05,-2.435615e+00,-2.714774e+00
-7.957500e-05,-2.429334e+00,-2.709949e+00
-7.953750e-05,-2.429334e+00,-2.709949e+00
-7.950000e-05,-2.429334e+00,-2.709949e+00
-7.946250e-05,-2.429334e+00,-2.709949e+00
-7.942500e-05,-2.429334e+00,-2.705125e+00
-7.938750e-05,-2.429334e+00,-2.705125e+00
-7.935000e-05,-2.429334e+00,-2.705125e+00
-7.931250e-05,-2.429334e+00,-2.705125e+00
-7.927500e-05,-2.429334e+00,-2.705125e+00
-7.923750e-05,-2.429334e+00,-2.700301e+00
-7.920000e-05,-2.429334e+00,-2.700301e+00
-7.916250e-05,-2.429334e+00,-2.700301e+00
-7.912500e-05,-2.429334e+00,-2.700301e+00
-7.908750e-05,-2.423053e+00,-2.700301e+00
-7.905000e-05,-2.423053e+00,-2.695477e+00
-7.901250e-05,-2.423053e+00,-2.695477e+00
-7.897500e-05,-2.423053e+00,-2.695477e+00
-7.893750e-05,-2.423053e+00,-2.690653e+00
-7.890000e-05,-2.423053e+00,-2.690653e+00
-7.886250e-05,-2.423053e+00,-2.690653e+00
-7.882500e-05,-2.423053e+00,-2.690653e+00
-7.878750e-05,-2.423053e+00,-2.685829e+00
-7.875000e-05,-2.423053e+00,-2.685829e+00
-7.871250e-05,-2.423053e+00,-2.681005e+00
-7.867500e-05,-2.423053e+00,-2.681005e+00
-7.863750e-05,-2.423053e+00,-2.681005e+00
-7.860000e-05,-2.416771e+00,-2.681005e+00
-7.856250e-05,-2.416771e+00,-2.676181e+00
-7.852500e-05,-2.416771e+00,-2.676181e+00
-7.848750e-05,-2.416771e+00,-2.676181e+00
-7.845000e-05,-2.416771e+00,-2.671356e+00
-7.841250e-05,-2.416771e+00,-2.671356e+00
-7.837500e-05,-2.416771e+00,-2.671356e+00
-7.833750e-05,-2.410490e+00,-2.671356e+00
-7.830000e-05,-2.410490e+00,-2.666532e+00
-7.826250e-05,-2.410490e+00,-2.666532e+00
-7.822500e-05,-2.410490e+00,-2.666532e+00
-7.818750e-05,-2.410490e+00,-2.661708e+00
-7.815000e-05,-2.410490e+00,-2.661708e+00
-7.811250e-05,-2.404208e+00,-2.661708e+00
-7.807500e-05,-2.404208e+00,-2.656884e+00
-7.803750e-05,-2.404208e+00,-2.656884e+00
-7.800000e-05,-2.404208e+00,-2.656884e+00
-7.796250e-05,-2.404208e+00,-2.652060e+00
-7.792500e-05,-2.397927e+00,-2.652060e+00
-7.788750e-05,-2.397927e+00,-2.652060e+00
-7.785000e-05,-2.397927e+00,-2.652060e+00
-7.781250e-05,-2.397927e+00,-2.652060e+00
-7.777500e-05,-2.391646e+00,-2.652060e+00
-7.773750e-05,-2.391646e+00,-2.647236e+00
-7.770000e-05,-2.391646e+00,-2.647236e+00
-7.766250e-05,-2.385364e+00,-2.642412e+00
-7.762500e-05,-2.385364e+00,-2.642412e+00
-7.758750e-05,-2.385364e+00,-2.642412e+00
-7.755000e-05,-2.379083e+00,-2.642412e+00
-7.751250e-05,-2.379083e+00,-2.642412e+00
-7.747500e-05,-2.379083e+00,-2.637588e+00
-7.743750e-05,-2.379083e+00,-2.637588e+00
-7.740000e-05,-2.379083e+00,-2.637588e+00
-7.736250e-05,-2.372801e+00,-2.637588e+00
-7.732500e-05,-2.372801e+00,-2.637588e+00
-7.728750e-05,-2.372801e+00,-2.637588e+00
-7.725000e-05,-2.366520e+00,-2.637588e+00
-7.721250e-05,-2.366520e+00,-2.632764e+00
-7.717500e-05,-2.366520e+00,-2.632764e+00
-7.713750e-05,-2.360238e+00,-2.632764e+00
-7.710000e-05,-2.360238e+00,-2.627939e+00
-7.706250e-05,-2.360238e+00,-2.632764e+00
-7.702500e-05,-2.360238e+00,-2.627939e+00
-7.698750e-05,-2.353957e+00,-2.627939e+00
-7.695000e-05,-2.353957e+00,-2.627939e+00
-7.691250e-05,-2.353957e+00,-2.627939e+00
-7.687500e-05,-2.353957e+00,-2.623115e+00
-7.683750e-05,-2.353957e+00,-2.623115e+00
-7.680000e-05,-2.347676e+00,-2.618291e+00
-7.676250e-05,-2.347676e+00,-2.618291e+00
-7.672500e-05,-2.347676e+00,-2.618291e+00
-7.668750e-05,-2.347676e+00,-2.618291e+00
-7.665000e-05,-2.347676e+00,-2.618291e+00
-7.661250e-05,-2.341394e+00,-2.613467e+00
-7.657500e-05,-2.341394e+00,-2.613467e+00
-7.653750e-05,-2.341394e+00,-2.613467e+00
-7.650000e-05,-2.341394e+00,-2.608643e+00
-7.646250e-05,-2.341394e+00,-2.608643e+00
-7.642500e-05,-2.341394e+00,-2.608643e+00
-7.638750e-05,-2.341394e+00,-2.608643e+00
-7.635000e-05,-2.335113e+00,-2.603819e+00
-7.631250e-05,-2.335113e+00,-2.603819e+00
-7.627500e-05,-2.335113e+00,-2.603819e+00
-7.623750e-05,-2.335113e+00,-2.598995e+00
-7.620000e-05,-2.335113e+00,-2.598995e+00
-7.616250e-05,-2.335113e+00,-2.598995e+00
-7.612500e-05,-2.335113e+00,-2.594171e+00
-7.608750e-05,-2.328831e+00,-2.594171e+00
-7.605000e-05,-2.328831e+00,-2.594171e+00
-7.601250e-05,-2.328831e+00,-2.589346e+00
-7.597500e-05,-2.328831e+00,-2.589346e+00
-7.593750e-05,-2.328831e+00,-2.584522e+00
-7.590000e-05,-2.328831e+00,-2.589346e+00
-7.586250e-05,-2.328831e+00,-2.579698e+00
-7.582500e-05,-2.328831e+00,-2.584522e+00
-7.578750e-05,-2.328831e+00,-2.584522e+00
-7.575000e-05,-2.322550e+00,-2.579698e+00
-7.571250e-05,-2.328831e+00,-2.579698e+00
-7.567500e-05,-2.328831e+00,-2.579698e+00
-7.563750e-05,-2.322550e+00,-2.579698e+00
-7.560000e-05,-2.322550e+00,-2.574874e+00
-7.556250e-05,-2.322550e+00,-2.574874e+00
-7.552500e-05,-2.322550e+00,-2.570050e+00
-7.548750e-05,-2.322550e+00,-2.570050e+00
-7.545000e-05,-2.322550e+00,-2.570050e+00
-7.541250e-05,-2.322550e+00,-2.570050e+00
-7.537500e-05,-2.316269e+00,-2.570050e+00
-7.533750e-05,-2.316269e+00,-2.565226e+00
-7.530000e-05,-2.316269e+00,-2.565226e+00
-7.526250e-05,-2.316269e+00,-2.565226e+00
-7.522500e-05,-2.316269e+00,-2.565226e+00
-7.518750e-05,-2.316269e+00,-2.560402e+00
-7.515000e-05,-2.316269e+00,-2.560402e+00
-7.511250e-05,-2.309987e+00,-2.560402e+00
-7.507500e-05,-2.309987e+00,-2.560402e+00
-7.503750e-05,-2.309987e+00,-2.555578e+00
-7.500000e-05,-2.309987e+00,-2.555578e+00
-7.496250e-05,-2.309987e+00,-2.555578e+00
-7.492500e-05,-2.303706e+00,-2.555578e+00
-7.488750e-05,-2.303706e+00,-2.550753e+00
-7.485000e-05,-2.303706e+00,-2.550753e+00
-7.481250e-05,-2.303706e+00,-2.550753e+00
-7.477500e-05,-2.303706e+00,-2.545929e+00
-7.473750e-05,-2.297424e+00,-2.545929e+00
-7.470000e-05,-2.303706e+00,-2.545929e+00
-7.466250e-05,-2.297424e+00,-2.545929e+00
-7.462500e-05,-2.291143e+00,-2.541105e+00
-7.458750e-05,-2.291143e+00,-2.541105e+00
-7.455000e-05,-2.291143e+00,-2.541105e+00
-7.451250e-05,-2.284862e+00,-2.536281e+00
-7.447500e-05,-2.284862e+00,-2.536281e+00
-7.443750e-05,-2.284862e+00,-2.536281e+00
-7.440000e-05,-2.284862e+00,-2.536281e+00
-7.436250e-05,-2.284862e+00,-2.531457e+00
-7.432500e-05,-2.278580e+00,-2.531457e+00
-7.428750e-05,-2.278580e+00,-2.531457e+00
-7.425000e-05,-2.272299e+00,-2.526633e+00
-7.421250e-05,-2.278580e+00,-2.526633e+00
-7.417500e-05,-2.272299e+00,-2.526633e+00
-7.413750e-05,-2.272299e+00,-2.526633e+00
-7.410000e-05,-2.272299e+00,-2.521809e+00
-7.406250e-05,-2.266017e+00,-2.521809e+00
-7.402500e-05,-2.266017e+00,-2.516985e+00
-7.398750e-05,-2.266017e+00,-2.516985e+00
-7.395000e-05,-2.259736e+00,-2.516985e+00
-7.391250e-05,-2.259736e+00,-2.516985e+00
-7.387500e-05,-2.259736e+00,-2.512161e+00
-7.383750e-05,-2.259736e+00,-2.507336e+00
-7.380000e-05,-2.253455e+00,-2.507336e+00
-7.376250e-05,-2.253455e+00,-2.507336e+00
-7.372500e-05,-2.253455e+00,-2.507336e+00
-7.368750e-05,-2.253455e+00,-2.507336e+00
-7.365000e-05,-2.253455e+00,-2.502512e+00
-7.361250e-05,-2.247173e+00,-2.502512e+00
-7.357500e-05,-2.247173e+00,-2.502512e+00
-7.353750e-05,-2.247173e+00,-2.502512e+00
-7.350000e-05,-2.247173e+00,-2.497688e+00
-7.346250e-05,-2.240892e+00,-2.497688e+00
-7.342500e-05,-2.240892e+00,-2.497688e+00
-7.338750e-05,-2.240892e+00,-2.497688e+00
-7.335000e-05,-2.240892e+00,-2.492864e+00
-7.331250e-05,-2.240892e+00,-2.492864e+00
-7.327500e-05,-2.240892e+00,-2.492864e+00
-7.323750e-05,-2.234610e+00,-2.492864e+00
-7.320000e-05,-2.234610e+00,-2.488040e+00
-7.316250e-05,-2.234610e+00,-2.488040e+00
-7.312500e-05,-2.234610e+00,-2.488040e+00
-7.308750e-05,-2.234610e+00,-2.488040e+00
-7.305000e-05,-2.234610e+00,-2.488040e+00
-7.301250e-05,-2.234610e+00,-2.483216e+00
-7.297500e-05,-2.234610e+00,-2.483216e+00
-7.293750e-05,-2.234610e+00,-2.483216e+00
-7.290000e-05,-2.228329e+00,-2.483216e+00
-7.286250e-05,-2.228329e+00,-2.483216e+00
-7.282500e-05,-2.228329e+00,-2.483216e+00
-7.278750e-05,-2.228329e+00,-2.478392e+00
-7.275000e-05,-2.228329e+00,-2.478392e+00
-7.271250e-05,-2.228329e+00,-2.478392e+00
-7.267500e-05,-2.228329e+00,-2.478392e+00
-7.263750e-05,-2.228329e+00,-2.473568e+00
-7.260000e-05,-2.228329e+00,-2.473568e+00
-7.256250e-05,-2.228329e+00,-2.473568e+00
-7.252500e-05,-2.228329e+00,-2.473568e+00
-7.248750e-05,-2.228329e+00,-2.468743e+00
-7.245000e-05,-2.222048e+00,-2.468743e+00
-7.241250e-05,-2.222048e+00,-2.468743e+00
-7.237500e-05,-2.222048e+00,-2.468743e+00
-7.233750e-05,-2.222048e+00,-2.463919e+00
-7.230000e-05,-2.222048e+00,-2.463919e+00
-7.226250e-05,-2.222048e+00,-2.463919e+00
-7.222500e-05,-2.222048e+00,-2.463919e+00
-7.218750e-05,-2.222048e+00,-2.459095e+00
-7.215000e-05,-2.222048e+00,-2.459095e+00
-7.211250e-05,-2.222048e+00,-2.459095e+00
-7.207500e-05,-2.222048e+00,-2.459095e+00
-7.203750e-05,-2.222048e+00,-2.454271e+00
-7.200000e-05,-2.222048e+00,-2.454271e+00
-7.196250e-05,-2.215766e+00,-2.454271e+00
-7.192500e-05,-2.215766e+00,-2.449447e+00
-7.188750e-05,-2.215766e+00,-2.449447e+00
-7.185000e-05,-2.215766e+00,-2.449447e+00
-7.181250e-05,-2.215766e+00,-2.444623e+00
-7.177500e-05,-2.209485e+00,-2.444623e+00
-7.173750e-05,-2.209485e+00,-2.439799e+00
-7.170000e-05,-2.209485e+00,-2.439799e+00
-7.166250e-05,-2.209485e+00,-2.439799e+00
-7.162500e-05,-2.209485e+00,-2.439799e+00
-7.158750e-05,-2.203203e+00,-2.434975e+00
-7.155000e-05,-2.203203e+00,-2.434975e+00
-7.151250e-05,-2.203203e+00,-2.430150e+00
-7.147500e-05,-2.203203e+00,-2.430150e+00
-7.143750e-05,-2.203203e+00,-2.425326e+00
-7.140000e-05,-2.196922e+00,-2.425326e+00
-7.136250e-05,-2.196922e+00,-2.430150e+00
-7.132500e-05,-2.196922e+00,-2.425326e+00
-7.128750e-05,-2.196922e+00,-2.425326e+00
-7.125000e-05,-2.190641e+00,-2.425326e+00
-7.121250e-05,-2.190641e+00,-2.420502e+00
-7.117500e-05,-2.190641e+00,-2.420502e+00
-7.113750e-05,-2.184359e+00,-2.420502e+00
-7.110000e-05,-2.184359e+00,-2.415678e+00
-7.106250e-05,-2.184359e+00,-2.415678e+00
-7.102500e-05,-2.184359e+00,-2.415678e+00
-7.098750e-05,-2.178078e+00,-2.415678e+00
-7.095000e-05,-2.178078e+00,-2.415678e+00
-7.091250e-05,-2.178078e+00,-2.410854e+00
-7.087500e-05,-2.171796e+00,-2.410854e+00
-7.083750e-05,-2.171796e+00,-2.410854e+00
-7.080000e-05,-2.171796e+00,-2.410854e+00
-7.076250e-05,-2.165515e+00,-2.410854e+00
-7.072500e-05,-2.165515e+00,-2.406030e+00
-7.068750e-05,-2.165515e+00,-2.406030e+00
-7.065000e-05,-2.165515e+00,-2.406030e+00
-7.061250e-05,-2.159233e+00,-2.406030e+00
-7.057500e-05,-2.159233e+00,-2.401206e+00
-7.053750e-05,-2.159233e+00,-2.401206e+00
-7.050000e-05,-2.159233e+00,-2.401206e+00
-7.046250e-05,-2.159233e+00,-2.401206e+00
-7.042500e-05,-2.152952e+00,-2.401206e+00
-7.038750e-05,-2.152952e+00,-2.396382e+00
-7.035000e-05,-2.152952e+00,-2.396382e+00
-7.031250e-05,-2.146671e+00,-2.396382e+00
-7.027500e-05,-2.146671e+00,-2.396382e+00
-7.023750e-05,-2.146671e+00,-2.396382e+00
-7.020000e-05,-2.146671e+00,-2.391558e+00
-7.016250e-05,-2.146671e+00,-2.391558e+00
-7.012500e-05,-2.140389e+00,-2.391558e+00
-7.008750e-05,-2.140389e+00,-2.386733e+00
-7.005000e-05,-2.140389e+00,-2.386733e+00
-7.001250e-05,-2.140389e+00,-2.386733e+00
-6.997500e-05,-2.140389e+00,-2.386733e+00
-6.993750e-05,-2.140389e+00,-2.381909e+00
-6.990000e-05,-2.134108e+00,-2.381909e+00
-6.986250e-05,-2.134108e+00,-2.381909e+00
-6.982500e-05,-2.134108e+00,-2.381909e+00
-6.978750e-05,-2.134108e+00,-2.377085e+00
-6.975000e-05,-2.134108e+00,-2.377085e+00
-6.971250e-05,-2.134108e+00,-2.377085e+00
-6.967500e-05,-2.134108e+00,-2.372261e+00
-6.963750e-05,-2.127826e+00,-2.372261e+00
-6.960000e-05,-2.127826e+00,-2.372261e+00
-6.956250e-05,-2.127826e+00,-2.372261e+00
-6.952500e-05,-2.127826e+00,-2.367437e+00
-6.948750e-05,-2.127826e+00,-2.367437e+00
-6.945000e-05,-2.127826e+00,-2.362613e+00
-6.941250e-05,-2.127826e+00,-2.362613e+00
-6.937500e-05,-2.127826e+00,-2.357789e+00
-6.933750e-05,-2.127826e+00,-2.357789e+00
-6.930000e-05,-2.127826e+00,-2.357789e+00
-6.926250e-05,-2.127826e+00,-2.357789e+00
-6.922500e-05,-2.127826e+00,-2.357789e+00
-6.918750e-05,-2.127826e+00,-2.352965e+00
-6.915000e-05,-2.121545e+00,-2.352965e+00
-6.911250e-05,-2.121545e+00,-2.352965e+00
-6.907500e-05,-2.121545e+00,-2.348140e+00
-6.903750e-05,-2.121545e+00,-2.348140e+00
-6.900000e-05,-2.121545e+00,-2.348140e+00
-6.896250e-05,-2.121545e+00,-2.348140e+00
-6.892500e-05,-2.121545e+00,-2.348140e+00
-6.888750e-05,-2.121545e+00,-2.343316e+00
-6.885000e-05,-2.121545e+00,-2.343316e+00
-6.881250e-05,-2.121545e+00,-2.343316e+00
-6.877500e-05,-2.121545e+00,-2.338492e+00
-6.873750e-05,-2.115264e+00,-2.338492e+00
-6.870000e-05,-2.115264e+00,-2.338492e+00
-6.866250e-05,-2.115264e+00,-2.338492e+00
-6.862500e-05,-2.115264e+00,-2.338492e+00
-6.858750e-05,-2.115264e+00,-2.333668e+00
-6.855000e-05,-2.115264e+00,-2.333668e+00
-6.851250e-05,-2.115264e+00,-2.333668e+00
-6.847500e-05,-2.115264e+00,-2.333668e+00
-6.843750e-05,-2.108982e+00,-2.333668e+00
-6.840000e-05,-2.108982e+00,-2.328844e+00
-6.836250e-05,-2.108982e+00,-2.328844e+00
-6.832500e-05,-2.108982e+00,-2.328844e+00
-6.828750e-05,-2.108982e+00,-2.328844e+00
-6.825000e-05,-2.102701e+00,-2.328844e+00
-6.821250e-05,-2.102701e+00,-2.328844e+00
-6.817500e-05,-2.102701e+00,-2.324020e+00
-6.813750e-05,-2.102701e+00,-2.324020e+00
-6.810000e-05,-2.096419e+00,-2.324020e+00
-6.806250e-05,-2.096419e+00,-2.324020e+00
-6.802500e-05,-2.096419e+00,-2.324020e+00
-6.798750e-05,-2.096419e+00,-2.324020e+00
-6.795000e-05,-2.090138e+00,-2.319196e+00
-6.791250e-05,-2.090138e+00,-2.319196e+00
-6.787500e-05,-2.090138e+00,-2.319196e+00
-6.783750e-05,-2.090138e+00,-2.319196e+00
-6.780000e-05,-2.083857e+00,-2.319196e+00
-6.776250e-05,-2.083857e+00,-2.314372e+00
-6.772500e-05,-2.083857e+00,-2.314372e+00
-6.768750e-05,-2.077575e+00,-2.314372e+00
-6.765000e-05,-2.077575e+00,-2.314372e+00
-6.761250e-05,-2.077575e+00,-2.309547e+00
-6.757500e-05,-2.077575e+00,-2.309547e+00
-6.753750e-05,-2.071294e+00,-2.309547e+00
-6.750000e-05,-2.071294e+00,-2.309547e+00
-6.746250e-05,-2.071294e+00,-2.304723e+00
-6.742500e-05,-2.071294e+00,-2.304723e+00
-6.738750e-05,-2.065012e+00,-2.304723e+00
-6.735000e-05,-2.065012e+00,-2.304723e+00
-6.731250e-05,-2.058731e+00,-2.299899e+00
-6.727500e-05,-2.058731e+00,-2.299899e+00
-6.723750e-05,-2.058731e+00,-2.299899e+00
-6.720000e-05,-2.058731e+00,-2.295075e+00
-6.716250e-05,-2.058731e+00,-2.295075e+00
-6.712500e-05,-2.058731e+00,-2.295075e+00
-6.708750e-05,-2.052450e+00,-2.295075e+00
-6.705000e-05,-2.052450e+00,-2.290251e+00
-6.701250e-05,-2.052450e+00,-2.290251e+00
-6.697500e-05,-2.052450e+00,-2.290251e+00
-6.693750e-05,-2.052450e+00,-2.285427e+00
-6.690000e-05,-2.046168e+00,-2.285427e+00
-6.686250e-05,-2.046168e+00,-2.285427e+00
-6.682500e-05,-2.046168e+00,-2.280603e+00
-6.678750e-05,-2.046168e+00,-2.280603e+00
-6.675000e-05,-2.039887e+00,-2.280603e+00
-6.671250e-05,-2.039887e+00,-2.280603e+00
-6.667500e-05,-2.039887e+00,-2.280603e+00
-6.663750e-05,-2.039887e+00,-2.275779e+00
-6.660000e-05,-2.039887e+00,-2.275779e+00
-6.656250e-05,-2.039887e+00,-2.270955e+00
-6.652500e-05,-2.033605e+00,-2.270955e+00
-6.648750e-05,-2.033605e+00,-2.270955e+00
-6.645000e-05,-2.033605e+00,-2.270955e+00
-6.641250e-05,-2.033605e+00,-2.266130e+00
-6.637500e-05,-2.033605e+00,-2.266130e+00
-6.633750e-05,-2.033605e+00,-2.266130e+00
-6.630000e-05,-2.033605e+00,-2.266130e+00
-6.626250e-05,-2.033605e+00,-2.261306e+00
-6.622500e-05,-2.033605e+00,-2.261306e+00
-6.618750e-05,-2.033605e+00,-2.261306e+00
-6.615000e-05,-2.027324e+00,-2.261306e+00
-6.611250e-05,-2.027324e+00,-2.256482e+00
-6.607500e-05,-2.027324e+00,-2.256482e+00
-6.603750e-05,-2.027324e+00,-2.256482e+00
-6.600000e-05,-2.027324e+00,-2.256482e+00
-6.596250e-05,-2.027324e+00,-2.256482e+00
-6.592500e-05,-2.027324e+00,-2.251658e+00
-6.588750e-05,-2.027324e+00,-2.251658e+00
-6.585000e-05,-2.027324e+00,-2.251658e+00
-6.581250e-05,-2.027324e+00,-2.251658e+00
-6.577500e-05,-2.027324e+00,-2.251658e+00
-6.573750e-05,-2.027324e+00,-2.251658e+00
-6.570000e-05,-2.027324e+00,-2.246834e+00
-6.566250e-05,-2.021043e+00,-2.246834e+00
-6.562500e-05,-2.021043e+00,-2.246834e+00
-6.558750e-05,-2.021043e+00,-2.246834e+00
-6.555000e-05,-2.021043e+00,-2.242010e+00
-6.551250e-05,-2.021043e+00,-2.242010e+00
-6.547500e-05,-2.021043e+00,-2.242010e+00
-6.543750e-05,-2.021043e+00,-2.242010e+00
-6.540000e-05,-2.021043e+00,-2.242010e+00
-6.536250e-05,-2.021043e+00,-2.242010e+00
-6.532500e-05,-2.014761e+00,-2.237186e+00
-6.528750e-05,-2.014761e+00,-2.237186e+00
-6.525000e-05,-2.014761e+00,-2.237186e+00
-6.521250e-05,-2.014761e+00,-2.237186e+00
-6.517500e-05,-2.014761e+00,-2.232362e+00
-6.513750e-05,-2.014761e+00,-2.232362e+00
-6.510000e-05,-2.014761e+00,-2.232362e+00
-6.506250e-05,-2.014761e+00,-2.232362e+00
-6.502500e-05,-2.008480e+00,-2.227537e+00
-6.498750e-05,-2.008480e+00,-2.227537e+00
-6.495000e-05,-2.008480e+00,-2.222713e+00
-6.491250e-05,-2.008480e+00,-2.222713e+00
-6.487500e-05,-2.002198e+00,-2.222713e+00
-6.483750e-05,-2.002198e+00,-2.222713e+00
-6.480000e-05,-2.002198e+00,-2.217889e+00
-6.476250e-05,-2.002198e+00,-2.217889e+00
-6.472500e-05,-2.002198e+00,-2.217889e+00
-6.468750e-05,-1.995917e+00,-2.217889e+00
-6.465000e-05,-1.995917e+00,-2.217889e+00
-6.461250e-05,-1.995917e+00,-2.213065e+00
-6.457500e-05,-1.989636e+00,-2.208241e+00
-6.453750e-05,-1.989636e+00,-2.208241e+00
-6.450000e-05,-1.989636e+00,-2.208241e+00
-6.446250e-05,-1.989636e+00,-2.208241e+00
-6.442500e-05,-1.989636e+00,-2.208241e+00
-6.438750e-05,-1.983354e+00,-2.203417e+00
-6.435000e-05,-1.983354e+00,-2.203417e+00
-6.431250e-05,-1.983354e+00,-2.203417e+00
-6.427500e-05,-1.977073e+00,-2.198593e+00
-6.423750e-05,-1.977073e+00,-2.198593e+00
-6.420000e-05,-1.977073e+00,-2.193769e+00
-6.416250e-05,-1.970791e+00,-2.193769e+00
-6.412500e-05,-1.970791e+00,-2.193769e+00
-6.408750e-05,-1.970791e+00,-2.188944e+00
-6.405000e-05,-1.970791e+00,-2.188944e+00
-6.401250e-05,-1.964510e+00,-2.188944e+00
-6.397500e-05,-1.964510e+00,-2.188944e+00
-6.393750e-05,-1.964510e+00,-2.188944e+00
-6.390000e-05,-1.958228e+00,-2.184120e+00
-6.386250e-05,-1.958228e+00,-2.184120e+00
-6.382500e-05,-1.958228e+00,-2.184120e+00
-6.378750e-05,-1.958228e+00,-2.179296e+00
-6.375000e-05,-1.951947e+00,-2.184120e+00
-6.371250e-05,-1.951947e+00,-2.179296e+00
-6.367500e-05,-1.951947e+00,-2.179296e+00
-6.363750e-05,-1.951947e+00,-2.179296e+00
-6.360000e-05,-1.945666e+00,-2.179296e+00
-6.356250e-05,-1.945666e+00,-2.174472e+00
-6.352500e-05,-1.945666e+00,-2.174472e+00
-6.348750e-05,-1.945666e+00,-2.174472e+00
-6.345000e-05,-1.945666e+00,-2.169648e+00
-6.341250e-05,-1.939384e+00,-2.169648e+00
-6.337500e-05,-1.939384e+00,-2.169648e+00
-6.333750e-05,-1.939384e+00,-2.169648e+00
-6.330000e-05,-1.939384e+00,-2.164824e+00
-6.326250e-05,-1.939384e+00,-2.164824e+00
-6.322500e-05,-1.939384e+00,-2.164824e+00
-6.318750e-05,-1.939384e+00,-2.164824e+00
-6.315000e-05,-1.933103e+00,-2.160000e+00
-6.311250e-05,-1.933103e+00,-2.160000e+00
-6.307500e-05,-1.933103e+00,-2.160000e+00
-6.303750e-05,-1.933103e+00,-2.160000e+00
-6.300000e-05,-1.933103e+00,-2.160000e+00
-6.296250e-05,-1.933103e+00,-2.155176e+00
-6.292500e-05,-1.933103e+00,-2.155176e+00
-6.288750e-05,-1.926821e+00,-2.155176e+00
-6.285000e-05,-1.926821e+00,-2.155176e+00
-6.281250e-05,-1.933103e+00,-2.150352e+00
-6.277500e-05,-1.926821e+00,-2.150352e+00
-6.273750e-05,-1.926821e+00,-2.150352e+00
-6.270000e-05,-1.926821e+00,-2.145527e+00
-6.266250e-05,-1.926821e+00,-2.145527e+00
-6.262500e-05,-1.926821e+00,-2.145527e+00
-6.258750e-05,-1.926821e+00,-2.140703e+00
-6.255000e-05,-1.926821e+00,-2.140703e+00
-6.251250e-05,-1.926821e+00,-2.135879e+00
-6.247500e-05,-1.926821e+00,-2.140703e+00
-6.243750e-05,-1.926821e+00,-2.135879e+00
-6.240000e-05,-1.926821e+00,-2.135879e+00
-6.236250e-05,-1.920540e+00,-2.135879e+00
-6.232500e-05,-1.920540e+00,-2.131055e+00
-6.228750e-05,-1.920540e+00,-2.131055e+00
-6.225000e-05,-1.920540e+00,-2.131055e+00
-6.221250e-05,-1.920540e+00,-2.126231e+00
-6.217500e-05,-1.920540e+00,-2.126231e+00
-6.213750e-05,-1.920540e+00,-2.121407e+00
-6.210000e-05,-1.920540e+00,-2.121407e+00
-6.206250e-05,-1.920540e+00,-2.121407e+00
-6.202500e-05,-1.920540e+00,-2.121407e+00
-6.198750e-05,-1.914259e+00,-2.121407e+00
-6.195000e-05,-1.914259e+00,-2.116583e+00
-6.191250e-05,-1.914259e+00,-2.116583e+00
-6.187500e-05,-1.914259e+00,-2.111759e+00
-6.183750e-05,-1.914259e+00,-2.111759e+00
-6.180000e-05,-1.914259e+00,-2.111759e+00
-6.176250e-05,-1.914259e+00,-2.111759e+00
-6.172500e-05,-1.907977e+00,-2.111759e+00
-6.168750e-05,-1.907977e+00,-2.106934e+00
-6.165000e-05,-1.907977e+00,-2.106934e+00
-6.161250e-05,-1.907977e+00,-2.106934e+00
-6.157500e-05,-1.907977e+00,-2.106934e+00
-6.153750e-05,-1.907977e+00,-2.106934e+00
-6.150000e-05,-1.901696e+00,-2.102110e+00
-6.146250e-05,-1.901696e+00,-2.102110e+00
-6.142500e-05,-1.901696e+00,-2.102110e+00
-6.138750e-05,-1.901696e+00,-2.102110e+00
-6.135000e-05,-1.901696e+00,-2.097286e+00
-6.131250e-05,-1.895414e+00,-2.097286e+00
-6.127500e-05,-1.895414e+00,-2.097286e+00
-6.123750e-05,-1.895414e+00,-2.097286e+00
-6.120000e-05,-1.889133e+00,-2.097286e+00
-6.116250e-05,-1.889133e+00,-2.092462e+00
-6.112500e-05,-1.889133e+00,-2.092462e+00
-6.108750e-05,-1.889133e+00,-2.092462e+00
-6.105000e-05,-1.889133e+00,-2.092462e+00
-6.101250e-05,-1.882852e+00,-2.092462e+00
-6.097500e-05,-1.882852e+00,-2.087638e+00
-6.093750e-05,-1.876570e+00,-2.087638e+00
-6.090000e-05,-1.882852e+00,-2.087638e+00
-6.086250e-05,-1.876570e+00,-2.087638e+00
-6.082500e-05,-1.876570e+00,-2.082814e+00
-6.078750e-05,-1.870289e+00,-2.082814e+00
-6.075000e-05,-1.870289e+00,-2.082814e+00
-6.071250e-05,-1.870289e+00,-2.082814e+00
-6.067500e-05,-1.864007e+00,-2.082814e+00
-6.063750e-05,-1.864007e+00,-2.077990e+00
-6.060000e-05,-1.864007e+00,-2.077990e+00
-6.056250e-05,-1.864007e+00,-2.077990e+00
-6.052500e-05,-1.857726e+00,-2.073166e+00
-6.048750e-05,-1.857726e+00,-2.073166e+00
-6.045000e-05,-1.857726e+00,-2.073166e+00
-6.041250e-05,-1.851445e+00,-2.073166e+00
-6.037500e-05,-1.851445e+00,-2.068341e+00
-6.033750e-05,-1.851445e+00,-2.068341e+00
-6.030000e-05,-1.851445e+00,-2.068341e+00
-6.026250e-05,-1.851445e+00,-2.063517e+00
-6.022500e-05,-1.845163e+00,-2.063517e+00
-6.018750e-05,-1.845163e+00,-2.063517e+00
-6.015000e-05,-1.845163e+00,-2.058693e+00
-6.011250e-05,-1.845163e+00,-2.058693e+00
-6.007500e-05,-1.838882e+00,-2.058693e+00
-6.003750e-05,-1.838882e+00,-2.058693e+00
-6.000000e-05,-1.838882e+00,-2.058693e+00
-5.996250e-05,-1.838882e+00,-2.053869e+00
-5.992500e-05,-1.838882e+00,-2.053869e+00
-5.988750e-05,-1.838882e+00,-2.049045e+00
-5.985000e-05,-1.832600e+00,-2.049045e+00
-5.981250e-05,-1.832600e+00,-2.049045e+00
-5.977500e-05,-1.832600e+00,-2.049045e+00
-5.973750e-05,-1.832600e+00,-2.044221e+00
-5.970000e-05,-1.832600e+00,-2.044221e+00
-5.966250e-05,-1.832600e+00,-2.044221e+00
-5.962500e-05,-1.832600e+00,-2.039397e+00
-5.958750e-05,-1.832600e+00,-2.039397e+00
-5.955000e-05,-1.832600e+00,-2.034573e+00
-5.951250e-05,-1.832600e+00,-2.039397e+00
-5.947500e-05,-1.826319e+00,-2.034573e+00
-5.943750e-05,-1.826319e+00,-2.034573e+00
-5.940000e-05,-1.826319e+00,-2.034573e+00
-5.936250e-05,-1.826319e+00,-2.029749e+00
-5.932500e-05,-1.826319e+00,-2.029749e+00
-5.928750e-05,-1.826319e+00,-2.029749e+00
-5.925000e-05,-1.826319e+00,-2.029749e+00
-5.921250e-05,-1.826319e+00,-2.029749e+00
-5.917500e-05,-1.826319e+00,-2.024924e+00
-5.913750e-05,-1.826319e+00,-2.024924e+00
-5.910000e-05,-1.826319e+00,-2.024924e+00
-5.906250e-05,-1.820038e+00,-2.024924e+00
-5.902500e-05,-1.820038e+00,-2.020100e+00
-5.898750e-05,-1.820038e+00,-2.020100e+00
-5.895000e-05,-1.820038e+00,-2.020100e+00
-5.891250e-05,-1.820038e+00,-2.020100e+00
-5.887500e-05,-1.820038e+00,-2.020100e+00
-5.883750e-05,-1.820038e+00,-2.015276e+00
-5.880000e-05,-1.820038e+00,-2.015276e+00
-5.876250e-05,-1.820038e+00,-2.015276e+00
-5.872500e-05,-1.820038e+00,-2.015276e+00
-5.868750e-05,-1.813756e+00,-2.010452e+00
-5.865000e-05,-1.813756e+00,-2.010452e+00
-5.861250e-05,-1.813756e+00,-2.010452e+00
-5.857500e-05,-1.813756e+00,-2.010452e+00
-5.853750e-05,-1.813756e+00,-2.010452e+00
-5.850000e-05,-1.813756e+00,-2.005628e+00
-5.846250e-05,-1.807475e+00,-2.005628e+00
-5.842500e-05,-1.807475e+00,-2.005628e+00
-5.838750e-05,-1.807475e+00,-2.005628e+00
-5.835000e-05,-1.807475e+00,-2.005628e+00
-5.831250e-05,-1.807475e+00,-2.000804e+00
-5.827500e-05,-1.801193e+00,-2.000804e+00
-5.823750e-05,-1.801193e+00,-2.000804e+00
-5.820000e-05,-1.801193e+00,-1.995980e+00
-5.816250e-05,-1.801193e+00,-1.995980e+00
-5.812500e-05,-1.801193e+00,-1.995980e+00
-5.808750e-05,-1.794912e+00,-1.995980e+00
-5.805000e-05,-1.794912e+00,-1.991156e+00
-5.801250e-05,-1.794912e+00,-1.986331e+00
-5.797500e-05,-1.788631e+00,-1.986331e+00
-5.793750e-05,-1.788631e+00,-1.986331e+00
-5.790000e-05,-1.788631e+00,-1.986331e+00
-5.786250e-05,-1.788631e+00,-1.981507e+00
-5.782500e-05,-1.782349e+00,-1.981507e+00
-5.778750e-05,-1.782349e+00,-1.981507e+00
-5.775000e-05,-1.776068e+00,-1.981507e+00
-5.771250e-05,-1.776068e+00,-1.976683e+00
-5.767500e-05,-1.776068e+00,-1.976683e+00
-5.763750e-05,-1.776068e+00,-1.976683e+00
-5.760000e-05,-1.776068e+00,-1.971859e+00
-5.756250e-05,-1.769786e+00,-1.971859e+00
-5.752500e-05,-1.769786e+00,-1.971859e+00
-5.748750e-05,-1.769786e+00,-1.967035e+00
-5.745000e-05,-1.763505e+00,-1.967035e+00
-5.741250e-05,-1.763505e+00,-1.967035e+00
-5.737500e-05,-1.763505e+00,-1.962211e+00
-5.733750e-05,-1.763505e+00,-1.962211e+00
-5.730000e-05,-1.757223e+00,-1.962211e+00
-5.726250e-05,-1.757223e+00,-1.962211e+00
-5.722500e-05,-1.757223e+00,-1.957387e+00
-5.718750e-05,-1.750942e+00,-1.957387e+00
-5.715000e-05,-1.750942e+00,-1.957387e+00
-5.711250e-05,-1.750942e+00,-1.957387e+00
-5.707500e-05,-1.750942e+00,-1.957387e+00
-5.703750e-05,-1.750942e+00,-1.957387e+00
-5.700000e-05,-1.744661e+00,-1.952563e+00
-5.696250e-05,-1.744661e+00,-1.952563e+00
-5.692500e-05,-1.744661e+00,-1.947738e+00
-5.688750e-05,-1.744661e+00,-1.947738e+00
-5.685000e-05,-1.744661e+00,-1.947738e+00
-5.681250e-05,-1.738379e+00,-1.947738e+00
-5.677500e-05,-1.738379e+00,-1.947738e+00
-5.673750e-05,-1.738379e+00,-1.947738e+00
-5.670000e-05,-1.738379e+00,-1.942914e+00
-5.666250e-05,-1.738379e+00,-1.942914e+00
-5.662500e-05,-1.738379e+00,-1.942914e+00
-5.658750e-05,-1.732098e+00,-1.942914e+00
-5.655000e-05,-1.732098e+00,-1.942914e+00
-5.651250e-05,-1.732098e+00,-1.938090e+00
-5.647500e-05,-1.732098e+00,-1.938090e+00
-5.643750e-05,-1.732098e+00,-1.938090e+00
-5.640000e-05,-1.732098e+00,-1.938090e+00
-5.636250e-05,-1.732098e+00,-1.938090e+00
-5.632500e-05,-1.725816e+00,-1.933266e+00
-5.628750e-05,-1.725816e+00,-1.933266e+00
-5.625000e-05,-1.725816e+00,-1.933266e+00
-5.621250e-05,-1.725816e+00,-1.933266e+00
-5.617500e-05,-1.725816e+00,-1.933266e+00
-5.613750e-05,-1.725816e+00,-1.933266e+00
-5.610000e-05,-1.725816e+00,-1.928442e+00
-5.606250e-05,-1.725816e+00,-1.928442e+00
-5.602500e-05,-1.725816e+00,-1.928442e+00
-5.598750e-05,-1.725816e+00,-1.923618e+00
-5.595000e-05,-1.725816e+00,-1.923618e+00
-5.591250e-05,-1.719535e+00,-1.923618e+00
-5.587500e-05,-1.719535e+00,-1.923618e+00
-5.583750e-05,-1.719535e+00,-1.918794e+00
-5.580000e-05,-1.719535e+00,-1.918794e+00
-5.576250e-05,-1.719535e+00,-1.918794e+00
-5.572500e-05,-1.719535e+00,-1.918794e+00
-5.568750e-05,-1.719535e+00,-1.913970e+00
-5.565000e-05,-1.719535e+00,-1.913970e+00
-5.561250e-05,-1.713254e+00,-1.909146e+00
-5.557500e-05,-1.713254e+00,-1.909146e+00
-5.553750e-05,-1.713254e+00,-1.909146e+00
-5.550000e-05,-1.713254e+00,-1.909146e+00
-5.546250e-05,-1.713254e+00,-1.904321e+00
-5.542500e-05,-1.713254e+00,-1.904321e+00
-5.538750e-05,-1.713254e+00,-1.904321e+00
-5.535000e-05,-1.706972e+00,-1.904321e+00
-5.531250e-05,-1.706972e+00,-1.899497e+00
-5.527500e-05,-1.706972e+00,-1.899497e+00
-5.523750e-05,-1.706972e+00,-1.894673e+00
-5.520000e-05,-1.706972e+00,-1.894673e+00
-5.516250e-05,-1.700691e+00,-1.894673e+00
-5.512500e-05,-1.700691e+00,-1.889849e+00
-5.508750e-05,-1.700691e+00,-1.889849e+00
-5.505000e-05,-1.700691e+00,-1.889849e+00
-5.501250e-05,-1.700691e+00,-1.885025e+00
-5.497500e-05,-1.694409e+00,-1.885025e+00
-5.493750e-05,-1.694409e+00,-1.885025e+00
-5.490000e-05,-1.688128e+00,-1.885025e+00
-5.486250e-05,-1.688128e+00,-1.880201e+00
-5.482500e-05,-1.688128e+00,-1.880201e+00
-5.478750e-05,-1.688128e+00,-1.880201e+00
-5.475000e-05,-1.688128e+00,-1.880201e+00
-5.471250e-05,-1.681847e+00,-1.875377e+00
-5.467500e-05,-1.681847e+00,-1.875377e+00
-5.463750e-05,-1.681847e+00,-1.875377e+00
-5.460000e-05,-1.675565e+00,-1.875377e+00
-5.456250e-05,-1.675565e+00,-1.870553e+00
-5.452500e-05,-1.675565e+00,-1.870553e+00
-5.448750e-05,-1.669284e+00,-1.870553e+00
-5.445000e-05,-1.669284e+00,-1.870553e+00
-5.441250e-05,-1.669284e+00,-1.870553e+00
-5.437500e-05,-1.669284e+00,-1.865728e+00
-5.433750e-05,-1.663002e+00,-1.865728e+00
-5.430000e-05,-1.663002e+00,-1.865728e+00
-5.426250e-05,-1.663002e+00,-1.865728e+00
-5.422500e-05,-1.663002e+00,-1.865728e+00
-5.418750e-05,-1.656721e+00,-1.865728e+00
-5.415000e-05,-1.656721e+00,-1.860904e+00
-5.411250e-05,-1.656721e+00,-1.860904e+00
-5.407500e-05,-1.650440e+00,-1.860904e+00
-5.403750e-05,-1.650440e+00,-1.856080e+00
-5.400000e-05,-1.650440e+00,-1.856080e+00
-5.396250e-05,-1.650440e+00,-1.856080e+00
-5.392500e-05,-1.644158e+00,-1.856080e+00
-5.388750e-05,-1.644158e+00,-1.856080e+00
-5.385000e-05,-1.644158e+00,-1.851256e+00
-5.381250e-05,-1.644158e+00,-1.851256e+00
-5.377500e-05,-1.644158e+00,-1.851256e+00
-5.373750e-05,-1.637877e+00,-1.851256e+00
-5.370000e-05,-1.637877e+00,-1.846432e+00
-5.366250e-05,-1.637877e+00,-1.846432e+00
-5.362500e-05,-1.637877e+00,-1.846432e+00
-5.358750e-05,-1.637877e+00,-1.846432e+00
-5.355000e-05,-1.637877e+00,-1.841608e+00
-5.351250e-05,-1.631595e+00,-1.841608e+00
-5.347500e-05,-1.631595e+00,-1.836784e+00
-5.343750e-05,-1.631595e+00,-1.836784e+00
-5.340000e-05,-1.631595e+00,-1.836784e+00
-5.336250e-05,-1.631595e+00,-1.831960e+00
-5.332500e-05,-1.631595e+00,-1.831960e+00
-5.328750e-05,-1.631595e+00,-1.831960e+00
-5.325000e-05,-1.631595e+00,-1.831960e+00
-5.321250e-05,-1.625314e+00,-1.831960e+00
-5.317500e-05,-1.625314e+00,-1.827135e+00
-5.313750e-05,-1.625314e+00,-1.827135e+00
-5.310000e-05,-1.625314e+00,-1.827135e+00
-5.306250e-05,-1.625314e+00,-1.822311e+00
-5.302500e-05,-1.625314e+00,-1.822311e+00
-5.298750e-05,-1.625314e+00,-1.817487e+00
-5.295000e-05,-1.625314e+00,-1.817487e+00
-5.291250e-05,-1.625314e+00,-1.817487e+00
-5.287500e-05,-1.625314e+00,-1.817487e+00
-5.283750e-05,-1.625314e+00,-1.812663e+00
-5.280000e-05,-1.625314e+00,-1.812663e+00
-5.276250e-05,-1.625314e+00,-1.812663e+00
-5.272500e-05,-1.625314e+00,-1.807839e+00
-5.268750e-05,-1.619033e+00,-1.807839e+00
-5.265000e-05,-1.625314e+00,-1.807839e+00
-5.261250e-05,-1.619033e+00,-1.807839e+00
-5.257500e-05,-1.619033e+00,-1.803015e+00
-5.253750e-05,-1.619033e+00,-1.803015e+00
-5.250000e-05,-1.619033e+00,-1.803015e+00
-5.246250e-05,-1.619033e+00,-1.798191e+00
-5.242500e-05,-1.619033e+00,-1.803015e+00
-5.238750e-05,-1.619033e+00,-1.798191e+00
-5.235000e-05,-1.619033e+00,-1.798191e+00
-5.231250e-05,-1.619033e+00,-1.798191e+00
-5.227500e-05,-1.619033e+00,-1.793367e+00
-5.223750e-05,-1.612751e+00,-1.793367e+00
-5.220000e-05,-1.612751e+00,-1.793367e+00
-5.216250e-05,-1.612751e+00,-1.793367e+00
-5.212500e-05,-1.612751e+00,-1.793367e+00
-5.208750e-05,-1.612751e+00,-1.788543e+00
-5.205000e-05,-1.612751e+00,-1.788543e+00
-5.201250e-05,-1.612751e+00,-1.788543e+00
-5.197500e-05,-1.606470e+00,-1.788543e+00
-5.193750e-05,-1.606470e+00,-1.788543e+00
-5.190000e-05,-1.606470e+00,-1.783718e+00
-5.186250e-05,-1.606470e+00,-1.783718e+00
-5.182500e-05,-1.606470e+00,-1.783718e+00
-5.178750e-05,-1.606470e+00,-1.783718e+00
-5.175000e-05,-1.600188e+00,-1.783718e+00
-5.171250e-05,-1.600188e+00,-1.778894e+00
-5.167500e-05,-1.600188e+00,-1.778894e+00
-5.163750e-05,-1.593907e+00,-1.778894e+00
-5.160000e-05,-1.593907e+00,-1.778894e+00
-5.156250e-05,-1.593907e+00,-1.774070e+00
-5.152500e-05,-1.587625e+00,-1.774070e+00
-5.148750e-05,-1.587625e+00,-1.774070e+00
-5.145000e-05,-1.587625e+00,-1.774070e+00
-5.141250e-05,-1.587625e+00,-1.774070e+00
-5.137500e-05,-1.581344e+00,-1.769246e+00
-5.133750e-05,-1.581344e+00,-1.769246e+00
-5.130000e-05,-1.581344e+00,-1.769246e+00
-5.126250e-05,-1.581344e+00,-1.764422e+00
-5.122500e-05,-1.575063e+00,-1.764422e+00
-5.118750e-05,-1.575063e+00,-1.764422e+00
-5.115000e-05,-1.575063e+00,-1.764422e+00
-5.111250e-05,-1.568781e+00,-1.759598e+00
-5.107500e-05,-1.568781e+00,-1.759598e+00
-5.103750e-05,-1.568781e+00,-1.759598e+00
-5.100000e-05,-1.568781e+00,-1.759598e+00
-5.096250e-05,-1.562500e+00,-1.754774e+00
-5.092500e-05,-1.562500e+00,-1.754774e+00
-5.088750e-05,-1.556218e+00,-1.754774e+00
-5.085000e-05,-1.556218e+00,-1.749950e+00
-5.081250e-05,-1.556218e+00,-1.749950e+00
-5.077500e-05,-1.556218e+00,-1.745125e+00
-5.073750e-05,-1.556218e+00,-1.745125e+00
-5.070000e-05,-1.549937e+00,-1.745125e+00
-5.066250e-05,-1.549937e+00,-1.745125e+00
-5.062500e-05,-1.549937e+00,-1.740301e+00
-5.058750e-05,-1.549937e+00,-1.740301e+00
-5.055000e-05,-1.543656e+00,-1.740301e+00
-5.051250e-05,-1.543656e+00,-1.735477e+00
-5.047500e-05,-1.543656e+00,-1.735477e+00
-5.043750e-05,-1.543656e+00,-1.735477e+00
-5.040000e-05,-1.543656e+00,-1.735477e+00
-5.036250e-05,-1.543656e+00,-1.730653e+00
-5.032500e-05,-1.537374e+00,-1.730653e+00
-5.028750e-05,-1.537374e+00,-1.730653e+00
-5.025000e-05,-1.537374e+00,-1.725829e+00
-5.021250e-05,-1.537374e+00,-1.725829e+00
-5.017500e-05,-1.537374e+00,-1.725829e+00
-5.013750e-05,-1.531093e+00,-1.725829e+00
-5.010000e-05,-1.531093e+00,-1.721005e+00
-5.006250e-05,-1.531093e+00,-1.721005e+00
-5.002500e-05,-1.531093e+00,-1.721005e+00
-4.998750e-05,-1.531093e+00,-1.721005e+00
-4.995000e-05,-1.531093e+00,-1.716181e+00
-4.991250e-05,-1.531093e+00,-1.716181e+00
-4.987500e-05,-1.531093e+00,-1.716181e+00
-4.983750e-05,-1.524811e+00,-1.716181e+00
-4.980000e-05,-1.524811e+00,-1.716181e+00
-4.976250e-05,-1.524811e+00,-1.711357e+00
-4.972500e-05,-1.524811e+00,-1.711357e+00
-4.968750e-05,-1.524811e+00,-1.711357e+00
-4.965000e-05,-1.524811e+00,-1.711357e+00
-4.961250e-05,-1.524811e+00,-1.711357e+00
-4.957500e-05,-1.524811e+00,-1.711357e+00
-4.953750e-05,-1.524811e+00,-1.706532e+00
-4.950000e-05,-1.524811e+00,-1.706532e+00
-4.946250e-05,-1.518530e+00,-1.706532e+00
-4.942500e-05,-1.524811e+00,-1.706532e+00
-4.938750e-05,-1.524811e+00,-1.701708e+00
-4.935000e-05,-1.518530e+00,-1.701708e+00
-4.931250e-05,-1.518530e+00,-1.701708e+00
-4.927500e-05,-1.518530e+00,-1.701708e+00
-4.923750e-05,-1.518530e+00,-1.696884e+00
-4.920000e-05,-1.518530e+00,-1.696884e+00
-4.916250e-05,-1.518530e+00,-1.696884e+00
-4.912500e-05,-1.518530e+00,-1.696884e+00
-4.908750e-05,-1.518530e+00,-1.692060e+00
-4.905000e-05,-1.518530e+00,-1.692060e+00
-4.901250e-05,-1.518530e+00,-1.692060e+00
-4.897500e-05,-1.512249e+00,-1.687236e+00
-4.893750e-05,-1.512249e+00,-1.692060e+00
-4.890000e-05,-1.512249e+00,-1.687236e+00
-4.886250e-05,-1.512249e+00,-1.687236e+00
-4.882500e-05,-1.512249e+00,-1.687236e+00
-4.878750e-05,-1.512249e+00,-1.682412e+00
-4.875000e-05,-1.505967e+00,-1.682412e+00
-4.871250e-05,-1.505967e+00,-1.677588e+00
-4.867500e-05,-1.505967e+00,-1.677588e+00
-4.863750e-05,-1.505967e+00,-1.677588e+00
-4.860000e-05,-1.505967e+00,-1.677588e+00
-4.856250e-05,-1.499686e+00,-1.672764e+00
-4.852500e-05,-1.499686e+00,-1.672764e+00
-4.848750e-05,-1.499686e+00,-1.667940e+00
-4.845000e-05,-1.499686e+00,-1.667940e+00
-4.841250e-05,-1.499686e+00,-1.667940e+00
-4.837500e-05,-1.493404e+00,-1.663115e+00
-4.833750e-05,-1.493404e+00,-1.663115e+00
-4.830000e-05,-1.493404e+00,-1.663115e+00
-4.826250e-05,-1.487123e+00,-1.663115e+00
-4.822500e-05,-1.487123e+00,-1.663115e+00
-4.818750e-05,-1.487123e+00,-1.658291e+00
-4.815000e-05,-1.487123e+00,-1.658291e+00
-4.811250e-05,-1.487123e+00,-1.653467e+00
-4.807500e-05,-1.480842e+00,-1.653467e+00
-4.803750e-05,-1.480842e+00,-1.653467e+00
-4.800000e-05,-1.480842e+00,-1.648643e+00
-4.796250e-05,-1.474560e+00,-1.653467e+00
-4.792500e-05,-1.474560e+00,-1.648643e+00
-4.788750e-05,-1.474560e+00,-1.648643e+00
-4.785000e-05,-1.468279e+00,-1.648643e+00
-4.781250e-05,-1.468279e+00,-1.648643e+00
-4.777500e-05,-1.468279e+00,-1.643819e+00
-4.773750e-05,-1.468279e+00,-1.643819e+00
-4.770000e-05,-1.461997e+00,-1.643819e+00
-4.766250e-05,-1.461997e+00,-1.643819e+00
-4.762500e-05,-1.461997e+00,-1.638995e+00
-4.758750e-05,-1.461997e+00,-1.638995e+00
-4.755000e-05,-1.461997e+00,-1.638995e+00
-4.751250e-05,-1.455716e+00,-1.638995e+00
-4.747500e-05,-1.455716e+00,-1.634171e+00
-4.743750e-05,-1.449435e+00,-1.634171e+00
-4.740000e-05,-1.449435e+00,-1.634171e+00
-4.736250e-05,-1.449435e+00,-1.634171e+00
-4.732500e-05,-1.449435e+00,-1.629347e+00
-4.728750e-05,-1.449435e+00,-1.629347e+00
-4.725000e-05,-1.449435e+00,-1.629347e+00
-4.721250e-05,-1.443153e+00,-1.629347e+00
-4.717500e-05,-1.443153e+00,-1.629347e+00
-4.713750e-05,-1.443153e+00,-1.629347e+00
-4.710000e-05,-1.443153e+00,-1.624522e+00
-4.706250e-05,-1.436872e+00,-1.624522e+00
-4.702500e-05,-1.436872e+00,-1.624522e+00
-4.698750e-05,-1.436872e+00,-1.624522e+00
-4.695000e-05,-1.436872e+00,-1.619698e+00
-4.691250e-05,-1.436872e+00,-1.619698e+00
-4.687500e-05,-1.436872e+00,-1.619698e+00
-4.683750e-05,-1.430590e+00,-1.619698e+00
-4.680000e-05,-1.430590e+00,-1.614874e+00
-4.676250e-05,-1.430590e+00,-1.614874e+00
-4.672500e-05,-1.430590e+00,-1.614874e+00
-4.668750e-05,-1.430590e+00,-1.610050e+00
-4.665000e-05,-1.430590e+00,-1.605226e+00
-4.661250e-05,-1.430590e+00,-1.610050e+00
-4.657500e-05,-1.430590e+00,-1.605226e+00
-4.653750e-05,-1.430590e+00,-1.605226e+00
-4.650000e-05,-1.430590e+00,-1.605226e+00
-4.646250e-05,-1.424309e+00,-1.600402e+00
-4.642500e-05,-1.424309e+00,-1.600402e+00
-4.638750e-05,-1.424309e+00,-1.600402e+00
-4.635000e-05,-1.424309e+00,-1.600402e+00
-4.631250e-05,-1.424309e+00,-1.595578e+00
-4.627500e-05,-1.424309e+00,-1.595578e+00
-4.623750e-05,-1.424309e+00,-1.595578e+00
-4.620000e-05,-1.424309e+00,-1.590754e+00
-4.616250e-05,-1.424309e+00,-1.590754e+00
-4.612500e-05,-1.424309e+00,-1.585929e+00
-4.608750e-05,-1.424309e+00,-1.585929e+00
-4.605000e-05,-1.424309e+00,-1.585929e+00
-4.601250e-05,-1.424309e+00,-1.581105e+00
-4.597500e-05,-1.424309e+00,-1.581105e+00
-4.593750e-05,-1.418028e+00,-1.581105e+00
-4.590000e-05,-1.418028e+00,-1.581105e+00
-4.586250e-05,-1.418028e+00,-1.581105e+00
-4.582500e-05,-1.418028e+00,-1.576281e+00
-4.578750e-05,-1.418028e+00,-1.576281e+00
-4.575000e-05,-1.418028e+00,-1.576281e+00
-4.571250e-05,-1.418028e+00,-1.571457e+00
-4.567500e-05,-1.418028e+00,-1.571457e+00
-4.563750e-05,-1.418028e+00,-1.571457e+00
-4.560000e-05,-1.418028e+00,-1.571457e+00
-4.556250e-05,-1.418028e+00,-1.566633e+00
-4.552500e-05,-1.418028e+00,-1.566633e+00
-4.548750e-05,-1.411746e+00,-1.566633e+00
-4.545000e-05,-1.411746e+00,-1.566633e+00
-4.541250e-05,-1.411746e+00,-1.561809e+00
-4.537500e-05,-1.411746e+00,-1.561809e+00
-4.533750e-05,-1.411746e+00,-1.561809e+00
-4.530000e-05,-1.411746e+00,-1.561809e+00
-4.526250e-05,-1.411746e+00,-1.561809e+00
-4.522500e-05,-1.405465e+00,-1.556985e+00
-4.518750e-05,-1.405465e+00,-1.556985e+00
-4.515000e-05,-1.405465e+00,-1.556985e+00
-4.511250e-05,-1.405465e+00,-1.556985e+00
-4.507500e-05,-1.405465e+00,-1.556985e+00
-4.503750e-05,-1.405465e+00,-1.552161e+00
-4.500000e-05,-1.399183e+00,-1.552161e+00
-4.496250e-05,-1.399183e+00,-1.552161e+00
-4.492500e-05,-1.399183e+00,-1.547337e+00
-4.488750e-05,-1.399183e+00,-1.547337e+00
-4.485000e-05,-1.392902e+00,-1.547337e+00
-4.481250e-05,-1.392902e+00,-1.547337e+00
-4.477500e-05,-1.392902e+00,-1.547337e+00
-4.473750e-05,-1.392902e+00,-1.542512e+00
-4.470000e-05,-1.392902e+00,-1.542512e+00
-4.466250e-05,-1.386620e+00,-1.542512e+00
-4.462500e-05,-1.386620e+00,-1.542512e+00
-4.458750e-05,-1.386620e+00,-1.537688e+00
-4.455000e-05,-1.380339e+00,-1.537688e+00
-4.451250e-05,-1.380339e+00,-1.537688e+00
-4.447500e-05,-1.380339e+00,-1.532864e+00
-4.443750e-05,-1.374058e+00,-1.532864e+00
-4.440000e-05,-1.374058e+00,-1.532864e+00
-4.436250e-05,-1.374058e+00,-1.532864e+00
-4.432500e-05,-1.367776e+00,-1.528040e+00
-4.428750e-05,-1.367776e+00,-1.528040e+00
-4.425000e-05,-1.367776e+00,-1.528040e+00
-4.421250e-05,-1.367776e+00,-1.523216e+00
-4.417500e-05,-1.367776e+00,-1.523216e+00
-4.413750e-05,-1.361495e+00,-1.523216e+00
-4.410000e-05,-1.361495e+00,-1.518392e+00
-4.406250e-05,-1.361495e+00,-1.518392e+00
-4.402500e-05,-1.355213e+00,-1.513568e+00
-4.398750e-05,-1.355213e+00,-1.513568e+00
-4.395000e-05,-1.355213e+00,-1.513568e+00
-4.391250e-05,-1.355213e+00,-1.513568e+00
-4.387500e-05,-1.348932e+00,-1.513568e+00
-4.383750e-05,-1.348932e+00,-1.513568e+00
-4.380000e-05,-1.348932e+00,-1.508744e+00
-4.376250e-05,-1.348932e+00,-1.503919e+00
-4.372500e-05,-1.342651e+00,-1.503919e+00
-4.368750e-05,-1.342651e+00,-1.503919e+00
-4.365000e-05,-1.342651e+00,-1.499095e+00
-4.361250e-05,-1.342651e+00,-1.499095e+00
-4.357500e-05,-1.342651e+00,-1.499095e+00
-4.353750e-05,-1.342651e+00,-1.499095e+00
-4.350000e-05,-1.336369e+00,-1.494271e+00
-4.346250e-05,-1.336369e+00,-1.494271e+00
-4.342500e-05,-1.336369e+00,-1.494271e+00
-4.338750e-05,-1.336369e+00,-1.494271e+00
-4.335000e-05,-1.336369e+00,-1.489447e+00
-4.331250e-05,-1.330088e+00,-1.489447e+00
-4.327500e-05,-1.330088e+00,-1.489447e+00
-4.323750e-05,-1.330088e+00,-1.484623e+00
-4.320000e-05,-1.330088e+00,-1.489447e+00
-4.316250e-05,-1.330088e+00,-1.484623e+00
-4.312500e-05,-1.330088e+00,-1.484623e+00
-4.308750e-05,-1.330088e+00,-1.484623e+00
-4.305000e-05,-1.330088e+00,-1.479799e+00
-4.301250e-05,-1.330088e+00,-1.484623e+00
-4.297500e-05,-1.323806e+00,-1.479799e+00
-4.293750e-05,-1.323806e+00,-1.479799e+00
-4.290000e-05,-1.323806e+00,-1.474975e+00
-4.286250e-05,-1.323806e+00,-1.474975e+00
-4.282500e-05,-1.323806e+00,-1.474975e+00
-4.278750e-05,-1.323806e+00,-1.474975e+00
-4.275000e-05,-1.323806e+00,-1.470151e+00
-4.271250e-05,-1.323806e+00,-1.470151e+00
-4.267500e-05,-1.323806e+00,-1.470151e+00
-4.263750e-05,-1.323806e+00,-1.470151e+00
-4.260000e-05,-1.323806e+00,-1.470151e+00
-4.256250e-05,-1.317525e+00,-1.470151e+00
-4.252500e-05,-1.317525e+00,-1.465326e+00
-4.248750e-05,-1.317525e+00,-1.465326e+00
-4.245000e-05,-1.317525e+00,-1.465326e+00
-4.241250e-05,-1.317525e+00,-1.465326e+00
-4.237500e-05,-1.317525e+00,-1.460502e+00
-4.233750e-05,-1.317525e+00,-1.460502e+00
-4.230000e-05,-1.317525e+00,-1.460502e+00
-4.226250e-05,-1.311244e+00,-1.455678e+00
-4.222500e-05,-1.311244e+00,-1.455678e+00
-4.218750e-05,-1.311244e+00,-1.455678e+00
-4.215000e-05,-1.311244e+00,-1.450854e+00
-4.211250e-05,-1.311244e+00,-1.450854e+00
-4.207500e-05,-1.311244e+00,-1.450854e+00
-4.203750e-05,-1.304962e+00,-1.450854e+00
-4.200000e-05,-1.311244e+00,-1.446030e+00
-4.196250e-05,-1.304962e+00,-1.446030e+00
-4.192500e-05,-1.304962e+00,-1.441206e+00
-4.188750e-05,-1.304962e+00,-1.441206e+00
-4.185000e-05,-1.304962e+00,-1.441206e+00
-4.181250e-05,-1.298681e+00,-1.441206e+00
-4.177500e-05,-1.298681e+00,-1.436382e+00
-4.173750e-05,-1.298681e+00,-1.436382e+00
-4.170000e-05,-1.298681e+00,-1.436382e+00
-4.166250e-05,-1.292399e+00,-1.436382e+00
-4.162500e-05,-1.292399e+00,-1.431558e+00
-4.158750e-05,-1.292399e+00,-1.431558e+00
-4.155000e-05,-1.292399e+00,-1.431558e+00
-4.151250e-05,-1.286118e+00,-1.426734e+00
-4.147500e-05,-1.286118e+00,-1.426734e+00
-4.143750e-05,-1.286118e+00,-1.426734e+00
-4.140000e-05,-1.279837e+00,-1.421909e+00
-4.136250e-05,-1.286118e+00,-1.421909e+00
-4.132500e-05,-1.279837e+00,-1.421909e+00
-4.128750e-05,-1.279837e+00,-1.421909e+00
-4.125000e-05,-1.273555e+00,-1.417085e+00
-4.121250e-05,-1.273555e+00,-1.421909e+00
-4.117500e-05,-1.273555e+00,-1.417085e+00
-4.113750e-05,-1.267274e+00,-1.417085e+00
-4.110000e-05,-1.267274e+00,-1.417085e+00
-4.106250e-05,-1.267274e+00,-1.412261e+00
-4.102500e-05,-1.267274e+00,-1.412261e+00
-4.098750e-05,-1.260992e+00,-1.412261e+00
-4.095000e-05,-1.260992e+00,-1.407437e+00
-4.091250e-05,-1.260992e+00,-1.407437e+00
-4.087500e-05,-1.254711e+00,-1.407437e+00
-4.083750e-05,-1.254711e+00,-1.407437e+00
-4.080000e-05,-1.254711e+00,-1.407437e+00
-4.076250e-05,-1.248430e+00,-1.407437e+00
-4.072500e-05,-1.248430e+00,-1.407437e+00
-4.068750e-05,-1.248430e+00,-1.402613e+00
-4.065000e-05,-1.248430e+00,-1.402613e+00
-4.061250e-05,-1.248430e+00,-1.402613e+00
-4.057500e-05,-1.242148e+00,-1.402613e+00
-4.053750e-05,-1.242148e+00,-1.402613e+00
-4.050000e-05,-1.242148e+00,-1.397789e+00
-4.046250e-05,-1.242148e+00,-1.397789e+00
-4.042500e-05,-1.242148e+00,-1.397789e+00
-4.038750e-05,-1.235867e+00,-1.397789e+00
-4.035000e-05,-1.235867e+00,-1.392965e+00
-4.031250e-05,-1.235867e+00,-1.392965e+00
-4.027500e-05,-1.235867e+00,-1.392965e+00
-4.023750e-05,-1.235867e+00,-1.392965e+00
-4.020000e-05,-1.235867e+00,-1.388141e+00
-4.016250e-05,-1.229585e+00,-1.388141e+00
-4.012500e-05,-1.229585e+00,-1.388141e+00
-4.008750e-05,-1.229585e+00,-1.388141e+00
-4.005000e-05,-1.229585e+00,-1.388141e+00
-4.001250e-05,-1.229585e+00,-1.383316e+00
-3.997500e-05,-1.229585e+00,-1.383316e+00
-3.993750e-05,-1.229585e+00,-1.383316e+00
-3.990000e-05,-1.223304e+00,-1.378492e+00
-3.986250e-05,-1.223304e+00,-1.383316e+00
-3.982500e-05,-1.223304e+00,-1.378492e+00
-3.978750e-05,-1.223304e+00,-1.378492e+00
-3.975000e-05,-1.223304e+00,-1.373668e+00
-3.971250e-05,-1.223304e+00,-1.373668e+00
-3.967500e-05,-1.223304e+00,-1.368844e+00
-3.963750e-05,-1.223304e+00,-1.368844e+00
-3.960000e-05,-1.223304e+00,-1.368844e+00
-3.956250e-05,-1.223304e+00,-1.368844e+00
-3.952500e-05,-1.223304e+00,-1.364020e+00
-3.948750e-05,-1.217023e+00,-1.364020e+00
-3.945000e-05,-1.217023e+00,-1.364020e+00
-3.941250e-05,-1.217023e+00,-1.364020e+00
-3.937500e-05,-1.217023e+00,-1.359196e+00
-3.933750e-05,-1.217023e+00,-1.359196e+00
-3.930000e-05,-1.217023e+00,-1.359196e+00
-3.926250e-05,-1.217023e+00,-1.359196e+00
-3.922500e-05,-1.217023e+00,-1.354372e+00
-3.918750e-05,-1.217023e+00,-1.354372e+00
-3.915000e-05,-1.217023e+00,-1.349548e+00
-3.911250e-05,-1.210741e+00,-1.354372e+00
-3.907500e-05,-1.210741e+00,-1.349548e+00
-3.903750e-05,-1.210741e+00,-1.344723e+00
-3.900000e-05,-1.210741e+00,-1.344723e+00
-3.896250e-05,-1.210741e+00,-1.344723e+00
-3.892500e-05,-1.210741e+00,-1.344723e+00
-3.888750e-05,-1.210741e+00,-1.344723e+00
-3.885000e-05,-1.204460e+00,-1.339899e+00
-3.881250e-05,-1.204460e+00,-1.339899e+00
-3.877500e-05,-1.204460e+00,-1.339899e+00
-3.873750e-05,-1.204460e+00,-1.335075e+00
-3.870000e-05,-1.204460e+00,-1.335075e+00
-3.866250e-05,-1.198178e+00,-1.335075e+00
-3.862500e-05,-1.198178e+00,-1.335075e+00
-3.858750e-05,-1.198178e+00,-1.335075e+00
-3.855000e-05,-1.198178e+00,-1.335075e+00
-3.851250e-05,-1.191897e+00,-1.330251e+00
-3.847500e-05,-1.191897e+00,-1.330251e+00
-3.843750e-05,-1.191897e+00,-1.330251e+00
-3.840000e-05,-1.191897e+00,-1.330251e+00
-3.836250e-05,-1.185615e+00,-1.325427e+00
-3.832500e-05,-1.191897e+00,-1.325427e+00
-3.828750e-05,-1.179334e+00,-1.325427e+00
-3.825000e-05,-1.179334e+00,-1.325427e+00
-3.821250e-05,-1.179334e+00,-1.325427e+00
-3.817500e-05,-1.179334e+00,-1.320603e+00
-3.813750e-05,-1.179334e+00,-1.320603e+00
-3.810000e-05,-1.179334e+00,-1.320603e+00
-3.806250e-05,-1.173053e+00,-1.315779e+00
-3.802500e-05,-1.173053e+00,-1.315779e+00
-3.798750e-05,-1.173053e+00,-1.315779e+00
-3.795000e-05,-1.166771e+00,-1.315779e+00
-3.791250e-05,-1.166771e+00,-1.315779e+00
-3.787500e-05,-1.166771e+00,-1.315779e+00
-3.783750e-05,-1.166771e+00,-1.310955e+00
-3.780000e-05,-1.160490e+00,-1.310955e+00
-3.776250e-05,-1.160490e+00,-1.310955e+00
-3.772500e-05,-1.160490e+00,-1.306131e+00
-3.768750e-05,-1.154208e+00,-1.306131e+00
-3.765000e-05,-1.154208e+00,-1.306131e+00
-3.761250e-05,-1.154208e+00,-1.306131e+00
-3.757500e-05,-1.154208e+00,-1.301306e+00
-3.753750e-05,-1.147927e+00,-1.301306e+00
-3.750000e-05,-1.147927e+00,-1.301306e+00
-3.746250e-05,-1.147927e+00,-1.301306e+00
-3.742500e-05,-1.147927e+00,-1.296482e+00
-3.738750e-05,-1.141646e+00,-1.296482e+00
-3.735000e-05,-1.141646e+00,-1.296482e+00
-3.731250e-05,-1.141646e+00,-1.291658e+00
-3.727500e-05,-1.141646e+00,-1.291658e+00
-3.723750e-05,-1.135364e+00,-1.286834e+00
-3.720000e-05,-1.135364e+00,-1.286834e+00
-3.716250e-05,-1.135364e+00,-1.286834e+00
-3.712500e-05,-1.135364e+00,-1.286834e+00
-3.708750e-05,-1.135364e+00,-1.282010e+00
-3.705000e-05,-1.129083e+00,-1.282010e+00
-3.701250e-05,-1.129083e+00,-1.282010e+00
-3.697500e-05,-1.129083e+00,-1.277186e+00
-3.693750e-05,-1.129083e+00,-1.277186e+00
-3.690000e-05,-1.129083e+00,-1.277186e+00
-3.686250e-05,-1.129083e+00,-1.272362e+00
-3.682500e-05,-1.129083e+00,-1.272362e+00
-3.678750e-05,-1.129083e+00,-1.272362e+00
-3.675000e-05,-1.129083e+00,-1.267538e+00
-3.671250e-05,-1.129083e+00,-1.267538e+00
-3.667500e-05,-1.129083e+00,-1.267538e+00
-3.663750e-05,-1.122801e+00,-1.267538e+00
-3.660000e-05,-1.122801e+00,-1.262713e+00
-3.656250e-05,-1.122801e+00,-1.262713e+00
-3.652500e-05,-1.122801e+00,-1.262713e+00
-3.648750e-05,-1.122801e+00,-1.262713e+00
-3.645000e-05,-1.122801e+00,-1.262713e+00
-3.641250e-05,-1.122801e+00,-1.257889e+00
-3.637500e-05,-1.122801e+00,-1.257889e+00
-3.633750e-05,-1.122801e+00,-1.257889e+00
-3.630000e-05,-1.122801e+00,-1.253065e+00
-3.626250e-05,-1.122801e+00,-1.253065e+00
-3.622500e-05,-1.122801e+00,-1.253065e+00
-3.618750e-05,-1.116520e+00,-1.253065e+00
-3.615000e-05,-1.116520e+00,-1.253065e+00
-3.611250e-05,-1.116520e+00,-1.253065e+00
-3.607500e-05,-1.116520e+00,-1.253065e+00
-3.603750e-05,-1.116520e+00,-1.248241e+00
-3.600000e-05,-1.116520e+00,-1.248241e+00
-3.596250e-05,-1.116520e+00,-1.248241e+00
-3.592500e-05,-1.116520e+00,-1.248241e+00
-3.588750e-05,-1.116520e+00,-1.248241e+00
-3.585000e-05,-1.116520e+00,-1.243417e+00
-3.581250e-05,-1.116520e+00,-1.243417e+00
-3.577500e-05,-1.110239e+00,-1.243417e+00
-3.573750e-05,-1.110239e+00,-1.243417e+00
-3.570000e-05,-1.110239e+00,-1.238593e+00
-3.566250e-05,-1.110239e+00,-1.238593e+00
-3.562500e-05,-1.110239e+00,-1.238593e+00
-3.558750e-05,-1.110239e+00,-1.238593e+00
-3.555000e-05,-1.103957e+00,-1.238593e+00
-3.551250e-05,-1.103957e+00,-1.233769e+00
-3.547500e-05,-1.103957e+00,-1.233769e+00
-3.543750e-05,-1.103957e+00,-1.233769e+00
-3.540000e-05,-1.103957e+00,-1.233769e+00
-3.536250e-05,-1.103957e+00,-1.228945e+00
-3.532500e-05,-1.103957e+00,-1.228945e+00
-3.528750e-05,-1.097676e+00,-1.228945e+00
-3.525000e-05,-1.097676e+00,-1.228945e+00
-3.521250e-05,-1.097676e+00,-1.224120e+00
-3.517500e-05,-1.097676e+00,-1.224120e+00
-3.513750e-05,-1.091394e+00,-1.219296e+00
-3.510000e-05,-1.091394e+00,-1.219296e+00
-3.506250e-05,-1.091394e+00,-1.219296e+00
-3.502500e-05,-1.085113e+00,-1.219296e+00
-3.498750e-05,-1.085113e+00,-1.214472e+00
-3.495000e-05,-1.085113e+00,-1.214472e+00
-3.491250e-05,-1.085113e+00,-1.214472e+00
-3.487500e-05,-1.078832e+00,-1.209648e+00
-3.483750e-05,-1.078832e+00,-1.209648e+00
-3.480000e-05,-1.078832e+00,-1.204824e+00
-3.476250e-05,-1.078832e+00,-1.209648e+00
-3.472500e-05,-1.072550e+00,-1.204824e+00
-3.468750e-05,-1.072550e+00,-1.204824e+00
-3.465000e-05,-1.072550e+00,-1.204824e+00
-3.461250e-05,-1.066269e+00,-1.204824e+00
-3.457500e-05,-1.066269e+00,-1.200000e+00
-3.453750e-05,-1.066269e+00,-1.200000e+00
-3.450000e-05,-1.066269e+00,-1.195176e+00
-3.446250e-05,-1.059987e+00,-1.195176e+00
-3.442500e-05,-1.059987e+00,-1.190352e+00
-3.438750e-05,-1.059987e+00,-1.195176e+00
-3.435000e-05,-1.059987e+00,-1.195176e+00
-3.431250e-05,-1.053706e+00,-1.190352e+00
-3.427500e-05,-1.053706e+00,-1.190352e+00
-3.423750e-05,-1.053706e+00,-1.185528e+00
-3.420000e-05,-1.047425e+00,-1.185528e+00
-3.416250e-05,-1.047425e+00,-1.185528e+00
-3.412500e-05,-1.047425e+00,-1.185528e+00
-3.408750e-05,-1.047425e+00,-1.180703e+00
-3.405000e-05,-1.047425e+00,-1.180703e+00
-3.401250e-05,-1.041143e+00,-1.180703e+00
-3.397500e-05,-1.041143e+00,-1.175879e+00
-3.393750e-05,-1.041143e+00,-1.175879e+00
-3.390000e-05,-1.041143e+00,-1.175879e+00
-3.386250e-05,-1.041143e+00,-1.175879e+00
-3.382500e-05,-1.034862e+00,-1.175879e+00
-3.378750e-05,-1.034862e+00,-1.171055e+00
-3.375000e-05,-1.034862e+00,-1.171055e+00
-3.371250e-05,-1.034862e+00,-1.171055e+00
-3.367500e-05,-1.034862e+00,-1.171055e+00
-3.363750e-05,-1.034862e+00,-1.171055e+00
-3.360000e-05,-1.034862e+00,-1.166231e+00
-3.356250e-05,-1.028580e+00,-1.166231e+00
-3.352500e-05,-1.028580e+00,-1.166231e+00
-3.348750e-05,-1.028580e+00,-1.161407e+00
-3.345000e-05,-1.028580e+00,-1.161407e+00
-3.341250e-05,-1.028580e+00,-1.161407e+00
-3.337500e-05,-1.028580e+00,-1.161407e+00
-3.333750e-05,-1.028580e+00,-1.161407e+00
-3.330000e-05,-1.028580e+00,-1.156583e+00
-3.326250e-05,-1.022299e+00,-1.156583e+00
-3.322500e-05,-1.022299e+00,-1.156583e+00
-3.318750e-05,-1.022299e+00,-1.151759e+00
-3.315000e-05,-1.022299e+00,-1.151759e+00
-3.311250e-05,-1.022299e+00,-1.151759e+00
-3.307500e-05,-1.022299e+00,-1.151759e+00
-3.303750e-05,-1.022299e+00,-1.146935e+00
-3.300000e-05,-1.022299e+00,-1.146935e+00
-3.296250e-05,-1.022299e+00,-1.142110e+00
-3.292500e-05,-1.022299e+00,-1.142110e+00
-3.288750e-05,-1.022299e+00,-1.142110e+00
-3.285000e-05,-1.022299e+00,-1.142110e+00
-3.281250e-05,-1.022299e+00,-1.142110e+00
-3.277500e-05,-1.016018e+00,-1.137286e+00
-3.273750e-05,-1.016018e+00,-1.137286e+00
-3.270000e-05,-1.016018e+00,-1.132462e+00
-3.266250e-05,-1.016018e+00,-1.132462e+00
-3.262500e-05,-1.016018e+00,-1.132462e+00
-3.258750e-05,-1.016018e+00,-1.127638e+00
-3.255000e-05,-1.016018e+00,-1.127638e+00
-3.251250e-05,-1.016018e+00,-1.127638e+00
-3.247500e-05,-1.016018e+00,-1.127638e+00
-3.243750e-05,-1.016018e+00,-1.122814e+00
-3.240000e-05,-1.009736e+00,-1.122814e+00
-3.236250e-05,-1.009736e+00,-1.122814e+00
-3.232500e-05,-1.009736e+00,-1.117990e+00
-3.228750e-05,-1.009736e+00,-1.117990e+00
-3.225000e-05,-1.009736e+00,-1.117990e+00
-3.221250e-05,-1.009736e+00,-1.113166e+00
-3.217500e-05,-1.003455e+00,-1.113166e+00
-3.213750e-05,-1.003455e+00,-1.113166e+00
-3.210000e-05,-1.003455e+00,-1.113166e+00
-3.206250e-05,-1.003455e+00,-1.108342e+00
-3.202500e-05,-1.003455e+00,-1.108342e+00
-3.198750e-05,-1.003455e+00,-1.108342e+00
-3.195000e-05,-9.971733e-01,-1.108342e+00
-3.191250e-05,-9.971733e-01,-1.103517e+00
-3.187500e-05,-9.971733e-01,-1.103517e+00
-3.183750e-05,-9.971733e-01,-1.103517e+00
-3.180000e-05,-9.971733e-01,-1.103517e+00
-3.176250e-05,-9.908919e-01,-1.098693e+00
-3.172500e-05,-9.908919e-01,-1.098693e+00
-3.168750e-05,-9.908919e-01,-1.098693e+00
-3.165000e-05,-9.908919e-01,-1.098693e+00
-3.161250e-05,-9.846105e-01,-1.098693e+00
-3.157500e-05,-9.846105e-01,-1.093869e+00
-3.153750e-05,-9.846105e-01,-1.093869e+00
-3.150000e-05,-9.783291e-01,-1.093869e+00
-3.146250e-05,-9.783291e-01,-1.093869e+00
-3.142500e-05,-9.783291e-01,-1.089045e+00
-3.138750e-05,-9.783291e-01,-1.089045e+00
-3.135000e-05,-9.783291e-01,-1.089045e+00
-3.131250e-05,-9.720477e-01,-1.089045e+00
-3.127500e-05,-9.720477e-01,-1.089045e+00
-3.123750e-05,-9.720477e-01,-1.084221e+00
-3.120000e-05,-9.657663e-01,-1.084221e+00
-3.116250e-05,-9.657663e-01,-1.084221e+00
-3.112500e-05,-9.657663e-01,-1.079397e+00
-3.108750e-05,-9.594849e-01,-1.084221e+00
-3.105000e-05,-9.594849e-01,-1.079397e+00
-3.101250e-05,-9.594849e-01,-1.079397e+00
-3.097500e-05,-9.594849e-01,-1.079397e+00
-3.093750e-05,-9.532035e-01,-1.074573e+00
-3.090000e-05,-9.532035e-01,-1.074573e+00
-3.086250e-05,-9.532035e-01,-1.074573e+00
-3.082500e-05,-9.469220e-01,-1.074573e+00
-3.078750e-05,-9.469220e-01,-1.074573e+00
-3.075000e-05,-9.469220e-01,-1.069749e+00
-3.071250e-05,-9.469220e-01,-1.069749e+00
-3.067500e-05,-9.469220e-01,-1.064925e+00
-3.063750e-05,-9.406406e-01,-1.064925e+00
-3.060000e-05,-9.406406e-01,-1.064925e+00
-3.056250e-05,-9.406406e-01,-1.060100e+00
-3.052500e-05,-9.406406e-01,-1.060100e+00
-3.048750e-05,-9.406406e-01,-1.060100e+00
-3.045000e-05,-9.343592e-01,-1.060100e+00
-3.041250e-05,-9.343592e-01,-1.055276e+00
-3.037500e-05,-9.343592e-01,-1.055276e+00
-3.033750e-05,-9.343592e-01,-1.050452e+00
-3.030000e-05,-9.343592e-01,-1.050452e+00
-3.026250e-05,-9.343592e-01,-1.050452e+00
-3.022500e-05,-9.280778e-01,-1.050452e+00
-3.018750e-05,-9.280778e-01,-1.045628e+00
-3.015000e-05,-9.280778e-01,-1.045628e+00
-3.011250e-05,-9.280778e-01,-1.045628e+00
-3.007500e-05,-9.280778e-01,-1.040804e+00
-3.003750e-05,-9.280778e-01,-1.040804e+00
-3.000000e-05,-9.280778e-01,-1.040804e+00
-2.996250e-05,-9.280778e-01,-1.040804e+00
-2.992500e-05,-9.217964e-01,-1.035980e+00
-2.988750e-05,-9.217964e-01,-1.035980e+00
-2.985000e-05,-9.217964e-01,-1.035980e+00
-2.981250e-05,-9.217964e-01,-1.031156e+00
-2.977500e-05,-9.217964e-01,-1.031156e+00
-2.973750e-05,-9.217964e-01,-1.031156e+00
-2.970000e-05,-9.217964e-01,-1.031156e+00
-2.966250e-05,-9.217964e-01,-1.026332e+00
-2.962500e-05,-9.217964e-01,-1.026332e+00
-2.958750e-05,-9.217964e-01,-1.026332e+00
-2.955000e-05,-9.155150e-01,-1.026332e+00
-2.951250e-05,-9.155150e-01,-1.021507e+00
-2.947500e-05,-9.155150e-01,-1.021507e+00
-2.943750e-05,-9.155150e-01,-1.021507e+00
-2.940000e-05,-9.155150e-01,-1.021507e+00
-2.936250e-05,-9.155150e-01,-1.021507e+00
-2.932500e-05,-9.155150e-01,-1.016683e+00
-2.928750e-05,-9.155150e-01,-1.016683e+00
-2.925000e-05,-9.155150e-01,-1.016683e+00
-2.921250e-05,-9.092336e-01,-1.016683e+00
-2.917500e-05,-9.092336e-01,-1.016683e+00
-2.913750e-05,-9.092336e-01,-1.011859e+00
-2.910000e-05,-9.092336e-01,-1.011859e+00
-2.906250e-05,-9.092336e-01,-1.011859e+00
-2.902500e-05,-9.092336e-01,-1.011859e+00
-2.898750e-05,-9.092336e-01,-1.007035e+00
-2.895000e-05,-9.029522e-01,-1.007035e+00
-2.891250e-05,-9.029522e-01,-1.007035e+00
-2.887500e-05,-9.029522e-01,-1.007035e+00
-2.883750e-05,-9.029522e-01,-1.002211e+00
-2.880000e-05,-9.029522e-01,-1.002211e+00
-2.876250e-05,-8.966708e-01,-1.002211e+00
-2.872500e-05,-8.966708e-01,-1.002211e+00
-2.868750e-05,-8.966708e-01,-9.973868e-01
-2.865000e-05,-8.966708e-01,-1.002211e+00
-2.861250e-05,-8.903894e-01,-9.973868e-01
-2.857500e-05,-8.903894e-01,-9.973868e-01
-2.853750e-05,-8.903894e-01,-9.925627e-01
-2.850000e-05,-8.903894e-01,-9.925627e-01
-2.846250e-05,-8.903894e-01,-9.925627e-01
-2.842500e-05,-8.841080e-01,-9.925627e-01
-2.838750e-05,-8.841080e-01,-9.877386e-01
-2.835000e-05,-8.841080e-01,-9.877386e-01
-2.831250e-05,-8.841080e-01,-9.877386e-01
-2.827500e-05,-8.841080e-01,-9.877386e-01
-2.823750e-05,-8.778266e-01,-9.829145e-01
-2.820000e-05,-8.778266e-01,-9.829145e-01
-2.816250e-05,-8.715452e-01,-9.780904e-01
-2.812500e-05,-8.715452e-01,-9.780904e-01
-2.808750e-05,-8.715452e-01,-9.780904e-01
-2.805000e-05,-8.715452e-01,-9.780904e-01
-2.801250e-05,-8.652638e-01,-9.732662e-01
-2.797500e-05,-8.652638e-01,-9.732662e-01
-2.793750e-05,-8.652638e-01,-9.732662e-01
-2.790000e-05,-8.589824e-01,-9.684421e-01
-2.786250e-05,-8.589824e-01,-9.684421e-01
-2.782500e-05,-8.589824e-01,-9.636180e-01
-2.778750e-05,-8.589824e-01,-9.636180e-01
-2.775000e-05,-8.589824e-01,-9.636180e-01
-2.771250e-05,-8.527010e-01,-9.636180e-01
-2.767500e-05,-8.527010e-01,-9.636180e-01
-2.763750e-05,-8.464195e-01,-9.587939e-01
-2.760000e-05,-8.464195e-01,-9.587939e-01
-2.756250e-05,-8.464195e-01,-9.587939e-01
-2.752500e-05,-8.464195e-01,-9.587939e-01
-2.748750e-05,-8.464195e-01,-9.539698e-01
-2.745000e-05,-8.401381e-01,-9.539698e-01
-2.741250e-05,-8.401381e-01,-9.539698e-01
-2.737500e-05,-8.401381e-01,-9.491456e-01
-2.733750e-05,-8.401381e-01,-9.491456e-01
-2.730000e-05,-8.401381e-01,-9.491456e-01
-2.726250e-05,-8.338567e-01,-9.491456e-01
-2.722500e-05,-8.338567e-01,-9.491456e-01
-2.718750e-05,-8.338567e-01,-9.443215e-01
-2.715000e-05,-8.338567e-01,-9.443215e-01
-2.711250e-05,-8.338567e-01,-9.443215e-01
-2.707500e-05,-8.338567e-01,-9.443215e-01
-2.703750e-05,-8.338567e-01,-9.394974e-01
-2.700000e-05,-8.275753e-01,-9.394974e-01
-2.696250e-05,-8.275753e-01,-9.394974e-01
-2.692500e-05,-8.275753e-01,-9.394974e-01
-2.688750e-05,-8.275753e-01,-9.394974e-01
-2.685000e-05,-8.275753e-01,-9.394974e-01
-2.681250e-05,-8.275753e-01,-9.346733e-01
-2.677500e-05,-8.275753e-01,-9.346733e-01
-2.673750e-05,-8.275753e-01,-9.346733e-01
-2.670000e-05,-8.275753e-01,-9.346733e-01
-2.666250e-05,-8.212939e-01,-9.346733e-01
-2.662500e-05,-8.212939e-01,-9.346733e-01
-2.658750e-05,-8.212939e-01,-9.298492e-01
-2.655000e-05,-8.212939e-01,-9.298492e-01
-2.651250e-05,-8.212939e-01,-9.298492e-01
-2.647500e-05,-8.212939e-01,-9.250250e-01
-2.643750e-05,-8.212939e-01,-9.250250e-01
-2.640000e-05,-8.212939e-01,-9.250250e-01
-2.636250e-05,-8.150125e-01,-9.250250e-01
-2.632500e-05,-8.212939e-01,-9.250250e-01
-2.628750e-05,-8.150125e-01,-9.250250e-01
-2.625000e-05,-8.150125e-01,-9.202009e-01
-2.621250e-05,-8.150125e-01,-9.202009e-01
-2.617500e-05,-8.150125e-01,-9.153768e-01
-2.613750e-05,-8.150125e-01,-9.153768e-01
-2.610000e-05,-8.150125e-01,-9.153768e-01
-2.606250e-05,-8.150125e-01,-9.105527e-01
-2.602500e-05,-8.150125e-01,-9.153768e-01
-2.598750e-05,-8.150125e-01,-9.105527e-01
-2.595000e-05,-8.150125e-01,-9.105527e-01
-2.591250e-05,-8.150125e-01,-9.057286e-01
-2.587500e-05,-8.087311e-01,-9.057286e-01
-2.583750e-05,-8.087311e-01,-9.057286e-01
-2.580000e-05,-8.087311e-01,-9.057286e-01
-2.576250e-05,-8.087311e-01,-9.009044e-01
-2.572500e-05,-8.087311e-01,-9.009044e-01
-2.568750e-05,-8.024497e-01,-9.009044e-01
-2.565000e-05,-8.024497e-01,-8.960803e-01
-2.561250e-05,-8.024497e-01,-8.960803e-01
-2.557500e-05,-8.024497e-01,-8.960803e-01
-2.553750e-05,-8.024497e-01,-8.912562e-01
-2.550000e-05,-8.024497e-01,-8.912562e-01
-2.546250e-05,-7.961683e-01,-8.912562e-01
-2.542500e-05,-7.961683e-01,-8.864321e-01
-2.538750e-05,-7.961683e-01,-8.864321e-01
-2.535000e-05,-7.961683e-01,-8.864321e-01
-2.531250e-05,-7.961683e-01,-8.864321e-01
-2.527500e-05,-7.961683e-01,-8.816080e-01
-2.523750e-05,-7.898869e-01,-8.816080e-01
-2.520000e-05,-7.898869e-01,-8.816080e-01
-2.516250e-05,-7.898869e-01,-8.767838e-01
-2.512500e-05,-7.898869e-01,-8.767838e-01
-2.508750e-05,-7.836055e-01,-8.767838e-01
-2.505000e-05,-7.836055e-01,-8.767838e-01
-2.501250e-05,-7.836055e-01,-8.719597e-01
-2.497500e-05,-7.773241e-01,-8.719597e-01
-2.493750e-05,-7.773241e-01,-8.719597e-01
-2.490000e-05,-7.773241e-01,-8.671356e-01
-2.486250e-05,-7.773241e-01,-8.671356e-01
-2.482500e-05,-7.710427e-01,-8.671356e-01
-2.478750e-05,-7.710427e-01,-8.671356e-01
-2.475000e-05,-7.710427e-01,-8.623115e-01
-2.471250e-05,-7.710427e-01,-8.623115e-01
-2.467500e-05,-7.647613e-01,-8.623115e-01
-2.463750e-05,-7.647613e-01,-8.623115e-01
-2.460000e-05,-7.647613e-01,-8.623115e-01
-2.456250e-05,-7.584799e-01,-8.623115e-01
-2.452500e-05,-7.584799e-01,-8.623115e-01
-2.448750e-05,-7.584799e-01,-8.574874e-01
-2.445000e-05,-7.584799e-01,-8.574874e-01
-2.441250e-05,-7.584799e-01,-8.526632e-01
-2.437500e-05,-7.521984e-01,-8.526632e-01
-2.433750e-05,-7.521984e-01,-8.526632e-01
-2.430000e-05,-7.521984e-01,-8.526632e-01
-2.426250e-05,-7.459170e-01,-8.478391e-01
-2.422500e-05,-7.459170e-01,-8.478391e-01
-2.418750e-05,-7.459170e-01,-8.478391e-01
-2.415000e-05,-7.459170e-01,-8.478391e-01
-2.411250e-05,-7.396356e-01,-8.430150e-01
-2.407500e-05,-7.396356e-01,-8.478391e-01
-2.403750e-05,-7.396356e-01,-8.430150e-01
-2.400000e-05,-7.396356e-01,-8.430150e-01
-2.396250e-05,-7.396356e-01,-8.381909e-01
-2.392500e-05,-7.333542e-01,-8.381909e-01
-2.388750e-05,-7.333542e-01,-8.381909e-01
-2.385000e-05,-7.333542e-01,-8.333668e-01
-2.381250e-05,-7.333542e-01,-8.333668e-01
-2.377500e-05,-7.333542e-01,-8.333668e-01
-2.373750e-05,-7.333542e-01,-8.333668e-01
-2.370000e-05,-7.333542e-01,-8.285426e-01
-2.366250e-05,-7.270728e-01,-8.285426e-01
-2.362500e-05,-7.270728e-01,-8.285426e-01
-2.358750e-05,-7.270728e-01,-8.237185e-01
-2.355000e-05,-7.270728e-01,-8.237185e-01
-2.351250e-05,-7.270728e-01,-8.237185e-01
-2.347500e-05,-7.270728e-01,-8.188944e-01
-2.343750e-05,-7.270728e-01,-8.188944e-01
-2.340000e-05,-7.270728e-01,-8.188944e-01
-2.336250e-05,-7.270728e-01,-8.188944e-01
-2.332500e-05,-7.207914e-01,-8.140703e-01
-2.328750e-05,-7.207914e-01,-8.140703e-01
-2.325000e-05,-7.207914e-01,-8.092462e-01
-2.321250e-05,-7.207914e-01,-8.092462e-01
-2.317500e-05,-7.207914e-01,-8.092462e-01
-2.313750e-05,-7.207914e-01,-8.092462e-01
-2.310000e-05,-7.207914e-01,-8.044220e-01
-2.306250e-05,-7.207914e-01,-8.044220e-01
-2.302500e-05,-7.207914e-01,-8.044220e-01
-2.298750e-05,-7.207914e-01,-8.044220e-01
-2.295000e-05,-7.207914e-01,-7.995979e-01
-2.291250e-05,-7.207914e-01,-7.995979e-01
-2.287500e-05,-7.207914e-01,-7.995979e-01
-2.283750e-05,-7.145100e-01,-7.995979e-01
-2.280000e-05,-7.145100e-01,-7.995979e-01
-2.276250e-05,-7.145100e-01,-7.947738e-01
-2.272500e-05,-7.145100e-01,-7.947738e-01
-2.268750e-05,-7.145100e-01,-7.947738e-01
-2.265000e-05,-7.145100e-01,-7.947738e-01
-2.261250e-05,-7.145100e-01,-7.899497e-01
-2.257500e-05,-7.145100e-01,-7.899497e-01
-2.253750e-05,-7.145100e-01,-7.899497e-01
-2.250000e-05,-7.145100e-01,-7.899497e-01
-2.246250e-05,-7.145100e-01,-7.851256e-01
-2.242500e-05,-7.082286e-01,-7.851256e-01
-2.238750e-05,-7.082286e-01,-7.851256e-01
-2.235000e-05,-7.082286e-01,-7.851256e-01
-2.231250e-05,-7.082286e-01,-7.851256e-01
-2.227500e-05,-7.082286e-01,-7.851256e-01
-2.223750e-05,-7.082286e-01,-7.803014e-01
-2.220000e-05,-7.019472e-01,-7.803014e-01
-2.216250e-05,-7.019472e-01,-7.803014e-01
-2.212500e-05,-7.019472e-01,-7.754773e-01
-2.208750e-05,-7.019472e-01,-7.803014e-01
-2.205000e-05,-7.019472e-01,-7.754773e-01
-2.201250e-05,-7.019472e-01,-7.754773e-01
-2.197500e-05,-7.019472e-01,-7.754773e-01
-2.193750e-05,-6.956658e-01,-7.754773e-01
-2.190000e-05,-6.956658e-01,-7.754773e-01
-2.186250e-05,-6.956658e-01,-7.706532e-01
-2.182500e-05,-6.956658e-01,-7.706532e-01
-2.178750e-05,-6.893844e-01,-7.706532e-01
-2.175000e-05,-6.893844e-01,-7.658291e-01
-2.171250e-05,-6.893844e-01,-7.658291e-01
-2.167500e-05,-6.893844e-01,-7.658291e-01
-2.163750e-05,-6.831030e-01,-7.610050e-01
-2.160000e-05,-6.831030e-01,-7.610050e-01
-2.156250e-05,-6.831030e-01,-7.610050e-01
-2.152500e-05,-6.768216e-01,-7.610050e-01
-2.148750e-05,-6.768216e-01,-7.561808e-01
-2.145000e-05,-6.768216e-01,-7.561808e-01
-2.141250e-05,-6.705402e-01,-7.561808e-01
-2.137500e-05,-6.768216e-01,-7.513567e-01
-2.133750e-05,-6.705402e-01,-7.513567e-01
-2.130000e-05,-6.705402e-01,-7.513567e-01
-2.126250e-05,-6.705402e-01,-7.465326e-01
-2.122500e-05,-6.642588e-01,-7.513567e-01
-2.118750e-05,-6.642588e-01,-7.465326e-01
-2.115000e-05,-6.642588e-01,-7.465326e-01
-2.111250e-05,-6.579774e-01,-7.417085e-01
-2.107500e-05,-6.579774e-01,-7.417085e-01
-2.103750e-05,-6.579774e-01,-7.417085e-01
-2.100000e-05,-6.516959e-01,-7.368844e-01
-2.096250e-05,-6.516959e-01,-7.368844e-01
-2.092500e-05,-6.516959e-01,-7.320602e-01
-2.088750e-05,-6.516959e-01,-7.320602e-01
-2.085000e-05,-6.454145e-01,-7.320602e-01
-2.081250e-05,-6.454145e-01,-7.320602e-01
-2.077500e-05,-6.454145e-01,-7.272361e-01
-2.073750e-05,-6.454145e-01,-7.272361e-01
-2.070000e-05,-6.454145e-01,-7.272361e-01
-2.066250e-05,-6.391331e-01,-7.224120e-01
-2.062500e-05,-6.391331e-01,-7.272361e-01
-2.058750e-05,-6.391331e-01,-7.224120e-01
-2.055000e-05,-6.391331e-01,-7.224120e-01
-2.051250e-05,-6.391331e-01,-7.224120e-01
-2.047500e-05,-6.328517e-01,-7.175879e-01
-2.043750e-05,-6.328517e-01,-7.175879e-01
-2.040000e-05,-6.328517e-01,-7.175879e-01
-2.036250e-05,-6.328517e-01,-7.175879e-01
-2.032500e-05,-6.328517e-01,-7.175879e-01
-2.028750e-05,-6.265703e-01,-7.127638e-01
-2.025000e-05,-6.265703e-01,-7.127638e-01
-2.021250e-05,-6.265703e-01,-7.127638e-01
-2.017500e-05,-6.265703e-01,-7.127638e-01
-2.013750e-05,-6.265703e-01,-7.127638e-01
-2.010000e-05,-6.265703e-01,-7.127638e-01
-2.006250e-05,-6.265703e-01,-7.079396e-01
-2.002500e-05,-6.265703e-01,-7.079396e-01
-1.998750e-05,-6.265703e-01,-7.079396e-01
-1.995000e-05,-6.202889e-01,-7.079396e-01
-1.991250e-05,-6.265703e-01,-7.079396e-01
-1.987500e-05,-6.202889e-01,-7.079396e-01
-1.983750e-05,-6.202889e-01,-7.031155e-01
-1.980000e-05,-6.202889e-01,-7.031155e-01
-1.976250e-05,-6.202889e-01,-7.031155e-01
-1.972500e-05,-6.202889e-01,-7.031155e-01
-1.968750e-05,-6.202889e-01,-7.031155e-01
-1.965000e-05,-6.202889e-01,-6.982914e-01
-1.961250e-05,-6.202889e-01,-6.982914e-01
-1.957500e-05,-6.140075e-01,-6.982914e-01
-1.953750e-05,-6.202889e-01,-6.982914e-01
-1.950000e-05,-6.140075e-01,-6.982914e-01
-1.946250e-05,-6.140075e-01,-6.934673e-01
-1.942500e-05,-6.140075e-01,-6.934673e-01
-1.938750e-05,-6.140075e-01,-6.934673e-01
-1.935000e-05,-6.140075e-01,-6.886432e-01
-1.931250e-05,-6.140075e-01,-6.886432e-01
-1.927500e-05,-6.140075e-01,-6.886432e-01
-1.923750e-05,-6.140075e-01,-6.886432e-01
-1.920000e-05,-6.140075e-01,-6.886432e-01
-1.916250e-05,-6.077261e-01,-6.838190e-01
-1.912500e-05,-6.077261e-01,-6.838190e-01
-1.908750e-05,-6.077261e-01,-6.838190e-01
-1.905000e-05,-6.077261e-01,-6.838190e-01
-1.901250e-05,-6.077261e-01,-6.789949e-01
-1.897500e-05,-6.077261e-01,-6.741708e-01
-1.893750e-05,-6.077261e-01,-6.789949e-01
-1.890000e-05,-6.014447e-01,-6.741708e-01
-1.886250e-05,-6.014447e-01,-6.741708e-01
-1.882500e-05,-6.014447e-01,-6.741708e-01
-1.878750e-05,-6.014447e-01,-6.693467e-01
-1.875000e-05,-5.951633e-01,-6.693467e-01
-1.871250e-05,-5.951633e-01,-6.645226e-01
-1.867500e-05,-5.951633e-01,-6.645226e-01
-1.863750e-05,-5.951633e-01,-6.645226e-01
-1.860000e-05,-5.951633e-01,-6.645226e-01
-1.856250e-05,-5.888819e-01,-6.596984e-01
-1.852500e-05,-5.888819e-01,-6.596984e-01
-1.848750e-05,-5.888819e-01,-6.596984e-01
-1.845000e-05,-5.888819e-01,-6.548743e-01
-1.841250e-05,-5.826005e-01,-6.548743e-01
-1.837500e-05,-5.826005e-01,-6.548743e-01
-1.833750e-05,-5.826005e-01,-6.548743e-01
-1.830000e-05,-5.826005e-01,-6.500502e-01
-1.826250e-05,-5.826005e-01,-6.500502e-01
-1.822500e-05,-5.763191e-01,-6.500502e-01
-1.818750e-05,-5.763191e-01,-6.452261e-01
-1.815000e-05,-5.763191e-01,-6.452261e-01
-1.811250e-05,-5.700377e-01,-6.452261e-01
-1.807500e-05,-5.700377e-01,-6.452261e-01
-1.803750e-05,-5.700377e-01,-6.404020e-01
-1.800000e-05,-5.637563e-01,-6.404020e-01
-1.796250e-05,-5.637563e-01,-6.404020e-01
-1.792500e-05,-5.637563e-01,-6.404020e-01
-1.788750e-05,-5.637563e-01,-6.404020e-01
-1.785000e-05,-5.637563e-01,-6.355778e-01
-1.781250e-05,-5.574748e-01,-6.355778e-01
-1.777500e-05,-5.574748e-01,-6.355778e-01
-1.773750e-05,-5.511934e-01,-6.307537e-01
-1.770000e-05,-5.511934e-01,-6.307537e-01
-1.766250e-05,-5.511934e-01,-6.307537e-01
-1.762500e-05,-5.511934e-01,-6.307537e-01
-1.758750e-05,-5.511934e-01,-6.307537e-01
-1.755000e-05,-5.449120e-01,-6.259296e-01
-1.751250e-05,-5.449120e-01,-6.259296e-01
-1.747500e-05,-5.449120e-01,-6.259296e-01
-1.743750e-05,-5.386306e-01,-6.259296e-01
-1.740000e-05,-5.386306e-01,-6.259296e-01
-1.736250e-05,-5.386306e-01,-6.211055e-01
-1.732500e-05,-5.386306e-01,-6.211055e-01
-1.728750e-05,-5.386306e-01,-6.211055e-01
-1.725000e-05,-5.323492e-01,-6.211055e-01
-1.721250e-05,-5.386306e-01,-6.162814e-01
-1.717500e-05,-5.323492e-01,-6.211055e-01
-1.713750e-05,-5.323492e-01,-6.162814e-01
-1.710000e-05,-5.323492e-01,-6.162814e-01
-1.706250e-05,-5.323492e-01,-6.114572e-01
-1.702500e-05,-5.323492e-01,-6.114572e-01
-1.698750e-05,-5.260678e-01,-6.114572e-01
-1.695000e-05,-5.260678e-01,-6.066331e-01
-1.691250e-05,-5.260678e-01,-6.066331e-01
-1.687500e-05,-5.260678e-01,-6.066331e-01
-1.683750e-05,-5.260678e-01,-6.018090e-01
-1.680000e-05,-5.260678e-01,-6.018090e-01
-1.676250e-05,-5.260678e-01,-6.018090e-01
-1.672500e-05,-5.260678e-01,-6.018090e-01
-1.668750e-05,-5.260678e-01,-6.018090e-01
-1.665000e-05,-5.197864e-01,-5.969849e-01
-1.661250e-05,-5.197864e-01,-5.969849e-01
-1.657500e-05,-5.197864e-01,-5.921608e-01
-1.653750e-05,-5.197864e-01,-5.921608e-01
-1.650000e-05,-5.197864e-01,-5.873366e-01
-1.646250e-05,-5.197864e-01,-5.873366e-01
-1.642500e-05,-5.197864e-01,-5.873366e-01
-1.638750e-05,-5.197864e-01,-5.825125e-01
-1.635000e-05,-5.197864e-01,-5.825125e-01
-1.631250e-05,-5.197864e-01,-5.825125e-01
-1.627500e-05,-5.197864e-01,-5.776884e-01
-1.623750e-05,-5.135050e-01,-5.776884e-01
-1.620000e-05,-5.135050e-01,-5.776884e-01
-1.616250e-05,-5.135050e-01,-5.776884e-01
-1.612500e-05,-5.135050e-01,-5.728643e-01
-1.608750e-05,-5.135050e-01,-5.728643e-01
-1.605000e-05,-5.135050e-01,-5.728643e-01
-1.601250e-05,-5.135050e-01,-5.680402e-01
-1.597500e-05,-5.135050e-01,-5.680402e-01
-1.593750e-05,-5.135050e-01,-5.632160e-01
-1.590000e-05,-5.135050e-01,-5.632160e-01
-1.586250e-05,-5.135050e-01,-5.632160e-01
-1.582500e-05,-5.072236e-01,-5.632160e-01
-1.578750e-05,-5.072236e-01,-5.632160e-01
-1.575000e-05,-5.072236e-01,-5.583919e-01
-1.571250e-05,-5.072236e-01,-5.583919e-01
-1.567500e-05,-5.072236e-01,-5.583919e-01
-1.563750e-05,-5.072236e-01,-5.535678e-01
-1.560000e-05,-5.072236e-01,-5.535678e-01
-1.556250e-05,-5.009422e-01,-5.535678e-01
-1.552500e-05,-5.009422e-01,-5.535678e-01
-1.548750e-05,-5.009422e-01,-5.487437e-01
-1.545000e-05,-5.009422e-01,-5.487437e-01
-1.541250e-05,-5.009422e-01,-5.439196e-01
-1.537500e-05,-4.946608e-01,-5.439196e-01
-1.533750e-05,-4.946608e-01,-5.439196e-01
-1.530000e-05,-4.946608e-01,-5.390954e-01
-1.526250e-05,-4.946608e-01,-5.390954e-01
-1.522500e-05,-4.883794e-01,-5.390954e-01
-1.518750e-05,-4.883794e-01,-5.390954e-01
-1.515000e-05,-4.883794e-01,-5.342713e-01
-1.511250e-05,-4.883794e-01,-5.342713e-01
-1.507500e-05,-4.820980e-01,-5.342713e-01
-1.503750e-05,-4.820980e-01,-5.294472e-01
-1.500000e-05,-4.820980e-01,-5.294472e-01
-1.496250e-05,-4.758166e-01,-5.294472e-01
-1.492500e-05,-4.758166e-01,-5.246231e-01
-1.488750e-05,-4.758166e-01,-5.246231e-01
-1.485000e-05,-4.758166e-01,-5.197990e-01
-1.481250e-05,-4.695352e-01,-5.149748e-01
-1.477500e-05,-4.695352e-01,-5.149748e-01
-1.473750e-05,-4.695352e-01,-5.149748e-01
-1.470000e-05,-4.695352e-01,-5.101507e-01
-1.466250e-05,-4.632538e-01,-5.101507e-01
-1.462500e-05,-4.632538e-01,-5.101507e-01
-1.458750e-05,-4.632538e-01,-5.053266e-01
-1.455000e-05,-4.569723e-01,-5.053266e-01
-1.451250e-05,-4.569723e-01,-5.005025e-01
-1.447500e-05,-4.569723e-01,-5.005025e-01
-1.443750e-05,-4.506909e-01,-5.005025e-01
-1.440000e-05,-4.506909e-01,-4.956784e-01
-1.436250e-05,-4.506909e-01,-4.956784e-01
-1.432500e-05,-4.506909e-01,-4.956784e-01
-1.428750e-05,-4.444095e-01,-4.908542e-01
-1.425000e-05,-4.444095e-01,-4.908542e-01
-1.421250e-05,-4.444095e-01,-4.908542e-01
-1.417500e-05,-4.444095e-01,-4.860301e-01
-1.413750e-05,-4.381281e-01,-4.860301e-01
-1.410000e-05,-4.381281e-01,-4.860301e-01
-1.406250e-05,-4.381281e-01,-4.860301e-01
-1.402500e-05,-4.381281e-01,-4.812060e-01
-1.398750e-05,-4.381281e-01,-4.812060e-01
-1.395000e-05,-4.318467e-01,-4.812060e-01
-1.391250e-05,-4.318467e-01,-4.812060e-01
-1.387500e-05,-4.318467e-01,-4.763819e-01
-1.383750e-05,-4.318467e-01,-4.763819e-01
-1.380000e-05,-4.318467e-01,-4.763819e-01
-1.376250e-05,-4.318467e-01,-4.763819e-01
-1.372500e-05,-4.255653e-01,-4.715578e-01
-1.368750e-05,-4.255653e-01,-4.715578e-01
-1.365000e-05,-4.255653e-01,-4.715578e-01
-1.361250e-05,-4.255653e-01,-4.715578e-01
-1.357500e-05,-4.255653e-01,-4.667336e-01
-1.353750e-05,-4.255653e-01,-4.667336e-01
-1.350000e-05,-4.255653e-01,-4.667336e-01
-1.346250e-05,-4.192839e-01,-4.667336e-01
-1.342500e-05,-4.255653e-01,-4.619095e-01
-1.338750e-05,-4.192839e-01,-4.619095e-01
-1.335000e-05,-4.192839e-01,-4.619095e-01
-1.331250e-05,-4.192839e-01,-4.619095e-01
-1.327500e-05,-4.192839e-01,-4.570854e-01
-1.323750e-05,-4.192839e-01,-4.570854e-01
-1.320000e-05,-4.192839e-01,-4.522613e-01
-1.316250e-05,-4.192839e-01,-4.522613e-01
-1.312500e-05,-4.192839e-01,-4.522613e-01
-1.308750e-05,-4.192839e-01,-4.474372e-01
-1.305000e-05,-4.130025e-01,-4.474372e-01
-1.301250e-05,-4.130025e-01,-4.474372e-01
-1.297500e-05,-4.130025e-01,-4.426130e-01
-1.293750e-05,-4.130025e-01,-4.426130e-01
-1.290000e-05,-4.130025e-01,-4.377889e-01
-1.286250e-05,-4.130025e-01,-4.377889e-01
-1.282500e-05,-4.130025e-01,-4.377889e-01
-1.278750e-05,-4.130025e-01,-4.377889e-01
-1.275000e-05,-4.130025e-01,-4.329648e-01
-1.271250e-05,-4.130025e-01,-4.281407e-01
-1.267500e-05,-4.067211e-01,-4.281407e-01
-1.263750e-05,-4.067211e-01,-4.281407e-01
-1.260000e-05,-4.067211e-01,-4.233166e-01
-1.256250e-05,-4.067211e-01,-4.233166e-01
-1.252500e-05,-4.067211e-01,-4.184924e-01
-1.248750e-05,-4.067211e-01,-4.184924e-01
-1.245000e-05,-4.004397e-01,-4.136683e-01
-1.241250e-05,-4.004397e-01,-4.184924e-01
-1.237500e-05,-4.004397e-01,-4.136683e-01
-1.233750e-05,-4.004397e-01,-4.136683e-01
-1.230000e-05,-4.004397e-01,-4.088442e-01
-1.226250e-05,-4.004397e-01,-4.088442e-01
-1.222500e-05,-3.941583e-01,-4.088442e-01
-1.218750e-05,-3.941583e-01,-4.088442e-01
-1.215000e-05,-3.941583e-01,-4.040201e-01
-1.211250e-05,-3.941583e-01,-4.040201e-01
-1.207500e-05,-3.941583e-01,-4.040201e-01
-1.203750e-05,-3.941583e-01,-3.991960e-01
-1.200000e-05,-3.878769e-01,-3.991960e-01
-1.196250e-05,-3.878769e-01,-3.991960e-01
-1.192500e-05,-3.815955e-01,-3.943718e-01
-1.188750e-05,-3.815955e-01,-3.943718e-01
-1.185000e-05,-3.815955e-01,-3.943718e-01
-1.181250e-05,-3.815955e-01,-3.943718e-01
-1.177500e-05,-3.753141e-01,-3.895477e-01
-1.173750e-05,-3.753141e-01,-3.895477e-01
-1.170000e-05,-3.753141e-01,-3.895477e-01
-1.166250e-05,-3.753141e-01,-3.847236e-01
-1.162500e-05,-3.690327e-01,-3.847236e-01
-1.158750e-05,-3.690327e-01,-3.847236e-01
-1.155000e-05,-3.627513e-01,-3.798995e-01
-1.151250e-05,-3.627513e-01,-3.798995e-01
-1.147500e-05,-3.627513e-01,-3.750754e-01
-1.143750e-05,-3.627513e-01,-3.750754e-01
-1.140000e-05,-3.564698e-01,-3.750754e-01
-1.136250e-05,-3.564698e-01,-3.750754e-01
-1.132500e-05,-3.564698e-01,-3.702512e-01
-1.128750e-05,-3.564698e-01,-3.654271e-01
-1.125000e-05,-3.501884e-01,-3.654271e-01
-1.121250e-05,-3.501884e-01,-3.654271e-01
-1.117500e-05,-3.501884e-01,-3.606030e-01
-1.113750e-05,-3.439070e-01,-3.606030e-01
-1.110000e-05,-3.439070e-01,-3.557789e-01
-1.106250e-05,-3.439070e-01,-3.606030e-01
-1.102500e-05,-3.439070e-01,-3.557789e-01
-1.098750e-05,-3.376256e-01,-3.557789e-01
-1.095000e-05,-3.376256e-01,-3.557789e-01
-1.091250e-05,-3.376256e-01,-3.509548e-01
-1.087500e-05,-3.376256e-01,-3.509548e-01
-1.083750e-05,-3.376256e-01,-3.509548e-01
-1.080000e-05,-3.313442e-01,-3.461306e-01
-1.076250e-05,-3.313442e-01,-3.461306e-01
-1.072500e-05,-3.313442e-01,-3.413065e-01
-1.068750e-05,-3.313442e-01,-3.413065e-01
-1.065000e-05,-3.313442e-01,-3.364824e-01
-1.061250e-05,-3.313442e-01,-3.364824e-01
-1.057500e-05,-3.250628e-01,-3.364824e-01
-1.053750e-05,-3.250628e-01,-3.364824e-01
-1.050000e-05,-3.250628e-01,-3.316583e-01
-1.046250e-05,-3.250628e-01,-3.316583e-01
-1.042500e-05,-3.250628e-01,-3.316583e-01
-1.038750e-05,-3.250628e-01,-3.268342e-01
-1.035000e-05,-3.250628e-01,-3.268342e-01
-1.031250e-05,-3.250628e-01,-3.268342e-01
-1.027500e-05,-3.250628e-01,-3.268342e-01
-1.023750e-05,-3.187814e-01,-3.268342e-01
-1.020000e-05,-3.187814e-01,-3.268342e-01
-1.016250e-05,-3.187814e-01,-3.220100e-01
-1.012500e-05,-3.187814e-01,-3.220100e-01
-1.008750e-05,-3.187814e-01,-3.220100e-01
-1.005000e-05,-3.187814e-01,-3.220100e-01
-1.001250e-05,-3.187814e-01,-3.171859e-01
-9.975000e-06,-3.187814e-01,-3.171859e-01
-9.937500e-06,-3.187814e-01,-3.171859e-01
-9.900000e-06,-3.187814e-01,-3.171859e-01
-9.862500e-06,-3.125000e-01,-3.123618e-01
-9.825000e-06,-3.187814e-01,-3.123618e-01
-9.787500e-06,-3.125000e-01,-3.123618e-01
-9.750000e-06,-3.125000e-01,-3.075377e-01
-9.712500e-06,-3.125000e-01,-3.075377e-01
-9.675000e-06,-3.125000e-01,-3.075377e-01
-9.637500e-06,-3.125000e-01,-3.075377e-01
-9.600000e-06,-3.125000e-01,-3.027136e-01
-9.562500e-06,-3.125000e-01,-3.027136e-01
-9.525000e-06,-3.125000e-01,-3.027136e-01
-9.487500e-06,-3.125000e-01,-3.027136e-01
-9.450000e-06,-3.062186e-01,-2.978894e-01
-9.412500e-06,-3.062186e-01,-2.978894e-01
-9.375000e-06,-3.062186e-01,-2.978894e-01
-9.337500e-06,-3.062186e-01,-2.930653e-01
-9.300000e-06,-3.062186e-01,-2.930653e-01
-9.262500e-06,-3.062186e-01,-2.882412e-01
-9.225000e-06,-2.999372e-01,-2.882412e-01
-9.187500e-06,-2.999372e-01,-2.882412e-01
-9.150000e-06,-2.999372e-01,-2.834171e-01
-9.112500e-06,-2.999372e-01,-2.834171e-01
-9.075000e-06,-2.999372e-01,-2.834171e-01
-9.037500e-06,-2.999372e-01,-2.785930e-01
-9.000000e-06,-2.999372e-01,-2.785930e-01
-8.962500e-06,-2.936558e-01,-2.785930e-01
-8.925000e-06,-2.936558e-01,-2.737688e-01
-8.887500e-06,-2.936558e-01,-2.737688e-01
-8.850000e-06,-2.873744e-01,-2.737688e-01
-8.812500e-06,-2.873744e-01,-2.689447e-01
-8.775000e-06,-2.873744e-01,-2.689447e-01
-8.737500e-06,-2.873744e-01,-2.641206e-01
-8.700000e-06,-2.873744e-01,-2.641206e-01
-8.662500e-06,-2.810930e-01,-2.641206e-01
-8.625000e-06,-2.810930e-01,-2.641206e-01
-8.587500e-06,-2.810930e-01,-2.592965e-01
-8.550000e-06,-2.810930e-01,-2.592965e-01
-8.512500e-06,-2.748116e-01,-2.544724e-01
-8.475000e-06,-2.748116e-01,-2.544724e-01
-8.437500e-06,-2.685302e-01,-2.544724e-01
-8.400000e-06,-2.685302e-01,-2.544724e-01
-8.362500e-06,-2.685302e-01,-2.544724e-01
-8.325000e-06,-2.685302e-01,-2.496482e-01
-8.287500e-06,-2.685302e-01,-2.496482e-01
-8.250000e-06,-2.622487e-01,-2.496482e-01
-8.212500e-06,-2.622487e-01,-2.448241e-01
-8.175000e-06,-2.622487e-01,-2.448241e-01
-8.137500e-06,-2.622487e-01,-2.448241e-01
-8.100000e-06,-2.559673e-01,-2.400000e-01
-8.062500e-06,-2.559673e-01,-2.400000e-01
-8.025000e-06,-2.559673e-01,-2.400000e-01
-7.987500e-06,-2.559673e-01,-2.400000e-01
-7.950000e-06,-2.496859e-01,-2.400000e-01
-7.912500e-06,-2.496859e-01,-2.351759e-01
-7.875000e-06,-2.496859e-01,-2.351759e-01
-7.837500e-06,-2.434045e-01,-2.351759e-01
-7.800000e-06,-2.434045e-01,-2.303518e-01
-7.762500e-06,-2.434045e-01,-2.303518e-01
-7.725000e-06,-2.434045e-01,-2.303518e-01
-7.687500e-06,-2.371231e-01,-2.255276e-01
-7.650000e-06,-2.371231e-01,-2.255276e-01
-7.612500e-06,-2.371231e-01,-2.255276e-01
-7.575000e-06,-2.371231e-01,-2.255276e-01
-7.537500e-06,-2.371231e-01,-2.207035e-01
-7.500000e-06,-2.308417e-01,-2.207035e-01
-7.462500e-06,-2.308417e-01,-2.207035e-01
-7.425000e-06,-2.308417e-01,-2.158794e-01
-7.387500e-06,-2.308417e-01,-2.158794e-01
-7.350000e-06,-2.308417e-01,-2.110553e-01
-7.312500e-06,-2.245603e-01,-2.110553e-01
-7.275000e-06,-2.245603e-01,-2.110553e-01
-7.237500e-06,-2.245603e-01,-2.062312e-01
-7.200000e-06,-2.245603e-01,-2.062312e-01
-7.162500e-06,-2.245603e-01,-2.014070e-01
-7.125000e-06,-2.245603e-01,-2.014070e-01
-7.087500e-06,-2.245603e-01,-2.014070e-01
-7.050000e-06,-2.245603e-01,-2.014070e-01
-7.012500e-06,-2.182789e-01,-1.965829e-01
-6.975000e-06,-2.182789e-01,-1.965829e-01
-6.937500e-06,-2.182789e-01,-1.965829e-01
-6.900000e-06,-2.182789e-01,-1.917588e-01
-6.862500e-06,-2.182789e-01,-1.917588e-01
-6.825000e-06,-2.182789e-01,-1.869347e-01
-6.787500e-06,-2.182789e-01,-1.869347e-01
-6.750000e-06,-2.182789e-01,-1.869347e-01
-6.712500e-06,-2.182789e-01,-1.821106e-01
-6.675000e-06,-2.182789e-01,-1.821106e-01
-6.637500e-06,-2.182789e-01,-1.821106e-01
-6.600000e-06,-2.119975e-01,-1.821106e-01
-6.562500e-06,-2.119975e-01,-1.821106e-01
-6.525000e-06,-2.119975e-01,-1.772864e-01
-6.487500e-06,-2.119975e-01,-1.772864e-01
-6.450000e-06,-2.119975e-01,-1.724623e-01
-6.412500e-06,-2.119975e-01,-1.724623e-01
-6.375000e-06,-2.119975e-01,-1.724623e-01
-6.337500e-06,-2.119975e-01,-1.724623e-01
-6.300000e-06,-2.119975e-01,-1.676382e-01
-6.262500e-06,-2.057161e-01,-1.676382e-01
-6.225000e-06,-2.057161e-01,-1.676382e-01
-6.187500e-06,-2.057161e-01,-1.676382e-01
-6.150000e-06,-2.057161e-01,-1.676382e-01
-6.112500e-06,-2.057161e-01,-1.676382e-01
-6.075000e-06,-2.057161e-01,-1.628141e-01
-6.037500e-06,-2.057161e-01,-1.628141e-01
-6.000000e-06,-1.994347e-01,-1.579900e-01
-5.962500e-06,-1.994347e-01,-1.579900e-01
-5.925000e-06,-1.994347e-01,-1.579900e-01
-5.887500e-06,-1.994347e-01,-1.579900e-01
-5.850000e-06,-1.994347e-01,-1.531658e-01
-5.812500e-06,-1.994347e-01,-1.531658e-01
-5.775000e-06,-1.931533e-01,-1.531658e-01
-5.737500e-06,-1.931533e-01,-1.531658e-01
-5.700000e-06,-1.868719e-01,-1.483417e-01
-5.662500e-06,-1.868719e-01,-1.483417e-01
-5.625000e-06,-1.868719e-01,-1.483417e-01
-5.587500e-06,-1.868719e-01,-1.435176e-01
-5.550000e-06,-1.868719e-01,-1.435176e-01
-5.512500e-06,-1.805905e-01,-1.435176e-01
-5.475000e-06,-1.805905e-01,-1.435176e-01
-5.437500e-06,-1.805905e-01,-1.386935e-01
-5.400000e-06,-1.805905e-01,-1.386935e-01
-5.362500e-06,-1.743091e-01,-1.338694e-01
-5.325000e-06,-1.743091e-01,-1.338694e-01
-5.287500e-06,-1.680277e-01,-1.338694e-01
-5.250000e-06,-1.680277e-01,-1.290452e-01
-5.212500e-06,-1.680277e-01,-1.290452e-01
-5.175000e-06,-1.617462e-01,-1.290452e-01
-5.137500e-06,-1.617462e-01,-1.242211e-01
-5.100000e-06,-1.617462e-01,-1.242211e-01
-5.062500e-06,-1.617462e-01,-1.193970e-01
-5.025000e-06,-1.554648e-01,-1.193970e-01
-4.987500e-06,-1.554648e-01,-1.193970e-01
-4.950000e-06,-1.554648e-01,-1.193970e-01
-4.912500e-06,-1.554648e-01,-1.193970e-01
-4.875000e-06,-1.554648e-01,-1.145729e-01
-4.837500e-06,-1.491834e-01,-1.145729e-01
-4.800000e-06,-1.491834e-01,-1.145729e-01
-4.762500e-06,-1.491834e-01,-1.097488e-01
-4.725000e-06,-1.429020e-01,-1.097488e-01
-4.687500e-06,-1.429020e-01,-1.097488e-01
-4.650000e-06,-1.429020e-01,-1.097488e-01
-4.612500e-06,-1.429020e-01,-1.049246e-01
-4.575000e-06,-1.366206e-01,-1.049246e-01
-4.537500e-06,-1.366206e-01,-1.049246e-01
-4.500000e-06,-1.366206e-01,-1.049246e-01
-4.462500e-06,-1.303392e-01,-1.001005e-01
-4.425000e-06,-1.366206e-01,-1.001005e-01
-4.387500e-06,-1.303392e-01,-1.001005e-01
-4.350000e-06,-1.303392e-01,-1.001005e-01
-4.312500e-06,-1.303392e-01,-1.001005e-01
-4.275000e-06,-1.303392e-01,-9.527640e-02
-4.237500e-06,-1.303392e-01,-9.527640e-02
-4.200000e-06,-1.303392e-01,-9.527640e-02
-4.162500e-06,-1.240578e-01,-9.527640e-02
-4.125000e-06,-1.240578e-01,-9.527640e-02
-4.087500e-06,-1.240578e-01,-9.045228e-02
-4.050000e-06,-1.240578e-01,-9.045228e-02
-4.012500e-06,-1.240578e-01,-9.045228e-02
-3.975000e-06,-1.240578e-01,-9.045228e-02
-3.937500e-06,-1.240578e-01,-9.045228e-02
-3.900000e-06,-1.177764e-01,-8.562816e-02
-3.862500e-06,-1.177764e-01,-8.562816e-02
-3.825000e-06,-1.177764e-01,-8.562816e-02
-3.787500e-06,-1.177764e-01,-8.562816e-02
-3.750000e-06,-1.177764e-01,-8.562816e-02
-3.712500e-06,-1.177764e-01,-8.562816e-02
-3.675000e-06,-1.177764e-01,-8.562816e-02
-3.637500e-06,-1.177764e-01,-8.562816e-02
-3.600000e-06,-1.177764e-01,-8.080404e-02
-3.562500e-06,-1.177764e-01,-8.080404e-02
-3.525000e-06,-1.177764e-01,-8.080404e-02
-3.487500e-06,-1.177764e-01,-8.080404e-02
-3.450000e-06,-1.177764e-01,-7.597992e-02
-3.412500e-06,-1.114950e-01,-8.080404e-02
-3.375000e-06,-1.114950e-01,-7.597992e-02
-3.337500e-06,-1.114950e-01,-7.597992e-02
-3.300000e-06,-1.114950e-01,-7.597992e-02
-3.262500e-06,-1.114950e-01,-7.115580e-02
-3.225000e-06,-1.114950e-01,-7.115580e-02
-3.187500e-06,-1.114950e-01,-7.115580e-02
-3.150000e-06,-1.114950e-01,-7.115580e-02
-3.112500e-06,-1.114950e-01,-6.633168e-02
-3.075000e-06,-1.114950e-01,-6.633168e-02
-3.037500e-06,-1.114950e-01,-6.633168e-02
-3.000000e-06,-1.052136e-01,-6.633168e-02
-2.962500e-06,-1.052136e-01,-6.150756e-02
-2.925000e-06,-1.052136e-01,-6.633168e-02
-2.887500e-06,-1.052136e-01,-6.633168e-02
-2.850000e-06,-1.052136e-01,-6.150756e-02
-2.812500e-06,-1.052136e-01,-6.150756e-02
-2.775000e-06,-1.052136e-01,-5.668344e-02
-2.737500e-06,-9.893218e-02,-5.668344e-02
-2.700000e-06,-9.893218e-02,-5.668344e-02
-2.662500e-06,-9.893218e-02,-5.185932e-02
-2.625000e-06,-9.893218e-02,-5.185932e-02
-2.587500e-06,-9.893218e-02,-5.185932e-02
-2.550000e-06,-9.893218e-02,-5.185932e-02
-2.512500e-06,-9.265078e-02,-5.185932e-02
-2.475000e-06,-9.265078e-02,-4.703520e-02
-2.437500e-06,-9.265078e-02,-4.703520e-02
-2.400000e-06,-9.265078e-02,-4.703520e-02
-2.362500e-06,-8.636937e-02,-4.221108e-02
-2.325000e-06,-8.636937e-02,-4.221108e-02
-2.287500e-06,-8.636937e-02,-4.221108e-02
-2.250000e-06,-8.636937e-02,-3.738696e-02
-2.212500e-06,-8.636937e-02,-3.738696e-02
-2.175000e-06,-8.008796e-02,-3.256284e-02
-2.137500e-06,-8.008796e-02,-3.738696e-02
-2.100000e-06,-8.008796e-02,-3.256284e-02
-2.062500e-06,-8.008796e-02,-3.256284e-02
-2.025000e-06,-7.380656e-02,-3.256284e-02
-1.987500e-06,-7.380656e-02,-3.256284e-02
-1.950000e-06,-7.380656e-02,-3.256284e-02
-1.912500e-06,-6.752515e-02,-2.773872e-02
-1.875000e-06,-6.752515e-02,-2.773872e-02
-1.837500e-06,-6.752515e-02,-2.773872e-02
-1.800000e-06,-6.124374e-02,-2.773872e-02
-1.762500e-06,-6.124374e-02,-2.773872e-02
-1.725000e-06,-6.124374e-02,-2.773872e-02
-1.687500e-06,-6.124374e-02,-2.291460e-02
-1.650000e-06,-6.124374e-02,-2.291460e-02
-1.612500e-06,-5.496234e-02,-2.291460e-02
-1.575000e-06,-5.496234e-02,-1.809048e-02
-1.537500e-06,-5.496234e-02,-1.809048e-02
-1.500000e-06,-5.496234e-02,-1.809048e-02
-1.462500e-06,-4.868093e-02,-1.809048e-02
-1.425000e-06,-4.868093e-02,-1.809048e-02
-1.387500e-06,-4.868093e-02,-1.809048e-02
-1.350000e-06,-4.239952e-02,-1.326636e-02
-1.312500e-06,-4.239952e-02,-1.326636e-02
-1.275000e-06,-4.239952e-02,-1.326636e-02
-1.237500e-06,-4.239952e-02,-1.326636e-02
-1.200000e-06,-3.611812e-02,-1.326636e-02
-1.162500e-06,-3.611812e-02,-1.326636e-02
-1.125000e-06,-3.611812e-02,-8.442240e-03
-1.087500e-06,-3.611812e-02,-8.442240e-03
-1.050000e-06,-3.611812e-02,-8.442240e-03
-1.012500e-06,-3.611812e-02,-8.442240e-03
-9.750000e-07,-2.983671e-02,-3.618120e-03
-9.375000e-07,-2.983671e-02,-8.442240e-03
-9.000000e-07,-2.983671e-02,-3.618120e-03
-8.625000e-07,-2.983671e-02,-3.618120e-03
-8.250000e-07,-2.983671e-02,-3.618120e-03
-7.875000e-07,-2.983671e-02,-3.618120e-03
-7.500000e-07,-2.983671e-02,1.206000e-03
-7.125000e-07,-2.355531e-02,1.206000e-03
-6.750000e-07,-2.355531e-02,1.206000e-03
-6.375000e-07,-2.355531e-02,6.030120e-03
-6.000000e-07,-2.355531e-02,6.030120e-03
-5.625000e-07,-2.355531e-02,6.030120e-03
-5.250000e-07,-2.355531e-02,6.030120e-03
-4.875000e-07,-2.355531e-02,6.030120e-03
-4.500000e-07,-2.355531e-02,1.085424e-02
-4.125000e-07,-1.727390e-02,1.085424e-02
-3.750000e-07,-1.727390e-02,1.085424e-02
-3.375000e-07,-1.727390e-02,1.567836e-02
-3.000000e-07,-1.727390e-02,1.567836e-02
-2.625000e-07,-1.727390e-02,2.050248e-02
-2.250000e-07,-1.727390e-02,2.050248e-02
-1.875000e-07,-1.727390e-02,2.050248e-02
-1.500000e-07,-1.727390e-02,2.050248e-02
-1.125000e-07,-1.727390e-02,2.050248e-02
-7.500000e-08,-1.727390e-02,2.532660e-02
-3.750000e-08,-1.727390e-02,2.532660e-02
0.000000e+00,-1.727390e-02,2.532660e-02
3.750000e-08,-1.099249e-02,3.015072e-02
7.500000e-08,-1.727390e-02,3.015072e-02
1.125000e-07,-1.099249e-02,3.015072e-02
1.500000e-07,-1.099249e-02,3.015072e-02
1.875000e-07,-1.099249e-02,3.497484e-02
2.250000e-07,-1.099249e-02,3.497484e-02
2.625000e-07,-1.099249e-02,3.979896e-02
3.000000e-07,-1.099249e-02,3.979896e-02
3.375000e-07,-1.099249e-02,3.497484e-02
3.750000e-07,-1.099249e-02,3.979896e-02
4.125000e-07,-1.099249e-02,3.979896e-02
4.500000e-07,-1.099249e-02,4.462308e-02
4.875000e-07,-1.099249e-02,4.462308e-02
5.250000e-07,-1.099249e-02,4.462308e-02
5.625000e-07,-4.711086e-03,4.462308e-02
6.000000e-07,-1.099249e-02,4.462308e-02
6.375000e-07,-4.711086e-03,4.944720e-02
6.750000e-07,-4.711086e-03,4.944720e-02
7.125000e-07,-4.711086e-03,4.944720e-02
7.500000e-07,-4.711086e-03,5.427132e-02
7.875000e-07,-4.711086e-03,5.427132e-02
8.250000e-07,-4.711086e-03,5.427132e-02
8.625000e-07,1.570320e-03,5.427132e-02
9.000000e-07,1.570320e-03,5.427132e-02
9.375000e-07,1.570320e-03,5.909544e-02
9.750000e-07,1.570320e-03,5.909544e-02
1.012500e-06,7.851726e-03,5.909544e-02
1.050000e-06,7.851726e-03,5.909544e-02
1.087500e-06,7.851726e-03,5.909544e-02
1.125000e-06,7.851726e-03,5.909544e-02
1.162500e-06,7.851726e-03,6.391956e-02
1.200000e-06,7.851726e-03,6.391956e-02
1.237500e-06,1.413313e-02,6.391956e-02
1.275000e-06,1.413313e-02,6.874368e-02
1.312500e-06,1.413313e-02,6.874368e-02
1.350000e-06,2.041454e-02,6.874368e-02
1.387500e-06,2.041454e-02,6.874368e-02
1.425000e-06,2.041454e-02,6.874368e-02
1.462500e-06,2.041454e-02,6.874368e-02
1.500000e-06,2.669595e-02,6.874368e-02
1.537500e-06,2.669595e-02,6.874368e-02
1.575000e-06,2.669595e-02,7.356780e-02
1.612500e-06,3.297735e-02,7.356780e-02
1.650000e-06,3.297735e-02,7.356780e-02
1.687500e-06,3.297735e-02,7.356780e-02
1.725000e-06,3.297735e-02,7.839192e-02
1.762500e-06,3.297735e-02,7.839192e-02
1.800000e-06,3.925876e-02,7.839192e-02
1.837500e-06,3.925876e-02,7.839192e-02
1.875000e-06,3.925876e-02,8.321604e-02
1.912500e-06,4.554016e-02,8.321604e-02
1.950000e-06,4.554016e-02,8.321604e-02
1.987500e-06,4.554016e-02,8.321604e-02
2.025000e-06,5.182157e-02,8.321604e-02
2.062500e-06,5.182157e-02,8.804016e-02
2.100000e-06,5.182157e-02,8.804016e-02
2.137500e-06,5.182157e-02,8.804016e-02
2.175000e-06,5.810298e-02,8.804016e-02
2.212500e-06,5.810298e-02,9.286428e-02
2.250000e-06,5.810298e-02,9.286428e-02
2.287500e-06,5.810298e-02,9.286428e-02
2.325000e-06,6.438438e-02,9.286428e-02
2.362500e-06,6.438438e-02,9.768840e-02
2.400000e-06,6.438438e-02,9.768840e-02
2.437500e-06,6.438438e-02,9.768840e-02
2.475000e-06,6.438438e-02,9.768840e-02
2.512500e-06,7.066579e-02,1.025125e-01
2.550000e-06,7.066579e-02,1.025125e-01
2.587500e-06,7.066579e-02,1.025125e-01
2.625000e-06,7.066579e-02,1.073366e-01
2.662500e-06,7.066579e-02,1.073366e-01
2.700000e-06,7.066579e-02,1.121608e-01
2.737500e-06,7.694720e-02,1.073366e-01
2.775000e-06,7.694720e-02,1.121608e-01
2.812500e-06,7.694720e-02,1.121608e-01
2.850000e-06,7.694720e-02,1.121608e-01
2.887500e-06,7.694720e-02,1.169849e-01
2.925000e-06,7.694720e-02,1.169849e-01
2.962500e-06,7.694720e-02,1.218090e-01
3.000000e-06,7.694720e-02,1.218090e-01
3.037500e-06,8.322860e-02,1.218090e-01
3.075000e-06,8.322860e-02,1.218090e-01
3.112500e-06,8.322860e-02,1.218090e-01
3.150000e-06,8.322860e-02,1.218090e-01
3.187500e-06,8.322860e-02,1.266331e-01
3.225000e-06,8.322860e-02,1.266331e-01
3.262500e-06,8.322860e-02,1.266331e-01
3.300000e-06,8.322860e-02,1.266331e-01
3.337500e-06,8.322860e-02,1.314572e-01
3.375000e-06,8.322860e-02,1.314572e-01
3.412500e-06,8.322860e-02,1.314572e-01
3.450000e-06,8.322860e-02,1.314572e-01
3.487500e-06,8.322860e-02,1.314572e-01
3.525000e-06,8.951001e-02,1.362814e-01
3.562500e-06,8.951001e-02,1.362814e-01
3.600000e-06,8.951001e-02,1.362814e-01
3.637500e-06,8.951001e-02,1.362814e-01
3.675000e-06,8.951001e-02,1.411055e-01
3.712500e-06,8.951001e-02,1.411055e-01
3.750000e-06,8.951001e-02,1.411055e-01
3.787500e-06,8.951001e-02,1.411055e-01
3.825000e-06,8.951001e-02,1.411055e-01
3.862500e-06,8.951001e-02,1.459296e-01
3.900000e-06,9.579142e-02,1.459296e-01
3.937500e-06,9.579142e-02,1.459296e-01
3.975000e-06,9.579142e-02,1.459296e-01
4.012500e-06,9.579142e-02,1.459296e-01
4.050000e-06,9.579142e-02,1.459296e-01
4.087500e-06,9.579142e-02,1.459296e-01
4.125000e-06,9.579142e-02,1.507537e-01
4.162500e-06,1.020728e-01,1.507537e-01
4.200000e-06,1.020728e-01,1.507537e-01
4.237500e-06,1.020728e-01,1.507537e-01
4.275000e-06,1.020728e-01,1.555778e-01
4.312500e-06,1.083542e-01,1.555778e-01
4.350000e-06,1.083542e-01,1.555778e-01
4.387500e-06,1.083542e-01,1.555778e-01
4.425000e-06,1.083542e-01,1.604020e-01
4.462500e-06,1.146356e-01,1.604020e-01
4.500000e-06,1.146356e-01,1.604020e-01
4.537500e-06,1.146356e-01,1.652261e-01
4.575000e-06,1.146356e-01,1.652261e-01
4.612500e-06,1.146356e-01,1.652261e-01
4.650000e-06,1.209170e-01,1.700502e-01
4.687500e-06,1.209170e-01,1.700502e-01
4.725000e-06,1.271984e-01,1.748743e-01
4.762500e-06,1.271984e-01,1.748743e-01
4.800000e-06,1.271984e-01,1.796984e-01
4.837500e-06,1.271984e-01,1.796984e-01
4.875000e-06,1.334799e-01,1.796984e-01
4.912500e-06,1.334799e-01,1.845226e-01
4.950000e-06,1.397613e-01,1.845226e-01
4.987500e-06,1.397613e-01,1.893467e-01
5.025000e-06,1.460427e-01,1.941708e-01
5.062500e-06,1.460427e-01,1.941708e-01
5.100000e-06,1.460427e-01,1.989949e-01
5.137500e-06,1.460427e-01,2.038190e-01
5.175000e-06,1.523241e-01,2.038190e-01
5.212500e-06,1.523241e-01,2.086432e-01
5.250000e-06,1.523241e-01,2.134673e-01
5.287500e-06,1.586055e-01,2.134673e-01
5.325000e-06,1.586055e-01,2.182914e-01
5.362500e-06,1.586055e-01,2.182914e-01
5.400000e-06,1.648869e-01,2.231155e-01
5.437500e-06,1.648869e-01,2.279396e-01
5.475000e-06,1.648869e-01,2.279396e-01
5.512500e-06,1.711683e-01,2.327638e-01
5.550000e-06,1.711683e-01,2.375879e-01
5.587500e-06,1.711683e-01,2.375879e-01
5.625000e-06,1.711683e-01,2.424120e-01
5.662500e-06,1.711683e-01,2.472361e-01
5.700000e-06,1.711683e-01,2.472361e-01
5.737500e-06,1.774497e-01,2.520602e-01
5.775000e-06,1.774497e-01,2.520602e-01
5.812500e-06,1.774497e-01,2.568844e-01
5.850000e-06,1.774497e-01,2.617085e-01
5.887500e-06,1.774497e-01,2.617085e-01
5.925000e-06,1.774497e-01,2.665326e-01
5.962500e-06,1.837311e-01,2.713567e-01
6.000000e-06,1.837311e-01,2.713567e-01
6.037500e-06,1.837311e-01,2.761808e-01
6.075000e-06,1.837311e-01,2.761808e-01
6.112500e-06,1.837311e-01,2.761808e-01
6.150000e-06,1.837311e-01,2.810050e-01
6.187500e-06,1.837311e-01,2.810050e-01
6.225000e-06,1.837311e-01,2.858291e-01
6.262500e-06,1.837311e-01,2.858291e-01
6.300000e-06,1.837311e-01,2.858291e-01
6.337500e-06,1.837311e-01,2.906532e-01
6.375000e-06,1.900125e-01,2.906532e-01
6.412500e-06,1.900125e-01,2.906532e-01
6.450000e-06,1.900125e-01,2.954773e-01
6.487500e-06,1.900125e-01,2.954773e-01
6.525000e-06,1.900125e-01,3.003014e-01
6.562500e-06,1.900125e-01,3.003014e-01
6.600000e-06,1.900125e-01,3.003014e-01
6.637500e-06,1.900125e-01,3.051256e-01
6.675000e-06,1.900125e-01,3.051256e-01
6.712500e-06,1.962939e-01,3.051256e-01
6.750000e-06,1.900125e-01,3.051256e-01
6.787500e-06,1.962939e-01,3.099497e-01
6.825000e-06,1.962939e-01,3.099497e-01
6.862500e-06,1.962939e-01,3.147738e-01
6.900000e-06,1.962939e-01,3.147738e-01
6.937500e-06,1.962939e-01,3.147738e-01
6.975000e-06,1.962939e-01,3.195979e-01
7.012500e-06,1.962939e-01,3.195979e-01
7.050000e-06,2.025753e-01,3.195979e-01
7.087500e-06,2.025753e-01,3.244220e-01
7.125000e-06,2.025753e-01,3.244220e-01
7.162500e-06,2.025753e-01,3.244220e-01
7.200000e-06,2.088567e-01,3.292462e-01
7.237500e-06,2.088567e-01,3.292462e-01
7.275000e-06,2.088567e-01,3.340703e-01
7.312500e-06,2.088567e-01,3.340703e-01
7.350000e-06,2.088567e-01,3.340703e-01
7.387500e-06,2.151381e-01,3.388944e-01
7.425000e-06,2.151381e-01,3.388944e-01
7.462500e-06,2.151381e-01,3.388944e-01
7.500000e-06,2.151381e-01,3.437185e-01
7.537500e-06,2.151381e-01,3.437185e-01
7.575000e-06,2.214195e-01,3.485426e-01
7.612500e-06,2.277010e-01,3.485426e-01
7.650000e-06,2.277010e-01,3.485426e-01
7.687500e-06,2.277010e-01,3.485426e-01
7.725000e-06,2.277010e-01,3.533668e-01
7.762500e-06,2.277010e-01,3.533668e-01
7.800000e-06,2.339824e-01,3.581909e-01
7.837500e-06,2.339824e-01,3.581909e-01
7.875000e-06,2.402638e-01,3.581909e-01
7.912500e-06,2.402638e-01,3.581909e-01
7.950000e-06,2.402638e-01,3.630150e-01
7.987500e-06,2.465452e-01,3.630150e-01
8.025000e-06,2.465452e-01,3.630150e-01
8.062500e-06,2.465452e-01,3.678391e-01
8.100000e-06,2.465452e-01,3.678391e-01
8.137500e-06,2.465452e-01,3.726632e-01
8.175000e-06,2.528266e-01,3.678391e-01
8.212500e-06,2.528266e-01,3.726632e-01
8.250000e-06,2.528266e-01,3.726632e-01
8.287500e-06,2.528266e-01,3.726632e-01
8.325000e-06,2.591080e-01,3.726632e-01
8.362500e-06,2.591080e-01,3.774874e-01
8.400000e-06,2.591080e-01,3.726632e-01
8.437500e-06,2.591080e-01,3.774874e-01
8.475000e-06,2.653894e-01,3.774874e-01
8.512500e-06,2.653894e-01,3.823115e-01
8.550000e-06,2.653894e-01,3.823115e-01
8.587500e-06,2.653894e-01,3.823115e-01
8.625000e-06,2.716708e-01,3.871356e-01
8.662500e-06,2.716708e-01,3.871356e-01
8.700000e-06,2.716708e-01,3.871356e-01
8.737500e-06,2.716708e-01,3.919597e-01
8.775000e-06,2.716708e-01,3.919597e-01
8.812500e-06,2.716708e-01,3.919597e-01
8.850000e-06,2.779522e-01,3.967838e-01
8.887500e-06,2.779522e-01,3.967838e-01
8.925000e-06,2.779522e-01,3.967838e-01
8.962500e-06,2.779522e-01,4.016080e-01
9.000000e-06,2.779522e-01,4.016080e-01
9.037500e-06,2.779522e-01,4.016080e-01
9.075000e-06,2.779522e-01,4.064321e-01
9.112500e-06,2.779522e-01,4.064321e-01
9.150000e-06,2.779522e-01,4.064321e-01
9.187500e-06,2.842336e-01,4.112562e-01
9.225000e-06,2.842336e-01,4.112562e-01
9.262500e-06,2.842336e-01,4.112562e-01
9.300000e-06,2.842336e-01,4.160803e-01
9.337500e-06,2.842336e-01,4.160803e-01
9.375000e-06,2.842336e-01,4.160803e-01
9.412500e-06,2.842336e-01,4.209044e-01
9.450000e-06,2.842336e-01,4.209044e-01
9.487500e-06,2.842336e-01,4.209044e-01
9.525000e-06,2.842336e-01,4.257286e-01
9.562500e-06,2.842336e-01,4.257286e-01
9.600000e-06,2.842336e-01,4.257286e-01
9.637500e-06,2.842336e-01,4.257286e-01
9.675000e-06,2.842336e-01,4.305527e-01
9.712500e-06,2.905150e-01,4.305527e-01
9.750000e-06,2.905150e-01,4.305527e-01
9.787500e-06,2.905150e-01,4.353768e-01
9.825000e-06,2.905150e-01,4.353768e-01
9.862500e-06,2.905150e-01,4.402009e-01
9.900000e-06,2.905150e-01,4.402009e-01
9.937500e-06,2.905150e-01,4.402009e-01
9.975000e-06,2.905150e-01,4.402009e-01
1.001250e-05,2.905150e-01,4.402009e-01
1.005000e-05,2.905150e-01,4.450250e-01
1.008750e-05,2.905150e-01,4.450250e-01
1.012500e-05,2.967964e-01,4.450250e-01
1.016250e-05,2.967964e-01,4.450250e-01
1.020000e-05,2.967964e-01,4.498492e-01
1.023750e-05,2.967964e-01,4.498492e-01
1.027500e-05,2.967964e-01,4.498492e-01
1.031250e-05,2.967964e-01,4.498492e-01
1.035000e-05,2.967964e-01,4.498492e-01
1.038750e-05,3.030778e-01,4.546733e-01
1.042500e-05,3.030778e-01,4.546733e-01
1.046250e-05,3.030778e-01,4.546733e-01
1.050000e-05,3.030778e-01,4.594974e-01
1.053750e-05,3.030778e-01,4.594974e-01
1.057500e-05,3.030778e-01,4.594974e-01
1.061250e-05,3.093592e-01,4.594974e-01
1.065000e-05,3.093592e-01,4.594974e-01
1.068750e-05,3.093592e-01,4.643215e-01
1.072500e-05,3.093592e-01,4.643215e-01
1.076250e-05,3.093592e-01,4.643215e-01
1.080000e-05,3.156406e-01,4.643215e-01
1.083750e-05,3.156406e-01,4.691456e-01
1.087500e-05,3.156406e-01,4.691456e-01
1.091250e-05,3.219220e-01,4.739698e-01
1.095000e-05,3.219220e-01,4.739698e-01
1.098750e-05,3.219220e-01,4.739698e-01
1.102500e-05,3.282035e-01,4.739698e-01
1.106250e-05,3.282035e-01,4.787939e-01
1.110000e-05,3.282035e-01,4.787939e-01
1.113750e-05,3.344849e-01,4.787939e-01
1.117500e-05,3.282035e-01,4.836180e-01
1.121250e-05,3.344849e-01,4.836180e-01
1.125000e-05,3.344849e-01,4.884421e-01
1.128750e-05,3.344849e-01,4.884421e-01
1.132500e-05,3.407663e-01,4.884421e-01
1.136250e-05,3.407663e-01,4.884421e-01
1.140000e-05,3.407663e-01,4.932662e-01
1.143750e-05,3.470477e-01,4.932662e-01
1.147500e-05,3.407663e-01,4.980904e-01
1.151250e-05,3.470477e-01,4.932662e-01
1.155000e-05,3.533291e-01,4.932662e-01
1.158750e-05,3.533291e-01,4.980904e-01
1.162500e-05,3.533291e-01,5.029145e-01
1.166250e-05,3.533291e-01,5.029145e-01
1.170000e-05,3.533291e-01,5.029145e-01
1.173750e-05,3.596105e-01,5.029145e-01
1.177500e-05,3.596105e-01,5.077386e-01
1.181250e-05,3.596105e-01,5.077386e-01
1.185000e-05,3.658919e-01,5.077386e-01
1.188750e-05,3.658919e-01,5.125627e-01
1.192500e-05,3.658919e-01,5.125627e-01
1.196250e-05,3.658919e-01,5.125627e-01
1.200000e-05,3.658919e-01,5.125627e-01
1.203750e-05,3.658919e-01,5.173868e-01
1.207500e-05,3.658919e-01,5.173868e-01
1.211250e-05,3.721733e-01,5.173868e-01
1.215000e-05,3.721733e-01,5.173868e-01
1.218750e-05,3.721733e-01,5.222110e-01
1.222500e-05,3.721733e-01,5.222110e-01
1.226250e-05,3.721733e-01,5.222110e-01
1.230000e-05,3.784547e-01,5.222110e-01
1.233750e-05,3.784547e-01,5.270351e-01
1.237500e-05,3.784547e-01,5.270351e-01
1.241250e-05,3.784547e-01,5.270351e-01
1.245000e-05,3.784547e-01,5.270351e-01
1.248750e-05,3.784547e-01,5.318592e-01
1.252500e-05,3.784547e-01,5.318592e-01
1.256250e-05,3.847361e-01,5.366833e-01
1.260000e-05,3.847361e-01,5.366833e-01
1.263750e-05,3.847361e-01,5.366833e-01
1.267500e-05,3.847361e-01,5.366833e-01
1.271250e-05,3.847361e-01,5.366833e-01
1.275000e-05,3.847361e-01,5.366833e-01
1.278750e-05,3.847361e-01,5.415074e-01
1.282500e-05,3.847361e-01,5.415074e-01
1.286250e-05,3.847361e-01,5.415074e-01
1.290000e-05,3.847361e-01,5.415074e-01
1.293750e-05,3.847361e-01,5.463316e-01
1.297500e-05,3.910175e-01,5.463316e-01
1.301250e-05,3.910175e-01,5.511557e-01
1.305000e-05,3.910175e-01,5.511557e-01
1.308750e-05,3.910175e-01,5.511557e-01
1.312500e-05,3.910175e-01,5.559798e-01
1.316250e-05,3.910175e-01,5.559798e-01
1.320000e-05,3.910175e-01,5.559798e-01
1.323750e-05,3.910175e-01,5.608039e-01
1.327500e-05,3.910175e-01,5.559798e-01
1.331250e-05,3.972989e-01,5.608039e-01
1.335000e-05,3.972989e-01,5.656280e-01
1.338750e-05,3.972989e-01,5.656280e-01
1.342500e-05,3.972989e-01,5.656280e-01
1.346250e-05,3.972989e-01,5.704522e-01
1.350000e-05,3.972989e-01,5.704522e-01
1.353750e-05,4.035803e-01,5.704522e-01
1.357500e-05,4.035803e-01,5.752763e-01
1.361250e-05,4.035803e-01,5.752763e-01
1.365000e-05,4.035803e-01,5.801004e-01
1.368750e-05,4.035803e-01,5.801004e-01
1.372500e-05,4.098617e-01,5.801004e-01
1.376250e-05,4.098617e-01,5.801004e-01
1.380000e-05,4.098617e-01,5.849245e-01
1.383750e-05,4.098617e-01,5.849245e-01
1.387500e-05,4.161431e-01,5.849245e-01
1.391250e-05,4.161431e-01,5.897486e-01
1.395000e-05,4.161431e-01,5.897486e-01
1.398750e-05,4.161431e-01,5.897486e-01
1.402500e-05,4.224245e-01,5.897486e-01
1.406250e-05,4.224245e-01,5.945728e-01
1.410000e-05,4.224245e-01,5.945728e-01
1.413750e-05,4.224245e-01,5.945728e-01
1.417500e-05,4.287060e-01,5.993969e-01
1.421250e-05,4.287060e-01,5.993969e-01
1.425000e-05,4.287060e-01,5.993969e-01
1.428750e-05,4.349874e-01,5.993969e-01
1.432500e-05,4.349874e-01,5.993969e-01
1.436250e-05,4.412688e-01,6.042210e-01
1.440000e-05,4.412688e-01,6.042210e-01
1.443750e-05,4.412688e-01,6.042210e-01
1.447500e-05,4.412688e-01,6.090451e-01
1.451250e-05,4.412688e-01,6.090451e-01
1.455000e-05,4.475502e-01,6.090451e-01
1.458750e-05,4.475502e-01,6.090451e-01
1.462500e-05,4.475502e-01,6.090451e-01
1.466250e-05,4.475502e-01,6.138692e-01
1.470000e-05,4.538316e-01,6.138692e-01
1.473750e-05,4.538316e-01,6.138692e-01
1.477500e-05,4.538316e-01,6.138692e-01
1.481250e-05,4.538316e-01,6.186934e-01
1.485000e-05,4.601130e-01,6.186934e-01
1.488750e-05,4.601130e-01,6.186934e-01
1.492500e-05,4.601130e-01,6.235175e-01
1.496250e-05,4.663944e-01,6.235175e-01
1.500000e-05,4.663944e-01,6.235175e-01
1.503750e-05,4.663944e-01,6.235175e-01
1.507500e-05,4.663944e-01,6.283416e-01
1.511250e-05,4.726758e-01,6.283416e-01
1.515000e-05,4.726758e-01,6.283416e-01
1.518750e-05,4.726758e-01,6.331657e-01
1.522500e-05,4.726758e-01,6.379898e-01
1.526250e-05,4.726758e-01,6.379898e-01
1.530000e-05,4.726758e-01,6.379898e-01
1.533750e-05,4.789572e-01,6.379898e-01
1.537500e-05,4.726758e-01,6.428140e-01
1.541250e-05,4.789572e-01,6.428140e-01
1.545000e-05,4.789572e-01,6.428140e-01
1.548750e-05,4.789572e-01,6.476381e-01
1.552500e-05,4.789572e-01,6.476381e-01
1.556250e-05,4.789572e-01,6.476381e-01
1.560000e-05,4.789572e-01,6.524622e-01
1.563750e-05,4.789572e-01,6.524622e-01
1.567500e-05,4.789572e-01,6.524622e-01
1.571250e-05,4.852386e-01,6.524622e-01
1.575000e-05,4.852386e-01,6.572863e-01
1.578750e-05,4.852386e-01,6.572863e-01
1.582500e-05,4.852386e-01,6.621104e-01
1.586250e-05,4.852386e-01,6.621104e-01
1.590000e-05,4.852386e-01,6.621104e-01
1.593750e-05,4.852386e-01,6.669346e-01
1.597500e-05,4.852386e-01,6.669346e-01
1.601250e-05,4.852386e-01,6.669346e-01
1.605000e-05,4.852386e-01,6.669346e-01
1.608750e-05,4.852386e-01,6.669346e-01
1.612500e-05,4.852386e-01,6.717587e-01
1.616250e-05,4.915200e-01,6.717587e-01
1.620000e-05,4.915200e-01,6.717587e-01
1.623750e-05,4.915200e-01,6.765828e-01
1.627500e-05,4.915200e-01,6.765828e-01
1.631250e-05,4.915200e-01,6.765828e-01
1.635000e-05,4.915200e-01,6.765828e-01
1.638750e-05,4.915200e-01,6.814069e-01
1.642500e-05,4.915200e-01,6.814069e-01
1.646250e-05,4.915200e-01,6.814069e-01
1.650000e-05,4.915200e-01,6.814069e-01
1.653750e-05,4.915200e-01,6.814069e-01
1.657500e-05,4.978014e-01,6.814069e-01
1.661250e-05,4.978014e-01,6.862310e-01
1.665000e-05,4.978014e-01,6.862310e-01
1.668750e-05,4.978014e-01,6.862310e-01
1.672500e-05,4.978014e-01,6.910552e-01
1.676250e-05,4.978014e-01,6.910552e-01
1.680000e-05,5.040828e-01,6.910552e-01
1.683750e-05,5.040828e-01,6.910552e-01
1.687500e-05,5.040828e-01,6.910552e-01
1.691250e-05,5.040828e-01,6.958793e-01
1.695000e-05,5.040828e-01,6.958793e-01
1.698750e-05,5.103642e-01,6.958793e-01
1.702500e-05,5.103642e-01,6.958793e-01
1.706250e-05,5.103642e-01,7.007034e-01
1.710000e-05,5.103642e-01,7.007034e-01
1.713750e-05,5.103642e-01,7.007034e-01
1.717500e-05,5.166456e-01,7.007034e-01
1.721250e-05,5.166456e-01,7.055275e-01
1.725000e-05,5.166456e-01,7.055275e-01
1.728750e-05,5.229271e-01,7.103516e-01
1.732500e-05,5.229271e-01,7.103516e-01
1.736250e-05,5.229271e-01,7.103516e-01
1.740000e-05,5.292085e-01,7.151758e-01
1.743750e-05,5.292085e-01,7.151758e-01
1.747500e-05,5.292085e-01,7.151758e-01
1.751250e-05,5.354899e-01,7.199999e-01
1.755000e-05,5.354899e-01,7.199999e-01
1.758750e-05,5.354899e-01,7.199999e-01
1.762500e-05,5.354899e-01,7.248240e-01
1.766250e-05,5.417713e-01,7.248240e-01
1.770000e-05,5.417713e-01,7.248240e-01
1.773750e-05,5.417713e-01,7.296481e-01
1.777500e-05,5.480527e-01,7.296481e-01
1.781250e-05,5.480527e-01,7.296481e-01
1.785000e-05,5.480527e-01,7.344722e-01
1.788750e-05,5.480527e-01,7.344722e-01
1.792500e-05,5.543341e-01,7.344722e-01
1.796250e-05,5.543341e-01,7.392964e-01
1.800000e-05,5.543341e-01,7.392964e-01
1.803750e-05,5.606155e-01,7.392964e-01
1.807500e-05,5.606155e-01,7.392964e-01
1.811250e-05,5.606155e-01,7.441205e-01
1.815000e-05,5.606155e-01,7.441205e-01
1.818750e-05,5.606155e-01,7.441205e-01
1.822500e-05,5.668969e-01,7.441205e-01
1.826250e-05,5.668969e-01,7.489446e-01
1.830000e-05,5.668969e-01,7.489446e-01
1.833750e-05,5.668969e-01,7.489446e-01
1.837500e-05,5.731783e-01,7.489446e-01
1.841250e-05,5.731783e-01,7.537687e-01
1.845000e-05,5.731783e-01,7.537687e-01
1.848750e-05,5.731783e-01,7.537687e-01
1.852500e-05,5.731783e-01,7.537687e-01
1.856250e-05,5.731783e-01,7.585928e-01
1.860000e-05,5.731783e-01,7.585928e-01
1.863750e-05,5.794597e-01,7.585928e-01
1.867500e-05,5.794597e-01,7.585928e-01
1.871250e-05,5.794597e-01,7.634170e-01
1.875000e-05,5.794597e-01,7.634170e-01
1.878750e-05,5.794597e-01,7.682411e-01
1.882500e-05,5.794597e-01,7.682411e-01
1.886250e-05,5.794597e-01,7.682411e-01
1.890000e-05,5.857411e-01,7.682411e-01
1.893750e-05,5.857411e-01,7.730652e-01
1.897500e-05,5.857411e-01,7.730652e-01
1.901250e-05,5.857411e-01,7.730652e-01
1.905000e-05,5.857411e-01,7.778893e-01
1.908750e-05,5.857411e-01,7.778893e-01
1.912500e-05,5.857411e-01,7.778893e-01
1.916250e-05,5.857411e-01,7.778893e-01
1.920000e-05,5.857411e-01,7.778893e-01
1.923750e-05,5.857411e-01,7.827134e-01
1.927500e-05,5.857411e-01,7.827134e-01
1.931250e-05,5.857411e-01,7.875376e-01
1.935000e-05,5.920225e-01,7.875376e-01
1.938750e-05,5.920225e-01,7.875376e-01
1.942500e-05,5.920225e-01,7.923617e-01
1.946250e-05,5.920225e-01,7.923617e-01
1.950000e-05,5.920225e-01,7.923617e-01
1.953750e-05,5.920225e-01,7.971858e-01
1.957500e-05,5.920225e-01,7.971858e-01
1.961250e-05,5.920225e-01,7.971858e-01
1.965000e-05,5.920225e-01,8.020099e-01
1.968750e-05,5.920225e-01,8.020099e-01
1.972500e-05,5.983039e-01,8.068340e-01
1.976250e-05,5.983039e-01,8.068340e-01
1.980000e-05,5.983039e-01,8.068340e-01
1.983750e-05,5.983039e-01,8.116582e-01
1.987500e-05,5.983039e-01,8.116582e-01
1.991250e-05,5.983039e-01,8.116582e-01
1.995000e-05,5.983039e-01,8.164823e-01
1.998750e-05,6.045853e-01,8.164823e-01
2.002500e-05,6.045853e-01,8.164823e-01
2.006250e-05,6.045853e-01,8.164823e-01
2.010000e-05,6.045853e-01,8.213064e-01
2.013750e-05,6.108667e-01,8.213064e-01
2.017500e-05,6.108667e-01,8.213064e-01
2.021250e-05,6.108667e-01,8.213064e-01
2.025000e-05,6.108667e-01,8.261305e-01
2.028750e-05,6.171481e-01,8.261305e-01
2.032500e-05,6.171481e-01,8.261305e-01
2.036250e-05,6.171481e-01,8.261305e-01
2.040000e-05,6.171481e-01,8.309546e-01
2.043750e-05,6.234296e-01,8.309546e-01
2.047500e-05,6.234296e-01,8.309546e-01
2.051250e-05,6.234296e-01,8.357788e-01
2.055000e-05,6.234296e-01,8.309546e-01
2.058750e-05,6.297110e-01,8.357788e-01
2.062500e-05,6.297110e-01,8.357788e-01
2.066250e-05,6.297110e-01,8.357788e-01
2.070000e-05,6.297110e-01,8.357788e-01
2.073750e-05,6.359924e-01,8.406029e-01
2.077500e-05,6.359924e-01,8.406029e-01
2.081250e-05,6.422738e-01,8.406029e-01
2.085000e-05,6.422738e-01,8.406029e-01
2.088750e-05,6.422738e-01,8.454270e-01
2.092500e-05,6.422738e-01,8.454270e-01
2.096250e-05,6.485552e-01,8.502511e-01
2.100000e-05,6.485552e-01,8.454270e-01
2.103750e-05,6.485552e-01,8.454270e-01
2.107500e-05,6.548366e-01,8.502511e-01
2.111250e-05,6.548366e-01,8.502511e-01
2.115000e-05,6.611180e-01,8.502511e-01
2.118750e-05,6.611180e-01,8.550752e-01
2.122500e-05,6.611180e-01,8.550752e-01
2.126250e-05,6.611180e-01,8.550752e-01
2.130000e-05,6.611180e-01,8.550752e-01
2.133750e-05,6.611180e-01,8.550752e-01
2.137500e-05,6.673994e-01,8.598994e-01
2.141250e-05,6.673994e-01,8.598994e-01
2.145000e-05,6.673994e-01,8.647235e-01
2.148750e-05,6.673994e-01,8.647235e-01
2.152500e-05,6.736808e-01,8.647235e-01
2.156250e-05,6.736808e-01,8.695476e-01
2.160000e-05,6.736808e-01,8.695476e-01
2.163750e-05,6.736808e-01,8.695476e-01
2.167500e-05,6.736808e-01,8.695476e-01
2.171250e-05,6.736808e-01,8.695476e-01
2.175000e-05,6.736808e-01,8.743717e-01
2.178750e-05,6.799622e-01,8.743717e-01
2.182500e-05,6.799622e-01,8.791958e-01
2.186250e-05,6.799622e-01,8.791958e-01
2.190000e-05,6.799622e-01,8.791958e-01
2.193750e-05,6.799622e-01,8.840200e-01
2.197500e-05,6.799622e-01,8.840200e-01
2.201250e-05,6.799622e-01,8.840200e-01
2.205000e-05,6.799622e-01,8.888441e-01
2.208750e-05,6.799622e-01,8.888441e-01
2.212500e-05,6.862436e-01,8.888441e-01
2.216250e-05,6.862436e-01,8.888441e-01
2.220000e-05,6.862436e-01,8.936682e-01
2.223750e-05,6.862436e-01,8.936682e-01
2.227500e-05,6.862436e-01,8.936682e-01
2.231250e-05,6.862436e-01,8.936682e-01
2.235000e-05,6.862436e-01,8.984923e-01
2.238750e-05,6.862436e-01,8.984923e-01
2.242500e-05,6.862436e-01,8.984923e-01
2.246250e-05,6.862436e-01,9.033164e-01
2.250000e-05,6.925250e-01,9.033164e-01
2.253750e-05,6.925250e-01,9.033164e-01
2.257500e-05,6.925250e-01,9.033164e-01
2.261250e-05,6.925250e-01,9.033164e-01
2.265000e-05,6.925250e-01,9.081406e-01
2.268750e-05,6.925250e-01,9.081406e-01
2.272500e-05,6.925250e-01,9.081406e-01
2.276250e-05,6.925250e-01,9.129647e-01
2.280000e-05,6.925250e-01,9.129647e-01
2.283750e-05,6.925250e-01,9.129647e-01
2.287500e-05,6.925250e-01,9.129647e-01
2.291250e-05,6.988064e-01,9.129647e-01
2.295000e-05,6.988064e-01,9.177888e-01
2.298750e-05,6.988064e-01,9.177888e-01
2.302500e-05,6.988064e-01,9.177888e-01
2.306250e-05,6.988064e-01,9.177888e-01
2.310000e-05,6.988064e-01,9.226129e-01
2.313750e-05,7.050878e-01,9.226129e-01
2.317500e-05,7.050878e-01,9.226129e-01
2.321250e-05,7.050878e-01,9.226129e-01
2.325000e-05,7.050878e-01,9.274370e-01
2.328750e-05,7.050878e-01,9.274370e-01
2.332500e-05,7.113692e-01,9.274370e-01
2.336250e-05,7.113692e-01,9.322612e-01
2.340000e-05,7.113692e-01,9.322612e-01
2.343750e-05,7.113692e-01,9.322612e-01
2.347500e-05,7.113692e-01,9.322612e-01
2.351250e-05,7.176506e-01,9.370853e-01
2.355000e-05,7.176506e-01,9.370853e-01
2.358750e-05,7.176506e-01,9.370853e-01
2.362500e-05,7.239321e-01,9.370853e-01
2.366250e-05,7.239321e-01,9.419094e-01
2.370000e-05,7.239321e-01,9.419094e-01
2.373750e-05,7.239321e-01,9.419094e-01
2.377500e-05,7.302135e-01,9.467335e-01
2.381250e-05,7.302135e-01,9.467335e-01
2.385000e-05,7.302135e-01,9.515576e-01
2.388750e-05,7.364949e-01,9.515576e-01
2.392500e-05,7.302135e-01,9.515576e-01
2.396250e-05,7.364949e-01,9.563818e-01
2.400000e-05,7.364949e-01,9.563818e-01
2.403750e-05,7.364949e-01,9.563818e-01
2.407500e-05,7.427763e-01,9.563818e-01
2.411250e-05,7.427763e-01,9.612059e-01
2.415000e-05,7.427763e-01,9.612059e-01
2.418750e-05,7.490577e-01,9.612059e-01
2.422500e-05,7.490577e-01,9.660300e-01
2.426250e-05,7.490577e-01,9.660300e-01
2.430000e-05,7.490577e-01,9.660300e-01
2.433750e-05,7.553391e-01,9.708541e-01
2.437500e-05,7.553391e-01,9.708541e-01
2.441250e-05,7.553391e-01,9.756782e-01
2.445000e-05,7.616205e-01,9.756782e-01
2.448750e-05,7.616205e-01,9.756782e-01
2.452500e-05,7.616205e-01,9.756782e-01
2.456250e-05,7.616205e-01,9.756782e-01
2.460000e-05,7.616205e-01,9.805024e-01
2.463750e-05,7.679019e-01,9.805024e-01
2.467500e-05,7.679019e-01,9.805024e-01
2.471250e-05,7.679019e-01,9.805024e-01
2.475000e-05,7.679019e-01,9.805024e-01
2.478750e-05,7.741833e-01,9.853265e-01
2.482500e-05,7.741833e-01,9.853265e-01
2.486250e-05,7.741833e-01,9.853265e-01
2.490000e-05,7.741833e-01,9.853265e-01
2.493750e-05,7.741833e-01,9.901506e-01
2.497500e-05,7.741833e-01,9.901506e-01
2.501250e-05,7.741833e-01,9.901506e-01
2.505000e-05,7.804647e-01,9.901506e-01
2.508750e-05,7.804647e-01,9.901506e-01
2.512500e-05,7.804647e-01,9.949747e-01
2.516250e-05,7.804647e-01,9.949747e-01
2.520000e-05,7.804647e-01,9.949747e-01
2.523750e-05,7.804647e-01,9.949747e-01
2.527500e-05,7.804647e-01,9.949747e-01
2.531250e-05,7.867461e-01,9.997988e-01
2.535000e-05,7.804647e-01,9.997988e-01
2.538750e-05,7.867461e-01,9.997988e-01
2.542500e-05,7.867461e-01,9.997988e-01
2.546250e-05,7.867461e-01,1.004623e+00
2.550000e-05,7.867461e-01,1.004623e+00
2.553750e-05,7.867461e-01,1.004623e+00
2.557500e-05,7.867461e-01,1.004623e+00
2.561250e-05,7.867461e-01,1.009447e+00
2.565000e-05,7.867461e-01,1.009447e+00
2.568750e-05,7.867461e-01,1.009447e+00
2.572500e-05,7.867461e-01,1.014271e+00
2.576250e-05,7.867461e-01,1.014271e+00
2.580000e-05,7.867461e-01,1.014271e+00
2.583750e-05,7.930275e-01,1.019095e+00
2.587500e-05,7.930275e-01,1.019095e+00
2.591250e-05,7.930275e-01,1.019095e+00
2.595000e-05,7.930275e-01,1.019095e+00
2.598750e-05,7.930275e-01,1.023919e+00
2.602500e-05,7.930275e-01,1.023919e+00
2.606250e-05,7.930275e-01,1.023919e+00
2.610000e-05,7.930275e-01,1.028744e+00
2.613750e-05,7.930275e-01,1.028744e+00
2.617500e-05,7.930275e-01,1.028744e+00
2.621250e-05,7.930275e-01,1.033568e+00
2.625000e-05,7.993089e-01,1.033568e+00
2.628750e-05,7.993089e-01,1.033568e+00
2.632500e-05,7.993089e-01,1.033568e+00
2.636250e-05,7.993089e-01,1.038392e+00
2.640000e-05,7.993089e-01,1.038392e+00
2.643750e-05,7.993089e-01,1.038392e+00
2.647500e-05,8.055903e-01,1.038392e+00
2.651250e-05,8.055903e-01,1.043216e+00
2.655000e-05,8.055903e-01,1.043216e+00
2.658750e-05,8.055903e-01,1.048040e+00
2.662500e-05,8.055903e-01,1.048040e+00
2.666250e-05,8.118717e-01,1.048040e+00
2.670000e-05,8.118717e-01,1.048040e+00
2.673750e-05,8.118717e-01,1.052864e+00
2.677500e-05,8.118717e-01,1.052864e+00
2.681250e-05,8.118717e-01,1.052864e+00
2.685000e-05,8.118717e-01,1.052864e+00
2.688750e-05,8.181532e-01,1.057688e+00
2.692500e-05,8.181532e-01,1.057688e+00
2.696250e-05,8.181532e-01,1.057688e+00
2.700000e-05,8.181532e-01,1.057688e+00
2.703750e-05,8.244346e-01,1.057688e+00
2.707500e-05,8.244346e-01,1.062512e+00
2.711250e-05,8.244346e-01,1.062512e+00
2.715000e-05,8.307160e-01,1.062512e+00
2.718750e-05,8.307160e-01,1.062512e+00
2.722500e-05,8.307160e-01,1.062512e+00
2.726250e-05,8.307160e-01,1.067337e+00
2.730000e-05,8.369974e-01,1.067337e+00
2.733750e-05,8.369974e-01,1.067337e+00
2.737500e-05,8.369974e-01,1.067337e+00
2.741250e-05,8.432788e-01,1.072161e+00
2.745000e-05,8.432788e-01,1.072161e+00
2.748750e-05,8.432788e-01,1.072161e+00
2.752500e-05,8.432788e-01,1.072161e+00
2.756250e-05,8.495602e-01,1.072161e+00
2.760000e-05,8.495602e-01,1.072161e+00
2.763750e-05,8.495602e-01,1.076985e+00
2.767500e-05,8.495602e-01,1.076985e+00
2.771250e-05,8.558416e-01,1.076985e+00
2.775000e-05,8.558416e-01,1.076985e+00
2.778750e-05,8.558416e-01,1.081809e+00
2.782500e-05,8.558416e-01,1.081809e+00
2.786250e-05,8.621230e-01,1.081809e+00
2.790000e-05,8.621230e-01,1.081809e+00
2.793750e-05,8.621230e-01,1.081809e+00
2.797500e-05,8.621230e-01,1.086633e+00
2.801250e-05,8.684044e-01,1.091457e+00
2.805000e-05,8.684044e-01,1.091457e+00
2.808750e-05,8.684044e-01,1.091457e+00
2.812500e-05,8.684044e-01,1.091457e+00
2.816250e-05,8.684044e-01,1.091457e+00
2.820000e-05,8.746858e-01,1.091457e+00
2.823750e-05,8.746858e-01,1.091457e+00
2.827500e-05,8.746858e-01,1.096281e+00
2.831250e-05,8.746858e-01,1.101105e+00
2.835000e-05,8.746858e-01,1.101105e+00
2.838750e-05,8.809672e-01,1.101105e+00
2.842500e-05,8.746858e-01,1.101105e+00
2.846250e-05,8.809672e-01,1.101105e+00
2.850000e-05,8.809672e-01,1.105929e+00
2.853750e-05,8.809672e-01,1.105929e+00
2.857500e-05,8.809672e-01,1.110754e+00
2.861250e-05,8.809672e-01,1.110754e+00
2.865000e-05,8.809672e-01,1.110754e+00
2.868750e-05,8.809672e-01,1.115578e+00
2.872500e-05,8.809672e-01,1.115578e+00
2.876250e-05,8.872486e-01,1.115578e+00
2.880000e-05,8.872486e-01,1.115578e+00
2.883750e-05,8.872486e-01,1.120402e+00
2.887500e-05,8.872486e-01,1.120402e+00
2.891250e-05,8.872486e-01,1.120402e+00
2.895000e-05,8.872486e-01,1.120402e+00
2.898750e-05,8.872486e-01,1.125226e+00
2.902500e-05,8.872486e-01,1.125226e+00
2.906250e-05,8.872486e-01,1.125226e+00
2.910000e-05,8.872486e-01,1.130050e+00
2.913750e-05,8.872486e-01,1.130050e+00
2.917500e-05,8.872486e-01,1.130050e+00
2.921250e-05,8.935300e-01,1.130050e+00
2.925000e-05,8.935300e-01,1.130050e+00
2.928750e-05,8.935300e-01,1.134874e+00
2.932500e-05,8.935300e-01,1.134874e+00
2.936250e-05,8.935300e-01,1.139698e+00
2.940000e-05,8.935300e-01,1.139698e+00
2.943750e-05,8.935300e-01,1.139698e+00
2.947500e-05,8.935300e-01,1.139698e+00
2.951250e-05,8.935300e-01,1.139698e+00
2.955000e-05,8.935300e-01,1.139698e+00
2.958750e-05,8.935300e-01,1.144522e+00
2.962500e-05,8.998114e-01,1.144522e+00
2.966250e-05,8.998114e-01,1.144522e+00
2.970000e-05,8.998114e-01,1.144522e+00
2.973750e-05,8.998114e-01,1.144522e+00
2.977500e-05,8.998114e-01,1.144522e+00
2.981250e-05,8.998114e-01,1.149347e+00
2.985000e-05,9.060928e-01,1.149347e+00
2.988750e-05,9.060928e-01,1.149347e+00
2.992500e-05,9.060928e-01,1.149347e+00
2.996250e-05,9.060928e-01,1.154171e+00
3.000000e-05,9.060928e-01,1.154171e+00
3.003750e-05,9.060928e-01,1.154171e+00
3.007500e-05,9.123742e-01,1.158995e+00
3.011250e-05,9.123742e-01,1.158995e+00
3.015000e-05,9.123742e-01,1.158995e+00
3.018750e-05,9.186557e-01,1.158995e+00
3.022500e-05,9.186557e-01,1.158995e+00
3.026250e-05,9.186557e-01,1.163819e+00
3.030000e-05,9.186557e-01,1.163819e+00
3.033750e-05,9.186557e-01,1.163819e+00
3.037500e-05,9.249371e-01,1.168643e+00
3.041250e-05,9.249371e-01,1.168643e+00
3.045000e-05,9.249371e-01,1.168643e+00
3.048750e-05,9.312185e-01,1.168643e+00
3.052500e-05,9.312185e-01,1.173467e+00
3.056250e-05,9.374999e-01,1.173467e+00
3.060000e-05,9.374999e-01,1.173467e+00
3.063750e-05,9.374999e-01,1.178291e+00
3.067500e-05,9.374999e-01,1.178291e+00
3.071250e-05,9.437813e-01,1.178291e+00
3.075000e-05,9.374999e-01,1.183115e+00
3.078750e-05,9.437813e-01,1.183115e+00
3.082500e-05,9.437813e-01,1.187940e+00
3.086250e-05,9.500627e-01,1.183115e+00
3.090000e-05,9.500627e-01,1.187940e+00
3.093750e-05,9.500627e-01,1.187940e+00
3.097500e-05,9.500627e-01,1.187940e+00
3.101250e-05,9.563441e-01,1.192764e+00
3.105000e-05,9.563441e-01,1.192764e+00
3.108750e-05,9.563441e-01,1.192764e+00
3.112500e-05,9.626255e-01,1.197588e+00
3.116250e-05,9.626255e-01,1.197588e+00
3.120000e-05,9.626255e-01,1.197588e+00
3.123750e-05,9.626255e-01,1.202412e+00
3.127500e-05,9.626255e-01,1.202412e+00
3.131250e-05,9.689069e-01,1.202412e+00
3.135000e-05,9.689069e-01,1.202412e+00
3.138750e-05,9.689069e-01,1.207236e+00
3.142500e-05,9.689069e-01,1.207236e+00
3.146250e-05,9.689069e-01,1.207236e+00
3.150000e-05,9.689069e-01,1.207236e+00
3.153750e-05,9.751883e-01,1.212060e+00
3.157500e-05,9.751883e-01,1.212060e+00
3.161250e-05,9.751883e-01,1.212060e+00
3.165000e-05,9.751883e-01,1.212060e+00
3.168750e-05,9.751883e-01,1.216884e+00
3.172500e-05,9.814697e-01,1.216884e+00
3.176250e-05,9.814697e-01,1.216884e+00
3.180000e-05,9.814697e-01,1.216884e+00
3.183750e-05,9.814697e-01,1.216884e+00
3.187500e-05,9.814697e-01,1.221708e+00
3.191250e-05,9.814697e-01,1.221708e+00
3.195000e-05,9.814697e-01,1.221708e+00
3.198750e-05,9.814697e-01,1.221708e+00
3.202500e-05,9.814697e-01,1.226532e+00
3.206250e-05,9.877511e-01,1.226532e+00
3.210000e-05,9.877511e-01,1.226532e+00
3.213750e-05,9.877511e-01,1.226532e+00
3.217500e-05,9.877511e-01,1.226532e+00
3.221250e-05,9.877511e-01,1.231357e+00
3.225000e-05,9.877511e-01,1.231357e+00
3.228750e-05,9.877511e-01,1.231357e+00
3.232500e-05,9.877511e-01,1.231357e+00
3.236250e-05,9.877511e-01,1.236181e+00
3.240000e-05,9.877511e-01,1.236181e+00
3.243750e-05,9.877511e-01,1.236181e+00
3.247500e-05,9.877511e-01,1.236181e+00
3.251250e-05,9.877511e-01,1.241005e+00
3.255000e-05,9.940325e-01,1.241005e+00
3.258750e-05,9.940325e-01,1.241005e+00
3.262500e-05,9.940325e-01,1.245829e+00
3.266250e-05,9.940325e-01,1.245829e+00
3.270000e-05,9.940325e-01,1.245829e+00
3.273750e-05,9.940325e-01,1.250653e+00
3.277500e-05,9.940325e-01,1.250653e+00
3.281250e-05,9.940325e-01,1.250653e+00
3.285000e-05,9.940325e-01,1.250653e+00
3.288750e-05,9.940325e-01,1.255477e+00
3.292500e-05,1.000314e+00,1.255477e+00
3.296250e-05,9.940325e-01,1.255477e+00
3.300000e-05,1.000314e+00,1.255477e+00
3.303750e-05,1.000314e+00,1.260301e+00
3.307500e-05,1.000314e+00,1.260301e+00
3.311250e-05,1.000314e+00,1.265125e+00
3.315000e-05,1.000314e+00,1.265125e+00
3.318750e-05,1.000314e+00,1.265125e+00
3.322500e-05,1.000314e+00,1.265125e+00
3.326250e-05,1.006595e+00,1.269950e+00
3.330000e-05,1.006595e+00,1.269950e+00
3.333750e-05,1.006595e+00,1.269950e+00
3.337500e-05,1.006595e+00,1.274774e+00
3.341250e-05,1.006595e+00,1.274774e+00
3.345000e-05,1.012877e+00,1.274774e+00
3.348750e-05,1.012877e+00,1.279598e+00
3.352500e-05,1.012877e+00,1.279598e+00
3.356250e-05,1.012877e+00,1.279598e+00
3.360000e-05,1.019158e+00,1.284422e+00
3.363750e-05,1.019158e+00,1.284422e+00
3.367500e-05,1.019158e+00,1.284422e+00
3.371250e-05,1.025440e+00,1.284422e+00
3.375000e-05,1.025440e+00,1.284422e+00
3.378750e-05,1.025440e+00,1.289246e+00
3.382500e-05,1.025440e+00,1.289246e+00
3.386250e-05,1.025440e+00,1.289246e+00
3.390000e-05,1.031721e+00,1.289246e+00
3.393750e-05,1.031721e+00,1.289246e+00
3.397500e-05,1.031721e+00,1.294070e+00
3.401250e-05,1.038002e+00,1.294070e+00
3.405000e-05,1.038002e+00,1.294070e+00
3.408750e-05,1.038002e+00,1.294070e+00
3.412500e-05,1.044284e+00,1.294070e+00
3.416250e-05,1.044284e+00,1.298894e+00
3.420000e-05,1.044284e+00,1.298894e+00
3.423750e-05,1.050565e+00,1.298894e+00
3.427500e-05,1.050565e+00,1.298894e+00
3.431250e-05,1.050565e+00,1.298894e+00
3.435000e-05,1.056847e+00,1.298894e+00
3.438750e-05,1.056847e+00,1.303718e+00
3.442500e-05,1.056847e+00,1.303718e+00
3.446250e-05,1.056847e+00,1.303718e+00
3.450000e-05,1.056847e+00,1.303718e+00
3.453750e-05,1.063128e+00,1.308543e+00
3.457500e-05,1.063128e+00,1.308543e+00
3.461250e-05,1.063128e+00,1.308543e+00
3.465000e-05,1.063128e+00,1.308543e+00
3.468750e-05,1.069409e+00,1.308543e+00
3.472500e-05,1.069409e+00,1.308543e+00
3.476250e-05,1.069409e+00,1.313367e+00
3.480000e-05,1.069409e+00,1.313367e+00
3.483750e-05,1.069409e+00,1.313367e+00
3.487500e-05,1.069409e+00,1.318191e+00
3.491250e-05,1.075691e+00,1.318191e+00
3.495000e-05,1.075691e+00,1.318191e+00
3.498750e-05,1.075691e+00,1.318191e+00
3.502500e-05,1.075691e+00,1.323015e+00
3.506250e-05,1.081972e+00,1.323015e+00
3.510000e-05,1.081972e+00,1.323015e+00
3.513750e-05,1.081972e+00,1.327839e+00
3.517500e-05,1.081972e+00,1.327839e+00
3.521250e-05,1.081972e+00,1.327839e+00
3.525000e-05,1.081972e+00,1.327839e+00
3.528750e-05,1.081972e+00,1.327839e+00
3.532500e-05,1.081972e+00,1.332663e+00
3.536250e-05,1.088254e+00,1.332663e+00
3.540000e-05,1.081972e+00,1.337487e+00
3.543750e-05,1.088254e+00,1.337487e+00
3.547500e-05,1.088254e+00,1.337487e+00
3.551250e-05,1.088254e+00,1.342311e+00
3.555000e-05,1.088254e+00,1.342311e+00
3.558750e-05,1.088254e+00,1.342311e+00
3.562500e-05,1.088254e+00,1.347135e+00
3.566250e-05,1.088254e+00,1.347135e+00
3.570000e-05,1.088254e+00,1.347135e+00
3.573750e-05,1.088254e+00,1.347135e+00
3.577500e-05,1.088254e+00,1.351960e+00
3.581250e-05,1.088254e+00,1.351960e+00
3.585000e-05,1.088254e+00,1.351960e+00
3.588750e-05,1.088254e+00,1.351960e+00
3.592500e-05,1.088254e+00,1.356784e+00
3.596250e-05,1.094535e+00,1.356784e+00
3.600000e-05,1.094535e+00,1.356784e+00
3.603750e-05,1.094535e+00,1.361608e+00
3.607500e-05,1.094535e+00,1.361608e+00
3.611250e-05,1.094535e+00,1.361608e+00
3.615000e-05,1.094535e+00,1.361608e+00
3.618750e-05,1.094535e+00,1.366432e+00
3.622500e-05,1.094535e+00,1.366432e+00
3.626250e-05,1.094535e+00,1.366432e+00
3.630000e-05,1.094535e+00,1.371256e+00
3.633750e-05,1.094535e+00,1.371256e+00
3.637500e-05,1.094535e+00,1.371256e+00
3.641250e-05,1.100816e+00,1.371256e+00
3.645000e-05,1.100816e+00,1.371256e+00
3.648750e-05,1.100816e+00,1.371256e+00
3.652500e-05,1.100816e+00,1.371256e+00
3.656250e-05,1.100816e+00,1.376080e+00
3.660000e-05,1.100816e+00,1.376080e+00
3.663750e-05,1.100816e+00,1.376080e+00
3.667500e-05,1.107098e+00,1.376080e+00
3.671250e-05,1.107098e+00,1.380904e+00
3.675000e-05,1.107098e+00,1.380904e+00
3.678750e-05,1.113379e+00,1.380904e+00
3.682500e-05,1.107098e+00,1.380904e+00
3.686250e-05,1.113379e+00,1.385728e+00
3.690000e-05,1.113379e+00,1.385728e+00
3.693750e-05,1.113379e+00,1.385728e+00
3.697500e-05,1.113379e+00,1.385728e+00
3.701250e-05,1.119661e+00,1.390553e+00
3.705000e-05,1.119661e+00,1.390553e+00
3.708750e-05,1.119661e+00,1.390553e+00
3.712500e-05,1.119661e+00,1.390553e+00
3.716250e-05,1.125942e+00,1.395377e+00
3.720000e-05,1.125942e+00,1.395377e+00
3.723750e-05,1.125942e+00,1.395377e+00
3.727500e-05,1.125942e+00,1.395377e+00
3.731250e-05,1.132223e+00,1.395377e+00
3.735000e-05,1.132223e+00,1.400201e+00
3.738750e-05,1.132223e+00,1.400201e+00
3.742500e-05,1.138505e+00,1.405025e+00
3.746250e-05,1.138505e+00,1.405025e+00
3.750000e-05,1.138505e+00,1.405025e+00
3.753750e-05,1.144786e+00,1.405025e+00
3.757500e-05,1.144786e+00,1.405025e+00
3.761250e-05,1.144786e+00,1.409849e+00
3.765000e-05,1.151068e+00,1.414673e+00
3.768750e-05,1.151068e+00,1.414673e+00
3.772500e-05,1.151068e+00,1.414673e+00
3.776250e-05,1.151068e+00,1.414673e+00
3.780000e-05,1.157349e+00,1.419497e+00
3.783750e-05,1.157349e+00,1.419497e+00
3.787500e-05,1.157349e+00,1.419497e+00
3.791250e-05,1.157349e+00,1.424321e+00
3.795000e-05,1.163631e+00,1.424321e+00
3.798750e-05,1.163631e+00,1.424321e+00
3.802500e-05,1.163631e+00,1.429146e+00
3.806250e-05,1.163631e+00,1.429146e+00
3.810000e-05,1.169912e+00,1.429146e+00
3.813750e-05,1.169912e+00,1.429146e+00
3.817500e-05,1.169912e+00,1.433970e+00
3.821250e-05,1.169912e+00,1.433970e+00
3.825000e-05,1.169912e+00,1.433970e+00
3.828750e-05,1.169912e+00,1.438794e+00
3.832500e-05,1.176193e+00,1.438794e+00
3.836250e-05,1.176193e+00,1.438794e+00
3.840000e-05,1.176193e+00,1.438794e+00
3.843750e-05,1.176193e+00,1.443618e+00
3.847500e-05,1.176193e+00,1.443618e+00
3.851250e-05,1.176193e+00,1.443618e+00
3.855000e-05,1.176193e+00,1.443618e+00
3.858750e-05,1.182475e+00,1.443618e+00
3.862500e-05,1.182475e+00,1.443618e+00
3.866250e-05,1.182475e+00,1.448442e+00
3.870000e-05,1.182475e+00,1.448442e+00
3.873750e-05,1.182475e+00,1.448442e+00
3.877500e-05,1.182475e+00,1.448442e+00
3.881250e-05,1.182475e+00,1.453266e+00
3.885000e-05,1.188756e+00,1.453266e+00
3.888750e-05,1.188756e+00,1.453266e+00
3.892500e-05,1.188756e+00,1.453266e+00
3.896250e-05,1.188756e+00,1.453266e+00
3.900000e-05,1.188756e+00,1.453266e+00
3.903750e-05,1.188756e+00,1.458090e+00
3.907500e-05,1.188756e+00,1.458090e+00
3.911250e-05,1.188756e+00,1.458090e+00
3.915000e-05,1.188756e+00,1.458090e+00
3.918750e-05,1.188756e+00,1.458090e+00
3.922500e-05,1.188756e+00,1.462914e+00
3.926250e-05,1.188756e+00,1.462914e+00
3.930000e-05,1.195038e+00,1.462914e+00
3.933750e-05,1.195038e+00,1.467738e+00
3.937500e-05,1.195038e+00,1.462914e+00
3.941250e-05,1.195038e+00,1.467738e+00
3.945000e-05,1.195038e+00,1.467738e+00
3.948750e-05,1.195038e+00,1.467738e+00
3.952500e-05,1.195038e+00,1.472563e+00
3.956250e-05,1.195038e+00,1.472563e+00
3.960000e-05,1.195038e+00,1.472563e+00
3.963750e-05,1.201319e+00,1.472563e+00
3.967500e-05,1.201319e+00,1.477387e+00
3.971250e-05,1.201319e+00,1.477387e+00
3.975000e-05,1.201319e+00,1.477387e+00
3.978750e-05,1.201319e+00,1.477387e+00
3.982500e-05,1.201319e+00,1.482211e+00
3.986250e-05,1.201319e+00,1.482211e+00
3.990000e-05,1.207600e+00,1.482211e+00
3.993750e-05,1.207600e+00,1.487035e+00
3.997500e-05,1.207600e+00,1.487035e+00
4.001250e-05,1.207600e+00,1.491859e+00
4.005000e-05,1.207600e+00,1.491859e+00
4.008750e-05,1.213882e+00,1.491859e+00
4.012500e-05,1.213882e+00,1.491859e+00
4.016250e-05,1.213882e+00,1.496683e+00
4.020000e-05,1.213882e+00,1.496683e+00
4.023750e-05,1.220163e+00,1.496683e+00
4.027500e-05,1.220163e+00,1.501507e+00
4.031250e-05,1.220163e+00,1.501507e+00
4.035000e-05,1.220163e+00,1.501507e+00
4.038750e-05,1.226445e+00,1.501507e+00
4.042500e-05,1.226445e+00,1.506331e+00
4.046250e-05,1.226445e+00,1.506331e+00
4.050000e-05,1.226445e+00,1.511156e+00
4.053750e-05,1.232726e+00,1.511156e+00
4.057500e-05,1.232726e+00,1.511156e+00
4.061250e-05,1.232726e+00,1.511156e+00
4.065000e-05,1.239007e+00,1.511156e+00
4.068750e-05,1.239007e+00,1.511156e+00
4.072500e-05,1.239007e+00,1.515980e+00
4.076250e-05,1.239007e+00,1.515980e+00
4.080000e-05,1.245289e+00,1.515980e+00
4.083750e-05,1.245289e+00,1.520804e+00
4.087500e-05,1.245289e+00,1.520804e+00
4.091250e-05,1.251570e+00,1.520804e+00
4.095000e-05,1.251570e+00,1.520804e+00
4.098750e-05,1.251570e+00,1.525628e+00
4.102500e-05,1.257852e+00,1.525628e+00
4.106250e-05,1.257852e+00,1.525628e+00
4.110000e-05,1.257852e+00,1.525628e+00
4.113750e-05,1.257852e+00,1.530452e+00
4.117500e-05,1.264133e+00,1.530452e+00
4.121250e-05,1.264133e+00,1.530452e+00
4.125000e-05,1.264133e+00,1.530452e+00
4.128750e-05,1.264133e+00,1.535276e+00
4.132500e-05,1.270414e+00,1.535276e+00
4.136250e-05,1.270414e+00,1.535276e+00
4.140000e-05,1.270414e+00,1.535276e+00
4.143750e-05,1.270414e+00,1.535276e+00
4.147500e-05,1.276696e+00,1.540100e+00
4.151250e-05,1.276696e+00,1.540100e+00
4.155000e-05,1.276696e+00,1.540100e+00
4.158750e-05,1.276696e+00,1.540100e+00
4.162500e-05,1.276696e+00,1.544924e+00
4.166250e-05,1.282977e+00,1.544924e+00
4.170000e-05,1.282977e+00,1.549749e+00
4.173750e-05,1.282977e+00,1.549749e+00
4.177500e-05,1.282977e+00,1.549749e+00
4.181250e-05,1.282977e+00,1.549749e+00
4.185000e-05,1.282977e+00,1.549749e+00
4.188750e-05,1.282977e+00,1.549749e+00
4.192500e-05,1.282977e+00,1.554573e+00
4.196250e-05,1.289259e+00,1.554573e+00
4.200000e-05,1.282977e+00,1.559397e+00
4.203750e-05,1.289259e+00,1.559397e+00
4.207500e-05,1.289259e+00,1.559397e+00
4.211250e-05,1.289259e+00,1.559397e+00
4.215000e-05,1.289259e+00,1.564221e+00
4.218750e-05,1.289259e+00,1.564221e+00
4.222500e-05,1.289259e+00,1.564221e+00
4.226250e-05,1.289259e+00,1.569045e+00
4.230000e-05,1.289259e+00,1.569045e+00
4.233750e-05,1.289259e+00,1.573869e+00
4.237500e-05,1.289259e+00,1.569045e+00
4.241250e-05,1.289259e+00,1.573869e+00
4.245000e-05,1.295540e+00,1.573869e+00
4.248750e-05,1.295540e+00,1.573869e+00
4.252500e-05,1.295540e+00,1.578693e+00
4.256250e-05,1.295540e+00,1.578693e+00
4.260000e-05,1.295540e+00,1.578693e+00
4.263750e-05,1.295540e+00,1.583517e+00
4.267500e-05,1.295540e+00,1.583517e+00
4.271250e-05,1.295540e+00,1.583517e+00
4.275000e-05,1.295540e+00,1.588341e+00
4.278750e-05,1.301821e+00,1.588341e+00
4.282500e-05,1.301821e+00,1.588341e+00
4.286250e-05,1.301821e+00,1.588341e+00
4.290000e-05,1.301821e+00,1.593166e+00
4.293750e-05,1.301821e+00,1.593166e+00
4.297500e-05,1.301821e+00,1.593166e+00
4.301250e-05,1.301821e+00,1.597990e+00
4.305000e-05,1.301821e+00,1.597990e+00
4.308750e-05,1.301821e+00,1.597990e+00
4.312500e-05,1.308103e+00,1.597990e+00
4.316250e-05,1.308103e+00,1.597990e+00
4.320000e-05,1.308103e+00,1.602814e+00
4.323750e-05,1.308103e+00,1.602814e+00
4.327500e-05,1.314384e+00,1.602814e+00
4.331250e-05,1.314384e+00,1.602814e+00
4.335000e-05,1.314384e+00,1.607638e+00
4.338750e-05,1.314384e+00,1.607638e+00
4.342500e-05,1.320666e+00,1.607638e+00
4.346250e-05,1.320666e+00,1.607638e+00
4.350000e-05,1.320666e+00,1.607638e+00
4.353750e-05,1.326947e+00,1.612462e+00
4.357500e-05,1.326947e+00,1.612462e+00
4.361250e-05,1.326947e+00,1.612462e+00
4.365000e-05,1.326947e+00,1.612462e+00
4.368750e-05,1.326947e+00,1.617286e+00
4.372500e-05,1.333228e+00,1.617286e+00
4.376250e-05,1.333228e+00,1.617286e+00
4.380000e-05,1.339510e+00,1.617286e+00
4.383750e-05,1.339510e+00,1.617286e+00
4.387500e-05,1.339510e+00,1.617286e+00
4.391250e-05,1.339510e+00,1.622110e+00
4.395000e-05,1.345791e+00,1.622110e+00
4.398750e-05,1.345791e+00,1.622110e+00
4.402500e-05,1.345791e+00,1.626934e+00
4.406250e-05,1.352073e+00,1.626934e+00
4.410000e-05,1.352073e+00,1.626934e+00
4.413750e-05,1.352073e+00,1.626934e+00
4.417500e-05,1.352073e+00,1.631759e+00
4.421250e-05,1.358354e+00,1.631759e+00
4.425000e-05,1.358354e+00,1.631759e+00
4.428750e-05,1.358354e+00,1.636583e+00
4.432500e-05,1.358354e+00,1.636583e+00
4.436250e-05,1.364636e+00,1.636583e+00
4.440000e-05,1.364636e+00,1.641407e+00
4.443750e-05,1.364636e+00,1.641407e+00
4.447500e-05,1.364636e+00,1.641407e+00
4.451250e-05,1.370917e+00,1.646231e+00
4.455000e-05,1.370917e+00,1.646231e+00
4.458750e-05,1.370917e+00,1.646231e+00
4.462500e-05,1.370917e+00,1.651055e+00
4.466250e-05,1.370917e+00,1.651055e+00
4.470000e-05,1.377198e+00,1.651055e+00
4.473750e-05,1.377198e+00,1.651055e+00
4.477500e-05,1.377198e+00,1.655879e+00
4.481250e-05,1.377198e+00,1.655879e+00
4.485000e-05,1.377198e+00,1.660703e+00
4.488750e-05,1.377198e+00,1.660703e+00
4.492500e-05,1.383480e+00,1.660703e+00
4.496250e-05,1.383480e+00,1.660703e+00
4.500000e-05,1.383480e+00,1.665527e+00
4.503750e-05,1.383480e+00,1.665527e+00
4.507500e-05,1.383480e+00,1.665527e+00
4.511250e-05,1.383480e+00,1.665527e+00
4.515000e-05,1.383480e+00,1.670352e+00
4.518750e-05,1.383480e+00,1.670352e+00
4.522500e-05,1.383480e+00,1.670352e+00
4.526250e-05,1.389761e+00,1.675176e+00
4.530000e-05,1.389761e+00,1.675176e+00
4.533750e-05,1.389761e+00,1.675176e+00
4.537500e-05,1.389761e+00,1.675176e+00
4.541250e-05,1.389761e+00,1.675176e+00
4.545000e-05,1.389761e+00,1.675176e+00
4.548750e-05,1.389761e+00,1.680000e+00
4.552500e-05,1.389761e+00,1.680000e+00
4.556250e-05,1.389761e+00,1.680000e+00
4.560000e-05,1.389761e+00,1.680000e+00
4.563750e-05,1.389761e+00,1.684824e+00
4.567500e-05,1.389761e+00,1.684824e+00
4.571250e-05,1.389761e+00,1.684824e+00
4.575000e-05,1.396043e+00,1.684824e+00
4.578750e-05,1.396043e+00,1.684824e+00
4.582500e-05,1.396043e+00,1.684824e+00
4.586250e-05,1.396043e+00,1.689648e+00
4.590000e-05,1.396043e+00,1.689648e+00
4.593750e-05,1.396043e+00,1.689648e+00
4.597500e-05,1.396043e+00,1.689648e+00
4.601250e-05,1.396043e+00,1.689648e+00
4.605000e-05,1.396043e+00,1.694472e+00
4.608750e-05,1.396043e+00,1.694472e+00
4.612500e-05,1.396043e+00,1.699296e+00
4.616250e-05,1.402324e+00,1.699296e+00
4.620000e-05,1.402324e+00,1.699296e+00
4.623750e-05,1.402324e+00,1.699296e+00
4.627500e-05,1.402324e+00,1.699296e+00
4.631250e-05,1.402324e+00,1.704120e+00
4.635000e-05,1.402324e+00,1.704120e+00
4.638750e-05,1.408605e+00,1.704120e+00
4.642500e-05,1.408605e+00,1.708944e+00
4.646250e-05,1.408605e+00,1.708944e+00
4.650000e-05,1.408605e+00,1.708944e+00
4.653750e-05,1.414887e+00,1.708944e+00
4.657500e-05,1.414887e+00,1.708944e+00
4.661250e-05,1.414887e+00,1.713769e+00
4.665000e-05,1.414887e+00,1.713769e+00
4.668750e-05,1.414887e+00,1.718593e+00
4.672500e-05,1.414887e+00,1.713769e+00
4.676250e-05,1.421168e+00,1.713769e+00
4.680000e-05,1.421168e+00,1.718593e+00
4.683750e-05,1.421168e+00,1.718593e+00
4.687500e-05,1.421168e+00,1.723417e+00
4.691250e-05,1.427450e+00,1.728241e+00
4.695000e-05,1.427450e+00,1.728241e+00
4.698750e-05,1.427450e+00,1.728241e+00
4.702500e-05,1.427450e+00,1.728241e+00
4.706250e-05,1.433731e+00,1.733065e+00
4.710000e-05,1.433731e+00,1.733065e+00
4.713750e-05,1.440012e+00,1.733065e+00
4.717500e-05,1.440012e+00,1.733065e+00
4.721250e-05,1.440012e+00,1.737889e+00
4.725000e-05,1.440012e+00,1.737889e+00
4.728750e-05,1.446294e+00,1.737889e+00
4.732500e-05,1.446294e+00,1.742713e+00
4.736250e-05,1.446294e+00,1.742713e+00
4.740000e-05,1.446294e+00,1.742713e+00
4.743750e-05,1.446294e+00,1.742713e+00
4.747500e-05,1.452575e+00,1.747537e+00
4.751250e-05,1.452575e+00,1.747537e+00
4.755000e-05,1.452575e+00,1.747537e+00
4.758750e-05,1.458857e+00,1.747537e+00
4.762500e-05,1.458857e+00,1.752362e+00
4.766250e-05,1.458857e+00,1.752362e+00
4.770000e-05,1.465138e+00,1.752362e+00
4.773750e-05,1.465138e+00,1.752362e+00
4.777500e-05,1.465138e+00,1.757186e+00
4.781250e-05,1.465138e+00,1.757186e+00
4.785000e-05,1.471419e+00,1.757186e+00
4.788750e-05,1.471419e+00,1.757186e+00
4.792500e-05,1.471419e+00,1.762010e+00
4.796250e-05,1.471419e+00,1.757186e+00
4.800000e-05,1.471419e+00,1.762010e+00
4.803750e-05,1.471419e+00,1.762010e+00
4.807500e-05,1.477701e+00,1.762010e+00
4.811250e-05,1.477701e+00,1.762010e+00
4.815000e-05,1.477701e+00,1.766834e+00
4.818750e-05,1.477701e+00,1.766834e+00
4.822500e-05,1.477701e+00,1.766834e+00
4.826250e-05,1.483982e+00,1.766834e+00
4.830000e-05,1.483982e+00,1.771658e+00
4.833750e-05,1.483982e+00,1.771658e+00
4.837500e-05,1.483982e+00,1.771658e+00
4.841250e-05,1.483982e+00,1.771658e+00
4.845000e-05,1.483982e+00,1.771658e+00
4.848750e-05,1.483982e+00,1.776482e+00
4.852500e-05,1.483982e+00,1.776482e+00
4.856250e-05,1.483982e+00,1.776482e+00
4.860000e-05,1.490264e+00,1.776482e+00
4.863750e-05,1.490264e+00,1.781306e+00
4.867500e-05,1.490264e+00,1.781306e+00
4.871250e-05,1.490264e+00,1.781306e+00
4.875000e-05,1.490264e+00,1.781306e+00
4.878750e-05,1.490264e+00,1.786130e+00
4.882500e-05,1.490264e+00,1.786130e+00
4.886250e-05,1.490264e+00,1.790955e+00
4.890000e-05,1.490264e+00,1.790955e+00
4.893750e-05,1.490264e+00,1.790955e+00
4.897500e-05,1.490264e+00,1.790955e+00
4.901250e-05,1.490264e+00,1.795779e+00
4.905000e-05,1.496545e+00,1.795779e+00
4.908750e-05,1.496545e+00,1.795779e+00
4.912500e-05,1.496545e+00,1.800603e+00
4.916250e-05,1.496545e+00,1.800603e+00
4.920000e-05,1.496545e+00,1.800603e+00
4.923750e-05,1.496545e+00,1.800603e+00
4.927500e-05,1.496545e+00,1.805427e+00
4.931250e-05,1.496545e+00,1.805427e+00
4.935000e-05,1.496545e+00,1.805427e+00
4.938750e-05,1.496545e+00,1.810251e+00
4.942500e-05,1.496545e+00,1.810251e+00
4.946250e-05,1.502826e+00,1.810251e+00
4.950000e-05,1.502826e+00,1.815075e+00
4.953750e-05,1.502826e+00,1.815075e+00
4.957500e-05,1.502826e+00,1.815075e+00
4.961250e-05,1.502826e+00,1.815075e+00
4.965000e-05,1.502826e+00,1.819899e+00
4.968750e-05,1.502826e+00,1.819899e+00
4.972500e-05,1.509108e+00,1.819899e+00
4.976250e-05,1.509108e+00,1.819899e+00
4.980000e-05,1.509108e+00,1.824723e+00
4.983750e-05,1.509108e+00,1.824723e+00
4.987500e-05,1.509108e+00,1.824723e+00
4.991250e-05,1.515389e+00,1.829547e+00
4.995000e-05,1.515389e+00,1.829547e+00
4.998750e-05,1.515389e+00,1.829547e+00
5.002500e-05,1.515389e+00,1.829547e+00
5.006250e-05,1.521671e+00,1.829547e+00
5.010000e-05,1.521671e+00,1.834372e+00
5.013750e-05,1.521671e+00,1.834372e+00
5.017500e-05,1.521671e+00,1.834372e+00
5.021250e-05,1.521671e+00,1.834372e+00
5.025000e-05,1.527952e+00,1.834372e+00
5.028750e-05,1.527952e+00,1.834372e+00
5.032500e-05,1.527952e+00,1.834372e+00
5.036250e-05,1.534233e+00,1.839196e+00
5.040000e-05,1.534233e+00,1.839196e+00
5.043750e-05,1.534233e+00,1.839196e+00
5.047500e-05,1.540515e+00,1.844020e+00
5.051250e-05,1.540515e+00,1.844020e+00
5.055000e-05,1.540515e+00,1.844020e+00
5.058750e-05,1.546796e+00,1.844020e+00
5.062500e-05,1.546796e+00,1.844020e+00
5.066250e-05,1.546796e+00,1.848844e+00
5.070000e-05,1.546796e+00,1.848844e+00
5.073750e-05,1.553078e+00,1.848844e+00
5.077500e-05,1.553078e+00,1.848844e+00
5.081250e-05,1.553078e+00,1.853668e+00
5.085000e-05,1.553078e+00,1.853668e+00
5.088750e-05,1.559359e+00,1.853668e+00
5.092500e-05,1.559359e+00,1.858492e+00
5.096250e-05,1.559359e+00,1.853668e+00
5.100000e-05,1.559359e+00,1.858492e+00
5.103750e-05,1.565641e+00,1.858492e+00
5.107500e-05,1.565641e+00,1.858492e+00
5.111250e-05,1.565641e+00,1.858492e+00
5.115000e-05,1.565641e+00,1.863316e+00
5.118750e-05,1.571922e+00,1.863316e+00
5.122500e-05,1.571922e+00,1.863316e+00
5.126250e-05,1.571922e+00,1.868140e+00
5.130000e-05,1.571922e+00,1.868140e+00
5.133750e-05,1.578203e+00,1.868140e+00
5.137500e-05,1.571922e+00,1.872965e+00
5.141250e-05,1.578203e+00,1.872965e+00
5.145000e-05,1.578203e+00,1.872965e+00
5.148750e-05,1.578203e+00,1.877789e+00
5.152500e-05,1.578203e+00,1.877789e+00
5.156250e-05,1.578203e+00,1.877789e+00
5.160000e-05,1.584485e+00,1.877789e+00
5.163750e-05,1.584485e+00,1.882613e+00
5.167500e-05,1.584485e+00,1.882613e+00
5.171250e-05,1.584485e+00,1.887437e+00
5.175000e-05,1.584485e+00,1.887437e+00
5.178750e-05,1.584485e+00,1.887437e+00
5.182500e-05,1.584485e+00,1.887437e+00
5.186250e-05,1.584485e+00,1.892261e+00
5.190000e-05,1.590766e+00,1.892261e+00
5.193750e-05,1.590766e+00,1.897085e+00
5.197500e-05,1.590766e+00,1.897085e+00
5.201250e-05,1.590766e+00,1.897085e+00
5.205000e-05,1.590766e+00,1.897085e+00
5.208750e-05,1.590766e+00,1.901909e+00
5.212500e-05,1.590766e+00,1.901909e+00
5.216250e-05,1.590766e+00,1.901909e+00
5.220000e-05,1.590766e+00,1.901909e+00
5.223750e-05,1.597048e+00,1.901909e+00
5.227500e-05,1.597048e+00,1.906733e+00
5.231250e-05,1.597048e+00,1.906733e+00
5.235000e-05,1.597048e+00,1.906733e+00
5.238750e-05,1.597048e+00,1.906733e+00
5.242500e-05,1.597048e+00,1.911558e+00
5.246250e-05,1.597048e+00,1.911558e+00
5.250000e-05,1.597048e+00,1.911558e+00
5.253750e-05,1.597048e+00,1.911558e+00
5.257500e-05,1.597048e+00,1.916382e+00
5.261250e-05,1.603329e+00,1.916382e+00
5.265000e-05,1.603329e+00,1.916382e+00
5.268750e-05,1.603329e+00,1.916382e+00
5.272500e-05,1.603329e+00,1.921206e+00
5.276250e-05,1.603329e+00,1.921206e+00
5.280000e-05,1.603329e+00,1.921206e+00
5.283750e-05,1.609610e+00,1.926030e+00
5.287500e-05,1.609610e+00,1.921206e+00
5.291250e-05,1.609610e+00,1.926030e+00
5.295000e-05,1.609610e+00,1.926030e+00
5.298750e-05,1.609610e+00,1.926030e+00
5.302500e-05,1.609610e+00,1.930854e+00
5.306250e-05,1.615892e+00,1.930854e+00
5.310000e-05,1.615892e+00,1.935678e+00
5.313750e-05,1.615892e+00,1.930854e+00
5.317500e-05,1.615892e+00,1.935678e+00
5.321250e-05,1.615892e+00,1.935678e+00
5.325000e-05,1.622173e+00,1.935678e+00
5.328750e-05,1.622173e+00,1.940502e+00
5.332500e-05,1.622173e+00,1.945326e+00
5.336250e-05,1.628455e+00,1.940502e+00
5.340000e-05,1.628455e+00,1.940502e+00
5.343750e-05,1.628455e+00,1.945326e+00
5.347500e-05,1.628455e+00,1.945326e+00
5.351250e-05,1.628455e+00,1.950150e+00
5.355000e-05,1.634736e+00,1.950150e+00
5.358750e-05,1.634736e+00,1.950150e+00
5.362500e-05,1.634736e+00,1.954975e+00
5.366250e-05,1.634736e+00,1.954975e+00
5.370000e-05,1.641017e+00,1.954975e+00
5.373750e-05,1.641017e+00,1.959799e+00
5.377500e-05,1.641017e+00,1.959799e+00
5.381250e-05,1.647299e+00,1.959799e+00
5.385000e-05,1.647299e+00,1.959799e+00
5.388750e-05,1.647299e+00,1.964623e+00
5.392500e-05,1.647299e+00,1.964623e+00
5.396250e-05,1.647299e+00,1.969447e+00
5.400000e-05,1.653580e+00,1.969447e+00
5.403750e-05,1.653580e+00,1.969447e+00
5.407500e-05,1.653580e+00,1.969447e+00
5.411250e-05,1.659862e+00,1.969447e+00
5.415000e-05,1.653580e+00,1.974271e+00
5.418750e-05,1.659862e+00,1.974271e+00
5.422500e-05,1.666143e+00,1.979095e+00
5.426250e-05,1.666143e+00,1.979095e+00
5.430000e-05,1.666143e+00,1.979095e+00
5.433750e-05,1.666143e+00,1.979095e+00
5.437500e-05,1.666143e+00,1.979095e+00
5.441250e-05,1.666143e+00,1.983919e+00
5.445000e-05,1.672424e+00,1.983919e+00
5.448750e-05,1.672424e+00,1.983919e+00
5.452500e-05,1.672424e+00,1.983919e+00
5.456250e-05,1.672424e+00,1.983919e+00
5.460000e-05,1.678706e+00,1.988743e+00
5.463750e-05,1.678706e+00,1.988743e+00
5.467500e-05,1.678706e+00,1.988743e+00
5.471250e-05,1.678706e+00,1.993568e+00
5.475000e-05,1.678706e+00,1.993568e+00
5.478750e-05,1.678706e+00,1.988743e+00
5.482500e-05,1.678706e+00,1.993568e+00
5.486250e-05,1.678706e+00,1.993568e+00
5.490000e-05,1.684987e+00,1.993568e+00
5.493750e-05,1.684987e+00,1.993568e+00
5.497500e-05,1.684987e+00,1.998392e+00
5.501250e-05,1.684987e+00,1.998392e+00
5.505000e-05,1.684987e+00,1.998392e+00
5.508750e-05,1.684987e+00,1.998392e+00
5.512500e-05,1.684987e+00,1.998392e+00
5.516250e-05,1.691269e+00,2.003216e+00
5.520000e-05,1.691269e+00,2.003216e+00
5.523750e-05,1.691269e+00,2.003216e+00
5.527500e-05,1.691269e+00,2.003216e+00
5.531250e-05,1.691269e+00,2.003216e+00
5.535000e-05,1.691269e+00,2.008040e+00
5.538750e-05,1.691269e+00,2.008040e+00
5.542500e-05,1.691269e+00,2.008040e+00
5.546250e-05,1.691269e+00,2.008040e+00
5.550000e-05,1.691269e+00,2.008040e+00
5.553750e-05,1.697550e+00,2.012864e+00
5.557500e-05,1.691269e+00,2.017688e+00
5.561250e-05,1.697550e+00,2.012864e+00
5.565000e-05,1.697550e+00,2.017688e+00
5.568750e-05,1.697550e+00,2.017688e+00
5.572500e-05,1.697550e+00,2.017688e+00
5.576250e-05,1.697550e+00,2.022512e+00
5.580000e-05,1.697550e+00,2.022512e+00
5.583750e-05,1.697550e+00,2.022512e+00
5.587500e-05,1.697550e+00,2.022512e+00
5.591250e-05,1.697550e+00,2.027336e+00
5.595000e-05,1.697550e+00,2.027336e+00
5.598750e-05,1.703831e+00,2.027336e+00
5.602500e-05,1.703831e+00,2.027336e+00
5.606250e-05,1.703831e+00,2.032161e+00
5.610000e-05,1.703831e+00,2.032161e+00
5.613750e-05,1.703831e+00,2.032161e+00
5.617500e-05,1.710113e+00,2.036985e+00
5.621250e-05,1.710113e+00,2.036985e+00
5.625000e-05,1.710113e+00,2.036985e+00
5.628750e-05,1.710113e+00,2.041809e+00
5.632500e-05,1.710113e+00,2.041809e+00
5.636250e-05,1.716394e+00,2.046633e+00
5.640000e-05,1.716394e+00,2.046633e+00
5.643750e-05,1.716394e+00,2.046633e+00
5.647500e-05,1.716394e+00,2.046633e+00
5.651250e-05,1.722676e+00,2.046633e+00
5.655000e-05,1.722676e+00,2.051457e+00
5.658750e-05,1.722676e+00,2.051457e+00
5.662500e-05,1.722676e+00,2.056281e+00
5.666250e-05,1.722676e+00,2.056281e+00
5.670000e-05,1.728957e+00,2.056281e+00
5.673750e-05,1.728957e+00,2.056281e+00
5.677500e-05,1.735238e+00,2.061105e+00
5.681250e-05,1.735238e+00,2.061105e+00
5.685000e-05,1.735238e+00,2.061105e+00
5.688750e-05,1.735238e+00,2.061105e+00
5.692500e-05,1.741520e+00,2.061105e+00
5.696250e-05,1.741520e+00,2.065929e+00
5.700000e-05,1.741520e+00,2.065929e+00
5.703750e-05,1.741520e+00,2.065929e+00
5.707500e-05,1.747801e+00,2.065929e+00
5.711250e-05,1.747801e+00,2.070753e+00
5.715000e-05,1.747801e+00,2.070753e+00
5.718750e-05,1.747801e+00,2.070753e+00
5.722500e-05,1.754083e+00,2.070753e+00
5.726250e-05,1.754083e+00,2.075578e+00
5.730000e-05,1.754083e+00,2.075578e+00
5.733750e-05,1.760364e+00,2.075578e+00
5.737500e-05,1.760364e+00,2.075578e+00
5.741250e-05,1.760364e+00,2.080402e+00
5.745000e-05,1.760364e+00,2.080402e+00
5.748750e-05,1.766646e+00,2.080402e+00
5.752500e-05,1.766646e+00,2.080402e+00
5.756250e-05,1.766646e+00,2.080402e+00
5.760000e-05,1.772927e+00,2.085226e+00
5.763750e-05,1.772927e+00,2.085226e+00
5.767500e-05,1.772927e+00,2.085226e+00
5.771250e-05,1.772927e+00,2.085226e+00
5.775000e-05,1.772927e+00,2.090050e+00
5.778750e-05,1.779208e+00,2.090050e+00
5.782500e-05,1.779208e+00,2.094874e+00
5.786250e-05,1.779208e+00,2.094874e+00
5.790000e-05,1.779208e+00,2.094874e+00
5.793750e-05,1.779208e+00,2.094874e+00
5.797500e-05,1.779208e+00,2.099698e+00
5.801250e-05,1.779208e+00,2.099698e+00
5.805000e-05,1.785490e+00,2.099698e+00
5.808750e-05,1.785490e+00,2.099698e+00
5.812500e-05,1.785490e+00,2.104522e+00
5.816250e-05,1.785490e+00,2.104522e+00
5.820000e-05,1.785490e+00,2.109346e+00
5.823750e-05,1.785490e+00,2.109346e+00
5.827500e-05,1.785490e+00,2.109346e+00
5.831250e-05,1.785490e+00,2.109346e+00
5.835000e-05,1.791771e+00,2.114171e+00
5.838750e-05,1.791771e+00,2.114171e+00
5.842500e-05,1.791771e+00,2.118995e+00
5.846250e-05,1.791771e+00,2.118995e+00
5.850000e-05,1.791771e+00,2.118995e+00
5.853750e-05,1.791771e+00,2.118995e+00
5.857500e-05,1.791771e+00,2.123819e+00
5.861250e-05,1.791771e+00,2.123819e+00
5.865000e-05,1.791771e+00,2.123819e+00
5.868750e-05,1.791771e+00,2.123819e+00
5.872500e-05,1.791771e+00,2.123819e+00
5.876250e-05,1.791771e+00,2.128643e+00
5.880000e-05,1.791771e+00,2.133467e+00
5.883750e-05,1.791771e+00,2.133467e+00
5.887500e-05,1.798053e+00,2.133467e+00
5.891250e-05,1.798053e+00,2.133467e+00
5.895000e-05,1.798053e+00,2.138291e+00
5.898750e-05,1.798053e+00,2.138291e+00
5.902500e-05,1.798053e+00,2.138291e+00
5.906250e-05,1.798053e+00,2.138291e+00
5.910000e-05,1.798053e+00,2.138291e+00
5.913750e-05,1.798053e+00,2.138291e+00
5.917500e-05,1.798053e+00,2.143115e+00
5.921250e-05,1.798053e+00,2.143115e+00
5.925000e-05,1.804334e+00,2.143115e+00
5.928750e-05,1.798053e+00,2.143115e+00
5.932500e-05,1.804334e+00,2.147939e+00
5.936250e-05,1.804334e+00,2.147939e+00
5.940000e-05,1.804334e+00,2.147939e+00
5.943750e-05,1.804334e+00,2.147939e+00
5.947500e-05,1.804334e+00,2.147939e+00
5.951250e-05,1.810615e+00,2.152764e+00
5.955000e-05,1.810615e+00,2.152764e+00
5.958750e-05,1.810615e+00,2.152764e+00
5.962500e-05,1.810615e+00,2.152764e+00
5.966250e-05,1.810615e+00,2.152764e+00
5.970000e-05,1.810615e+00,2.157588e+00
5.973750e-05,1.810615e+00,2.157588e+00
5.977500e-05,1.816897e+00,2.157588e+00
5.981250e-05,1.816897e+00,2.157588e+00
5.985000e-05,1.816897e+00,2.157588e+00
5.988750e-05,1.823178e+00,2.157588e+00
5.992500e-05,1.823178e+00,2.162412e+00
5.996250e-05,1.823178e+00,2.162412e+00
6.000000e-05,1.823178e+00,2.162412e+00
6.003750e-05,1.823178e+00,2.167236e+00
6.007500e-05,1.829460e+00,2.167236e+00
6.011250e-05,1.829460e+00,2.167236e+00
6.015000e-05,1.829460e+00,2.167236e+00
6.018750e-05,1.835741e+00,2.172060e+00
6.022500e-05,1.835741e+00,2.172060e+00
6.026250e-05,1.835741e+00,2.172060e+00
6.030000e-05,1.842022e+00,2.176884e+00
6.033750e-05,1.842022e+00,2.176884e+00
6.037500e-05,1.842022e+00,2.176884e+00
6.041250e-05,1.842022e+00,2.176884e+00
6.045000e-05,1.848304e+00,2.181708e+00
6.048750e-05,1.848304e+00,2.181708e+00
6.052500e-05,1.848304e+00,2.181708e+00
6.056250e-05,1.854585e+00,2.181708e+00
6.060000e-05,1.854585e+00,2.186532e+00
6.063750e-05,1.860867e+00,2.186532e+00
6.067500e-05,1.860867e+00,2.186532e+00
6.071250e-05,1.860867e+00,2.186532e+00
6.075000e-05,1.860867e+00,2.191356e+00
6.078750e-05,1.860867e+00,2.191356e+00
6.082500e-05,1.867148e+00,2.191356e+00
6.086250e-05,1.867148e+00,2.196181e+00
6.090000e-05,1.867148e+00,2.196181e+00
6.093750e-05,1.867148e+00,2.201005e+00
6.097500e-05,1.867148e+00,2.201005e+00
6.101250e-05,1.873429e+00,2.201005e+00
6.105000e-05,1.873429e+00,2.201005e+00
6.108750e-05,1.873429e+00,2.205829e+00
6.112500e-05,1.873429e+00,2.205829e+00
6.116250e-05,1.879711e+00,2.205829e+00
6.120000e-05,1.879711e+00,2.205829e+00
6.123750e-05,1.879711e+00,2.210653e+00
6.127500e-05,1.879711e+00,2.210653e+00
6.131250e-05,1.879711e+00,2.210653e+00
6.135000e-05,1.879711e+00,2.210653e+00
6.138750e-05,1.885992e+00,2.210653e+00
6.142500e-05,1.885992e+00,2.215477e+00
6.146250e-05,1.885992e+00,2.215477e+00
6.150000e-05,1.885992e+00,2.215477e+00
6.153750e-05,1.885992e+00,2.215477e+00
6.157500e-05,1.885992e+00,2.220301e+00
6.161250e-05,1.885992e+00,2.220301e+00
6.165000e-05,1.892274e+00,2.220301e+00
6.168750e-05,1.885992e+00,2.220301e+00
6.172500e-05,1.892274e+00,2.220301e+00
6.176250e-05,1.892274e+00,2.225125e+00
6.180000e-05,1.892274e+00,2.225125e+00
6.183750e-05,1.892274e+00,2.225125e+00
6.187500e-05,1.892274e+00,2.225125e+00
6.191250e-05,1.892274e+00,2.225125e+00
6.195000e-05,1.892274e+00,2.229949e+00
6.198750e-05,1.892274e+00,2.229949e+00
6.202500e-05,1.892274e+00,2.229949e+00
6.206250e-05,1.892274e+00,2.229949e+00
6.210000e-05,1.892274e+00,2.234774e+00
6.213750e-05,1.892274e+00,2.234774e+00
6.217500e-05,1.892274e+00,2.234774e+00
6.221250e-05,1.898555e+00,2.234774e+00
6.225000e-05,1.898555e+00,2.239598e+00
6.228750e-05,1.898555e+00,2.239598e+00
6.232500e-05,1.898555e+00,2.239598e+00
6.236250e-05,1.898555e+00,2.239598e+00
6.240000e-05,1.898555e+00,2.244422e+00
6.243750e-05,1.898555e+00,2.244422e+00
6.247500e-05,1.898555e+00,2.244422e+00
6.251250e-05,1.898555e+00,2.244422e+00
6.255000e-05,1.898555e+00,2.249246e+00
6.258750e-05,1.898555e+00,2.249246e+00
6.262500e-05,1.904836e+00,2.249246e+00
6.266250e-05,1.904836e+00,2.254070e+00
6.270000e-05,1.904836e+00,2.254070e+00
6.273750e-05,1.904836e+00,2.254070e+00
6.277500e-05,1.904836e+00,2.254070e+00
6.281250e-05,1.904836e+00,2.258894e+00
6.285000e-05,1.911118e+00,2.258894e+00
6.288750e-05,1.911118e+00,2.263718e+00
6.292500e-05,1.911118e+00,2.263718e+00
6.296250e-05,1.911118e+00,2.263718e+00
6.300000e-05,1.917399e+00,2.268542e+00
6.303750e-05,1.917399e+00,2.268542e+00
6.307500e-05,1.917399e+00,2.268542e+00
6.311250e-05,1.917399e+00,2.268542e+00
6.315000e-05,1.917399e+00,2.273367e+00
6.318750e-05,1.923681e+00,2.273367e+00
6.322500e-05,1.923681e+00,2.273367e+00
6.326250e-05,1.923681e+00,2.273367e+00
6.330000e-05,1.923681e+00,2.278191e+00
6.333750e-05,1.923681e+00,2.278191e+00
6.337500e-05,1.929962e+00,2.278191e+00
6.341250e-05,1.929962e+00,2.283015e+00
6.345000e-05,1.936243e+00,2.283015e+00
6.348750e-05,1.936243e+00,2.283015e+00
6.352500e-05,1.936243e+00,2.287839e+00
6.356250e-05,1.942525e+00,2.287839e+00
6.360000e-05,1.942525e+00,2.287839e+00
6.363750e-05,1.942525e+00,2.287839e+00
6.367500e-05,1.942525e+00,2.287839e+00
6.371250e-05,1.948806e+00,2.292663e+00
6.375000e-05,1.948806e+00,2.292663e+00
6.378750e-05,1.948806e+00,2.292663e+00
6.382500e-05,1.955088e+00,2.292663e+00
6.386250e-05,1.955088e+00,2.292663e+00
6.390000e-05,1.955088e+00,2.297487e+00
6.393750e-05,1.961369e+00,2.297487e+00
6.397500e-05,1.961369e+00,2.297487e+00
6.401250e-05,1.961369e+00,2.302311e+00
6.405000e-05,1.961369e+00,2.302311e+00
6.408750e-05,1.967651e+00,2.302311e+00
6.412500e-05,1.967651e+00,2.302311e+00
6.416250e-05,1.967651e+00,2.302311e+00
6.420000e-05,1.967651e+00,2.307135e+00
6.423750e-05,1.967651e+00,2.307135e+00
6.427500e-05,1.973932e+00,2.307135e+00
6.431250e-05,1.973932e+00,2.307135e+00
6.435000e-05,1.973932e+00,2.311959e+00
6.438750e-05,1.980213e+00,2.311959e+00
6.442500e-05,1.980213e+00,2.311959e+00
6.446250e-05,1.980213e+00,2.311959e+00
6.450000e-05,1.980213e+00,2.311959e+00
6.453750e-05,1.980213e+00,2.316784e+00
6.457500e-05,1.980213e+00,2.316784e+00
6.461250e-05,1.980213e+00,2.316784e+00
6.465000e-05,1.986495e+00,2.321608e+00
6.468750e-05,1.980213e+00,2.321608e+00
6.472500e-05,1.986495e+00,2.321608e+00
6.476250e-05,1.986495e+00,2.321608e+00
6.480000e-05,1.986495e+00,2.326432e+00
6.483750e-05,1.986495e+00,2.326432e+00
6.487500e-05,1.986495e+00,2.326432e+00
6.491250e-05,1.992776e+00,2.326432e+00
6.495000e-05,1.992776e+00,2.331256e+00
6.498750e-05,1.992776e+00,2.331256e+00
6.502500e-05,1.992776e+00,2.331256e+00
6.506250e-05,1.992776e+00,2.331256e+00
6.510000e-05,1.992776e+00,2.336080e+00
6.513750e-05,1.992776e+00,2.336080e+00
6.517500e-05,1.992776e+00,2.340904e+00
6.521250e-05,1.992776e+00,2.340904e+00
6.525000e-05,1.992776e+00,2.340904e+00
6.528750e-05,1.992776e+00,2.345728e+00
6.532500e-05,1.992776e+00,2.345728e+00
6.536250e-05,1.992776e+00,2.350552e+00
6.540000e-05,1.992776e+00,2.350552e+00
6.543750e-05,1.999058e+00,2.350552e+00
6.547500e-05,1.999058e+00,2.350552e+00
6.551250e-05,1.999058e+00,2.355377e+00
6.555000e-05,1.999058e+00,2.355377e+00
6.558750e-05,1.999058e+00,2.355377e+00
6.562500e-05,1.999058e+00,2.355377e+00
6.566250e-05,1.999058e+00,2.360201e+00
6.570000e-05,1.999058e+00,2.360201e+00
6.573750e-05,1.999058e+00,2.360201e+00
6.577500e-05,1.999058e+00,2.365025e+00
6.581250e-05,1.999058e+00,2.365025e+00
6.585000e-05,1.999058e+00,2.365025e+00
6.588750e-05,1.999058e+00,2.365025e+00
6.592500e-05,2.005339e+00,2.365025e+00
6.596250e-05,2.005339e+00,2.369849e+00
6.600000e-05,2.005339e+00,2.369849e+00
6.603750e-05,2.005339e+00,2.369849e+00
6.607500e-05,2.005339e+00,2.374673e+00
6.611250e-05,2.011620e+00,2.374673e+00
6.615000e-05,2.005339e+00,2.374673e+00
6.618750e-05,2.011620e+00,2.374673e+00
6.622500e-05,2.011620e+00,2.379497e+00
6.626250e-05,2.011620e+00,2.374673e+00
6.630000e-05,2.017902e+00,2.379497e+00
6.633750e-05,2.017902e+00,2.379497e+00
6.637500e-05,2.017902e+00,2.379497e+00
6.641250e-05,2.017902e+00,2.384321e+00
6.645000e-05,2.017902e+00,2.384321e+00
6.648750e-05,2.017902e+00,2.384321e+00
6.652500e-05,2.024183e+00,2.384321e+00
6.656250e-05,2.024183e+00,2.384321e+00
6.660000e-05,2.024183e+00,2.389145e+00
6.663750e-05,2.024183e+00,2.389145e+00
6.667500e-05,2.030465e+00,2.389145e+00
6.671250e-05,2.030465e+00,2.389145e+00
6.675000e-05,2.030465e+00,2.393970e+00
6.678750e-05,2.036746e+00,2.393970e+00
6.682500e-05,2.036746e+00,2.393970e+00
6.686250e-05,2.036746e+00,2.393970e+00
6.690000e-05,2.036746e+00,2.398794e+00
6.693750e-05,2.043027e+00,2.398794e+00
6.697500e-05,2.043027e+00,2.398794e+00
6.701250e-05,2.049309e+00,2.403618e+00
6.705000e-05,2.049309e+00,2.403618e+00
6.708750e-05,2.049309e+00,2.403618e+00
6.712500e-05,2.055590e+00,2.403618e+00
6.716250e-05,2.055590e+00,2.408442e+00
6.720000e-05,2.055590e+00,2.408442e+00
6.723750e-05,2.055590e+00,2.413266e+00
6.727500e-05,2.055590e+00,2.413266e+00
6.731250e-05,2.061872e+00,2.413266e+00
6.735000e-05,2.061872e+00,2.413266e+00
6.738750e-05,2.061872e+00,2.413266e+00
6.742500e-05,2.068153e+00,2.418090e+00
6.746250e-05,2.068153e+00,2.418090e+00
6.750000e-05,2.068153e+00,2.422914e+00
6.753750e-05,2.068153e+00,2.422914e+00
6.757500e-05,2.074434e+00,2.422914e+00
6.761250e-05,2.074434e+00,2.422914e+00
6.765000e-05,2.074434e+00,2.427738e+00
6.768750e-05,2.074434e+00,2.427738e+00
6.772500e-05,2.074434e+00,2.432562e+00
6.776250e-05,2.080716e+00,2.432562e+00
6.780000e-05,2.080716e+00,2.432562e+00
6.783750e-05,2.080716e+00,2.432562e+00
6.787500e-05,2.080716e+00,2.437387e+00
6.791250e-05,2.080716e+00,2.437387e+00
6.795000e-05,2.080716e+00,2.437387e+00
6.798750e-05,2.086997e+00,2.437387e+00
6.802500e-05,2.086997e+00,2.442211e+00
6.806250e-05,2.086997e+00,2.442211e+00
6.810000e-05,2.086997e+00,2.442211e+00
6.813750e-05,2.086997e+00,2.447035e+00
6.817500e-05,2.086997e+00,2.447035e+00
6.821250e-05,2.086997e+00,2.447035e+00
6.825000e-05,2.086997e+00,2.447035e+00
6.828750e-05,2.086997e+00,2.447035e+00
6.832500e-05,2.086997e+00,2.447035e+00
6.836250e-05,2.093279e+00,2.447035e+00
6.840000e-05,2.093279e+00,2.451859e+00
6.843750e-05,2.093279e+00,2.451859e+00
6.847500e-05,2.093279e+00,2.451859e+00
6.851250e-05,2.093279e+00,2.456683e+00
6.855000e-05,2.093279e+00,2.456683e+00
6.858750e-05,2.093279e+00,2.456683e+00
6.862500e-05,2.093279e+00,2.456683e+00
6.866250e-05,2.093279e+00,2.456683e+00
6.870000e-05,2.093279e+00,2.461507e+00
6.873750e-05,2.093279e+00,2.461507e+00
6.877500e-05,2.099560e+00,2.461507e+00
6.881250e-05,2.099560e+00,2.461507e+00
6.885000e-05,2.099560e+00,2.461507e+00
6.888750e-05,2.099560e+00,2.461507e+00
6.892500e-05,2.099560e+00,2.466331e+00
6.896250e-05,2.099560e+00,2.466331e+00
6.900000e-05,2.099560e+00,2.466331e+00
6.903750e-05,2.099560e+00,2.466331e+00
6.907500e-05,2.099560e+00,2.471155e+00
6.911250e-05,2.099560e+00,2.471155e+00
6.915000e-05,2.099560e+00,2.471155e+00
6.918750e-05,2.105841e+00,2.471155e+00
6.922500e-05,2.105841e+00,2.475980e+00
6.926250e-05,2.105841e+00,2.471155e+00
6.930000e-05,2.105841e+00,2.475980e+00
6.933750e-05,2.112123e+00,2.480804e+00
6.937500e-05,2.112123e+00,2.480804e+00
6.941250e-05,2.112123e+00,2.480804e+00
6.945000e-05,2.112123e+00,2.480804e+00
6.948750e-05,2.112123e+00,2.485628e+00
6.952500e-05,2.112123e+00,2.485628e+00
6.956250e-05,2.112123e+00,2.485628e+00
6.960000e-05,2.118404e+00,2.485628e+00
6.963750e-05,2.118404e+00,2.490452e+00
6.967500e-05,2.118404e+00,2.490452e+00
6.971250e-05,2.124686e+00,2.490452e+00
6.975000e-05,2.124686e+00,2.495276e+00
6.978750e-05,2.124686e+00,2.495276e+00
6.982500e-05,2.124686e+00,2.495276e+00
6.986250e-05,2.130967e+00,2.495276e+00
6.990000e-05,2.130967e+00,2.500100e+00
6.993750e-05,2.130967e+00,2.500100e+00
6.997500e-05,2.130967e+00,2.504924e+00
7.001250e-05,2.137248e+00,2.504924e+00
7.005000e-05,2.137248e+00,2.504924e+00
7.008750e-05,2.137248e+00,2.504924e+00
7.012500e-05,2.143530e+00,2.504924e+00
7.016250e-05,2.143530e+00,2.509748e+00
7.020000e-05,2.143530e+00,2.509748e+00
7.023750e-05,2.149811e+00,2.509748e+00
7.027500e-05,2.149811e+00,2.514573e+00
7.031250e-05,2.149811e+00,2.514573e+00
7.035000e-05,2.156093e+00,2.514573e+00
7.038750e-05,2.156093e+00,2.514573e+00
7.042500e-05,2.156093e+00,2.519397e+00
7.046250e-05,2.156093e+00,2.519397e+00
7.050000e-05,2.162374e+00,2.519397e+00
7.053750e-05,2.162374e+00,2.524221e+00
7.057500e-05,2.162374e+00,2.524221e+00
7.061250e-05,2.168656e+00,2.524221e+00
7.065000e-05,2.162374e+00,2.524221e+00
7.068750e-05,2.168656e+00,2.524221e+00
7.072500e-05,2.168656e+00,2.524221e+00
7.076250e-05,2.174937e+00,2.529045e+00
7.080000e-05,2.168656e+00,2.529045e+00
7.083750e-05,2.174937e+00,2.529045e+00
7.087500e-05,2.174937e+00,2.529045e+00
7.091250e-05,2.174937e+00,2.529045e+00
7.095000e-05,2.174937e+00,2.533869e+00
7.098750e-05,2.181218e+00,2.533869e+00
7.102500e-05,2.181218e+00,2.533869e+00
7.106250e-05,2.181218e+00,2.533869e+00
7.110000e-05,2.181218e+00,2.533869e+00
7.113750e-05,2.181218e+00,2.538693e+00
7.117500e-05,2.187500e+00,2.538693e+00
7.121250e-05,2.187500e+00,2.538693e+00
7.125000e-05,2.187500e+00,2.538693e+00
7.128750e-05,2.187500e+00,2.538693e+00
7.132500e-05,2.187500e+00,2.543517e+00
7.136250e-05,2.187500e+00,2.543517e+00
7.140000e-05,2.187500e+00,2.543517e+00
7.143750e-05,2.187500e+00,2.543517e+00
7.147500e-05,2.187500e+00,2.543517e+00
7.151250e-05,2.193781e+00,2.543517e+00
7.155000e-05,2.193781e+00,2.548341e+00
7.158750e-05,2.193781e+00,2.548341e+00
7.162500e-05,2.193781e+00,2.548341e+00
7.166250e-05,2.193781e+00,2.553165e+00
7.170000e-05,2.193781e+00,2.553165e+00
7.173750e-05,2.193781e+00,2.553165e+00
7.177500e-05,2.193781e+00,2.553165e+00
7.181250e-05,2.193781e+00,2.557990e+00
7.185000e-05,2.193781e+00,2.557990e+00
7.188750e-05,2.193781e+00,2.557990e+00
7.192500e-05,2.193781e+00,2.557990e+00
7.196250e-05,2.193781e+00,2.562814e+00
7.200000e-05,2.200063e+00,2.562814e+00
7.203750e-05,2.200063e+00,2.562814e+00
7.207500e-05,2.200063e+00,2.567638e+00
7.211250e-05,2.200063e+00,2.567638e+00
7.215000e-05,2.200063e+00,2.567638e+00
7.218750e-05,2.200063e+00,2.567638e+00
7.222500e-05,2.200063e+00,2.572462e+00
7.226250e-05,2.200063e+00,2.572462e+00
7.230000e-05,2.200063e+00,2.572462e+00
7.233750e-05,2.200063e+00,2.577286e+00
7.237500e-05,2.200063e+00,2.577286e+00
7.241250e-05,2.200063e+00,2.582110e+00
7.245000e-05,2.206344e+00,2.582110e+00
7.248750e-05,2.206344e+00,2.582110e+00
7.252500e-05,2.206344e+00,2.582110e+00
7.256250e-05,2.206344e+00,2.586934e+00
7.260000e-05,2.206344e+00,2.586934e+00
7.263750e-05,2.206344e+00,2.586934e+00
7.267500e-05,2.212625e+00,2.591758e+00
7.271250e-05,2.212625e+00,2.591758e+00
7.275000e-05,2.212625e+00,2.591758e+00
7.278750e-05,2.212625e+00,2.591758e+00
7.282500e-05,2.212625e+00,2.591758e+00
7.286250e-05,2.218907e+00,2.596583e+00
7.290000e-05,2.218907e+00,2.596583e+00
7.293750e-05,2.218907e+00,2.596583e+00
7.297500e-05,2.218907e+00,2.601407e+00
7.301250e-05,2.225188e+00,2.601407e+00
7.305000e-05,2.225188e+00,2.601407e+00
7.308750e-05,2.225188e+00,2.601407e+00
7.312500e-05,2.231470e+00,2.606231e+00
7.316250e-05,2.231470e+00,2.606231e+00
7.320000e-05,2.231470e+00,2.606231e+00
7.323750e-05,2.231470e+00,2.606231e+00
7.327500e-05,2.237751e+00,2.611055e+00
7.331250e-05,2.237751e+00,2.611055e+00
7.335000e-05,2.237751e+00,2.611055e+00
7.338750e-05,2.244032e+00,2.611055e+00
7.342500e-05,2.244032e+00,2.611055e+00
7.346250e-05,2.244032e+00,2.615879e+00
7.350000e-05,2.244032e+00,2.615879e+00
7.353750e-05,2.244032e+00,2.615879e+00
7.357500e-05,2.250314e+00,2.620703e+00
7.361250e-05,2.250314e+00,2.620703e+00
7.365000e-05,2.256595e+00,2.620703e+00
7.368750e-05,2.256595e+00,2.620703e+00
7.372500e-05,2.256595e+00,2.620703e+00
7.376250e-05,2.256595e+00,2.625527e+00
7.380000e-05,2.262877e+00,2.625527e+00
7.383750e-05,2.262877e+00,2.625527e+00
7.387500e-05,2.262877e+00,2.625527e+00
7.391250e-05,2.262877e+00,2.630351e+00
7.395000e-05,2.269158e+00,2.630351e+00
7.398750e-05,2.269158e+00,2.635176e+00
7.402500e-05,2.269158e+00,2.635176e+00
7.406250e-05,2.275439e+00,2.635176e+00
7.410000e-05,2.275439e+00,2.635176e+00
7.413750e-05,2.275439e+00,2.640000e+00
7.417500e-05,2.275439e+00,2.640000e+00
7.421250e-05,2.281721e+00,2.640000e+00
7.425000e-05,2.281721e+00,2.640000e+00
7.428750e-05,2.281721e+00,2.644824e+00
7.432500e-05,2.281721e+00,2.644824e+00
7.436250e-05,2.281721e+00,2.649648e+00
7.440000e-05,2.281721e+00,2.649648e+00
7.443750e-05,2.281721e+00,2.649648e+00
7.447500e-05,2.288002e+00,2.654472e+00
7.451250e-05,2.288002e+00,2.649648e+00
7.455000e-05,2.288002e+00,2.654472e+00
7.458750e-05,2.288002e+00,2.659296e+00
7.462500e-05,2.288002e+00,2.659296e+00
7.466250e-05,2.288002e+00,2.659296e+00
7.470000e-05,2.288002e+00,2.664120e+00
7.473750e-05,2.288002e+00,2.659296e+00
7.477500e-05,2.294284e+00,2.664120e+00
7.481250e-05,2.294284e+00,2.664120e+00
7.485000e-05,2.294284e+00,2.668944e+00
7.488750e-05,2.294284e+00,2.668944e+00
7.492500e-05,2.294284e+00,2.668944e+00
7.496250e-05,2.294284e+00,2.673768e+00
7.500000e-05,2.294284e+00,2.673768e+00
7.503750e-05,2.294284e+00,2.673768e+00
7.507500e-05,2.294284e+00,2.673768e+00
7.511250e-05,2.294284e+00,2.673768e+00
7.515000e-05,2.294284e+00,2.673768e+00
7.518750e-05,2.294284e+00,2.678593e+00
7.522500e-05,2.294284e+00,2.678593e+00
7.526250e-05,2.300565e+00,2.678593e+00
7.530000e-05,2.300565e+00,2.683417e+00
7.533750e-05,2.300565e+00,2.683417e+00
7.537500e-05,2.300565e+00,2.683417e+00
7.541250e-05,2.300565e+00,2.683417e+00
7.545000e-05,2.300565e+00,2.683417e+00
7.548750e-05,2.300565e+00,2.683417e+00
7.552500e-05,2.300565e+00,2.688241e+00
7.556250e-05,2.300565e+00,2.688241e+00
7.560000e-05,2.300565e+00,2.688241e+00
7.563750e-05,2.300565e+00,2.688241e+00
7.567500e-05,2.306846e+00,2.693065e+00
7.571250e-05,2.306846e+00,2.693065e+00
7.575000e-05,2.306846e+00,2.693065e+00
7.578750e-05,2.306846e+00,2.693065e+00
7.582500e-05,2.306846e+00,2.693065e+00
7.586250e-05,2.306846e+00,2.693065e+00
7.590000e-05,2.306846e+00,2.697889e+00
7.593750e-05,2.306846e+00,2.697889e+00
7.597500e-05,2.313128e+00,2.697889e+00
7.601250e-05,2.313128e+00,2.702713e+00
7.605000e-05,2.313128e+00,2.702713e+00
7.608750e-05,2.313128e+00,2.702713e+00
7.612500e-05,2.313128e+00,2.707537e+00
7.616250e-05,2.319409e+00,2.707537e+00
7.620000e-05,2.319409e+00,2.707537e+00
7.623750e-05,2.319409e+00,2.712361e+00
7.627500e-05,2.319409e+00,2.707537e+00
7.631250e-05,2.325691e+00,2.707537e+00
7.635000e-05,2.325691e+00,2.712361e+00
7.638750e-05,2.325691e+00,2.717186e+00
7.642500e-05,2.325691e+00,2.717186e+00
7.646250e-05,2.331972e+00,2.717186e+00
7.650000e-05,2.331972e+00,2.717186e+00
7.653750e-05,2.331972e+00,2.717186e+00
7.657500e-05,2.331972e+00,2.722010e+00
7.661250e-05,2.338254e+00,2.722010e+00
7.665000e-05,2.338254e+00,2.722010e+00
7.668750e-05,2.338254e+00,2.726834e+00
7.672500e-05,2.338254e+00,2.726834e+00
7.676250e-05,2.344535e+00,2.726834e+00
7.680000e-05,2.344535e+00,2.731658e+00
7.683750e-05,2.344535e+00,2.731658e+00
7.687500e-05,2.344535e+00,2.731658e+00
7.691250e-05,2.350816e+00,2.736482e+00
7.695000e-05,2.350816e+00,2.736482e+00
7.698750e-05,2.350816e+00,2.736482e+00
7.702500e-05,2.357098e+00,2.741306e+00
7.706250e-05,2.357098e+00,2.741306e+00
7.710000e-05,2.357098e+00,2.741306e+00
7.713750e-05,2.357098e+00,2.741306e+00
7.717500e-05,2.363379e+00,2.746130e+00
7.721250e-05,2.363379e+00,2.746130e+00
7.725000e-05,2.363379e+00,2.746130e+00
7.728750e-05,2.369661e+00,2.746130e+00
7.732500e-05,2.369661e+00,2.750954e+00
7.736250e-05,2.369661e+00,2.750954e+00
7.740000e-05,2.369661e+00,2.750954e+00
7.743750e-05,2.369661e+00,2.750954e+00
7.747500e-05,2.375942e+00,2.755779e+00
7.751250e-05,2.375942e+00,2.755779e+00
7.755000e-05,2.375942e+00,2.755779e+00
7.758750e-05,2.375942e+00,2.755779e+00
7.762500e-05,2.375942e+00,2.760603e+00
7.766250e-05,2.382223e+00,2.760603e+00
7.770000e-05,2.382223e+00,2.760603e+00
7.773750e-05,2.382223e+00,2.760603e+00
7.777500e-05,2.382223e+00,2.760603e+00
7.781250e-05,2.382223e+00,2.765427e+00
7.785000e-05,2.382223e+00,2.765427e+00
7.788750e-05,2.382223e+00,2.765427e+00
7.792500e-05,2.388505e+00,2.765427e+00
7.796250e-05,2.388505e+00,2.770251e+00
7.800000e-05,2.388505e+00,2.770251e+00
7.803750e-05,2.388505e+00,2.770251e+00
7.807500e-05,2.388505e+00,2.770251e+00
7.811250e-05,2.388505e+00,2.770251e+00
7.815000e-05,2.388505e+00,2.775075e+00
7.818750e-05,2.388505e+00,2.775075e+00
7.822500e-05,2.388505e+00,2.775075e+00
7.826250e-05,2.394786e+00,2.775075e+00
7.830000e-05,2.394786e+00,2.775075e+00
7.833750e-05,2.394786e+00,2.779899e+00
7.837500e-05,2.394786e+00,2.779899e+00
7.841250e-05,2.394786e+00,2.779899e+00
7.845000e-05,2.394786e+00,2.779899e+00
7.848750e-05,2.394786e+00,2.779899e+00
7.852500e-05,2.394786e+00,2.784723e+00
7.856250e-05,2.394786e+00,2.784723e+00
7.860000e-05,2.394786e+00,2.784723e+00
7.863750e-05,2.394786e+00,2.784723e+00
7.867500e-05,2.401068e+00,2.789547e+00
7.871250e-05,2.401068e+00,2.789547e+00
7.875000e-05,2.401068e+00,2.794371e+00
7.878750e-05,2.401068e+00,2.794371e+00
7.882500e-05,2.401068e+00,2.794371e+00
7.886250e-05,2.401068e+00,2.794371e+00
7.890000e-05,2.401068e+00,2.794371e+00
7.893750e-05,2.401068e+00,2.799196e+00
7.897500e-05,2.401068e+00,2.799196e+00
7.901250e-05,2.407349e+00,2.799196e+00
7.905000e-05,2.407349e+00,2.804020e+00
7.908750e-05,2.407349e+00,2.804020e+00
7.912500e-05,2.407349e+00,2.808844e+00
7.916250e-05,2.407349e+00,2.808844e+00
7.920000e-05,2.407349e+00,2.808844e+00
7.923750e-05,2.407349e+00,2.813668e+00
7.927500e-05,2.413630e+00,2.813668e+00
7.931250e-05,2.413630e+00,2.813668e+00
7.935000e-05,2.413630e+00,2.813668e+00
7.938750e-05,2.413630e+00,2.818492e+00
7.942500e-05,2.419912e+00,2.818492e+00
7.946250e-05,2.419912e+00,2.818492e+00
7.950000e-05,2.419912e+00,2.823316e+00
7.953750e-05,2.419912e+00,2.823316e+00
7.957500e-05,2.419912e+00,2.823316e+00
7.961250e-05,2.426193e+00,2.823316e+00
7.965000e-05,2.426193e+00,2.828140e+00
7.968750e-05,2.426193e+00,2.828140e+00
7.972500e-05,2.432475e+00,2.828140e+00
7.976250e-05,2.432475e+00,2.828140e+00
7.980000e-05,2.432475e+00,2.832964e+00
7.983750e-05,2.432475e+00,2.828140e+00
7.987500e-05,2.438756e+00,2.832964e+00
7.991250e-05,2.438756e+00,2.832964e+00
7.995000e-05,2.438756e+00,2.832964e+00
7.998750e-05,2.438756e+00,2.837789e+00
8.002500e-05,2.445037e+00,2.837789e+00
8.006250e-05,2.445037e+00,2.837789e+00
8.010000e-05,2.445037e+00,2.842613e+00
8.013750e-05,2.451319e+00,2.842613e+00
8.017500e-05,2.451319e+00,2.842613e+00
8.021250e-05,2.451319e+00,2.842613e+00
8.025000e-05,2.451319e+00,2.842613e+00
8.028750e-05,2.451319e+00,2.842613e+00
8.032500e-05,2.457600e+00,2.842613e+00
8.036250e-05,2.457600e+00,2.847437e+00
8.040000e-05,2.463882e+00,2.847437e+00
8.043750e-05,2.463882e+00,2.847437e+00
8.047500e-05,2.463882e+00,2.847437e+00
8.051250e-05,2.463882e+00,2.847437e+00
8.055000e-05,2.470163e+00,2.847437e+00
8.058750e-05,2.470163e+00,2.847437e+00
8.062500e-05,2.470163e+00,2.852261e+00
8.066250e-05,2.476444e+00,2.852261e+00
8.070000e-05,2.470163e+00,2.852261e+00
8.073750e-05,2.470163e+00,2.852261e+00
8.077500e-05,2.476444e+00,2.857085e+00
8.081250e-05,2.476444e+00,2.857085e+00
8.085000e-05,2.476444e+00,2.857085e+00
8.088750e-05,2.482726e+00,2.861909e+00
8.092500e-05,2.482726e+00,2.861909e+00
8.096250e-05,2.482726e+00,2.861909e+00
8.100000e-05,2.482726e+00,2.861909e+00
8.103750e-05,2.482726e+00,2.866733e+00
8.107500e-05,2.489007e+00,2.866733e+00
8.111250e-05,2.489007e+00,2.866733e+00
8.115000e-05,2.489007e+00,2.871557e+00
8.118750e-05,2.489007e+00,2.871557e+00
8.122500e-05,2.489007e+00,2.876382e+00
8.126250e-05,2.489007e+00,2.871557e+00
8.130000e-05,2.489007e+00,2.876382e+00
8.133750e-05,2.489007e+00,2.876382e+00
8.137500e-05,2.495289e+00,2.876382e+00
8.141250e-05,2.495289e+00,2.881206e+00
8.145000e-05,2.495289e+00,2.881206e+00
8.148750e-05,2.495289e+00,2.886030e+00
8.152500e-05,2.495289e+00,2.886030e+00
8.156250e-05,2.495289e+00,2.886030e+00
8.160000e-05,2.495289e+00,2.886030e+00
8.163750e-05,2.495289e+00,2.886030e+00
8.167500e-05,2.495289e+00,2.890854e+00
8.171250e-05,2.495289e+00,2.890854e+00
8.175000e-05,2.495289e+00,2.890854e+00
8.178750e-05,2.495289e+00,2.895678e+00
8.182500e-05,2.495289e+00,2.895678e+00
8.186250e-05,2.495289e+00,2.900502e+00
8.190000e-05,2.501570e+00,2.900502e+00
8.193750e-05,2.501570e+00,2.900502e+00
8.197500e-05,2.501570e+00,2.900502e+00
8.201250e-05,2.501570e+00,2.900502e+00
8.205000e-05,2.501570e+00,2.905326e+00
8.208750e-05,2.501570e+00,2.905326e+00
8.212500e-05,2.501570e+00,2.905326e+00
8.216250e-05,2.501570e+00,2.905326e+00
8.220000e-05,2.501570e+00,2.910150e+00
8.223750e-05,2.501570e+00,2.910150e+00
8.227500e-05,2.501570e+00,2.910150e+00
8.231250e-05,2.501570e+00,2.914974e+00
8.235000e-05,2.501570e+00,2.914974e+00
8.238750e-05,2.501570e+00,2.914974e+00
8.242500e-05,2.507851e+00,2.914974e+00
8.246250e-05,2.507851e+00,2.919799e+00
8.250000e-05,2.507851e+00,2.919799e+00
8.253750e-05,2.507851e+00,2.919799e+00
8.257500e-05,2.507851e+00,2.919799e+00
8.261250e-05,2.507851e+00,2.919799e+00
8.265000e-05,2.507851e+00,2.924623e+00
8.268750e-05,2.514133e+00,2.924623e+00
8.272500e-05,2.514133e+00,2.924623e+00
8.276250e-05,2.514133e+00,2.929447e+00
8.280000e-05,2.514133e+00,2.929447e+00
8.283750e-05,2.514133e+00,2.929447e+00
8.287500e-05,2.520414e+00,2.929447e+00
8.291250e-05,2.520414e+00,2.929447e+00
8.295000e-05,2.520414e+00,2.934271e+00
8.298750e-05,2.520414e+00,2.934271e+00
8.302500e-05,2.526696e+00,2.934271e+00
8.306250e-05,2.526696e+00,2.939095e+00
8.310000e-05,2.526696e+00,2.939095e+00
8.313750e-05,2.526696e+00,2.939095e+00
8.317500e-05,2.532977e+00,2.943919e+00
8.321250e-05,2.532977e+00,2.939095e+00
8.325000e-05,2.532977e+00,2.943919e+00
8.328750e-05,2.539259e+00,2.948743e+00
8.332500e-05,2.539259e+00,2.948743e+00
8.336250e-05,2.539259e+00,2.948743e+00
8.340000e-05,2.539259e+00,2.948743e+00
8.343750e-05,2.545540e+00,2.948743e+00
8.347500e-05,2.545540e+00,2.953567e+00
8.351250e-05,2.545540e+00,2.953567e+00
8.355000e-05,2.551821e+00,2.953567e+00
8.358750e-05,2.551821e+00,2.958392e+00
8.362500e-05,2.551821e+00,2.958392e+00
8.366250e-05,2.558103e+00,2.958392e+00
8.370000e-05,2.558103e+00,2.958392e+00
8.373750e-05,2.558103e+00,2.963216e+00
8.377500e-05,2.558103e+00,2.963216e+00
8.381250e-05,2.558103e+00,2.968040e+00
8.385000e-05,2.564384e+00,2.968040e+00
8.388750e-05,2.564384e+00,2.968040e+00
8.392500e-05,2.564384e+00,2.968040e+00
8.396250e-05,2.564384e+00,2.972864e+00
8.400000e-05,2.570666e+00,2.972864e+00
8.403750e-05,2.570666e+00,2.972864e+00
8.407500e-05,2.576947e+00,2.977688e+00
8.411250e-05,2.576947e+00,2.977688e+00
8.415000e-05,2.576947e+00,2.977688e+00
8.418750e-05,2.576947e+00,2.982512e+00
8.422500e-05,2.576947e+00,2.982512e+00
8.426250e-05,2.576947e+00,2.982512e+00
8.430000e-05,2.583228e+00,2.982512e+00
8.433750e-05,2.583228e+00,2.982512e+00
8.437500e-05,2.583228e+00,2.987336e+00
8.441250e-05,2.583228e+00,2.987336e+00
8.445000e-05,2.583228e+00,2.992160e+00
8.448750e-05,2.583228e+00,2.992160e+00
8.452500e-05,2.589510e+00,2.992160e+00
8.456250e-05,2.589510e+00,2.992160e+00
8.460000e-05,2.589510e+00,2.992160e+00
8.463750e-05,2.589510e+00,2.992160e+00
8.467500e-05,2.589510e+00,2.996985e+00
8.471250e-05,2.589510e+00,2.996985e+00
8.475000e-05,2.589510e+00,2.996985e+00
8.478750e-05,2.589510e+00,2.996985e+00
8.482500e-05,2.595791e+00,2.996985e+00
8.486250e-05,2.595791e+00,2.996985e+00
8.490000e-05,2.595791e+00,3.001809e+00
8.493750e-05,2.595791e+00,3.001809e+00
8.497500e-05,2.595791e+00,3.001809e+00
8.501250e-05,2.595791e+00,3.001809e+00
8.505000e-05,2.595791e+00,3.006633e+00
8.508750e-05,2.595791e+00,3.006633e+00
8.512500e-05,2.595791e+00,3.006633e+00
8.516250e-05,2.595791e+00,3.006633e+00
8.520000e-05,2.595791e+00,3.011457e+00
8.523750e-05,2.595791e+00,3.011457e+00
8.527500e-05,2.595791e+00,3.011457e+00
8.531250e-05,2.602073e+00,3.011457e+00
8.535000e-05,2.602073e+00,3.016281e+00
8.538750e-05,2.602073e+00,3.016281e+00
8.542500e-05,2.602073e+00,3.016281e+00
8.546250e-05,2.602073e+00,3.021105e+00
8.550000e-05,2.602073e+00,3.021105e+00
8.553750e-05,2.602073e+00,3.021105e+00
8.557500e-05,2.602073e+00,3.021105e+00
8.561250e-05,2.602073e+00,3.025929e+00
8.565000e-05,2.602073e+00,3.025929e+00
8.568750e-05,2.602073e+00,3.025929e+00
8.572500e-05,2.602073e+00,3.025929e+00
8.576250e-05,2.602073e+00,3.030753e+00
8.580000e-05,2.608354e+00,3.030753e+00
8.583750e-05,2.608354e+00,3.030753e+00
8.587500e-05,2.608354e+00,3.035577e+00
8.591250e-05,2.608354e+00,3.035577e+00
8.595000e-05,2.608354e+00,3.035577e+00
8.598750e-05,2.608354e+00,3.040402e+00
8.602500e-05,2.614635e+00,3.040402e+00
8.606250e-05,2.614635e+00,3.040402e+00
8.610000e-05,2.614635e+00,3.045226e+00
8.613750e-05,2.614635e+00,3.045226e+00
8.617500e-05,2.614635e+00,3.045226e+00
8.621250e-05,2.614635e+00,3.050050e+00
8.625000e-05,2.614635e+00,3.050050e+00
8.628750e-05,2.620917e+00,3.050050e+00
8.632500e-05,2.620917e+00,3.050050e+00
8.636250e-05,2.620917e+00,3.054874e+00
8.640000e-05,2.627198e+00,3.054874e+00
8.643750e-05,2.627198e+00,3.054874e+00
8.647500e-05,2.627198e+00,3.054874e+00
8.651250e-05,2.633480e+00,3.059698e+00
8.655000e-05,2.633480e+00,3.059698e+00
8.658750e-05,2.633480e+00,3.059698e+00
8.662500e-05,2.633480e+00,3.059698e+00
8.666250e-05,2.633480e+00,3.059698e+00
8.670000e-05,2.633480e+00,3.064522e+00
8.673750e-05,2.639761e+00,3.064522e+00
8.677500e-05,2.639761e+00,3.064522e+00
8.681250e-05,2.639761e+00,3.064522e+00
8.685000e-05,2.646042e+00,3.069346e+00
8.688750e-05,2.646042e+00,3.069346e+00
8.692500e-05,2.652324e+00,3.069346e+00
8.696250e-05,2.652324e+00,3.069346e+00
8.700000e-05,2.652324e+00,3.069346e+00
8.703750e-05,2.652324e+00,3.069346e+00
8.707500e-05,2.658605e+00,3.074170e+00
8.711250e-05,2.658605e+00,3.074170e+00
8.715000e-05,2.658605e+00,3.074170e+00
8.718750e-05,2.664887e+00,3.074170e+00
8.722500e-05,2.664887e+00,3.074170e+00
8.726250e-05,2.664887e+00,3.078995e+00
8.730000e-05,2.664887e+00,3.078995e+00
8.733750e-05,2.664887e+00,3.078995e+00
8.737500e-05,2.671168e+00,3.078995e+00
8.741250e-05,2.671168e+00,3.078995e+00
8.745000e-05,2.671168e+00,3.083819e+00
8.748750e-05,2.677449e+00,3.083819e+00
8.752500e-05,2.677449e+00,3.083819e+00
8.756250e-05,2.677449e+00,3.083819e+00
8.760000e-05,2.677449e+00,3.088643e+00
8.763750e-05,2.677449e+00,3.083819e+00
8.767500e-05,2.683731e+00,3.088643e+00
8.771250e-05,2.683731e+00,3.088643e+00
8.775000e-05,2.683731e+00,3.088643e+00
8.778750e-05,2.683731e+00,3.093467e+00
8.782500e-05,2.683731e+00,3.093467e+00
8.786250e-05,2.690012e+00,3.093467e+00
8.790000e-05,2.690012e+00,3.098291e+00
8.793750e-05,2.690012e+00,3.098291e+00
8.797500e-05,2.690012e+00,3.098291e+00
8.801250e-05,2.690012e+00,3.103115e+00
8.805000e-05,2.690012e+00,3.103115e+00
8.808750e-05,2.690012e+00,3.103115e+00
8.812500e-05,2.690012e+00,3.103115e+00
8.816250e-05,2.690012e+00,3.107939e+00
8.820000e-05,2.696294e+00,3.107939e+00
8.823750e-05,2.696294e+00,3.107939e+00
8.827500e-05,2.696294e+00,3.112763e+00
8.831250e-05,2.696294e+00,3.112763e+00
8.835000e-05,2.696294e+00,3.112763e+00
8.838750e-05,2.696294e+00,3.112763e+00
8.842500e-05,2.696294e+00,3.117588e+00
8.846250e-05,2.696294e+00,3.117588e+00
8.850000e-05,2.696294e+00,3.117588e+00
8.853750e-05,2.702575e+00,3.117588e+00
8.857500e-05,2.702575e+00,3.117588e+00
8.861250e-05,2.702575e+00,3.122412e+00
8.865000e-05,2.702575e+00,3.122412e+00
8.868750e-05,2.702575e+00,3.122412e+00
8.872500e-05,2.702575e+00,3.127236e+00
8.876250e-05,2.702575e+00,3.127236e+00
8.880000e-05,2.702575e+00,3.132060e+00
8.883750e-05,2.702575e+00,3.132060e+00
8.887500e-05,2.708856e+00,3.132060e+00
8.891250e-05,2.708856e+00,3.132060e+00
8.895000e-05,2.708856e+00,3.136884e+00
8.898750e-05,2.708856e+00,3.136884e+00
8.902500e-05,2.708856e+00,3.136884e+00
8.906250e-05,2.708856e+00,3.136884e+00
8.910000e-05,2.708856e+00,3.141708e+00
8.913750e-05,2.708856e+00,3.141708e+00
8.917500e-05,2.715138e+00,3.141708e+00
8.921250e-05,2.715138e+00,3.141708e+00
8.925000e-05,2.715138e+00,3.141708e+00
8.928750e-05,2.715138e+00,3.146532e+00
8.932500e-05,2.715138e+00,3.146532e+00
8.936250e-05,2.721419e+00,3.146532e+00
8.940000e-05,2.721419e+00,3.146532e+00
8.943750e-05,2.721419e+00,3.151356e+00
8.947500e-05,2.721419e+00,3.151356e+00
8.951250e-05,2.721419e+00,3.151356e+00
8.955000e-05,2.727701e+00,3.151356e+00
8.958750e-05,2.727701e+00,3.151356e+00
8.962500e-05,2.727701e+00,3.156180e+00
8.966250e-05,2.733982e+00,3.156180e+00
8.970000e-05,2.733982e+00,3.156180e+00
8.973750e-05,2.733982e+00,3.156180e+00
8.977500e-05,2.740264e+00,3.156180e+00
8.981250e-05,2.740264e+00,3.161005e+00
8.985000e-05,2.740264e+00,3.161005e+00
8.988750e-05,2.740264e+00,3.161005e+00
8.992500e-05,2.746545e+00,3.161005e+00
8.996250e-05,2.746545e+00,3.161005e+00
9.000000e-05,2.746545e+00,3.165829e+00
9.003750e-05,2.752826e+00,3.165829e+00
9.007500e-05,2.752826e+00,3.165829e+00
9.011250e-05,2.752826e+00,3.170653e+00
9.015000e-05,2.752826e+00,3.170653e+00
9.018750e-05,2.759108e+00,3.170653e+00
9.022500e-05,2.759108e+00,3.175477e+00
9.026250e-05,2.759108e+00,3.175477e+00
9.030000e-05,2.765389e+00,3.175477e+00
9.033750e-05,2.765389e+00,3.175477e+00
9.037500e-05,2.765389e+00,3.175477e+00
9.041250e-05,2.771671e+00,3.180301e+00
9.045000e-05,2.771671e+00,3.180301e+00
9.048750e-05,2.771671e+00,3.180301e+00
9.052500e-05,2.771671e+00,3.180301e+00
9.056250e-05,2.771671e+00,3.185125e+00
9.060000e-05,2.771671e+00,3.185125e+00
9.063750e-05,2.777952e+00,3.185125e+00
9.067500e-05,2.777952e+00,3.189949e+00
9.071250e-05,2.777952e+00,3.189949e+00
9.075000e-05,2.777952e+00,3.194773e+00
9.078750e-05,2.777952e+00,3.194773e+00
9.082500e-05,2.784233e+00,3.194773e+00
9.086250e-05,2.784233e+00,3.199598e+00
9.090000e-05,2.784233e+00,3.199598e+00
9.093750e-05,2.784233e+00,3.199598e+00
9.097500e-05,2.784233e+00,3.199598e+00
9.101250e-05,2.790515e+00,3.204422e+00
9.105000e-05,2.790515e+00,3.204422e+00
9.108750e-05,2.790515e+00,3.204422e+00
9.112500e-05,2.790515e+00,3.209246e+00
9.116250e-05,2.790515e+00,3.209246e+00
9.120000e-05,2.790515e+00,3.209246e+00
9.123750e-05,2.790515e+00,3.214070e+00
9.127500e-05,2.790515e+00,3.214070e+00
9.131250e-05,2.790515e+00,3.214070e+00
9.135000e-05,2.790515e+00,3.214070e+00
9.138750e-05,2.796796e+00,3.214070e+00
9.142500e-05,2.796796e+00,3.218894e+00
9.146250e-05,2.796796e+00,3.218894e+00
9.150000e-05,2.796796e+00,3.218894e+00
9.153750e-05,2.796796e+00,3.218894e+00
9.157500e-05,2.796796e+00,3.223718e+00
9.161250e-05,2.796796e+00,3.223718e+00
9.165000e-05,2.796796e+00,3.228542e+00
9.168750e-05,2.796796e+00,3.228542e+00
9.172500e-05,2.796796e+00,3.228542e+00
9.176250e-05,2.796796e+00,3.228542e+00
9.180000e-05,2.796796e+00,3.228542e+00
9.183750e-05,2.803078e+00,3.228542e+00
9.187500e-05,2.796796e+00,3.233366e+00
9.191250e-05,2.796796e+00,3.233366e+00
9.195000e-05,2.803078e+00,3.233366e+00
9.198750e-05,2.803078e+00,3.233366e+00
9.202500e-05,2.803078e+00,3.238191e+00
9.206250e-05,2.803078e+00,3.238191e+00
9.210000e-05,2.803078e+00,3.233366e+00
9.213750e-05,2.803078e+00,3.238191e+00
9.217500e-05,2.803078e+00,3.238191e+00
9.221250e-05,2.803078e+00,3.243015e+00
9.225000e-05,2.803078e+00,3.243015e+00
9.228750e-05,2.803078e+00,3.243015e+00
9.232500e-05,2.809359e+00,3.243015e+00
9.236250e-05,2.809359e+00,3.247839e+00
9.240000e-05,2.809359e+00,3.247839e+00
9.243750e-05,2.809359e+00,3.247839e+00
9.247500e-05,2.809359e+00,3.252663e+00
9.251250e-05,2.809359e+00,3.252663e+00
9.255000e-05,2.809359e+00,3.252663e+00
9.258750e-05,2.809359e+00,3.252663e+00
9.262500e-05,2.815640e+00,3.252663e+00
9.266250e-05,2.815640e+00,3.257487e+00
9.270000e-05,2.815640e+00,3.257487e+00
9.273750e-05,2.815640e+00,3.262311e+00
9.277500e-05,2.821922e+00,3.262311e+00
9.281250e-05,2.821922e+00,3.262311e+00
9.285000e-05,2.815640e+00,3.262311e+00
9.288750e-05,2.821922e+00,3.267135e+00
9.292500e-05,2.821922e+00,3.267135e+00
9.296250e-05,2.821922e+00,3.267135e+00
9.300000e-05,2.828203e+00,3.271959e+00
9.303750e-05,2.828203e+00,3.271959e+00
9.307500e-05,2.828203e+00,3.271959e+00
9.311250e-05,2.834485e+00,3.271959e+00
9.315000e-05,2.834485e+00,3.276783e+00
9.318750e-05,2.834485e+00,3.276783e+00
9.322500e-05,2.840766e+00,3.281608e+00
9.326250e-05,2.840766e+00,3.281608e+00
9.330000e-05,2.840766e+00,3.281608e+00
9.333750e-05,2.840766e+00,3.281608e+00
9.337500e-05,2.847047e+00,3.286432e+00
9.341250e-05,2.847047e+00,3.286432e+00
9.345000e-05,2.847047e+00,3.286432e+00
9.348750e-05,2.853329e+00,3.286432e+00
9.352500e-05,2.853329e+00,3.291256e+00
9.356250e-05,2.853329e+00,3.291256e+00
9.360000e-05,2.853329e+00,3.296080e+00
9.363750e-05,2.859610e+00,3.291256e+00
9.367500e-05,2.859610e+00,3.296080e+00
9.371250e-05,2.859610e+00,3.296080e+00
9.375000e-05,2.865892e+00,3.296080e+00
9.378750e-05,2.865892e+00,3.296080e+00
9.382500e-05,2.865892e+00,3.300904e+00
9.386250e-05,2.865892e+00,3.300904e+00
9.390000e-05,2.872173e+00,3.300904e+00
9.393750e-05,2.872173e+00,3.300904e+00
9.397500e-05,2.872173e+00,3.300904e+00
9.401250e-05,2.872173e+00,3.300904e+00
9.405000e-05,2.878454e+00,3.305728e+00
9.408750e-05,2.878454e+00,3.305728e+00
9.412500e-05,2.878454e+00,3.305728e+00
9.416250e-05,2.884736e+00,3.305728e+00
9.420000e-05,2.878454e+00,3.310552e+00
9.423750e-05,2.878454e+00,3.310552e+00
9.427500e-05,2.884736e+00,3.310552e+00
9.431250e-05,2.884736e+00,3.310552e+00
9.435000e-05,2.884736e+00,3.310552e+00
9.438750e-05,2.884736e+00,3.310552e+00
9.442500e-05,2.884736e+00,3.315376e+00
9.446250e-05,2.891017e+00,3.315376e+00
9.450000e-05,2.891017e+00,3.315376e+00
9.453750e-05,2.891017e+00,3.315376e+00
9.457500e-05,2.891017e+00,3.315376e+00
9.461250e-05,2.891017e+00,3.320201e+00
9.465000e-05,2.891017e+00,3.320201e+00
9.468750e-05,2.891017e+00,3.320201e+00
9.472500e-05,2.897299e+00,3.320201e+00
9.476250e-05,2.897299e+00,3.325025e+00
9.480000e-05,2.897299e+00,3.325025e+00
9.483750e-05,2.897299e+00,3.325025e+00
9.487500e-05,2.897299e+00,3.325025e+00
9.491250e-05,2.897299e+00,3.329849e+00
9.495000e-05,2.897299e+00,3.329849e+00
9.498750e-05,2.897299e+00,3.329849e+00
9.502500e-05,2.897299e+00,3.329849e+00
9.506250e-05,2.897299e+00,3.334673e+00
9.510000e-05,2.897299e+00,3.334673e+00
9.513750e-05,2.897299e+00,3.334673e+00
9.517500e-05,2.897299e+00,3.339497e+00
9.521250e-05,2.903580e+00,3.339497e+00
9.525000e-05,2.903580e+00,3.344321e+00
9.528750e-05,2.903580e+00,3.344321e+00
9.532500e-05,2.903580e+00,3.349145e+00
9.536250e-05,2.903580e+00,3.349145e+00
9.540000e-05,2.903580e+00,3.349145e+00
9.543750e-05,2.903580e+00,3.349145e+00
9.547500e-05,2.903580e+00,3.349145e+00
9.551250e-05,2.909861e+00,3.349145e+00
9.555000e-05,2.909861e+00,3.353969e+00
9.558750e-05,2.909861e+00,3.353969e+00
9.562500e-05,2.909861e+00,3.358794e+00
9.566250e-05,2.909861e+00,3.358794e+00
9.570000e-05,2.909861e+00,3.358794e+00
9.573750e-05,2.916143e+00,3.363618e+00
9.577500e-05,2.916143e+00,3.363618e+00
9.581250e-05,2.916143e+00,3.363618e+00
9.585000e-05,2.916143e+00,3.363618e+00
9.588750e-05,2.916143e+00,3.368442e+00
9.592500e-05,2.916143e+00,3.368442e+00
9.596250e-05,2.922424e+00,3.368442e+00
9.600000e-05,2.922424e+00,3.368442e+00
9.603750e-05,2.922424e+00,3.373266e+00
9.607500e-05,2.922424e+00,3.373266e+00
9.611250e-05,2.928706e+00,3.373266e+00
9.615000e-05,2.928706e+00,3.373266e+00
9.618750e-05,2.928706e+00,3.373266e+00
9.622500e-05,2.928706e+00,3.378090e+00
9.626250e-05,2.934987e+00,3.378090e+00
9.630000e-05,2.934987e+00,3.378090e+00
9.633750e-05,2.934987e+00,3.378090e+00
9.637500e-05,2.934987e+00,3.378090e+00
9.641250e-05,2.941269e+00,3.382914e+00
9.645000e-05,2.941269e+00,3.382914e+00
9.648750e-05,2.941269e+00,3.382914e+00
9.652500e-05,2.947550e+00,3.382914e+00
9.656250e-05,2.947550e+00,3.387738e+00
9.660000e-05,2.947550e+00,3.387738e+00
9.663750e-05,2.947550e+00,3.387738e+00
9.667500e-05,2.953831e+00,3.387738e+00
9.671250e-05,2.953831e+00,3.387738e+00
9.675000e-05,2.953831e+00,3.387738e+00
9.678750e-05,2.960113e+00,3.392562e+00
9.682500e-05,2.960113e+00,3.392562e+00
9.686250e-05,2.960113e+00,3.392562e+00
9.690000e-05,2.960113e+00,3.392562e+00
9.693750e-05,2.966394e+00,3.392562e+00
9.697500e-05,2.966394e+00,3.397386e+00
9.701250e-05,2.966394e+00,3.397386e+00
9.705000e-05,2.972676e+00,3.397386e+00
9.708750e-05,2.972676e+00,3.397386e+00
9.712500e-05,2.972676e+00,3.402211e+00
9.716250e-05,2.972676e+00,3.402211e+00
9.720000e-05,2.972676e+00,3.402211e+00
9.723750e-05,2.972676e+00,3.402211e+00
9.727500e-05,2.978957e+00,3.407035e+00
9.731250e-05,2.978957e+00,3.407035e+00
9.735000e-05,2.978957e+00,3.407035e+00
9.738750e-05,2.978957e+00,3.411859e+00
9.742500e-05,2.985238e+00,3.411859e+00
9.746250e-05,2.985238e+00,3.411859e+00
9.750000e-05,2.985238e+00,3.411859e+00
9.753750e-05,2.985238e+00,3.416683e+00
9.757500e-05,2.985238e+00,3.416683e+00
9.761250e-05,2.985238e+00,3.416683e+00
9.765000e-05,2.991520e+00,3.421507e+00
9.768750e-05,2.991520e+00,3.421507e+00
9.772500e-05,2.991520e+00,3.421507e+00
9.776250e-05,2.991520e+00,3.426331e+00
9.780000e-05,2.991520e+00,3.426331e+00
9.783750e-05,2.991520e+00,3.426331e+00
9.787500e-05,2.991520e+00,3.431155e+00
9.791250e-05,2.991520e+00,3.431155e+00
9.795000e-05,2.997801e+00,3.431155e+00
9.798750e-05,2.997801e+00,3.431155e+00
9.802500e-05,2.997801e+00,3.435979e+00
9.806250e-05,2.997801e+00,3.435979e+00
9.810000e-05,2.997801e+00,3.435979e+00
9.813750e-05,2.997801e+00,3.435979e+00
9.817500e-05,2.997801e+00,3.440804e+00
9.821250e-05,2.997801e+00,3.440804e+00
9.825000e-05,2.997801e+00,3.445628e+00
9.828750e-05,2.997801e+00,3.445628e+00
9.832500e-05,2.997801e+00,3.445628e+00
9.836250e-05,2.997801e+00,3.445628e+00
9.840000e-05,2.997801e+00,3.450452e+00
9.843750e-05,2.997801e+00,3.450452e+00
9.847500e-05,2.997801e+00,3.450452e+00
9.851250e-05,3.004083e+00,3.450452e+00
9.855000e-05,3.004083e+00,3.455276e+00
9.858750e-05,3.004083e+00,3.455276e+00
9.862500e-05,3.004083e+00,3.455276e+00
9.866250e-05,3.004083e+00,3.455276e+00
9.870000e-05,3.004083e+00,3.455276e+00
9.873750e-05,3.004083e+00,3.460100e+00
9.877500e-05,3.004083e+00,3.460100e+00
9.881250e-05,3.004083e+00,3.460100e+00
9.885000e-05,3.004083e+00,3.460100e+00
9.888750e-05,3.004083e+00,3.460100e+00
9.892500e-05,3.010364e+00,3.460100e+00
9.896250e-05,3.010364e+00,3.464924e+00
9.900000e-05,3.010364e+00,3.464924e+00
9.903750e-05,3.010364e+00,3.464924e+00
9.907500e-05,3.010364e+00,3.464924e+00
9.911250e-05,3.010364e+00,3.469748e+00
9.915000e-05,3.010364e+00,3.469748e+00
9.918750e-05,3.010364e+00,3.469748e+00
9.922500e-05,3.016645e+00,3.469748e+00
9.926250e-05,3.016645e+00,3.474572e+00
9.930000e-05,3.016645e+00,3.474572e+00
9.933750e-05,3.016645e+00,3.474572e+00
9.937500e-05,3.022927e+00,3.479397e+00
9.941250e-05,3.016645e+00,3.479397e+00
9.945000e-05,3.022927e+00,3.479397e+00
9.948750e-05,3.022927e+00,3.479397e+00
9.952500e-05,3.022927e+00,3.479397e+00
9.956250e-05,3.022927e+00,3.484221e+00
9.960000e-05,3.029208e+00,3.484221e+00
9.963750e-05,3.029208e+00,3.489045e+00
9.967500e-05,3.029208e+00,3.489045e+00
9.971250e-05,3.035490e+00,3.489045e+00
9.975000e-05,3.035490e+00,3.489045e+00
9.978750e-05,3.035490e+00,3.493869e+00
9.982500e-05,3.041771e+00,3.493869e+00
9.986250e-05,3.041771e+00,3.493869e+00
9.990000e-05,3.041771e+00,3.493869e+00
9.993750e-05,3.041771e+00,3.498693e+00
9.997500e-05,3.041771e+00,3.498693e+00
1.000125e-04,3.048052e+00,3.503517e+00
1.000500e-04,3.048052e+00,3.498693e+00
1.000875e-04,3.054334e+00,3.503517e+00
1.001250e-04,3.054334e+00,3.508341e+00
1.001625e-04,3.054334e+00,3.508341e+00
1.002000e-04,3.054334e+00,3.508341e+00
1.002375e-04,3.060615e+00,3.513165e+00
1.002750e-04,3.060615e+00,3.513165e+00
1.003125e-04,3.060615e+00,3.513165e+00
1.003500e-04,3.060615e+00,3.513165e+00
1.003875e-04,3.066897e+00,3.513165e+00
1.004250e-04,3.066897e+00,3.517989e+00
1.004625e-04,3.066897e+00,3.517989e+00
1.005000e-04,3.066897e+00,3.517989e+00
1.005375e-04,3.073178e+00,3.522814e+00
1.005750e-04,3.073178e+00,3.522814e+00
1.006125e-04,3.073178e+00,3.522814e+00
1.006500e-04,3.073178e+00,3.522814e+00
1.006875e-04,3.079459e+00,3.527638e+00
1.007250e-04,3.079459e+00,3.527638e+00
1.007625e-04,3.079459e+00,3.527638e+00
1.008000e-04,3.079459e+00,3.527638e+00
1.008375e-04,3.079459e+00,3.532462e+00
1.008750e-04,3.079459e+00,3.532462e+00
1.009125e-04,3.085741e+00,3.532462e+00
1.009500e-04,3.085741e+00,3.532462e+00
1.009875e-04,3.085741e+00,3.532462e+00
1.010250e-04,3.085741e+00,3.532462e+00
1.010625e-04,3.085741e+00,3.537286e+00
1.011000e-04,3.092022e+00,3.537286e+00
1.011375e-04,3.092022e+00,3.537286e+00
1.011750e-04,3.092022e+00,3.537286e+00
1.012125e-04,3.092022e+00,3.542110e+00
1.012500e-04,3.092022e+00,3.542110e+00
1.012875e-04,3.092022e+00,3.542110e+00
1.013250e-04,3.092022e+00,3.542110e+00
1.013625e-04,3.098304e+00,3.546934e+00
1.014000e-04,3.098304e+00,3.546934e+00
1.014375e-04,3.098304e+00,3.546934e+00
1.014750e-04,3.098304e+00,3.546934e+00
1.015125e-04,3.098304e+00,3.546934e+00
1.015500e-04,3.098304e+00,3.546934e+00
1.015875e-04,3.098304e+00,3.551758e+00
1.016250e-04,3.098304e+00,3.551758e+00
1.016625e-04,3.098304e+00,3.551758e+00
1.017000e-04,3.098304e+00,3.556582e+00
1.017375e-04,3.098304e+00,3.556582e+00
1.017750e-04,3.098304e+00,3.556582e+00
1.018125e-04,3.104585e+00,3.556582e+00
1.018500e-04,3.104585e+00,3.561407e+00
1.018875e-04,3.104585e+00,3.561407e+00
1.019250e-04,3.104585e+00,3.561407e+00
1.019625e-04,3.104585e+00,3.561407e+00
1.020000e-04,3.104585e+00,3.566231e+00
1.020375e-04,3.104585e+00,3.566231e+00
1.020750e-04,3.104585e+00,3.566231e+00
1.021125e-04,3.110866e+00,3.566231e+00
1.021500e-04,3.104585e+00,3.571055e+00
1.021875e-04,3.110866e+00,3.575879e+00
1.022250e-04,3.110866e+00,3.575879e+00
1.022625e-04,3.110866e+00,3.575879e+00
1.023000e-04,3.110866e+00,3.575879e+00
1.023375e-04,3.110866e+00,3.580703e+00
1.023750e-04,3.110866e+00,3.580703e+00
1.024125e-04,3.117148e+00,3.580703e+00
1.024500e-04,3.117148e+00,3.585527e+00
1.024875e-04,3.117148e+00,3.580703e+00
1.025250e-04,3.117148e+00,3.585527e+00
1.025625e-04,3.117148e+00,3.585527e+00
1.026000e-04,3.123429e+00,3.590351e+00
1.026375e-04,3.123429e+00,3.590351e+00
1.026750e-04,3.123429e+00,3.590351e+00
1.027125e-04,3.129711e+00,3.590351e+00
1.027500e-04,3.129711e+00,3.595175e+00
1.027875e-04,3.129711e+00,3.595175e+00
1.028250e-04,3.129711e+00,3.595175e+00
1.028625e-04,3.135992e+00,3.595175e+00
1.029000e-04,3.135992e+00,3.600000e+00
1.029375e-04,3.135992e+00,3.600000e+00
1.029750e-04,3.135992e+00,3.600000e+00
1.030125e-04,3.142274e+00,3.604824e+00
1.030500e-04,3.142274e+00,3.604824e+00
1.030875e-04,3.142274e+00,3.604824e+00
1.031250e-04,3.148555e+00,3.604824e+00
1.031625e-04,3.148555e+00,3.609648e+00
1.032000e-04,3.148555e+00,3.604824e+00
1.032375e-04,3.154836e+00,3.604824e+00
1.032750e-04,3.154836e+00,3.609648e+00
1.033125e-04,3.154836e+00,3.609648e+00
1.033500e-04,3.161118e+00,3.609648e+00
1.033875e-04,3.161118e+00,3.609648e+00
1.034250e-04,3.161118e+00,3.614472e+00
1.034625e-04,3.161118e+00,3.614472e+00
1.035000e-04,3.167399e+00,3.614472e+00
1.035375e-04,3.167399e+00,3.614472e+00
1.035750e-04,3.167399e+00,3.614472e+00
1.036125e-04,3.173681e+00,3.619296e+00
1.036500e-04,3.173681e+00,3.619296e+00
1.036875e-04,3.173681e+00,3.619296e+00
1.037250e-04,3.173681e+00,3.619296e+00
1.037625e-04,3.179962e+00,3.619296e+00
1.038000e-04,3.179962e+00,3.624120e+00
1.038375e-04,3.179962e+00,3.624120e+00
1.038750e-04,3.179962e+00,3.624120e+00
1.039125e-04,3.186243e+00,3.624120e+00
1.039500e-04,3.186243e+00,3.624120e+00
1.039875e-04,3.186243e+00,3.624120e+00
1.040250e-04,3.186243e+00,3.628944e+00
1.040625e-04,3.186243e+00,3.628944e+00
1.041000e-04,3.186243e+00,3.628944e+00
1.041375e-04,3.192525e+00,3.628944e+00
1.041750e-04,3.192525e+00,3.633768e+00
1.042125e-04,3.192525e+00,3.633768e+00
1.042500e-04,3.192525e+00,3.633768e+00
1.042875e-04,3.192525e+00,3.633768e+00
1.043250e-04,3.192525e+00,3.638592e+00
1.043625e-04,3.192525e+00,3.638592e+00
1.044000e-04,3.192525e+00,3.638592e+00
1.044375e-04,3.192525e+00,3.643417e+00
1.044750e-04,3.198806e+00,3.643417e+00
1.045125e-04,3.198806e+00,3.643417e+00
1.045500e-04,3.198806e+00,3.643417e+00
1.045875e-04,3.198806e+00,3.648241e+00
1.046250e-04,3.198806e+00,3.648241e+00
1.046625e-04,3.198806e+00,3.648241e+00
1.047000e-04,3.198806e+00,3.648241e+00
1.047375e-04,3.198806e+00,3.653065e+00
1.047750e-04,3.198806e+00,3.653065e+00
1.048125e-04,3.198806e+00,3.657889e+00
1.048500e-04,3.198806e+00,3.657889e+00
1.048875e-04,3.198806e+00,3.657889e+00
1.049250e-04,3.198806e+00,3.657889e+00
1.049625e-04,3.198806e+00,3.667537e+00
1.050000e-04,3.198806e+00,3.667537e+00
1.050375e-04,3.205088e+00,3.667537e+00
1.050750e-04,3.205088e+00,3.667537e+00
1.051125e-04,3.205088e+00,3.667537e+00
1.051500e-04,3.205088e+00,3.667537e+00
1.051875e-04,3.205088e+00,3.672361e+00
1.052250e-04,3.205088e+00,3.672361e+00
1.052625e-04,3.205088e+00,3.672361e+00
1.053000e-04,3.205088e+00,3.677185e+00
1.053375e-04,3.205088e+00,3.677185e+00
1.053750e-04,3.211369e+00,3.677185e+00
1.054125e-04,3.211369e+00,3.677185e+00
1.054500e-04,3.211369e+00,3.677185e+00
1.054875e-04,3.211369e+00,3.682010e+00
1.055250e-04,3.211369e+00,3.682010e+00
1.055625e-04,3.211369e+00,3.682010e+00
1.056000e-04,3.211369e+00,3.686834e+00
1.056375e-04,3.217650e+00,3.686834e+00
1.056750e-04,3.217650e+00,3.686834e+00
1.057125e-04,3.217650e+00,3.686834e+00
1.057500e-04,3.217650e+00,3.686834e+00
1.057875e-04,3.217650e+00,3.686834e+00
1.058250e-04,3.217650e+00,3.691658e+00
1.058625e-04,3.223932e+00,3.691658e+00
1.059000e-04,3.223932e+00,3.691658e+00
1.059375e-04,3.223932e+00,3.696482e+00
1.059750e-04,3.223932e+00,3.696482e+00
1.060125e-04,3.230213e+00,3.696482e+00
1.060500e-04,3.230213e+00,3.696482e+00
1.060875e-04,3.230213e+00,3.696482e+00
1.061250e-04,3.230213e+00,3.696482e+00
1.061625e-04,3.236495e+00,3.701306e+00
1.062000e-04,3.236495e+00,3.701306e+00
1.062375e-04,3.236495e+00,3.701306e+00
1.062750e-04,3.242776e+00,3.701306e+00
1.063125e-04,3.242776e+00,3.701306e+00
1.063500e-04,3.242776e+00,3.706130e+00
1.063875e-04,3.249057e+00,3.706130e+00
1.064250e-04,3.249057e+00,3.706130e+00
1.064625e-04,3.249057e+00,3.710954e+00
1.065000e-04,3.249057e+00,3.710954e+00
1.065375e-04,3.255339e+00,3.710954e+00
1.065750e-04,3.255339e+00,3.715778e+00
1.066125e-04,3.255339e+00,3.715778e+00
1.066500e-04,3.261620e+00,3.715778e+00
1.066875e-04,3.261620e+00,3.715778e+00
1.067250e-04,3.261620e+00,3.715778e+00
1.067625e-04,3.267902e+00,3.720603e+00
1.068000e-04,3.267902e+00,3.720603e+00
1.068375e-04,3.267902e+00,3.720603e+00
1.068750e-04,3.267902e+00,3.725427e+00
1.069125e-04,3.274183e+00,3.725427e+00
1.069500e-04,3.274183e+00,3.725427e+00
1.069875e-04,3.274183e+00,3.730251e+00
1.070250e-04,3.274183e+00,3.730251e+00
1.070625e-04,3.274183e+00,3.730251e+00
1.071000e-04,3.280464e+00,3.730251e+00
1.071375e-04,3.280464e+00,3.735075e+00
1.071750e-04,3.280464e+00,3.735075e+00
1.072125e-04,3.280464e+00,3.735075e+00
1.072500e-04,3.286746e+00,3.739899e+00
1.072875e-04,3.286746e+00,3.739899e+00
1.073250e-04,3.286746e+00,3.739899e+00
1.073625e-04,3.286746e+00,3.744723e+00
1.074000e-04,3.286746e+00,3.744723e+00
1.074375e-04,3.293027e+00,3.744723e+00
1.074750e-04,3.293027e+00,3.744723e+00
1.075125e-04,3.293027e+00,3.749547e+00
1.075500e-04,3.293027e+00,3.749547e+00
1.075875e-04,3.293027e+00,3.749547e+00
1.076250e-04,3.293027e+00,3.749547e+00
1.076625e-04,3.293027e+00,3.754371e+00
1.077000e-04,3.293027e+00,3.754371e+00
1.077375e-04,3.293027e+00,3.759195e+00
1.077750e-04,3.293027e+00,3.759195e+00
1.078125e-04,3.299309e+00,3.759195e+00
1.078500e-04,3.299309e+00,3.759195e+00
1.078875e-04,3.299309e+00,3.759195e+00
1.079250e-04,3.299309e+00,3.759195e+00
1.079625e-04,3.299309e+00,3.764020e+00
1.080000e-04,3.299309e+00,3.764020e+00
1.080375e-04,3.299309e+00,3.764020e+00
1.080750e-04,3.299309e+00,3.764020e+00
1.081125e-04,3.299309e+00,3.768844e+00
1.081500e-04,3.299309e+00,3.768844e+00
1.081875e-04,3.299309e+00,3.768844e+00
1.082250e-04,3.299309e+00,3.768844e+00
1.082625e-04,3.305590e+00,3.768844e+00
1.083000e-04,3.305590e+00,3.768844e+00
1.083375e-04,3.305590e+00,3.773668e+00
1.083750e-04,3.305590e+00,3.773668e+00
1.084125e-04,3.305590e+00,3.773668e+00
1.084500e-04,3.305590e+00,3.773668e+00
1.084875e-04,3.305590e+00,3.773668e+00
1.085250e-04,3.305590e+00,3.778492e+00
1.085625e-04,3.305590e+00,3.778492e+00
1.086000e-04,3.305590e+00,3.778492e+00
1.086375e-04,3.305590e+00,3.778492e+00
1.086750e-04,3.305590e+00,3.778492e+00
1.087125e-04,3.305590e+00,3.783316e+00
1.087500e-04,3.305590e+00,3.783316e+00
1.087875e-04,3.311871e+00,3.783316e+00
1.088250e-04,3.311871e+00,3.788140e+00
1.088625e-04,3.311871e+00,3.788140e+00
1.089000e-04,3.311871e+00,3.788140e+00
1.089375e-04,3.311871e+00,3.788140e+00
1.089750e-04,3.311871e+00,3.788140e+00
1.090125e-04,3.311871e+00,3.792964e+00
1.090500e-04,3.318153e+00,3.792964e+00
1.090875e-04,3.318153e+00,3.797788e+00
1.091250e-04,3.318153e+00,3.797788e+00
1.091625e-04,3.318153e+00,3.797788e+00
1.092000e-04,3.318153e+00,3.797788e+00
1.092375e-04,3.318153e+00,3.797788e+00
1.092750e-04,3.324434e+00,3.802613e+00
1.093125e-04,3.324434e+00,3.802613e+00
1.093500e-04,3.324434e+00,3.802613e+00
1.093875e-04,3.324434e+00,3.807437e+00
1.094250e-04,3.324434e+00,3.807437e+00
1.094625e-04,3.330716e+00,3.812261e+00
1.095000e-04,3.330716e+00,3.812261e+00
1.095375e-04,3.330716e+00,3.812261e+00
1.095750e-04,3.336997e+00,3.812261e+00
1.096125e-04,3.336997e+00,3.817085e+00
1.096500e-04,3.336997e+00,3.817085e+00
1.096875e-04,3.336997e+00,3.817085e+00
1.097250e-04,3.343279e+00,3.821909e+00
1.097625e-04,3.343279e+00,3.821909e+00
1.098000e-04,3.343279e+00,3.821909e+00
1.098375e-04,3.349560e+00,3.826733e+00
1.098750e-04,3.349560e+00,3.826733e+00
1.099125e-04,3.349560e+00,3.831557e+00
1.099500e-04,3.349560e+00,3.831557e+00
1.099875e-04,3.355841e+00,3.831557e+00
1.100250e-04,3.355841e+00,3.831557e+00
1.100625e-04,3.355841e+00,3.831557e+00
1.101000e-04,3.362123e+00,3.836381e+00
1.101375e-04,3.362123e+00,3.836381e+00
1.101750e-04,3.362123e+00,3.836381e+00
1.102125e-04,3.362123e+00,3.836381e+00
1.102500e-04,3.368404e+00,3.841206e+00
1.102875e-04,3.368404e+00,3.841206e+00
1.103250e-04,3.368404e+00,3.841206e+00
1.103625e-04,3.368404e+00,3.841206e+00
1.104000e-04,3.368404e+00,3.841206e+00
1.104375e-04,3.374686e+00,3.846030e+00
1.104750e-04,3.374686e+00,3.846030e+00
1.105125e-04,3.374686e+00,3.846030e+00
1.105500e-04,3.380967e+00,3.846030e+00
1.105875e-04,3.380967e+00,3.846030e+00
1.106250e-04,3.380967e+00,3.850854e+00
1.106625e-04,3.380967e+00,3.850854e+00
1.107000e-04,3.380967e+00,3.850854e+00
1.107375e-04,3.380967e+00,3.850854e+00
1.107750e-04,3.387248e+00,3.850854e+00
1.108125e-04,3.387248e+00,3.855678e+00
1.108500e-04,3.387248e+00,3.855678e+00
1.108875e-04,3.387248e+00,3.855678e+00
1.109250e-04,3.387248e+00,3.860502e+00
1.109625e-04,3.393530e+00,3.860502e+00
1.110000e-04,3.393530e+00,3.860502e+00
1.110375e-04,3.393530e+00,3.860502e+00
1.110750e-04,3.393530e+00,3.860502e+00
1.111125e-04,3.393530e+00,3.865326e+00
1.111500e-04,3.393530e+00,3.865326e+00
1.111875e-04,3.393530e+00,3.865326e+00
1.112250e-04,3.393530e+00,3.870150e+00
1.112625e-04,3.393530e+00,3.870150e+00
1.113000e-04,3.393530e+00,3.870150e+00
1.113375e-04,3.399811e+00,3.874974e+00
1.113750e-04,3.399811e+00,3.874974e+00
1.114125e-04,3.399811e+00,3.874974e+00
1.114500e-04,3.399811e+00,3.879798e+00
1.114875e-04,3.399811e+00,3.879798e+00
1.115250e-04,3.399811e+00,3.879798e+00
1.115625e-04,3.399811e+00,3.879798e+00
1.116000e-04,3.399811e+00,3.884623e+00
1.116375e-04,3.399811e+00,3.884623e+00
1.116750e-04,3.399811e+00,3.889447e+00
1.117125e-04,3.399811e+00,3.889447e+00
1.117500e-04,3.399811e+00,3.889447e+00
1.117875e-04,3.399811e+00,3.889447e+00
1.118250e-04,3.406093e+00,3.894271e+00
1.118625e-04,3.399811e+00,3.894271e+00
1.119000e-04,3.399811e+00,3.894271e+00
1.119375e-04,3.406093e+00,3.899095e+00
1.119750e-04,3.406093e+00,3.899095e+00
1.120125e-04,3.406093e+00,3.899095e+00
1.120500e-04,3.406093e+00,3.899095e+00
1.120875e-04,3.406093e+00,3.903919e+00
1.121250e-04,3.406093e+00,3.903919e+00
1.121625e-04,3.406093e+00,3.908743e+00
1.122000e-04,3.406093e+00,3.903919e+00
1.122375e-04,3.406093e+00,3.908743e+00
1.122750e-04,3.412374e+00,3.908743e+00
1.123125e-04,3.406093e+00,3.908743e+00
1.123500e-04,3.412374e+00,3.913567e+00
1.123875e-04,3.412374e+00,3.913567e+00
1.124250e-04,3.412374e+00,3.913567e+00
1.124625e-04,3.412374e+00,3.913567e+00
1.125000e-04,3.412374e+00,3.918391e+00
1.125375e-04,3.418655e+00,3.918391e+00
1.125750e-04,3.418655e+00,3.918391e+00
1.126125e-04,3.418655e+00,3.918391e+00
1.126500e-04,3.418655e+00,3.918391e+00
1.126875e-04,3.418655e+00,3.918391e+00
1.127250e-04,3.424937e+00,3.918391e+00
1.127625e-04,3.424937e+00,3.923216e+00
1.128000e-04,3.424937e+00,3.923216e+00
1.128375e-04,3.431218e+00,3.923216e+00
1.128750e-04,3.431218e+00,3.928040e+00
1.129125e-04,3.431218e+00,3.928040e+00
1.129500e-04,3.431218e+00,3.928040e+00
1.129875e-04,3.437500e+00,3.928040e+00
1.130250e-04,3.431218e+00,3.932864e+00
1.130625e-04,3.437500e+00,3.928040e+00
1.131000e-04,3.437500e+00,3.932864e+00
1.131375e-04,3.443781e+00,3.932864e+00
1.131750e-04,3.443781e+00,3.932864e+00
1.132125e-04,3.443781e+00,3.932864e+00
1.132500e-04,3.443781e+00,3.937688e+00
1.132875e-04,3.450062e+00,3.937688e+00
1.133250e-04,3.450062e+00,3.937688e+00
1.133625e-04,3.450062e+00,3.937688e+00
1.134000e-04,3.450062e+00,3.937688e+00
1.134375e-04,3.456344e+00,3.942512e+00
1.134750e-04,3.456344e+00,3.942512e+00
1.135125e-04,3.462625e+00,3.942512e+00
1.135500e-04,3.462625e+00,3.947336e+00
1.135875e-04,3.462625e+00,3.947336e+00
1.136250e-04,3.468907e+00,3.947336e+00
1.136625e-04,3.468907e+00,3.947336e+00
1.137000e-04,3.468907e+00,3.952160e+00
1.137375e-04,3.468907e+00,3.952160e+00
1.137750e-04,3.475188e+00,3.952160e+00
1.138125e-04,3.475188e+00,3.956984e+00
1.138500e-04,3.475188e+00,3.956984e+00
1.138875e-04,3.475188e+00,3.956984e+00
1.139250e-04,3.475188e+00,3.956984e+00
1.139625e-04,3.481469e+00,3.961809e+00
1.140000e-04,3.481469e+00,3.961809e+00
1.140375e-04,3.481469e+00,3.961809e+00
1.140750e-04,3.481469e+00,3.961809e+00
1.141125e-04,3.481469e+00,3.966633e+00
1.141500e-04,3.481469e+00,3.971457e+00
1.141875e-04,3.487751e+00,3.966633e+00
1.142250e-04,3.487751e+00,3.971457e+00
1.142625e-04,3.487751e+00,3.971457e+00
1.143000e-04,3.487751e+00,3.976281e+00
1.143375e-04,3.487751e+00,3.976281e+00
1.143750e-04,3.494032e+00,3.976281e+00
1.144125e-04,3.494032e+00,3.976281e+00
1.144500e-04,3.494032e+00,3.981105e+00
1.144875e-04,3.494032e+00,3.981105e+00
1.145250e-04,3.494032e+00,3.981105e+00
1.145625e-04,3.494032e+00,3.985929e+00
1.146000e-04,3.494032e+00,3.985929e+00
1.146375e-04,3.500314e+00,3.985929e+00
1.146750e-04,3.500314e+00,3.985929e+00
1.147125e-04,3.500314e+00,3.990753e+00
1.147500e-04,3.500314e+00,3.990753e+00
1.147875e-04,3.500314e+00,3.990753e+00
1.148250e-04,3.500314e+00,3.990753e+00
1.148625e-04,3.500314e+00,3.990753e+00
1.149000e-04,3.500314e+00,3.995577e+00
1.149375e-04,3.500314e+00,3.995577e+00
1.149750e-04,3.500314e+00,3.995577e+00
1.150125e-04,3.500314e+00,3.995577e+00
1.150500e-04,3.500314e+00,4.000401e+00
1.150875e-04,3.500314e+00,4.000401e+00
1.151250e-04,3.506595e+00,4.000401e+00
1.151625e-04,3.506595e+00,4.000401e+00
1.152000e-04,3.506595e+00,4.000401e+00
1.152375e-04,3.506595e+00,4.000401e+00
1.152750e-04,3.506595e+00,4.005226e+00
1.153125e-04,3.506595e+00,4.005226e+00
1.153500e-04,3.506595e+00,4.005226e+00
1.153875e-04,3.506595e+00,4.005226e+00
1.154250e-04,3.512876e+00,4.005226e+00
1.154625e-04,3.512876e+00,4.005226e+00
1.155000e-04,3.512876e+00,4.005226e+00
1.155375e-04,3.512876e+00,4.010050e+00
1.155750e-04,3.512876e+00,4.010050e+00
1.156125e-04,3.512876e+00,4.010050e+00
1.156500e-04,3.512876e+00,4.010050e+00
1.156875e-04,3.512876e+00,4.010050e+00
1.157250e-04,3.519158e+00,4.014874e+00
1.157625e-04,3.519158e+00,4.014874e+00
1.158000e-04,3.519158e+00,4.014874e+00
1.158375e-04,3.519158e+00,4.014874e+00
1.158750e-04,3.519158e+00,4.019698e+00
1.159125e-04,3.519158e+00,4.019698e+00
1.159500e-04,3.525439e+00,4.024522e+00
1.159875e-04,3.525439e+00,4.024522e+00
1.160250e-04,3.525439e+00,4.024522e+00
1.160625e-04,3.531721e+00,4.024522e+00
1.161000e-04,3.531721e+00,4.029346e+00
1.161375e-04,3.531721e+00,4.029346e+00
1.161750e-04,3.531721e+00,4.029346e+00
1.162125e-04,3.531721e+00,4.029346e+00
1.162500e-04,3.538002e+00,4.034170e+00
1.162875e-04,3.538002e+00,4.034170e+00
1.163250e-04,3.538002e+00,4.034170e+00
1.163625e-04,3.544284e+00,4.034170e+00
1.164000e-04,3.544284e+00,4.038994e+00
1.164375e-04,3.544284e+00,4.038994e+00
1.164750e-04,3.544284e+00,4.038994e+00
1.165125e-04,3.550565e+00,4.043819e+00
1.165500e-04,3.550565e+00,4.043819e+00
1.165875e-04,3.556846e+00,4.043819e+00
1.166250e-04,3.556846e+00,4.048643e+00
1.166625e-04,3.556846e+00,4.048643e+00
1.167000e-04,3.556846e+00,4.048643e+00
1.167375e-04,3.556846e+00,4.053467e+00
1.167750e-04,3.563128e+00,4.053467e+00
1.168125e-04,3.563128e+00,4.053467e+00
1.168500e-04,3.569409e+00,4.053467e+00
1.168875e-04,3.569409e+00,4.058291e+00
1.169250e-04,3.569409e+00,4.058291e+00
1.169625e-04,3.569409e+00,4.058291e+00
1.170000e-04,3.569409e+00,4.058291e+00
1.170375e-04,3.575691e+00,4.063115e+00
1.170750e-04,3.575691e+00,4.063115e+00
1.171125e-04,3.575691e+00,4.063115e+00
1.171500e-04,3.581972e+00,4.067939e+00
1.171875e-04,3.581972e+00,4.067939e+00
1.172250e-04,3.581972e+00,4.067939e+00
1.172625e-04,3.581972e+00,4.067939e+00
1.173000e-04,3.581972e+00,4.067939e+00
1.173375e-04,3.581972e+00,4.072763e+00
1.173750e-04,3.588253e+00,4.072763e+00
1.174125e-04,3.588253e+00,4.072763e+00
1.174500e-04,3.588253e+00,4.072763e+00
1.174875e-04,3.588253e+00,4.072763e+00
1.175250e-04,3.588253e+00,4.072763e+00
1.175625e-04,3.588253e+00,4.072763e+00
1.176000e-04,3.588253e+00,4.077587e+00
1.176375e-04,3.594535e+00,4.077587e+00
1.176750e-04,3.594535e+00,4.077587e+00
1.177125e-04,3.594535e+00,4.082412e+00
1.177500e-04,3.594535e+00,4.082412e+00
1.177875e-04,3.594535e+00,4.082412e+00
1.178250e-04,3.600816e+00,4.082412e+00
1.178625e-04,3.594535e+00,4.087236e+00
1.179000e-04,3.594535e+00,4.087236e+00
1.179375e-04,3.600816e+00,4.087236e+00
1.179750e-04,3.600816e+00,4.087236e+00
1.180125e-04,3.600816e+00,4.087236e+00
1.180500e-04,3.600816e+00,4.092060e+00
1.180875e-04,3.600816e+00,4.092060e+00
1.181250e-04,3.600816e+00,4.092060e+00
1.181625e-04,3.600816e+00,4.092060e+00
1.182000e-04,3.600816e+00,4.096884e+00
1.182375e-04,3.600816e+00,4.096884e+00
1.182750e-04,3.600816e+00,4.096884e+00
1.183125e-04,3.607098e+00,4.101708e+00
1.183500e-04,3.607098e+00,4.101708e+00
1.183875e-04,3.607098e+00,4.101708e+00
1.184250e-04,3.607098e+00,4.101708e+00
1.184625e-04,3.607098e+00,4.106532e+00
1.185000e-04,3.607098e+00,4.106532e+00
1.185375e-04,3.607098e+00,4.106532e+00
1.185750e-04,3.607098e+00,4.111356e+00
1.186125e-04,3.607098e+00,4.111356e+00
1.186500e-04,3.607098e+00,4.116180e+00
1.186875e-04,3.613379e+00,4.116180e+00
1.187250e-04,3.613379e+00,4.116180e+00
1.187625e-04,3.613379e+00,4.116180e+00
1.188000e-04,3.613379e+00,4.121004e+00
1.188375e-04,3.613379e+00,4.121004e+00
1.188750e-04,3.613379e+00,4.121004e+00
1.189125e-04,3.613379e+00,4.121004e+00
1.189500e-04,3.613379e+00,4.125829e+00
1.189875e-04,3.619660e+00,4.130653e+00
1.190250e-04,3.619660e+00,4.130653e+00
1.190625e-04,3.619660e+00,4.130653e+00
1.191000e-04,3.619660e+00,4.130653e+00
1.191375e-04,3.625942e+00,4.130653e+00
1.191750e-04,3.619660e+00,4.135477e+00
1.192125e-04,3.619660e+00,4.135477e+00
1.192500e-04,3.625942e+00,4.135477e+00
1.192875e-04,3.625942e+00,4.140301e+00
1.193250e-04,3.625942e+00,4.140301e+00
1.193625e-04,3.632223e+00,4.140301e+00
1.194000e-04,3.632223e+00,4.145125e+00
1.194375e-04,3.632223e+00,4.145125e+00
1.194750e-04,3.638505e+00,4.145125e+00
1.195125e-04,3.638505e+00,4.145125e+00
1.195500e-04,3.638505e+00,4.149949e+00
1.195875e-04,3.638505e+00,4.149949e+00
1.196250e-04,3.644786e+00,4.149949e+00
1.196625e-04,3.644786e+00,4.149949e+00
1.197000e-04,3.644786e+00,4.149949e+00
1.197375e-04,3.651067e+00,4.154773e+00
1.197750e-04,3.651067e+00,4.154773e+00
1.198125e-04,3.651067e+00,4.154773e+00
1.198500e-04,3.651067e+00,4.154773e+00
1.198875e-04,3.657349e+00,4.159597e+00
1.199250e-04,3.657349e+00,4.159597e+00
1.199625e-04,3.657349e+00,4.159597e+00
1.200000e-04,3.663630e+00,4.159597e+00
1.200375e-04,3.663630e+00,4.164422e+00
1.200750e-04,3.663630e+00,4.164422e+00
1.201125e-04,3.669912e+00,4.164422e+00
1.201500e-04,3.669912e+00,4.164422e+00
1.201875e-04,3.669912e+00,4.169246e+00
1.202250e-04,3.676193e+00,4.169246e+00
1.202625e-04,3.669912e+00,4.169246e+00
1.203000e-04,3.676193e+00,4.169246e+00
1.203375e-04,3.676193e+00,4.169246e+00
1.203750e-04,3.676193e+00,4.174070e+00
1.204125e-04,3.676193e+00,4.174070e+00
1.204500e-04,3.682474e+00,4.174070e+00
1.204875e-04,3.682474e+00,4.178894e+00
1.205250e-04,3.682474e+00,4.178894e+00
1.205625e-04,3.682474e+00,4.178894e+00
1.206000e-04,3.682474e+00,4.183718e+00
1.206375e-04,3.682474e+00,4.178894e+00
1.206750e-04,3.688756e+00,4.183718e+00
1.207125e-04,3.688756e+00,4.183718e+00
1.207500e-04,3.688756e+00,4.188542e+00
1.207875e-04,3.688756e+00,4.188542e+00
1.208250e-04,3.688756e+00,4.188542e+00
1.208625e-04,3.688756e+00,4.193366e+00
1.209000e-04,3.695037e+00,4.193366e+00
1.209375e-04,3.695037e+00,4.193366e+00
1.209750e-04,3.695037e+00,4.198190e+00
1.210125e-04,3.695037e+00,4.198190e+00
1.210500e-04,3.695037e+00,4.198190e+00
1.210875e-04,3.695037e+00,4.198190e+00
1.211250e-04,3.695037e+00,4.203015e+00
1.211625e-04,3.701319e+00,4.203015e+00
1.212000e-04,3.701319e+00,4.207839e+00
1.212375e-04,3.701319e+00,4.203015e+00
1.212750e-04,3.701319e+00,4.207839e+00
1.213125e-04,3.701319e+00,4.207839e+00
1.213500e-04,3.701319e+00,4.212663e+00
1.213875e-04,3.701319e+00,4.212663e+00
1.214250e-04,3.701319e+00,4.212663e+00
1.214625e-04,3.701319e+00,4.212663e+00
1.215000e-04,3.701319e+00,4.217487e+00
1.215375e-04,3.701319e+00,4.217487e+00
1.215750e-04,3.701319e+00,4.217487e+00
1.216125e-04,3.707600e+00,4.217487e+00
1.216500e-04,3.707600e+00,4.222311e+00
1.216875e-04,3.707600e+00,4.222311e+00
1.217250e-04,3.707600e+00,4.222311e+00
1.217625e-04,3.707600e+00,4.222311e+00
1.218000e-04,3.707600e+00,4.222311e+00
1.218375e-04,3.707600e+00,4.227135e+00
1.218750e-04,3.707600e+00,4.227135e+00
1.219125e-04,3.707600e+00,4.227135e+00
1.219500e-04,3.707600e+00,4.227135e+00
1.219875e-04,3.707600e+00,4.227135e+00
1.220250e-04,3.707600e+00,4.227135e+00
1.220625e-04,3.713882e+00,4.231959e+00
1.221000e-04,3.713882e+00,4.231959e+00
1.221375e-04,3.713882e+00,4.231959e+00
1.221750e-04,3.713882e+00,4.231959e+00
1.222125e-04,3.713882e+00,4.231959e+00
1.222500e-04,3.713882e+00,4.236783e+00
1.222875e-04,3.720163e+00,4.236783e+00
1.223250e-04,3.713882e+00,4.236783e+00
1.223625e-04,3.720163e+00,4.236783e+00
1.224000e-04,3.720163e+00,4.236783e+00
1.224375e-04,3.720163e+00,4.241607e+00
1.224750e-04,3.720163e+00,4.236783e+00
1.225125e-04,3.720163e+00,4.241607e+00
1.225500e-04,3.726444e+00,4.241607e+00
1.225875e-04,3.726444e+00,4.241607e+00
1.226250e-04,3.726444e+00,4.246432e+00
1.226625e-04,3.732726e+00,4.246432e+00
1.227000e-04,3.732726e+00,4.246432e+00
1.227375e-04,3.732726e+00,4.246432e+00
1.227750e-04,3.732726e+00,4.251256e+00
1.228125e-04,3.739007e+00,4.251256e+00
1.228500e-04,3.739007e+00,4.251256e+00
1.228875e-04,3.739007e+00,4.251256e+00
1.229250e-04,3.745289e+00,4.251256e+00
1.229625e-04,3.745289e+00,4.256080e+00
1.230000e-04,3.745289e+00,4.256080e+00
1.230375e-04,3.745289e+00,4.260904e+00
1.230750e-04,3.751570e+00,4.260904e+00
1.231125e-04,3.751570e+00,4.260904e+00
1.231500e-04,3.751570e+00,4.260904e+00
1.231875e-04,3.757851e+00,4.265728e+00
1.232250e-04,3.757851e+00,4.265728e+00
1.232625e-04,3.757851e+00,4.265728e+00
1.233000e-04,3.757851e+00,4.270552e+00
1.233375e-04,3.764133e+00,4.265728e+00
1.233750e-04,3.764133e+00,4.270552e+00
1.234125e-04,3.764133e+00,4.275376e+00
1.234500e-04,3.770414e+00,4.275376e+00
1.234875e-04,3.770414e+00,4.275376e+00
1.235250e-04,3.770414e+00,4.275376e+00
1.235625e-04,3.770414e+00,4.280200e+00
1.236000e-04,3.770414e+00,4.280200e+00
1.236375e-04,3.776696e+00,4.280200e+00
1.236750e-04,3.776696e+00,4.285025e+00
1.237125e-04,3.782977e+00,4.285025e+00
1.237500e-04,3.776696e+00,4.285025e+00
1.237875e-04,3.782977e+00,4.285025e+00
1.238250e-04,3.782977e+00,4.285025e+00
1.238625e-04,3.782977e+00,4.289849e+00
1.239000e-04,3.789258e+00,4.289849e+00
1.239375e-04,3.789258e+00,4.294673e+00
1.239750e-04,3.789258e+00,4.294673e+00
1.240125e-04,3.789258e+00,4.294673e+00
1.240500e-04,3.789258e+00,4.294673e+00
1.240875e-04,3.789258e+00,4.299497e+00
1.241250e-04,3.789258e+00,4.299497e+00
1.241625e-04,3.795540e+00,4.299497e+00
1.242000e-04,3.795540e+00,4.299497e+00
1.242375e-04,3.795540e+00,4.299497e+00
1.242750e-04,3.795540e+00,4.304321e+00
1.243125e-04,3.795540e+00,4.304321e+00
1.243500e-04,3.795540e+00,4.304321e+00
1.243875e-04,3.795540e+00,4.304321e+00
1.244250e-04,3.795540e+00,4.304321e+00
1.244625e-04,3.795540e+00,4.309145e+00
1.245000e-04,3.801821e+00,4.309145e+00
1.245375e-04,3.801821e+00,4.309145e+00
1.245750e-04,3.801821e+00,4.309145e+00
1.246125e-04,3.801821e+00,4.309145e+00
1.246500e-04,3.801821e+00,4.309145e+00
1.246875e-04,3.801821e+00,4.313969e+00
1.247250e-04,3.801821e+00,4.313969e+00
1.247625e-04,3.801821e+00,4.313969e+00
1.248000e-04,3.801821e+00,4.313969e+00
1.248375e-04,3.801821e+00,4.313969e+00
1.248750e-04,3.801821e+00,4.318793e+00
1.249125e-04,3.801821e+00,4.318793e+00
1.249500e-04,3.801821e+00,4.318793e+00
1.249875e-04,3.808103e+00,4.318793e+00
1.250250e-04,3.808103e+00,4.323618e+00
1.250625e-04,3.808103e+00,4.323618e+00
1.251000e-04,3.808103e+00,4.323618e+00
1.251375e-04,3.808103e+00,4.323618e+00
1.251750e-04,3.808103e+00,4.323618e+00
1.252125e-04,3.808103e+00,4.328442e+00
1.252500e-04,3.808103e+00,4.328442e+00
1.252875e-04,3.808103e+00,4.328442e+00
1.253250e-04,3.808103e+00,4.328442e+00
1.253625e-04,3.808103e+00,4.333266e+00
1.254000e-04,3.808103e+00,4.333266e+00
1.254375e-04,3.808103e+00,4.338090e+00
1.254750e-04,3.814384e+00,4.333266e+00
1.255125e-04,3.814384e+00,4.338090e+00
1.255500e-04,3.814384e+00,4.338090e+00
1.255875e-04,3.814384e+00,4.342914e+00
1.256250e-04,3.814384e+00,4.342914e+00
1.256625e-04,3.820665e+00,4.342914e+00
1.257000e-04,3.814384e+00,4.347738e+00
1.257375e-04,3.820665e+00,4.347738e+00
1.257750e-04,3.820665e+00,4.347738e+00
1.258125e-04,3.820665e+00,4.347738e+00
1.258500e-04,3.820665e+00,4.347738e+00
1.258875e-04,3.820665e+00,4.352562e+00
1.259250e-04,3.826947e+00,4.352562e+00
1.259625e-04,3.820665e+00,4.357386e+00
1.260000e-04,3.826947e+00,4.357386e+00
1.260375e-04,3.826947e+00,4.357386e+00
1.260750e-04,3.833228e+00,4.357386e+00
1.261125e-04,3.833228e+00,4.362210e+00
1.261500e-04,3.833228e+00,4.362210e+00
1.261875e-04,3.833228e+00,4.362210e+00
1.262250e-04,3.839510e+00,4.367035e+00
1.262625e-04,3.839510e+00,4.367035e+00
1.263000e-04,3.839510e+00,4.367035e+00
1.263375e-04,3.845791e+00,4.367035e+00
1.263750e-04,3.845791e+00,4.371859e+00
1.264125e-04,3.845791e+00,4.371859e+00
1.264500e-04,3.845791e+00,4.371859e+00
1.264875e-04,3.845791e+00,4.371859e+00
1.265250e-04,3.852072e+00,4.376683e+00
1.265625e-04,3.852072e+00,4.376683e+00
1.266000e-04,3.858354e+00,4.376683e+00
1.266375e-04,3.858354e+00,4.376683e+00
1.266750e-04,3.858354e+00,4.376683e+00
1.267125e-04,3.858354e+00,4.381507e+00
1.267500e-04,3.864635e+00,4.381507e+00
1.267875e-04,3.864635e+00,4.381507e+00
1.268250e-04,3.864635e+00,4.381507e+00
1.268625e-04,3.864635e+00,4.386331e+00
1.269000e-04,3.870917e+00,4.386331e+00
1.269375e-04,3.870917e+00,4.386331e+00
1.269750e-04,3.870917e+00,4.386331e+00
1.270125e-04,3.877198e+00,4.391155e+00
1.270500e-04,3.877198e+00,4.391155e+00
1.270875e-04,3.877198e+00,4.391155e+00
1.271250e-04,3.877198e+00,4.391155e+00
1.271625e-04,3.883479e+00,4.391155e+00
1.272000e-04,3.883479e+00,4.391155e+00
1.272375e-04,3.883479e+00,4.395979e+00
1.272750e-04,3.883479e+00,4.395979e+00
1.273125e-04,3.889761e+00,4.395979e+00
1.273500e-04,3.889761e+00,4.395979e+00
1.273875e-04,3.889761e+00,4.395979e+00
1.274250e-04,3.889761e+00,4.400803e+00
1.274625e-04,3.889761e+00,4.400803e+00
1.275000e-04,3.889761e+00,4.400803e+00
1.275375e-04,3.889761e+00,4.400803e+00
1.275750e-04,3.896042e+00,4.405628e+00
1.276125e-04,3.896042e+00,4.405628e+00
1.276500e-04,3.896042e+00,4.405628e+00
1.276875e-04,3.896042e+00,4.405628e+00
1.277250e-04,3.896042e+00,4.410452e+00
1.277625e-04,3.896042e+00,4.410452e+00
1.278000e-04,3.896042e+00,4.410452e+00
1.278375e-04,3.896042e+00,4.415276e+00
1.278750e-04,3.896042e+00,4.415276e+00
1.279125e-04,3.902324e+00,4.415276e+00
1.279500e-04,3.902324e+00,4.420100e+00
1.279875e-04,3.902324e+00,4.420100e+00
1.280250e-04,3.902324e+00,4.420100e+00
1.280625e-04,3.902324e+00,4.420100e+00
1.281000e-04,3.902324e+00,4.424924e+00
1.281375e-04,3.902324e+00,4.424924e+00
1.281750e-04,3.902324e+00,4.424924e+00
1.282125e-04,3.902324e+00,4.424924e+00
1.282500e-04,3.902324e+00,4.429748e+00
1.282875e-04,3.902324e+00,4.429748e+00
1.283250e-04,3.902324e+00,4.434572e+00
1.283625e-04,3.908605e+00,4.434572e+00
1.284000e-04,3.908605e+00,4.434572e+00
1.284375e-04,3.908605e+00,4.439396e+00
1.284750e-04,3.908605e+00,4.439396e+00
1.285125e-04,3.908605e+00,4.439396e+00
1.285500e-04,3.908605e+00,4.444221e+00
1.285875e-04,3.908605e+00,4.444221e+00
1.286250e-04,3.908605e+00,4.444221e+00
1.286625e-04,3.908605e+00,4.444221e+00
1.287000e-04,3.914887e+00,4.449045e+00
1.287375e-04,3.914887e+00,4.449045e+00
1.287750e-04,3.914887e+00,4.449045e+00
1.288125e-04,3.914887e+00,4.449045e+00
1.288500e-04,3.914887e+00,4.453869e+00
1.288875e-04,3.914887e+00,4.453869e+00
1.289250e-04,3.914887e+00,4.453869e+00
1.289625e-04,3.921168e+00,4.453869e+00
1.290000e-04,3.921168e+00,4.458693e+00
1.290375e-04,3.921168e+00,4.453869e+00
1.290750e-04,3.921168e+00,4.458693e+00
1.291125e-04,3.921168e+00,4.458693e+00
1.291500e-04,3.921168e+00,4.463517e+00
1.291875e-04,3.921168e+00,4.463517e+00
1.292250e-04,3.927449e+00,4.463517e+00
1.292625e-04,3.927449e+00,4.463517e+00
1.293000e-04,3.927449e+00,4.463517e+00
1.293375e-04,3.933731e+00,4.468341e+00
1.293750e-04,3.933731e+00,4.468341e+00
1.294125e-04,3.933731e+00,4.468341e+00
1.294500e-04,3.933731e+00,4.468341e+00
1.294875e-04,3.933731e+00,4.468341e+00
1.295250e-04,3.940012e+00,4.468341e+00
1.295625e-04,3.940012e+00,4.473165e+00
1.296000e-04,3.940012e+00,4.473165e+00
1.296375e-04,3.946294e+00,4.473165e+00
1.296750e-04,3.946294e+00,4.477989e+00
1.297125e-04,3.946294e+00,4.477989e+00
1.297500e-04,3.952575e+00,4.477989e+00
1.297875e-04,3.952575e+00,4.482813e+00
1.298250e-04,3.952575e+00,4.482813e+00
1.298625e-04,3.952575e+00,4.482813e+00
1.299000e-04,3.958856e+00,4.482813e+00
1.299375e-04,3.958856e+00,4.487638e+00
1.299750e-04,3.958856e+00,4.487638e+00
1.300125e-04,3.965138e+00,4.487638e+00
1.300500e-04,3.965138e+00,4.487638e+00
1.300875e-04,3.965138e+00,4.487638e+00
1.301250e-04,3.965138e+00,4.492462e+00
1.301625e-04,3.971419e+00,4.492462e+00
1.302000e-04,3.971419e+00,4.492462e+00
1.302375e-04,3.971419e+00,4.497286e+00
1.302750e-04,3.977701e+00,4.497286e+00
1.303125e-04,3.977701e+00,4.502110e+00
1.303500e-04,3.977701e+00,4.502110e+00
1.303875e-04,3.977701e+00,4.506934e+00
1.304250e-04,3.977701e+00,4.502110e+00
1.304625e-04,3.983982e+00,4.502110e+00
1.305000e-04,3.983982e+00,4.506934e+00
1.305375e-04,3.983982e+00,4.511758e+00
1.305750e-04,3.983982e+00,4.511758e+00
1.306125e-04,3.983982e+00,4.511758e+00
1.306500e-04,3.990263e+00,4.511758e+00
1.306875e-04,3.990263e+00,4.511758e+00
1.307250e-04,3.990263e+00,4.516582e+00
1.307625e-04,3.990263e+00,4.516582e+00
1.308000e-04,3.990263e+00,4.516582e+00
1.308375e-04,3.990263e+00,4.521406e+00
1.308750e-04,3.996545e+00,4.521406e+00
1.309125e-04,3.996545e+00,4.521406e+00
1.309500e-04,3.996545e+00,4.526231e+00
1.309875e-04,3.996545e+00,4.526231e+00
1.310250e-04,3.996545e+00,4.526231e+00
1.310625e-04,3.996545e+00,4.526231e+00
1.311000e-04,3.996545e+00,4.531055e+00
1.311375e-04,3.996545e+00,4.531055e+00
1.311750e-04,3.996545e+00,4.531055e+00
1.312125e-04,4.002826e+00,4.535879e+00
1.312500e-04,4.002826e+00,4.535879e+00
1.312875e-04,4.002826e+00,4.535879e+00
1.313250e-04,4.002826e+00,4.535879e+00
1.313625e-04,4.002826e+00,4.535879e+00
1.314000e-04,4.002826e+00,4.535879e+00
1.314375e-04,4.002826e+00,4.540703e+00
1.314750e-04,4.002826e+00,4.540703e+00
1.315125e-04,4.002826e+00,4.540703e+00
1.315500e-04,4.002826e+00,4.540703e+00
1.315875e-04,4.009108e+00,4.545527e+00
1.316250e-04,4.009108e+00,4.545527e+00
1.316625e-04,4.009108e+00,4.545527e+00
1.317000e-04,4.009108e+00,4.545527e+00
1.317375e-04,4.009108e+00,4.550351e+00
1.317750e-04,4.009108e+00,4.550351e+00
1.318125e-04,4.009108e+00,4.550351e+00
1.318500e-04,4.009108e+00,4.550351e+00
1.318875e-04,4.009108e+00,4.555175e+00
1.319250e-04,4.009108e+00,4.555175e+00
1.319625e-04,4.015389e+00,4.550351e+00
1.320000e-04,4.015389e+00,4.555175e+00
1.320375e-04,4.015389e+00,4.555175e+00
1.320750e-04,4.015389e+00,4.559999e+00
1.321125e-04,4.015389e+00,4.559999e+00
1.321500e-04,4.015389e+00,4.559999e+00
1.321875e-04,4.015389e+00,4.559999e+00
1.322250e-04,4.021670e+00,4.564824e+00
1.322625e-04,4.021670e+00,4.564824e+00
1.323000e-04,4.021670e+00,4.564824e+00
1.323375e-04,4.021670e+00,4.569648e+00
1.323750e-04,4.021670e+00,4.569648e+00
1.324125e-04,4.027952e+00,4.569648e+00
1.324500e-04,4.027952e+00,4.574472e+00
1.324875e-04,4.027952e+00,4.574472e+00
1.325250e-04,4.027952e+00,4.574472e+00
1.325625e-04,4.034233e+00,4.574472e+00
1.326000e-04,4.027952e+00,4.579296e+00
1.326375e-04,4.034233e+00,4.579296e+00
1.326750e-04,4.034233e+00,4.584120e+00
1.327125e-04,4.040515e+00,4.584120e+00
1.327500e-04,4.040515e+00,4.584120e+00
1.327875e-04,4.040515e+00,4.588944e+00
1.328250e-04,4.040515e+00,4.588944e+00
1.328625e-04,4.046796e+00,4.588944e+00
1.329000e-04,4.046796e+00,4.588944e+00
1.329375e-04,4.046796e+00,4.593768e+00
1.329750e-04,4.053077e+00,4.593768e+00
1.330125e-04,4.053077e+00,4.593768e+00
1.330500e-04,4.053077e+00,4.593768e+00
1.330875e-04,4.053077e+00,4.593768e+00
1.331250e-04,4.059359e+00,4.598592e+00
1.331625e-04,4.059359e+00,4.598592e+00
1.332000e-04,4.059359e+00,4.603416e+00
1.332375e-04,4.059359e+00,4.603416e+00
1.332750e-04,4.065640e+00,4.603416e+00
1.333125e-04,4.065640e+00,4.603416e+00
1.333500e-04,4.065640e+00,4.603416e+00
1.333875e-04,4.071922e+00,4.608241e+00
1.334250e-04,4.071922e+00,4.608241e+00
1.334625e-04,4.071922e+00,4.608241e+00
1.335000e-04,4.078203e+00,4.608241e+00
1.335375e-04,4.078203e+00,4.608241e+00
1.335750e-04,4.078203e+00,4.613065e+00
1.336125e-04,4.078203e+00,4.613065e+00
1.336500e-04,4.084484e+00,4.613065e+00
1.336875e-04,4.078203e+00,4.613065e+00
1.337250e-04,4.084484e+00,4.613065e+00
1.337625e-04,4.084484e+00,4.617889e+00
1.338000e-04,4.084484e+00,4.617889e+00
1.338375e-04,4.084484e+00,4.617889e+00
1.338750e-04,4.090766e+00,4.617889e+00
1.339125e-04,4.090766e+00,4.622713e+00
1.339500e-04,4.090766e+00,4.622713e+00
1.339875e-04,4.090766e+00,4.622713e+00
1.340250e-04,4.090766e+00,4.622713e+00
1.340625e-04,4.097047e+00,4.622713e+00
1.341000e-04,4.090766e+00,4.627537e+00
1.341375e-04,4.097047e+00,4.627537e+00
1.341750e-04,4.097047e+00,4.627537e+00
1.342125e-04,4.097047e+00,4.627537e+00
1.342500e-04,4.097047e+00,4.632361e+00
1.342875e-04,4.097047e+00,4.632361e+00
1.343250e-04,4.097047e+00,4.632361e+00
1.343625e-04,4.097047e+00,4.632361e+00
1.344000e-04,4.103329e+00,4.632361e+00
1.344375e-04,4.103329e+00,4.637185e+00
1.344750e-04,4.103329e+00,4.637185e+00
1.345125e-04,4.103329e+00,4.637185e+00
1.345500e-04,4.103329e+00,4.637185e+00
1.345875e-04,4.103329e+00,4.642009e+00
1.346250e-04,4.103329e+00,4.642009e+00
1.346625e-04,4.103329e+00,4.642009e+00
1.347000e-04,4.103329e+00,4.646834e+00
1.347375e-04,4.103329e+00,4.646834e+00
1.347750e-04,4.103329e+00,4.646834e+00
1.348125e-04,4.103329e+00,4.646834e+00
1.348500e-04,4.103329e+00,4.651658e+00
1.348875e-04,4.103329e+00,4.656482e+00
1.349250e-04,4.109610e+00,4.651658e+00
1.349625e-04,4.109610e+00,4.656482e+00
1.350000e-04,4.109610e+00,4.656482e+00
1.350375e-04,4.109610e+00,4.656482e+00
1.350750e-04,4.109610e+00,4.661306e+00
1.351125e-04,4.109610e+00,4.661306e+00
1.351500e-04,4.109610e+00,4.661306e+00
1.351875e-04,4.109610e+00,4.661306e+00
1.352250e-04,4.109610e+00,4.666130e+00
1.352625e-04,4.109610e+00,4.666130e+00
1.353000e-04,4.109610e+00,4.666130e+00
1.353375e-04,4.115892e+00,4.666130e+00
1.353750e-04,4.115892e+00,4.670954e+00
1.354125e-04,4.115892e+00,4.675778e+00
1.354500e-04,4.115892e+00,4.675778e+00
1.354875e-04,4.115892e+00,4.675778e+00
1.355250e-04,4.115892e+00,4.675778e+00
1.355625e-04,4.115892e+00,4.680602e+00
1.356000e-04,4.115892e+00,4.680602e+00
1.356375e-04,4.122173e+00,4.680602e+00
1.356750e-04,4.122173e+00,4.680602e+00
1.357125e-04,4.122173e+00,4.685427e+00
1.357500e-04,4.122173e+00,4.685427e+00
1.357875e-04,4.122173e+00,4.685427e+00
1.358250e-04,4.128454e+00,4.685427e+00
1.358625e-04,4.128454e+00,4.685427e+00
1.359000e-04,4.128454e+00,4.690251e+00
1.359375e-04,4.134736e+00,4.690251e+00
1.359750e-04,4.134736e+00,4.690251e+00
1.360125e-04,4.134736e+00,4.690251e+00
1.360500e-04,4.134736e+00,4.690251e+00
1.360875e-04,4.134736e+00,4.695075e+00
1.361250e-04,4.141017e+00,4.695075e+00
1.361625e-04,4.141017e+00,4.695075e+00
1.362000e-04,4.141017e+00,4.695075e+00
1.362375e-04,4.141017e+00,4.695075e+00
1.362750e-04,4.147299e+00,4.699899e+00
1.363125e-04,4.147299e+00,4.699899e+00
1.363500e-04,4.147299e+00,4.699899e+00
1.363875e-04,4.147299e+00,4.699899e+00
1.364250e-04,4.153580e+00,4.704723e+00
1.364625e-04,4.153580e+00,4.704723e+00
1.365000e-04,4.159861e+00,4.704723e+00
1.365375e-04,4.159861e+00,4.709547e+00
1.365750e-04,4.159861e+00,4.704723e+00
1.366125e-04,4.159861e+00,4.709547e+00
1.366500e-04,4.166143e+00,4.709547e+00
1.366875e-04,4.166143e+00,4.709547e+00
1.367250e-04,4.166143e+00,4.709547e+00
1.367625e-04,4.166143e+00,4.714371e+00
1.368000e-04,4.172424e+00,4.714371e+00
1.368375e-04,4.172424e+00,4.714371e+00
1.368750e-04,4.172424e+00,4.714371e+00
1.369125e-04,4.178706e+00,4.719195e+00
1.369500e-04,4.178706e+00,4.719195e+00
1.369875e-04,4.178706e+00,4.719195e+00
1.370250e-04,4.178706e+00,4.724019e+00
1.370625e-04,4.178706e+00,4.724019e+00
1.371000e-04,4.178706e+00,4.724019e+00
1.371375e-04,4.184987e+00,4.728844e+00
1.371750e-04,4.184987e+00,4.728844e+00
1.372125e-04,4.184987e+00,4.728844e+00
1.372500e-04,4.184987e+00,4.728844e+00
1.372875e-04,4.191268e+00,4.733668e+00
1.373250e-04,4.191268e+00,4.733668e+00
1.373625e-04,4.191268e+00,4.738492e+00
1.374000e-04,4.191268e+00,4.738492e+00
1.374375e-04,4.191268e+00,4.738492e+00
1.374750e-04,4.191268e+00,4.743316e+00
1.375125e-04,4.197550e+00,4.743316e+00
1.375500e-04,4.197550e+00,4.743316e+00
1.375875e-04,4.197550e+00,4.743316e+00
1.376250e-04,4.197550e+00,4.743316e+00
1.376625e-04,4.197550e+00,4.748140e+00
1.377000e-04,4.197550e+00,4.748140e+00
1.377375e-04,4.197550e+00,4.748140e+00
1.377750e-04,4.197550e+00,4.752964e+00
1.378125e-04,4.197550e+00,4.752964e+00
1.378500e-04,4.203831e+00,4.752964e+00
1.378875e-04,4.203831e+00,4.752964e+00
1.379250e-04,4.203831e+00,4.757788e+00
1.379625e-04,4.203831e+00,4.757788e+00
1.380000e-04,4.203831e+00,4.757788e+00
1.380375e-04,4.203831e+00,4.757788e+00
1.380750e-04,4.203831e+00,4.762612e+00
1.381125e-04,4.203831e+00,4.762612e+00
1.381500e-04,4.203831e+00,4.762612e+00
1.381875e-04,4.203831e+00,4.767437e+00
1.382250e-04,4.203831e+00,4.767437e+00
1.382625e-04,4.203831e+00,4.767437e+00
1.383000e-04,4.210113e+00,4.767437e+00
1.383375e-04,4.210113e+00,4.772261e+00
1.383750e-04,4.210113e+00,4.767437e+00
1.384125e-04,4.210113e+00,4.767437e+00
1.384500e-04,4.210113e+00,4.772261e+00
1.384875e-04,4.210113e+00,4.772261e+00
1.385250e-04,4.210113e+00,4.772261e+00
1.385625e-04,4.210113e+00,4.777085e+00
1.386000e-04,4.210113e+00,4.777085e+00
1.386375e-04,4.210113e+00,4.777085e+00
1.386750e-04,4.210113e+00,4.777085e+00
1.387125e-04,4.216394e+00,4.777085e+00
1.387500e-04,4.216394e+00,4.781909e+00
1.387875e-04,4.216394e+00,4.781909e+00
1.388250e-04,4.216394e+00,4.781909e+00
1.388625e-04,4.216394e+00,4.781909e+00
1.389000e-04,4.216394e+00,4.781909e+00
1.389375e-04,4.222675e+00,4.781909e+00
1.389750e-04,4.216394e+00,4.786733e+00
1.390125e-04,4.222675e+00,4.786733e+00
1.390500e-04,4.222675e+00,4.786733e+00
1.390875e-04,4.222675e+00,4.791557e+00
1.391250e-04,4.222675e+00,4.791557e+00
1.391625e-04,4.222675e+00,4.791557e+00
1.392000e-04,4.228957e+00,4.791557e+00
1.392375e-04,4.228957e+00,4.796381e+00
1.392750e-04,4.228957e+00,4.796381e+00
1.393125e-04,4.228957e+00,4.796381e+00
1.393500e-04,4.228957e+00,4.801205e+00
1.393875e-04,4.235238e+00,4.801205e+00
1.394250e-04,4.235238e+00,4.801205e+00
1.394625e-04,4.235238e+00,4.806030e+00
1.395000e-04,4.241520e+00,4.801205e+00
1.395375e-04,4.241520e+00,4.806030e+00
1.395750e-04,4.241520e+00,4.806030e+00
1.396125e-04,4.247801e+00,4.810854e+00
1.396500e-04,4.247801e+00,4.810854e+00
1.396875e-04,4.247801e+00,4.810854e+00
1.397250e-04,4.254082e+00,4.815678e+00
1.397625e-04,4.254082e+00,4.815678e+00
1.398000e-04,4.254082e+00,4.815678e+00
1.398375e-04,4.254082e+00,4.820502e+00
1.398750e-04,4.260364e+00,4.820502e+00
1.399125e-04,4.260364e+00,4.820502e+00
1.399500e-04,4.260364e+00,4.820502e+00
1.399875e-04,4.260364e+00,4.825326e+00
1.400250e-04,4.266645e+00,4.825326e+00
1.400625e-04,4.266645e+00,4.825326e+00
1.401000e-04,4.266645e+00,4.825326e+00
1.401375e-04,4.266645e+00,4.830150e+00
1.401750e-04,4.272927e+00,4.830150e+00
1.402125e-04,4.272927e+00,4.830150e+00
1.402500e-04,4.272927e+00,4.834974e+00
1.402875e-04,4.272927e+00,4.834974e+00
1.403250e-04,4.279208e+00,4.834974e+00
1.403625e-04,4.279208e+00,4.839798e+00
1.404000e-04,4.279208e+00,4.839798e+00
1.404375e-04,4.285489e+00,4.839798e+00
1.404750e-04,4.285489e+00,4.839798e+00
1.405125e-04,4.285489e+00,4.839798e+00
1.405500e-04,4.285489e+00,4.844622e+00
1.405875e-04,4.285489e+00,4.844622e+00
1.406250e-04,4.285489e+00,4.844622e+00
1.406625e-04,4.291771e+00,4.844622e+00
1.407000e-04,4.291771e+00,4.849447e+00
1.407375e-04,4.291771e+00,4.849447e+00
1.407750e-04,4.291771e+00,4.849447e+00
1.408125e-04,4.291771e+00,4.849447e+00
1.408500e-04,4.298052e+00,4.849447e+00
1.408875e-04,4.298052e+00,4.849447e+00
1.409250e-04,4.298052e+00,4.854271e+00
1.409625e-04,4.298052e+00,4.854271e+00
1.410000e-04,4.298052e+00,4.854271e+00
1.410375e-04,4.298052e+00,4.854271e+00
1.410750e-04,4.298052e+00,4.859095e+00
1.411125e-04,4.298052e+00,4.859095e+00
1.411500e-04,4.298052e+00,4.859095e+00
1.411875e-04,4.304334e+00,4.859095e+00
1.412250e-04,4.304334e+00,4.863919e+00
1.412625e-04,4.304334e+00,4.863919e+00
1.413000e-04,4.304334e+00,4.863919e+00
1.413375e-04,4.304334e+00,4.863919e+00
1.413750e-04,4.304334e+00,4.868743e+00
1.414125e-04,4.304334e+00,4.868743e+00
1.414500e-04,4.304334e+00,4.868743e+00
1.414875e-04,4.304334e+00,4.868743e+00
1.415250e-04,4.304334e+00,4.868743e+00
1.415625e-04,4.304334e+00,4.868743e+00
1.416000e-04,4.304334e+00,4.873567e+00
1.416375e-04,4.304334e+00,4.873567e+00
1.416750e-04,4.304334e+00,4.878391e+00
1.417125e-04,4.310615e+00,4.878391e+00
1.417500e-04,4.310615e+00,4.878391e+00
1.417875e-04,4.310615e+00,4.883215e+00
1.418250e-04,4.310615e+00,4.883215e+00
1.418625e-04,4.310615e+00,4.888040e+00
1.419000e-04,4.310615e+00,4.883215e+00
1.419375e-04,4.310615e+00,4.888040e+00
1.419750e-04,4.310615e+00,4.888040e+00
1.420125e-04,4.310615e+00,4.888040e+00
1.420500e-04,4.310615e+00,4.888040e+00
1.420875e-04,4.310615e+00,4.892864e+00
1.421250e-04,4.310615e+00,4.892864e+00
1.421625e-04,4.316897e+00,4.897688e+00
1.422000e-04,4.316897e+00,4.897688e+00
1.422375e-04,4.316897e+00,4.897688e+00
1.422750e-04,4.316897e+00,4.897688e+00
1.423125e-04,4.316897e+00,4.902512e+00
1.423500e-04,4.316897e+00,4.902512e+00
1.423875e-04,4.316897e+00,4.902512e+00
1.424250e-04,4.323178e+00,4.907336e+00
1.424625e-04,4.323178e+00,4.907336e+00
1.425000e-04,4.323178e+00,4.907336e+00
1.425375e-04,4.323178e+00,4.912160e+00
1.425750e-04,4.323178e+00,4.912160e+00
1.426125e-04,4.323178e+00,4.912160e+00
1.426500e-04,4.329459e+00,4.912160e+00
1.426875e-04,4.329459e+00,4.912160e+00
1.427250e-04,4.329459e+00,4.912160e+00
1.427625e-04,4.329459e+00,4.916984e+00
1.428000e-04,4.329459e+00,4.916984e+00
1.428375e-04,4.335741e+00,4.916984e+00
1.428750e-04,4.335741e+00,4.916984e+00
1.429125e-04,4.335741e+00,4.921808e+00
1.429500e-04,4.335741e+00,4.921808e+00
1.429875e-04,4.342022e+00,4.921808e+00
1.430250e-04,4.342022e+00,4.921808e+00
1.430625e-04,4.342022e+00,4.921808e+00
1.431000e-04,4.348304e+00,4.926633e+00
1.431375e-04,4.348304e+00,4.926633e+00
1.431750e-04,4.348304e+00,4.926633e+00
1.432125e-04,4.348304e+00,4.926633e+00
1.432500e-04,4.354585e+00,4.931457e+00
1.432875e-04,4.354585e+00,4.931457e+00
1.433250e-04,4.354585e+00,4.931457e+00
1.433625e-04,4.360866e+00,4.931457e+00
1.434000e-04,4.360866e+00,4.931457e+00
1.434375e-04,4.360866e+00,4.931457e+00
1.434750e-04,4.360866e+00,4.936281e+00
1.435125e-04,4.367148e+00,4.936281e+00
1.435500e-04,4.367148e+00,4.936281e+00
1.435875e-04,4.367148e+00,4.936281e+00
1.436250e-04,4.373429e+00,4.941105e+00
1.436625e-04,4.373429e+00,4.941105e+00
1.437000e-04,4.373429e+00,4.941105e+00
1.437375e-04,4.373429e+00,4.941105e+00
1.437750e-04,4.373429e+00,4.941105e+00
1.438125e-04,4.379711e+00,4.945929e+00
1.438500e-04,4.379711e+00,4.945929e+00
1.438875e-04,4.379711e+00,4.945929e+00
1.439250e-04,4.385992e+00,4.945929e+00
1.439625e-04,4.385992e+00,4.950753e+00
1.440000e-04,4.385992e+00,4.950753e+00
1.440375e-04,4.385992e+00,4.950753e+00
1.440750e-04,4.392273e+00,4.955577e+00
1.441125e-04,4.392273e+00,4.955577e+00
1.441500e-04,4.385992e+00,4.960401e+00
1.441875e-04,4.392273e+00,4.960401e+00
1.442250e-04,4.392273e+00,4.960401e+00
1.442625e-04,4.392273e+00,4.960401e+00
1.443000e-04,4.392273e+00,4.965225e+00
1.443375e-04,4.398555e+00,4.965225e+00
1.443750e-04,4.392273e+00,4.965225e+00
1.444125e-04,4.398555e+00,4.970050e+00
1.444500e-04,4.398555e+00,4.970050e+00
1.444875e-04,4.398555e+00,4.970050e+00
1.445250e-04,4.398555e+00,4.970050e+00
1.445625e-04,4.398555e+00,4.970050e+00
1.446000e-04,4.398555e+00,4.974874e+00
1.446375e-04,4.404836e+00,4.974874e+00
1.446750e-04,4.404836e+00,4.979698e+00
1.447125e-04,4.404836e+00,4.974874e+00
1.447500e-04,4.404836e+00,4.979698e+00
1.447875e-04,4.404836e+00,4.979698e+00
1.448250e-04,4.404836e+00,4.984522e+00
1.448625e-04,4.404836e+00,4.984522e+00
1.449000e-04,4.404836e+00,4.984522e+00
1.449375e-04,4.404836e+00,4.984522e+00
1.449750e-04,4.411118e+00,4.989346e+00
1.450125e-04,4.411118e+00,4.989346e+00
1.450500e-04,4.411118e+00,4.989346e+00
1.450875e-04,4.411118e+00,4.989346e+00
1.451250e-04,4.411118e+00,4.994170e+00
1.451625e-04,4.411118e+00,4.994170e+00
1.452000e-04,4.411118e+00,4.994170e+00
1.452375e-04,4.411118e+00,4.994170e+00
1.452750e-04,4.411118e+00,4.998994e+00
1.453125e-04,4.411118e+00,4.998994e+00
1.453500e-04,4.417399e+00,4.998994e+00
1.453875e-04,4.417399e+00,4.998994e+00
1.454250e-04,4.417399e+00,4.998994e+00
1.454625e-04,4.417399e+00,4.998994e+00
1.455000e-04,4.417399e+00,5.003818e+00
1.455375e-04,4.417399e+00,5.003818e+00
1.455750e-04,4.423680e+00,5.003818e+00
1.456125e-04,4.423680e+00,5.003818e+00
1.456500e-04,4.423680e+00,5.003818e+00
1.456875e-04,4.423680e+00,5.008643e+00
1.457250e-04,4.423680e+00,5.008643e+00
1.457625e-04,4.429962e+00,5.008643e+00
1.458000e-04,4.429962e+00,5.008643e+00
1.458375e-04,4.429962e+00,5.008643e+00
1.458750e-04,4.429962e+00,5.013467e+00
1.459125e-04,4.429962e+00,5.013467e+00
1.459500e-04,4.436243e+00,5.013467e+00
1.459875e-04,4.436243e+00,5.013467e+00
1.460250e-04,4.436243e+00,5.018291e+00
1.460625e-04,4.436243e+00,5.018291e+00
1.461000e-04,4.442525e+00,5.018291e+00
1.461375e-04,4.442525e+00,5.018291e+00
1.461750e-04,4.442525e+00,5.018291e+00
1.462125e-04,4.448806e+00,5.023115e+00
1.462500e-04,4.448806e+00,5.023115e+00
1.462875e-04,4.448806e+00,5.023115e+00
1.463250e-04,4.448806e+00,5.027939e+00
1.463625e-04,4.455087e+00,5.027939e+00
1.464000e-04,4.455087e+00,5.027939e+00
1.464375e-04,4.455087e+00,5.027939e+00
1.464750e-04,4.461369e+00,5.027939e+00
1.465125e-04,4.461369e+00,5.027939e+00
1.465500e-04,4.461369e+00,5.032763e+00
1.465875e-04,4.467650e+00,5.037587e+00
1.466250e-04,4.467650e+00,5.037587e+00
1.466625e-04,4.467650e+00,5.042411e+00
1.467000e-04,4.467650e+00,5.042411e+00
1.467375e-04,4.473932e+00,5.042411e+00
1.467750e-04,4.473932e+00,5.042411e+00
1.468125e-04,4.473932e+00,5.042411e+00
1.468500e-04,4.473932e+00,5.047236e+00
1.468875e-04,4.473932e+00,5.047236e+00
1.469250e-04,4.480213e+00,5.047236e+00
1.469625e-04,4.480213e+00,5.047236e+00
1.470000e-04,4.480213e+00,5.052060e+00
1.470375e-04,4.486494e+00,5.052060e+00
1.470750e-04,4.486494e+00,5.052060e+00
1.471125e-04,4.486494e+00,5.056884e+00
1.471500e-04,4.486494e+00,5.056884e+00
1.471875e-04,4.486494e+00,5.056884e+00
1.472250e-04,4.492776e+00,5.061708e+00
1.472625e-04,4.492776e+00,5.061708e+00
1.473000e-04,4.492776e+00,5.061708e+00
1.473375e-04,4.492776e+00,5.061708e+00
1.473750e-04,4.492776e+00,5.061708e+00
1.474125e-04,4.492776e+00,5.066532e+00
1.474500e-04,4.492776e+00,5.066532e+00
1.474875e-04,4.499057e+00,5.071356e+00
1.475250e-04,4.499057e+00,5.066532e+00
1.475625e-04,4.499057e+00,5.071356e+00
1.476000e-04,4.499057e+00,5.071356e+00
1.476375e-04,4.499057e+00,5.071356e+00
1.476750e-04,4.499057e+00,5.076180e+00
1.477125e-04,4.499057e+00,5.076180e+00
1.477500e-04,4.499057e+00,5.076180e+00
1.477875e-04,4.499057e+00,5.076180e+00
1.478250e-04,4.505339e+00,5.076180e+00
1.478625e-04,4.505339e+00,5.076180e+00
1.479000e-04,4.505339e+00,5.081004e+00
1.479375e-04,4.505339e+00,5.081004e+00
1.479750e-04,4.505339e+00,5.081004e+00
1.480125e-04,4.505339e+00,5.081004e+00
1.480500e-04,4.505339e+00,5.085828e+00
1.480875e-04,4.505339e+00,5.085828e+00
1.481250e-04,4.505339e+00,5.085828e+00
1.481625e-04,4.505339e+00,5.085828e+00
1.482000e-04,4.505339e+00,5.085828e+00
1.482375e-04,4.505339e+00,5.085828e+00
1.482750e-04,4.505339e+00,5.090653e+00
1.483125e-04,4.511620e+00,5.090653e+00
1.483500e-04,4.505339e+00,5.090653e+00
1.483875e-04,4.511620e+00,5.090653e+00
1.484250e-04,4.511620e+00,5.090653e+00
1.484625e-04,4.511620e+00,5.095477e+00
1.485000e-04,4.511620e+00,5.095477e+00
1.485375e-04,4.511620e+00,5.100301e+00
1.485750e-04,4.511620e+00,5.095477e+00
1.486125e-04,4.511620e+00,5.100301e+00
1.486500e-04,4.511620e+00,5.100301e+00
1.486875e-04,4.511620e+00,5.100301e+00
1.487250e-04,4.511620e+00,5.100301e+00
1.487625e-04,4.511620e+00,5.105125e+00
1.488000e-04,4.511620e+00,5.105125e+00
1.488375e-04,4.517902e+00,5.109949e+00
1.488750e-04,4.517902e+00,5.109949e+00
1.489125e-04,4.517902e+00,5.109949e+00
1.489500e-04,4.517902e+00,5.114773e+00
1.489875e-04,4.517902e+00,5.114773e+00
1.490250e-04,4.517902e+00,5.114773e+00
1.490625e-04,4.524183e+00,5.119597e+00
1.491000e-04,4.524183e+00,5.119597e+00
1.491375e-04,4.524183e+00,5.119597e+00
1.491750e-04,4.524183e+00,5.119597e+00
1.492125e-04,4.524183e+00,5.124421e+00
1.492500e-04,4.524183e+00,5.124421e+00
1.492875e-04,4.530464e+00,5.124421e+00
1.493250e-04,4.530464e+00,5.129246e+00
1.493625e-04,4.530464e+00,5.129246e+00
1.494000e-04,4.530464e+00,5.129246e+00
1.494375e-04,4.536746e+00,5.134070e+00
1.494750e-04,4.536746e+00,5.134070e+00
1.495125e-04,4.536746e+00,5.138894e+00
1.495500e-04,4.536746e+00,5.138894e+00
1.495875e-04,4.536746e+00,5.138894e+00
1.496250e-04,4.543027e+00,5.138894e+00
1.496625e-04,4.543027e+00,5.138894e+00
1.497000e-04,4.543027e+00,5.138894e+00
1.497375e-04,4.549309e+00,5.143718e+00
1.497750e-04,4.549309e+00,5.143718e+00
1.498125e-04,4.549309e+00,5.143718e+00
1.498500e-04,4.555590e+00,5.148542e+00
1.498875e-04,4.555590e+00,5.148542e+00
1.499250e-04,4.555590e+00,5.148542e+00
1.499625e-04,4.555590e+00,5.148542e+00
1.500000e-04,4.555590e+00,5.148542e+00
1.500375e-04,4.561871e+00,5.153366e+00
1.500750e-04,4.561871e+00,5.153366e+00
1.501125e-04,4.561871e+00,5.153366e+00
1.501500e-04,4.568153e+00,5.158190e+00
1.501875e-04,4.568153e+00,5.158190e+00
1.502250e-04,4.568153e+00,5.158190e+00
1.502625e-04,4.568153e+00,5.158190e+00
1.503000e-04,4.568153e+00,5.163014e+00
1.503375e-04,4.574434e+00,5.163014e+00
1.503750e-04,4.574434e+00,5.163014e+00
1.504125e-04,4.574434e+00,5.163014e+00
1.504500e-04,4.580716e+00,5.163014e+00
1.504875e-04,4.580716e+00,5.163014e+00
1.505250e-04,4.580716e+00,5.163014e+00
1.505625e-04,4.580716e+00,5.167839e+00
1.506000e-04,4.586997e+00,5.167839e+00
1.506375e-04,4.586997e+00,5.172663e+00
1.506750e-04,4.586997e+00,5.172663e+00
1.507125e-04,4.586997e+00,5.172663e+00
1.507500e-04,4.586997e+00,5.177487e+00
1.507875e-04,4.586997e+00,5.177487e+00
1.508250e-04,4.593278e+00,5.177487e+00
1.508625e-04,4.593278e+00,5.182311e+00
1.509000e-04,4.593278e+00,5.182311e+00
1.509375e-04,4.593278e+00,5.182311e+00
1.509750e-04,4.593278e+00,5.182311e+00
1.510125e-04,4.593278e+00,5.187135e+00
1.510500e-04,4.593278e+00,5.187135e+00
1.510875e-04,4.599560e+00,5.187135e+00
1.511250e-04,4.599560e+00,5.187135e+00
1.511625e-04,4.599560e+00,5.191959e+00
1.512000e-04,4.599560e+00,5.191959e+00
1.512375e-04,4.599560e+00,5.196783e+00
1.512750e-04,4.599560e+00,5.196783e+00
1.513125e-04,4.599560e+00,5.196783e+00
1.513500e-04,4.599560e+00,5.196783e+00
1.513875e-04,4.599560e+00,5.196783e+00
1.514250e-04,4.605841e+00,5.201607e+00
1.514625e-04,4.605841e+00,5.206431e+00
1.515000e-04,4.605841e+00,5.206431e+00
1.515375e-04,4.605841e+00,5.206431e+00
1.515750e-04,4.605841e+00,5.206431e+00
1.516125e-04,4.605841e+00,5.211256e+00
1.516500e-04,4.605841e+00,5.211256e+00
1.516875e-04,4.605841e+00,5.211256e+00
1.517250e-04,4.605841e+00,5.211256e+00
1.517625e-04,4.605841e+00,5.216080e+00
1.518000e-04,4.605841e+00,5.216080e+00
1.518375e-04,4.605841e+00,5.216080e+00
1.518750e-04,4.605841e+00,5.220904e+00
1.519125e-04,4.612123e+00,5.220904e+00
1.519500e-04,4.612123e+00,5.220904e+00
1.519875e-04,4.612123e+00,5.220904e+00
1.520250e-04,4.612123e+00,5.220904e+00
1.520625e-04,4.612123e+00,5.225728e+00
1.521000e-04,4.612123e+00,5.225728e+00
1.521375e-04,4.612123e+00,5.225728e+00
1.521750e-04,4.612123e+00,5.225728e+00
1.522125e-04,4.612123e+00,5.230552e+00
1.522500e-04,4.612123e+00,5.230552e+00
1.522875e-04,4.612123e+00,5.230552e+00
1.523250e-04,4.612123e+00,5.230552e+00
1.523625e-04,4.618404e+00,5.230552e+00
1.524000e-04,4.618404e+00,5.235376e+00
1.524375e-04,4.618404e+00,5.235376e+00
1.524750e-04,4.618404e+00,5.235376e+00
1.525125e-04,4.618404e+00,5.235376e+00
1.525500e-04,4.618404e+00,5.235376e+00
1.525875e-04,4.618404e+00,5.240200e+00
1.526250e-04,4.618404e+00,5.240200e+00
1.526625e-04,4.624685e+00,5.240200e+00
1.527000e-04,4.624685e+00,5.240200e+00
1.527375e-04,4.624685e+00,5.240200e+00
1.527750e-04,4.624685e+00,5.245024e+00
1.528125e-04,4.630967e+00,5.245024e+00
1.528500e-04,4.630967e+00,5.245024e+00
1.528875e-04,4.630967e+00,5.245024e+00
1.529250e-04,4.630967e+00,5.249849e+00
1.529625e-04,4.630967e+00,5.249849e+00
1.530000e-04,4.637248e+00,5.249849e+00
1.530375e-04,4.637248e+00,5.254673e+00
1.530750e-04,4.643530e+00,5.254673e+00
1.531125e-04,4.643530e+00,5.254673e+00
1.531500e-04,4.643530e+00,5.254673e+00
1.531875e-04,4.643530e+00,5.254673e+00
1.532250e-04,4.649811e+00,5.259497e+00
1.532625e-04,4.649811e+00,5.259497e+00
1.533000e-04,4.649811e+00,5.259497e+00
1.533375e-04,4.649811e+00,5.259497e+00
1.533750e-04,4.656092e+00,5.264321e+00
1.534125e-04,4.656092e+00,5.264321e+00
1.534500e-04,4.656092e+00,5.269145e+00
1.534875e-04,4.656092e+00,5.269145e+00
1.535250e-04,4.656092e+00,5.269145e+00
1.535625e-04,4.662374e+00,5.273969e+00
1.536000e-04,4.662374e+00,5.273969e+00
1.536375e-04,4.662374e+00,5.273969e+00
1.536750e-04,4.668655e+00,5.273969e+00
1.537125e-04,4.668655e+00,5.273969e+00
1.537500e-04,4.668655e+00,5.278793e+00
1.537875e-04,4.668655e+00,5.283617e+00
1.538250e-04,4.674937e+00,5.283617e+00
1.538625e-04,4.674937e+00,5.283617e+00
1.539000e-04,4.681218e+00,5.283617e+00
1.539375e-04,4.681218e+00,5.288442e+00
1.539750e-04,4.681218e+00,5.288442e+00
1.540125e-04,4.681218e+00,5.288442e+00
1.540500e-04,4.681218e+00,5.293266e+00
1.540875e-04,4.687499e+00,5.293266e+00
1.541250e-04,4.687499e+00,5.293266e+00
1.541625e-04,4.687499e+00,5.293266e+00
1.542000e-04,4.687499e+00,5.293266e+00
1.542375e-04,4.687499e+00,5.298090e+00
1.542750e-04,4.693781e+00,5.298090e+00
1.543125e-04,4.693781e+00,5.298090e+00
1.543500e-04,4.693781e+00,5.298090e+00
1.543875e-04,4.693781e+00,5.298090e+00
1.544250e-04,4.693781e+00,5.302914e+00
1.544625e-04,4.693781e+00,5.302914e+00
1.545000e-04,4.700062e+00,5.302914e+00
1.545375e-04,4.700062e+00,5.302914e+00
1.545750e-04,4.700062e+00,5.307738e+00
1.546125e-04,4.700062e+00,5.307738e+00
1.546500e-04,4.700062e+00,5.307738e+00
1.546875e-04,4.700062e+00,5.307738e+00
1.547250e-04,4.700062e+00,5.307738e+00
1.547625e-04,4.700062e+00,5.312562e+00
1.548000e-04,4.700062e+00,5.312562e+00
1.548375e-04,4.706344e+00,5.312562e+00
1.548750e-04,4.706344e+00,5.312562e+00
1.549125e-04,4.706344e+00,5.312562e+00
1.549500e-04,4.706344e+00,5.317386e+00
1.549875e-04,4.706344e+00,5.317386e+00
1.550250e-04,4.706344e+00,5.317386e+00
1.550625e-04,4.706344e+00,5.317386e+00
1.551000e-04,4.706344e+00,5.317386e+00
1.551375e-04,4.706344e+00,5.322210e+00
1.551750e-04,4.706344e+00,5.322210e+00
1.552125e-04,4.706344e+00,5.322210e+00
1.552500e-04,4.706344e+00,5.322210e+00
1.552875e-04,4.706344e+00,5.327034e+00
1.553250e-04,4.712625e+00,5.327034e+00
1.553625e-04,4.712625e+00,5.327034e+00
1.554000e-04,4.712625e+00,5.327034e+00
1.554375e-04,4.712625e+00,5.327034e+00
1.554750e-04,4.712625e+00,5.331859e+00
1.555125e-04,4.712625e+00,5.331859e+00
1.555500e-04,4.712625e+00,5.331859e+00
1.555875e-04,4.712625e+00,5.336683e+00
1.556250e-04,4.712625e+00,5.336683e+00
1.556625e-04,4.712625e+00,5.336683e+00
1.557000e-04,4.712625e+00,5.336683e+00
1.557375e-04,4.712625e+00,5.341507e+00
1.557750e-04,4.712625e+00,5.341507e+00
1.558125e-04,4.712625e+00,5.341507e+00
1.558500e-04,4.718907e+00,5.346331e+00
1.558875e-04,4.718907e+00,5.346331e+00
1.559250e-04,4.718907e+00,5.346331e+00
1.559625e-04,4.718907e+00,5.346331e+00
1.560000e-04,4.718907e+00,5.351155e+00
1.560375e-04,4.718907e+00,5.351155e+00
1.560750e-04,4.718907e+00,5.355979e+00
1.561125e-04,4.725188e+00,5.355979e+00
1.561500e-04,4.725188e+00,5.355979e+00
1.561875e-04,4.725188e+00,5.360803e+00
1.562250e-04,4.725188e+00,5.360803e+00
1.562625e-04,4.731469e+00,5.360803e+00
1.563000e-04,4.731469e+00,5.360803e+00
1.563375e-04,4.731469e+00,5.365627e+00
1.563750e-04,4.731469e+00,5.365627e+00
1.564125e-04,4.731469e+00,5.370452e+00
1.564500e-04,4.731469e+00,5.370452e+00
1.564875e-04,4.737751e+00,5.370452e+00
1.565250e-04,4.737751e+00,5.370452e+00
1.565625e-04,4.737751e+00,5.370452e+00
1.566000e-04,4.737751e+00,5.370452e+00
1.566375e-04,4.737751e+00,5.375276e+00
1.566750e-04,4.744032e+00,5.375276e+00
1.567125e-04,4.744032e+00,5.375276e+00
1.567500e-04,4.744032e+00,5.375276e+00
1.567875e-04,4.750314e+00,5.380100e+00
1.568250e-04,4.750314e+00,5.380100e+00
1.568625e-04,4.750314e+00,5.380100e+00
1.569000e-04,4.750314e+00,5.380100e+00
1.569375e-04,4.756595e+00,5.384924e+00
1.569750e-04,4.756595e+00,5.384924e+00
1.570125e-04,4.756595e+00,5.384924e+00
1.570500e-04,4.762876e+00,5.384924e+00
1.570875e-04,4.762876e+00,5.384924e+00
1.571250e-04,4.762876e+00,5.389748e+00
1.571625e-04,4.762876e+00,5.389748e+00
1.572000e-04,4.769158e+00,5.389748e+00
1.572375e-04,4.769158e+00,5.389748e+00
1.572750e-04,4.769158e+00,5.389748e+00
1.573125e-04,4.775439e+00,5.389748e+00
1.573500e-04,4.775439e+00,5.394572e+00
1.573875e-04,4.775439e+00,5.394572e+00
1.574250e-04,4.775439e+00,5.394572e+00
1.574625e-04,4.781721e+00,5.394572e+00
1.575000e-04,4.781721e+00,5.394572e+00
1.575375e-04,4.781721e+00,5.399396e+00
1.575750e-04,4.781721e+00,5.399396e+00
1.576125e-04,4.788002e+00,5.399396e+00
1.576500e-04,4.788002e+00,5.399396e+00
1.576875e-04,4.788002e+00,5.399396e+00
1.577250e-04,4.788002e+00,5.399396e+00
1.577625e-04,4.788002e+00,5.404220e+00
1.578000e-04,4.788002e+00,5.404220e+00
1.578375e-04,4.788002e+00,5.404220e+00
1.578750e-04,4.794283e+00,5.409045e+00
1.579125e-04,4.794283e+00,5.409045e+00
1.579500e-04,4.794283e+00,5.409045e+00
1.579875e-04,4.794283e+00,5.409045e+00
1.580250e-04,4.800565e+00,5.413869e+00
1.580625e-04,4.800565e+00,5.413869e+00
1.581000e-04,4.800565e+00,5.413869e+00
1.581375e-04,4.800565e+00,5.413869e+00
1.581750e-04,4.800565e+00,5.418693e+00
1.582125e-04,4.800565e+00,5.418693e+00
1.582500e-04,4.800565e+00,5.418693e+00
1.582875e-04,4.800565e+00,5.423517e+00
1.583250e-04,4.800565e+00,5.423517e+00
1.583625e-04,4.800565e+00,5.423517e+00
1.584000e-04,4.800565e+00,5.423517e+00
1.584375e-04,4.806846e+00,5.428341e+00
1.584750e-04,4.806846e+00,5.428341e+00
1.585125e-04,4.806846e+00,5.428341e+00
1.585500e-04,4.806846e+00,5.428341e+00
1.585875e-04,4.806846e+00,5.433165e+00
1.586250e-04,4.806846e+00,5.433165e+00
1.586625e-04,4.806846e+00,5.437989e+00
1.587000e-04,4.806846e+00,5.437989e+00
1.587375e-04,4.806846e+00,5.437989e+00
1.587750e-04,4.806846e+00,5.437989e+00
1.588125e-04,4.806846e+00,5.442813e+00
1.588500e-04,4.806846e+00,5.442813e+00
1.588875e-04,4.813128e+00,5.442813e+00
1.589250e-04,4.813128e+00,5.447637e+00
1.589625e-04,4.813128e+00,5.447637e+00
1.590000e-04,4.813128e+00,5.447637e+00
1.590375e-04,4.813128e+00,5.447637e+00
1.590750e-04,4.813128e+00,5.452462e+00
1.591125e-04,4.813128e+00,5.452462e+00
1.591500e-04,4.813128e+00,5.452462e+00
1.591875e-04,4.813128e+00,5.452462e+00
1.592250e-04,4.819409e+00,5.457286e+00
1.592625e-04,4.819409e+00,5.457286e+00
1.593000e-04,4.819409e+00,5.457286e+00
1.593375e-04,4.819409e+00,5.457286e+00
1.593750e-04,4.819409e+00,5.457286e+00
1.594125e-04,4.819409e+00,5.457286e+00
1.594500e-04,4.819409e+00,5.462110e+00
1.594875e-04,4.819409e+00,5.462110e+00
1.595250e-04,4.825690e+00,5.462110e+00
1.595625e-04,4.825690e+00,5.462110e+00
1.596000e-04,4.825690e+00,5.466934e+00
1.596375e-04,4.825690e+00,5.466934e+00
1.596750e-04,4.831972e+00,5.466934e+00
1.597125e-04,4.831972e+00,5.466934e+00
1.597500e-04,4.831972e+00,5.466934e+00
1.597875e-04,4.831972e+00,5.466934e+00
1.598250e-04,4.831972e+00,5.471758e+00
1.598625e-04,4.838253e+00,5.471758e+00
1.599000e-04,4.838253e+00,5.471758e+00
1.599375e-04,4.838253e+00,5.471758e+00
1.599750e-04,4.838253e+00,5.471758e+00
1.600125e-04,4.844535e+00,5.476582e+00
1.600500e-04,4.844535e+00,5.476582e+00
1.600875e-04,4.844535e+00,5.476582e+00
1.601250e-04,4.844535e+00,5.476582e+00
1.601625e-04,4.850816e+00,5.476582e+00
1.602000e-04,4.850816e+00,5.481406e+00
1.602375e-04,4.857097e+00,5.481406e+00
1.602750e-04,4.857097e+00,5.481406e+00
1.603125e-04,4.857097e+00,5.481406e+00
1.603500e-04,4.857097e+00,5.486230e+00
1.603875e-04,4.857097e+00,5.486230e+00
1.604250e-04,4.863379e+00,5.486230e+00
1.604625e-04,4.863379e+00,5.486230e+00
1.605000e-04,4.869660e+00,5.491055e+00
1.605375e-04,4.869660e+00,5.491055e+00
1.605750e-04,4.869660e+00,5.491055e+00
1.606125e-04,4.869660e+00,5.491055e+00
1.606500e-04,4.875942e+00,5.495879e+00
1.606875e-04,4.875942e+00,5.495879e+00
1.607250e-04,4.875942e+00,5.495879e+00
1.607625e-04,4.875942e+00,5.500703e+00
1.608000e-04,4.882223e+00,5.500703e+00
1.608375e-04,4.882223e+00,5.500703e+00
1.608750e-04,4.882223e+00,5.500703e+00
1.609125e-04,4.882223e+00,5.505527e+00
1.609500e-04,4.882223e+00,5.505527e+00
1.609875e-04,4.888504e+00,5.510351e+00
1.610250e-04,4.888504e+00,5.510351e+00
1.610625e-04,4.888504e+00,5.510351e+00
1.611000e-04,4.888504e+00,5.510351e+00
1.611375e-04,4.888504e+00,5.515175e+00
1.611750e-04,4.894786e+00,5.515175e+00
1.612125e-04,4.894786e+00,5.515175e+00
1.612500e-04,4.894786e+00,5.515175e+00
1.612875e-04,4.894786e+00,5.519999e+00
1.613250e-04,4.894786e+00,5.519999e+00
1.613625e-04,4.894786e+00,5.524823e+00
1.614000e-04,4.901067e+00,5.519999e+00
1.614375e-04,4.901067e+00,5.524823e+00
1.614750e-04,4.901067e+00,5.524823e+00
1.615125e-04,4.901067e+00,5.524823e+00
1.615500e-04,4.901067e+00,5.529648e+00
1.615875e-04,4.901067e+00,5.529648e+00
1.616250e-04,4.901067e+00,5.529648e+00
1.616625e-04,4.901067e+00,5.529648e+00
1.617000e-04,4.907349e+00,5.534472e+00
1.617375e-04,4.907349e+00,5.534472e+00
1.617750e-04,4.907349e+00,5.534472e+00
1.618125e-04,4.907349e+00,5.534472e+00
1.618500e-04,4.907349e+00,5.534472e+00
1.618875e-04,4.907349e+00,5.539296e+00
1.619250e-04,4.907349e+00,5.539296e+00
1.619625e-04,4.907349e+00,5.539296e+00
1.620000e-04,4.907349e+00,5.539296e+00
1.620375e-04,4.907349e+00,5.539296e+00
1.620750e-04,4.907349e+00,5.544120e+00
1.621125e-04,4.907349e+00,5.544120e+00
1.621500e-04,4.907349e+00,5.544120e+00
1.621875e-04,4.907349e+00,5.548944e+00
1.622250e-04,4.913630e+00,5.544120e+00
1.622625e-04,4.913630e+00,5.548944e+00
1.623000e-04,4.913630e+00,5.548944e+00
1.623375e-04,4.913630e+00,5.548944e+00
1.623750e-04,4.913630e+00,5.548944e+00
1.624125e-04,4.913630e+00,5.548944e+00
1.624500e-04,4.913630e+00,5.553768e+00
1.624875e-04,4.913630e+00,5.553768e+00
1.625250e-04,4.913630e+00,5.553768e+00
1.625625e-04,4.913630e+00,5.553768e+00
1.626000e-04,4.913630e+00,5.553768e+00
1.626375e-04,4.913630e+00,5.553768e+00
1.626750e-04,4.913630e+00,5.558592e+00
1.627125e-04,4.919912e+00,5.558592e+00
1.627500e-04,4.919912e+00,5.558592e+00
1.627875e-04,4.919912e+00,5.558592e+00
1.628250e-04,4.919912e+00,5.563416e+00
1.628625e-04,4.919912e+00,5.563416e+00
1.629000e-04,4.926193e+00,5.563416e+00
1.629375e-04,4.926193e+00,5.568240e+00
1.629750e-04,4.926193e+00,5.568240e+00
1.630125e-04,4.926193e+00,5.568240e+00
1.630500e-04,4.926193e+00,5.573065e+00
1.630875e-04,4.926193e+00,5.573065e+00
1.631250e-04,4.932474e+00,5.573065e+00
1.631625e-04,4.932474e+00,5.577889e+00
1.632000e-04,4.932474e+00,5.577889e+00
1.632375e-04,4.932474e+00,5.577889e+00
1.632750e-04,4.932474e+00,5.577889e+00
1.633125e-04,4.938756e+00,5.582713e+00
1.633500e-04,4.938756e+00,5.582713e+00
1.633875e-04,4.938756e+00,5.582713e+00
1.634250e-04,4.938756e+00,5.582713e+00
1.634625e-04,4.945037e+00,5.587537e+00
1.635000e-04,4.945037e+00,5.587537e+00
1.635375e-04,4.945037e+00,5.587537e+00
1.635750e-04,4.951319e+00,5.592361e+00
1.636125e-04,4.951319e+00,5.592361e+00
1.636500e-04,4.951319e+00,5.597185e+00
1.636875e-04,4.951319e+00,5.597185e+00
1.637250e-04,4.951319e+00,5.597185e+00
1.637625e-04,4.957600e+00,5.597185e+00
1.638000e-04,4.957600e+00,5.602009e+00
1.638375e-04,4.957600e+00,5.602009e+00
1.638750e-04,4.963881e+00,5.602009e+00
1.639125e-04,4.963881e+00,5.602009e+00
1.639500e-04,4.963881e+00,5.606833e+00
1.639875e-04,4.963881e+00,5.606833e+00
1.640250e-04,4.963881e+00,5.606833e+00
1.640625e-04,4.970163e+00,5.606833e+00
1.641000e-04,4.970163e+00,5.611658e+00
1.641375e-04,4.976444e+00,5.611658e+00
1.641750e-04,4.976444e+00,5.611658e+00
1.642125e-04,4.976444e+00,5.616482e+00
1.642500e-04,4.976444e+00,5.616482e+00
1.642875e-04,4.976444e+00,5.616482e+00
1.643250e-04,4.982726e+00,5.616482e+00
1.643625e-04,4.982726e+00,5.616482e+00
1.644000e-04,4.982726e+00,5.621306e+00
1.644375e-04,4.982726e+00,5.621306e+00
1.644750e-04,4.989007e+00,5.621306e+00
1.645125e-04,4.989007e+00,5.626130e+00
1.645500e-04,4.989007e+00,5.626130e+00
1.645875e-04,4.989007e+00,5.626130e+00
1.646250e-04,4.989007e+00,5.626130e+00
1.646625e-04,4.995288e+00,5.626130e+00
1.647000e-04,4.995288e+00,5.626130e+00
1.647375e-04,4.995288e+00,5.630954e+00
1.647750e-04,4.995288e+00,5.630954e+00
1.648125e-04,4.995288e+00,5.630954e+00
1.648500e-04,5.001570e+00,5.635778e+00
1.648875e-04,5.001570e+00,5.635778e+00
1.649250e-04,5.001570e+00,5.635778e+00
1.649625e-04,5.001570e+00,5.635778e+00
1.650000e-04,5.001570e+00,5.635778e+00
1.650375e-04,5.001570e+00,5.635778e+00
1.650750e-04,5.001570e+00,5.640602e+00
1.651125e-04,5.001570e+00,5.640602e+00
1.651500e-04,5.001570e+00,5.640602e+00
1.651875e-04,5.001570e+00,5.645426e+00
1.652250e-04,5.001570e+00,5.645426e+00
1.652625e-04,5.007851e+00,5.645426e+00
1.653000e-04,5.007851e+00,5.650251e+00
1.653375e-04,5.007851e+00,5.650251e+00
1.653750e-04,5.007851e+00,5.650251e+00
1.654125e-04,5.007851e+00,5.655075e+00
1.654500e-04,5.007851e+00,5.650251e+00
1.654875e-04,5.007851e+00,5.655075e+00
1.655250e-04,5.007851e+00,5.655075e+00
1.655625e-04,5.007851e+00,5.655075e+00
1.656000e-04,5.007851e+00,5.659899e+00
1.656375e-04,5.014133e+00,5.659899e+00
1.656750e-04,5.014133e+00,5.659899e+00
1.657125e-04,5.014133e+00,5.664723e+00
1.657500e-04,5.014133e+00,5.664723e+00
1.657875e-04,5.014133e+00,5.664723e+00
1.658250e-04,5.014133e+00,5.664723e+00
1.658625e-04,5.014133e+00,5.669547e+00
1.659000e-04,5.020414e+00,5.669547e+00
1.659375e-04,5.014133e+00,5.669547e+00
1.659750e-04,5.014133e+00,5.674371e+00
1.660125e-04,5.020414e+00,5.674371e+00
1.660500e-04,5.020414e+00,5.674371e+00
1.660875e-04,5.020414e+00,5.674371e+00
1.661250e-04,5.020414e+00,5.679195e+00
1.661625e-04,5.020414e+00,5.679195e+00
1.662000e-04,5.026695e+00,5.679195e+00
1.662375e-04,5.026695e+00,5.679195e+00
1.662750e-04,5.026695e+00,5.679195e+00
1.663125e-04,5.026695e+00,5.684019e+00
1.663500e-04,5.026695e+00,5.684019e+00
1.663875e-04,5.026695e+00,5.684019e+00
1.664250e-04,5.032977e+00,5.684019e+00
1.664625e-04,5.032977e+00,5.688843e+00
1.665000e-04,5.032977e+00,5.688843e+00
1.665375e-04,5.039258e+00,5.688843e+00
1.665750e-04,5.032977e+00,5.688843e+00
1.666125e-04,5.032977e+00,5.688843e+00
1.666500e-04,5.039258e+00,5.693668e+00
1.666875e-04,5.039258e+00,5.693668e+00
1.667250e-04,5.045540e+00,5.693668e+00
1.667625e-04,5.045540e+00,5.693668e+00
1.668000e-04,5.045540e+00,5.693668e+00
1.668375e-04,5.045540e+00,5.693668e+00
1.668750e-04,5.051821e+00,5.693668e+00
1.669125e-04,5.051821e+00,5.698492e+00
1.669500e-04,5.051821e+00,5.698492e+00
1.669875e-04,5.051821e+00,5.698492e+00
1.670250e-04,5.058102e+00,5.698492e+00
1.670625e-04,5.058102e+00,5.698492e+00
1.671000e-04,5.058102e+00,5.698492e+00
1.671375e-04,5.064384e+00,5.698492e+00
1.671750e-04,5.064384e+00,5.698492e+00
1.672125e-04,5.064384e+00,5.703316e+00
1.672500e-04,5.064384e+00,5.703316e+00
1.672875e-04,5.064384e+00,5.703316e+00
1.673250e-04,5.070665e+00,5.703316e+00
1.673625e-04,5.070665e+00,5.703316e+00
1.674000e-04,5.070665e+00,5.708140e+00
1.674375e-04,5.076947e+00,5.708140e+00
1.674750e-04,5.076947e+00,5.708140e+00
1.675125e-04,5.076947e+00,5.708140e+00
1.675500e-04,5.076947e+00,5.708140e+00
1.675875e-04,5.083228e+00,5.708140e+00
1.676250e-04,5.083228e+00,5.712964e+00
1.676625e-04,5.083228e+00,5.708140e+00
1.677000e-04,5.083228e+00,5.708140e+00
1.677375e-04,5.083228e+00,5.712964e+00
1.677750e-04,5.089510e+00,5.712964e+00
1.678125e-04,5.089510e+00,5.712964e+00
1.678500e-04,5.089510e+00,5.712964e+00
1.678875e-04,5.089510e+00,5.712964e+00
1.679250e-04,5.089510e+00,5.717788e+00
1.679625e-04,5.095791e+00,5.717788e+00
1.680000e-04,5.095791e+00,5.717788e+00
1.680375e-04,5.095791e+00,5.717788e+00
1.680750e-04,5.095791e+00,5.717788e+00
1.681125e-04,5.095791e+00,5.717788e+00
1.681500e-04,5.095791e+00,5.722612e+00
1.681875e-04,5.095791e+00,5.722612e+00
1.682250e-04,5.102072e+00,5.722612e+00
1.682625e-04,5.102072e+00,5.722612e+00
1.683000e-04,5.102072e+00,5.722612e+00
1.683375e-04,5.102072e+00,5.722612e+00
1.683750e-04,5.102072e+00,5.727436e+00
1.684125e-04,5.102072e+00,5.727436e+00
1.684500e-04,5.102072e+00,5.727436e+00
1.684875e-04,5.102072e+00,5.727436e+00
1.685250e-04,5.102072e+00,5.732261e+00
1.685625e-04,5.108354e+00,5.732261e+00
1.686000e-04,5.108354e+00,5.732261e+00
1.686375e-04,5.108354e+00,5.732261e+00
1.686750e-04,5.108354e+00,5.732261e+00
1.687125e-04,5.108354e+00,5.732261e+00
1.687500e-04,5.108354e+00,5.737085e+00
1.687875e-04,5.108354e+00,5.737085e+00
1.688250e-04,5.108354e+00,5.737085e+00
1.688625e-04,5.108354e+00,5.737085e+00
1.689000e-04,5.108354e+00,5.737085e+00
1.689375e-04,5.108354e+00,5.737085e+00
1.689750e-04,5.108354e+00,5.737085e+00
1.690125e-04,5.108354e+00,5.737085e+00
1.690500e-04,5.114635e+00,5.741909e+00
1.690875e-04,5.108354e+00,5.741909e+00
1.691250e-04,5.114635e+00,5.741909e+00
1.691625e-04,5.114635e+00,5.741909e+00
1.692000e-04,5.114635e+00,5.741909e+00
1.692375e-04,5.114635e+00,5.741909e+00
1.692750e-04,5.114635e+00,5.746733e+00
1.693125e-04,5.114635e+00,5.746733e+00
1.693500e-04,5.114635e+00,5.746733e+00
1.693875e-04,5.114635e+00,5.746733e+00
1.694250e-04,5.114635e+00,5.746733e+00
1.694625e-04,5.114635e+00,5.751557e+00
1.695000e-04,5.114635e+00,5.746733e+00
1.695375e-04,5.114635e+00,5.751557e+00
1.695750e-04,5.114635e+00,5.751557e+00
1.696125e-04,5.114635e+00,5.751557e+00
1.696500e-04,5.120917e+00,5.751557e+00
1.696875e-04,5.120917e+00,5.751557e+00
1.697250e-04,5.120917e+00,5.756381e+00
1.697625e-04,5.120917e+00,5.756381e+00
1.698000e-04,5.120917e+00,5.756381e+00
1.698375e-04,5.120917e+00,5.756381e+00
1.698750e-04,5.120917e+00,5.756381e+00
1.699125e-04,5.127198e+00,5.756381e+00
1.699500e-04,5.127198e+00,5.756381e+00
1.699875e-04,5.127198e+00,5.756381e+00
1.700250e-04,5.127198e+00,5.756381e+00
1.700625e-04,5.127198e+00,5.761205e+00
1.701000e-04,5.127198e+00,5.761205e+00
1.701375e-04,5.133479e+00,5.761205e+00
1.701750e-04,5.133479e+00,5.761205e+00
1.702125e-04,5.133479e+00,5.761205e+00
1.702500e-04,5.133479e+00,5.761205e+00
1.702875e-04,5.133479e+00,5.761205e+00
1.703250e-04,5.139761e+00,5.761205e+00
1.703625e-04,5.133479e+00,5.766029e+00
1.704000e-04,5.139761e+00,5.766029e+00
1.704375e-04,5.139761e+00,5.766029e+00
1.704750e-04,5.139761e+00,5.766029e+00
1.705125e-04,5.146042e+00,5.766029e+00
1.705500e-04,5.139761e+00,5.766029e+00
1.705875e-04,5.146042e+00,5.766029e+00
1.706250e-04,5.146042e+00,5.766029e+00
1.706625e-04,5.146042e+00,5.766029e+00
1.707000e-04,5.152324e+00,5.766029e+00
1.707375e-04,5.152324e+00,5.770854e+00
1.707750e-04,5.152324e+00,5.770854e+00
1.708125e-04,5.152324e+00,5.770854e+00
1.708500e-04,5.158605e+00,5.770854e+00
1.708875e-04,5.158605e+00,5.770854e+00
1.709250e-04,5.158605e+00,5.770854e+00
1.709625e-04,5.164886e+00,5.770854e+00
1.710000e-04,5.164886e+00,5.770854e+00
1.710375e-04,5.164886e+00,5.770854e+00
1.710750e-04,5.164886e+00,5.770854e+00
1.711125e-04,5.171168e+00,5.775678e+00
1.711500e-04,5.171168e+00,5.775678e+00
1.711875e-04,5.171168e+00,5.775678e+00
1.712250e-04,5.171168e+00,5.775678e+00
1.712625e-04,5.171168e+00,5.775678e+00
1.713000e-04,5.177449e+00,5.775678e+00
1.713375e-04,5.177449e+00,5.775678e+00
1.713750e-04,5.177449e+00,5.775678e+00
1.714125e-04,5.183731e+00,5.775678e+00
1.714500e-04,5.183731e+00,5.775678e+00
1.714875e-04,5.183731e+00,5.775678e+00
1.715250e-04,5.183731e+00,5.775678e+00
1.715625e-04,5.183731e+00,5.775678e+00
1.716000e-04,5.183731e+00,5.780502e+00
1.716375e-04,5.183731e+00,5.775678e+00
1.716750e-04,5.190012e+00,5.780502e+00
1.717125e-04,5.190012e+00,5.780502e+00
1.717500e-04,5.190012e+00,5.780502e+00
1.717875e-04,5.196293e+00,5.780502e+00
1.718250e-04,5.196293e+00,5.780502e+00
1.718625e-04,5.196293e+00,5.780502e+00
1.719000e-04,5.196293e+00,5.780502e+00
1.719375e-04,5.196293e+00,5.780502e+00
1.719750e-04,5.196293e+00,5.780502e+00
1.720125e-04,5.196293e+00,5.780502e+00
1.720500e-04,5.196293e+00,5.780502e+00
1.720875e-04,5.196293e+00,5.780502e+00
1.721250e-04,5.202575e+00,5.780502e+00
1.721625e-04,5.202575e+00,5.785326e+00
1.722000e-04,5.202575e+00,5.785326e+00
1.722375e-04,5.202575e+00,5.785326e+00
1.722750e-04,5.202575e+00,5.785326e+00
1.723125e-04,5.202575e+00,5.785326e+00
1.723500e-04,5.202575e+00,5.785326e+00
1.723875e-04,5.202575e+00,5.785326e+00
1.724250e-04,5.202575e+00,5.785326e+00
1.724625e-04,5.202575e+00,5.785326e+00
1.725000e-04,5.208856e+00,5.785326e+00
1.725375e-04,5.208856e+00,5.790150e+00
1.725750e-04,5.208856e+00,5.785326e+00
1.726125e-04,5.208856e+00,5.790150e+00
1.726500e-04,5.208856e+00,5.790150e+00
1.726875e-04,5.208856e+00,5.790150e+00
1.727250e-04,5.208856e+00,5.790150e+00
1.727625e-04,5.208856e+00,5.794974e+00
1.728000e-04,5.208856e+00,5.794974e+00
1.728375e-04,5.208856e+00,5.794974e+00
1.728750e-04,5.208856e+00,5.790150e+00
1.729125e-04,5.208856e+00,5.790150e+00
1.729500e-04,5.208856e+00,5.794974e+00
1.729875e-04,5.215138e+00,5.794974e+00
1.730250e-04,5.215138e+00,5.794974e+00
1.730625e-04,5.215138e+00,5.794974e+00
1.731000e-04,5.215138e+00,5.794974e+00
1.731375e-04,5.215138e+00,5.794974e+00
1.731750e-04,5.215138e+00,5.794974e+00
1.732125e-04,5.215138e+00,5.794974e+00
1.732500e-04,5.215138e+00,5.799798e+00
1.732875e-04,5.215138e+00,5.799798e+00
1.733250e-04,5.215138e+00,5.799798e+00
1.733625e-04,5.215138e+00,5.799798e+00
1.734000e-04,5.215138e+00,5.799798e+00
1.734375e-04,5.215138e+00,5.799798e+00
1.734750e-04,5.221419e+00,5.799798e+00
1.735125e-04,5.221419e+00,5.799798e+00
1.735500e-04,5.221419e+00,5.804622e+00
1.735875e-04,5.221419e+00,5.804622e+00
1.736250e-04,5.221419e+00,5.804622e+00
1.736625e-04,5.221419e+00,5.804622e+00
1.737000e-04,5.227700e+00,5.804622e+00
1.737375e-04,5.227700e+00,5.804622e+00
1.737750e-04,5.227700e+00,5.804622e+00
1.738125e-04,5.227700e+00,5.809446e+00
1.738500e-04,5.227700e+00,5.809446e+00
1.738875e-04,5.227700e+00,5.809446e+00
1.739250e-04,5.233982e+00,5.814271e+00
1.739625e-04,5.233982e+00,5.809446e+00
1.740000e-04,5.233982e+00,5.809446e+00
1.740375e-04,5.233982e+00,5.814271e+00
1.740750e-04,5.233982e+00,5.814271e+00
1.741125e-04,5.233982e+00,5.809446e+00
1.741500e-04,5.240263e+00,5.814271e+00
1.741875e-04,5.240263e+00,5.814271e+00
1.742250e-04,5.240263e+00,5.814271e+00
1.742625e-04,5.240263e+00,5.814271e+00
1.743000e-04,5.246545e+00,5.814271e+00
1.743375e-04,5.246545e+00,5.819095e+00
1.743750e-04,5.246545e+00,5.819095e+00
1.744125e-04,5.246545e+00,5.819095e+00
1.744500e-04,5.246545e+00,5.819095e+00
1.744875e-04,5.252826e+00,5.819095e+00
1.745250e-04,5.252826e+00,5.819095e+00
1.745625e-04,5.252826e+00,5.819095e+00
1.746000e-04,5.252826e+00,5.823919e+00
1.746375e-04,5.259107e+00,5.823919e+00
1.746750e-04,5.259107e+00,5.823919e+00
1.747125e-04,5.265389e+00,5.823919e+00
1.747500e-04,5.265389e+00,5.823919e+00
1.747875e-04,5.265389e+00,5.828743e+00
1.748250e-04,5.265389e+00,5.823919e+00
1.748625e-04,5.265389e+00,5.828743e+00
1.749000e-04,5.265389e+00,5.823919e+00
1.749375e-04,5.271670e+00,5.828743e+00
1.749750e-04,5.271670e+00,5.828743e+00
1.750125e-04,5.271670e+00,5.828743e+00
1.750500e-04,5.277952e+00,5.828743e+00
1.750875e-04,5.277952e+00,5.828743e+00
1.751250e-04,5.277952e+00,5.833567e+00
1.751625e-04,5.284233e+00,5.833567e+00
1.752000e-04,5.284233e+00,5.833567e+00
1.752375e-04,5.277952e+00,5.833567e+00
1.752750e-04,5.284233e+00,5.833567e+00
1.753125e-04,5.284233e+00,5.833567e+00
1.753500e-04,5.290515e+00,5.833567e+00
1.753875e-04,5.290515e+00,5.838391e+00
1.754250e-04,5.290515e+00,5.838391e+00
1.754625e-04,5.290515e+00,5.838391e+00
1.755000e-04,5.290515e+00,5.838391e+00
1.755375e-04,5.296796e+00,5.838391e+00
1.755750e-04,5.296796e+00,5.838391e+00
1.756125e-04,5.296796e+00,5.838391e+00
1.756500e-04,5.296796e+00,5.838391e+00
1.756875e-04,5.296796e+00,5.838391e+00
1.757250e-04,5.296796e+00,5.838391e+00
1.757625e-04,5.296796e+00,5.838391e+00
1.758000e-04,5.303077e+00,5.843215e+00
1.758375e-04,5.303077e+00,5.843215e+00
1.758750e-04,5.303077e+00,5.843215e+00
1.759125e-04,5.303077e+00,5.843215e+00
1.759500e-04,5.303077e+00,5.843215e+00
1.759875e-04,5.303077e+00,5.843215e+00
1.760250e-04,5.303077e+00,5.843215e+00
1.760625e-04,5.303077e+00,5.843215e+00
1.761000e-04,5.303077e+00,5.843215e+00
1.761375e-04,5.309359e+00,5.843215e+00
1.761750e-04,5.309359e+00,5.843215e+00
1.762125e-04,5.309359e+00,5.843215e+00
1.762500e-04,5.309359e+00,5.848039e+00
1.762875e-04,5.309359e+00,5.848039e+00
1.763250e-04,5.309359e+00,5.848039e+00
1.763625e-04,5.309359e+00,5.848039e+00
1.764000e-04,5.309359e+00,5.848039e+00
1.764375e-04,5.309359e+00,5.848039e+00
1.764750e-04,5.309359e+00,5.848039e+00
1.765125e-04,5.309359e+00,5.848039e+00
1.765500e-04,5.309359e+00,5.848039e+00
1.765875e-04,5.309359e+00,5.848039e+00
1.766250e-04,5.309359e+00,5.852864e+00
1.766625e-04,5.309359e+00,5.848039e+00
1.767000e-04,5.309359e+00,5.852864e+00
1.767375e-04,5.315640e+00,5.852864e+00
1.767750e-04,5.315640e+00,5.852864e+00
1.768125e-04,5.315640e+00,5.852864e+00
1.768500e-04,5.315640e+00,5.852864e+00
1.768875e-04,5.315640e+00,5.852864e+00
1.769250e-04,5.315640e+00,5.852864e+00
1.769625e-04,5.315640e+00,5.852864e+00
1.770000e-04,5.315640e+00,5.852864e+00
1.770375e-04,5.315640e+00,5.852864e+00
1.770750e-04,5.315640e+00,5.852864e+00
1.771125e-04,5.315640e+00,5.852864e+00
1.771500e-04,5.315640e+00,5.852864e+00
1.771875e-04,5.321922e+00,5.852864e+00
1.772250e-04,5.315640e+00,5.857688e+00
1.772625e-04,5.321922e+00,5.852864e+00
1.773000e-04,5.321922e+00,5.857688e+00
1.773375e-04,5.321922e+00,5.857688e+00
1.773750e-04,5.321922e+00,5.857688e+00
1.774125e-04,5.321922e+00,5.857688e+00
1.774500e-04,5.321922e+00,5.857688e+00
1.774875e-04,5.321922e+00,5.857688e+00
1.775250e-04,5.321922e+00,5.857688e+00
1.775625e-04,5.328203e+00,5.857688e+00
1.776000e-04,5.328203e+00,5.857688e+00
1.776375e-04,5.328203e+00,5.857688e+00
1.776750e-04,5.328203e+00,5.857688e+00
1.777125e-04,5.328203e+00,5.862512e+00
1.777500e-04,5.334484e+00,5.862512e+00
1.777875e-04,5.334484e+00,5.862512e+00
1.778250e-04,5.334484e+00,5.862512e+00
1.778625e-04,5.334484e+00,5.862512e+00
1.779000e-04,5.334484e+00,5.862512e+00
1.779375e-04,5.334484e+00,5.862512e+00
1.779750e-04,5.340766e+00,5.862512e+00
1.780125e-04,5.340766e+00,5.862512e+00
1.780500e-04,5.340766e+00,5.867336e+00
1.780875e-04,5.340766e+00,5.862512e+00
1.781250e-04,5.347047e+00,5.867336e+00
1.781625e-04,5.347047e+00,5.867336e+00
1.782000e-04,5.347047e+00,5.867336e+00
1.782375e-04,5.347047e+00,5.867336e+00
1.782750e-04,5.347047e+00,5.867336e+00
1.783125e-04,5.353329e+00,5.867336e+00
1.783500e-04,5.353329e+00,5.867336e+00
1.783875e-04,5.353329e+00,5.867336e+00
1.784250e-04,5.359610e+00,5.867336e+00
1.784625e-04,5.359610e+00,5.867336e+00
1.785000e-04,5.359610e+00,5.867336e+00
1.785375e-04,5.359610e+00,5.867336e+00
1.785750e-04,5.365891e+00,5.872160e+00
1.786125e-04,5.359610e+00,5.872160e+00
1.786500e-04,5.365891e+00,5.872160e+00
1.786875e-04,5.365891e+00,5.872160e+00
1.787250e-04,5.372173e+00,5.872160e+00
1.787625e-04,5.365891e+00,5.872160e+00
1.788000e-04,5.372173e+00,5.872160e+00
1.788375e-04,5.372173e+00,5.876984e+00
1.788750e-04,5.378454e+00,5.876984e+00
1.789125e-04,5.378454e+00,5.876984e+00
1.789500e-04,5.378454e+00,5.876984e+00
1.789875e-04,5.378454e+00,5.876984e+00
1.790250e-04,5.378454e+00,5.876984e+00
1.790625e-04,5.384736e+00,5.876984e+00
1.791000e-04,5.384736e+00,5.881808e+00
1.791375e-04,5.384736e+00,5.881808e+00
1.791750e-04,5.384736e+00,5.881808e+00
1.792125e-04,5.384736e+00,5.881808e+00
1.792500e-04,5.391017e+00,5.881808e+00
1.792875e-04,5.391017e+00,5.881808e+00
1.793250e-04,5.391017e+00,5.881808e+00
1.793625e-04,5.391017e+00,5.881808e+00
1.794000e-04,5.391017e+00,5.886632e+00
1.794375e-04,5.391017e+00,5.881808e+00
1.794750e-04,5.397298e+00,5.886632e+00
1.795125e-04,5.397298e+00,5.886632e+00
1.795500e-04,5.397298e+00,5.886632e+00
1.795875e-04,5.397298e+00,5.886632e+00
1.796250e-04,5.397298e+00,5.886632e+00
1.796625e-04,5.397298e+00,5.886632e+00
1.797000e-04,5.397298e+00,5.891457e+00
1.797375e-04,5.403580e+00,5.891457e+00
1.797750e-04,5.403580e+00,5.891457e+00
1.798125e-04,5.403580e+00,5.891457e+00
1.798500e-04,5.403580e+00,5.891457e+00
1.798875e-04,5.403580e+00,5.896281e+00
1.799250e-04,5.403580e+00,5.896281e+00
1.799625e-04,5.403580e+00,5.896281e+00
1.800000e-04,5.403580e+00,5.896281e+00
1.800375e-04,5.403580e+00,5.896281e+00
1.800750e-04,5.403580e+00,5.896281e+00
1.801125e-04,5.409861e+00,5.896281e+00
1.801500e-04,5.409861e+00,5.901105e+00
1.801875e-04,5.409861e+00,5.896281e+00
1.802250e-04,5.409861e+00,5.896281e+00
1.802625e-04,5.409861e+00,5.901105e+00
1.803000e-04,5.409861e+00,5.901105e+00
1.803375e-04,5.409861e+00,5.901105e+00
1.803750e-04,5.409861e+00,5.901105e+00
1.804125e-04,5.409861e+00,5.901105e+00
1.804500e-04,5.409861e+00,5.901105e+00
1.804875e-04,5.409861e+00,5.901105e+00
1.805250e-04,5.409861e+00,5.901105e+00
1.805625e-04,5.409861e+00,5.905929e+00
1.806000e-04,5.409861e+00,5.905929e+00
1.806375e-04,5.416143e+00,5.905929e+00
1.806750e-04,5.416143e+00,5.905929e+00
1.807125e-04,5.416143e+00,5.905929e+00
1.807500e-04,5.416143e+00,5.905929e+00
1.807875e-04,5.416143e+00,5.910753e+00
1.808250e-04,5.416143e+00,5.910753e+00
1.808625e-04,5.416143e+00,5.910753e+00
1.809000e-04,5.416143e+00,5.910753e+00
1.809375e-04,5.416143e+00,5.910753e+00
1.809750e-04,5.416143e+00,5.910753e+00
1.810125e-04,5.416143e+00,5.910753e+00
1.810500e-04,5.416143e+00,5.910753e+00
1.810875e-04,5.416143e+00,5.910753e+00
1.811250e-04,5.416143e+00,5.910753e+00
1.811625e-04,5.422424e+00,5.910753e+00
1.812000e-04,5.422424e+00,5.915577e+00
1.812375e-04,5.422424e+00,5.915577e+00
1.812750e-04,5.422424e+00,5.915577e+00
1.813125e-04,5.422424e+00,5.915577e+00
1.813500e-04,5.428705e+00,5.915577e+00
1.813875e-04,5.428705e+00,5.915577e+00
1.814250e-04,5.428705e+00,5.915577e+00
1.814625e-04,5.428705e+00,5.915577e+00
1.815000e-04,5.428705e+00,5.920401e+00
1.815375e-04,5.434987e+00,5.920401e+00
1.815750e-04,5.428705e+00,5.920401e+00
1.816125e-04,5.434987e+00,5.920401e+00
1.816500e-04,5.434987e+00,5.920401e+00
1.816875e-04,5.434987e+00,5.920401e+00
1.817250e-04,5.434987e+00,5.920401e+00
1.817625e-04,5.434987e+00,5.920401e+00
1.818000e-04,5.441268e+00,5.920401e+00
1.818375e-04,5.441268e+00,5.925225e+00
1.818750e-04,5.441268e+00,5.925225e+00
1.819125e-04,5.441268e+00,5.925225e+00
1.819500e-04,5.441268e+00,5.925225e+00
1.819875e-04,5.447550e+00,5.925225e+00
1.820250e-04,5.447550e+00,5.925225e+00
1.820625e-04,5.447550e+00,5.925225e+00
1.821000e-04,5.447550e+00,5.925225e+00
1.821375e-04,5.453831e+00,5.925225e+00
1.821750e-04,5.453831e+00,5.925225e+00
1.822125e-04,5.453831e+00,5.925225e+00
1.822500e-04,5.453831e+00,5.925225e+00
1.822875e-04,5.460112e+00,5.925225e+00
1.823250e-04,5.460112e+00,5.925225e+00
1.823625e-04,5.460112e+00,5.930049e+00
1.824000e-04,5.460112e+00,5.925225e+00
1.824375e-04,5.466394e+00,5.925225e+00
1.824750e-04,5.466394e+00,5.930049e+00
1.825125e-04,5.466394e+00,5.930049e+00
1.825500e-04,5.472675e+00,5.930049e+00
1.825875e-04,5.472675e+00,5.930049e+00
1.826250e-04,5.472675e+00,5.930049e+00
1.826625e-04,5.472675e+00,5.930049e+00
1.827000e-04,5.478957e+00,5.930049e+00
1.827375e-04,5.478957e+00,5.930049e+00
1.827750e-04,5.478957e+00,5.930049e+00
1.828125e-04,5.485238e+00,5.934874e+00
1.828500e-04,5.485238e+00,5.934874e+00
1.828875e-04,5.485238e+00,5.930049e+00
1.829250e-04,5.485238e+00,5.934874e+00
1.829625e-04,5.485238e+00,5.934874e+00
1.830000e-04,5.485238e+00,5.934874e+00
1.830375e-04,5.491520e+00,5.934874e+00
1.830750e-04,5.491520e+00,5.934874e+00
1.831125e-04,5.491520e+00,5.934874e+00
1.831500e-04,5.491520e+00,5.934874e+00
1.831875e-04,5.491520e+00,5.934874e+00
1.832250e-04,5.491520e+00,5.934874e+00
1.832625e-04,5.497801e+00,5.934874e+00
1.833000e-04,5.497801e+00,5.934874e+00
1.833375e-04,5.497801e+00,5.934874e+00
1.833750e-04,5.497801e+00,5.934874e+00
1.834125e-04,5.497801e+00,5.939698e+00
1.834500e-04,5.497801e+00,5.939698e+00
1.834875e-04,5.497801e+00,5.934874e+00
1.835250e-04,5.504082e+00,5.939698e+00
1.835625e-04,5.504082e+00,5.939698e+00
1.836000e-04,5.504082e+00,5.939698e+00
1.836375e-04,5.504082e+00,5.939698e+00
1.836750e-04,5.504082e+00,5.939698e+00
1.837125e-04,5.504082e+00,5.939698e+00
1.837500e-04,5.504082e+00,5.939698e+00
1.837875e-04,5.504082e+00,5.939698e+00
1.838250e-04,5.504082e+00,5.939698e+00
1.838625e-04,5.504082e+00,5.944522e+00
1.839000e-04,5.504082e+00,5.944522e+00
1.839375e-04,5.510364e+00,5.939698e+00
1.839750e-04,5.510364e+00,5.944522e+00
1.840125e-04,5.510364e+00,5.944522e+00
1.840500e-04,5.510364e+00,5.944522e+00
1.840875e-04,5.510364e+00,5.944522e+00
1.841250e-04,5.510364e+00,5.944522e+00
1.841625e-04,5.510364e+00,5.944522e+00
1.842000e-04,5.510364e+00,5.944522e+00
1.842375e-04,5.510364e+00,5.949346e+00
1.842750e-04,5.510364e+00,5.949346e+00
1.843125e-04,5.510364e+00,5.949346e+00
1.843500e-04,5.510364e+00,5.949346e+00
1.843875e-04,5.510364e+00,5.949346e+00
1.844250e-04,5.516645e+00,5.949346e+00
1.844625e-04,5.516645e+00,5.949346e+00
1.845000e-04,5.516645e+00,5.949346e+00
1.845375e-04,5.516645e+00,5.949346e+00
1.845750e-04,5.516645e+00,5.949346e+00
1.846125e-04,5.516645e+00,5.954170e+00
1.846500e-04,5.516645e+00,5.954170e+00
1.846875e-04,5.516645e+00,5.954170e+00
1.847250e-04,5.516645e+00,5.954170e+00
1.847625e-04,5.516645e+00,5.954170e+00
1.848000e-04,5.516645e+00,5.954170e+00
1.848375e-04,5.516645e+00,5.958994e+00
1.848750e-04,5.522927e+00,5.954170e+00
1.849125e-04,5.522927e+00,5.958994e+00
1.849500e-04,5.522927e+00,5.958994e+00
1.849875e-04,5.522927e+00,5.958994e+00
1.850250e-04,5.522927e+00,5.958994e+00
1.850625e-04,5.522927e+00,5.958994e+00
1.851000e-04,5.522927e+00,5.958994e+00
1.851375e-04,5.522927e+00,5.958994e+00
1.851750e-04,5.529208e+00,5.963818e+00
1.852125e-04,5.529208e+00,5.958994e+00
1.852500e-04,5.529208e+00,5.963818e+00
1.852875e-04,5.529208e+00,5.963818e+00
1.853250e-04,5.529208e+00,5.963818e+00
1.853625e-04,5.529208e+00,5.963818e+00
1.854000e-04,5.535489e+00,5.963818e+00
1.854375e-04,5.535489e+00,5.963818e+00
1.854750e-04,5.535489e+00,5.968642e+00
1.855125e-04,5.535489e+00,5.968642e+00
1.855500e-04,5.535489e+00,5.968642e+00
1.855875e-04,5.535489e+00,5.968642e+00
1.856250e-04,5.541771e+00,5.973467e+00
1.856625e-04,5.541771e+00,5.973467e+00
1.857000e-04,5.541771e+00,5.973467e+00
1.857375e-04,5.548052e+00,5.973467e+00
1.857750e-04,5.548052e+00,5.973467e+00
1.858125e-04,5.548052e+00,5.973467e+00
1.858500e-04,5.548052e+00,5.973467e+00
1.858875e-04,5.554334e+00,5.973467e+00
1.859250e-04,5.554334e+00,5.973467e+00
1.859625e-04,5.554334e+00,5.978291e+00
1.860000e-04,5.554334e+00,5.978291e+00
1.860375e-04,5.554334e+00,5.978291e+00
1.860750e-04,5.560615e+00,5.978291e+00
1.861125e-04,5.560615e+00,5.978291e+00
1.861500e-04,5.560615e+00,5.978291e+00
1.861875e-04,5.560615e+00,5.978291e+00
1.862250e-04,5.566896e+00,5.978291e+00
1.862625e-04,5.566896e+00,5.978291e+00
1.863000e-04,5.566896e+00,5.983115e+00
1.863375e-04,5.573178e+00,5.983115e+00
1.863750e-04,5.573178e+00,5.983115e+00
1.864125e-04,5.573178e+00,5.983115e+00
1.864500e-04,5.573178e+00,5.987939e+00
1.864875e-04,5.579459e+00,5.987939e+00
1.865250e-04,5.579459e+00,5.987939e+00
1.865625e-04,5.579459e+00,5.987939e+00
1.866000e-04,5.579459e+00,5.987939e+00
1.866375e-04,5.579459e+00,5.987939e+00
1.866750e-04,5.585741e+00,5.987939e+00
1.867125e-04,5.585741e+00,5.987939e+00
1.867500e-04,5.585741e+00,5.987939e+00
1.867875e-04,5.585741e+00,5.987939e+00
1.868250e-04,5.592022e+00,5.992763e+00
1.868625e-04,5.592022e+00,5.992763e+00
1.869000e-04,5.592022e+00,5.992763e+00
1.869375e-04,5.592022e+00,5.992763e+00
1.869750e-04,5.592022e+00,5.992763e+00
1.870125e-04,5.598303e+00,5.992763e+00
1.870500e-04,5.598303e+00,5.992763e+00
1.870875e-04,5.598303e+00,5.992763e+00
1.871250e-04,5.598303e+00,5.997587e+00
1.871625e-04,5.598303e+00,5.992763e+00
1.872000e-04,5.598303e+00,5.997587e+00
1.872375e-04,5.598303e+00,5.992763e+00
1.872750e-04,5.598303e+00,5.997587e+00
1.873125e-04,5.604585e+00,5.997587e+00
1.873500e-04,5.604585e+00,5.997587e+00
1.873875e-04,5.604585e+00,5.997587e+00
1.874250e-04,5.604585e+00,5.997587e+00
1.874625e-04,5.604585e+00,5.997587e+00
1.875000e-04,5.604585e+00,5.997587e+00
1.875375e-04,5.604585e+00,5.997587e+00
1.875750e-04,5.604585e+00,5.997587e+00
1.876125e-04,5.604585e+00,6.002411e+00
1.876500e-04,5.604585e+00,6.002411e+00
1.876875e-04,5.610866e+00,6.002411e+00
1.877250e-04,5.610866e+00,6.002411e+00
1.877625e-04,5.610866e+00,6.002411e+00
1.878000e-04,5.610866e+00,6.002411e+00
1.878375e-04,5.610866e+00,6.002411e+00
1.878750e-04,5.610866e+00,6.002411e+00
1.879125e-04,5.610866e+00,6.002411e+00
1.879500e-04,5.610866e+00,6.002411e+00
1.879875e-04,5.610866e+00,6.002411e+00
1.880250e-04,5.610866e+00,6.002411e+00
1.880625e-04,5.610866e+00,6.002411e+00
1.881000e-04,5.610866e+00,6.002411e+00
1.881375e-04,5.610866e+00,6.007235e+00
1.881750e-04,5.610866e+00,6.007235e+00
1.882125e-04,5.610866e+00,6.007235e+00
1.882500e-04,5.617148e+00,6.007235e+00
1.882875e-04,5.617148e+00,6.007235e+00
1.883250e-04,5.617148e+00,6.007235e+00
1.883625e-04,5.617148e+00,6.007235e+00
1.884000e-04,5.617148e+00,6.007235e+00
1.884375e-04,5.617148e+00,6.007235e+00
1.884750e-04,5.617148e+00,6.007235e+00
1.885125e-04,5.617148e+00,6.012060e+00
1.885500e-04,5.617148e+00,6.007235e+00
1.885875e-04,5.617148e+00,6.007235e+00
1.886250e-04,5.617148e+00,6.007235e+00
1.886625e-04,5.617148e+00,6.007235e+00
1.887000e-04,5.617148e+00,6.012060e+00
1.887375e-04,5.623429e+00,6.007235e+00
1.887750e-04,5.623429e+00,6.012060e+00
1.888125e-04,5.623429e+00,6.012060e+00
1.888500e-04,5.623429e+00,6.012060e+00
1.888875e-04,5.623429e+00,6.012060e+00
1.889250e-04,5.623429e+00,6.012060e+00
1.889625e-04,5.623429e+00,6.012060e+00
1.890000e-04,5.623429e+00,6.012060e+00
1.890375e-04,5.623429e+00,6.012060e+00
1.890750e-04,5.629710e+00,6.016884e+00
1.891125e-04,5.629710e+00,6.012060e+00
1.891500e-04,5.629710e+00,6.016884e+00
1.891875e-04,5.629710e+00,6.012060e+00
1.892250e-04,5.629710e+00,6.016884e+00
1.892625e-04,5.635992e+00,6.016884e+00
1.893000e-04,5.635992e+00,6.016884e+00
1.893375e-04,5.635992e+00,6.016884e+00
1.893750e-04,5.635992e+00,6.016884e+00
1.894125e-04,5.635992e+00,6.016884e+00
1.894500e-04,5.642273e+00,6.016884e+00
1.894875e-04,5.642273e+00,6.016884e+00
1.895250e-04,5.642273e+00,6.021708e+00
1.895625e-04,5.642273e+00,6.016884e+00
1.896000e-04,5.642273e+00,6.021708e+00
1.896375e-04,5.648555e+00,6.021708e+00
1.896750e-04,5.648555e+00,6.021708e+00
1.897125e-04,5.648555e+00,6.021708e+00
1.897500e-04,5.648555e+00,6.021708e+00
1.897875e-04,5.654836e+00,6.021708e+00
1.898250e-04,5.654836e+00,6.021708e+00
1.898625e-04,5.654836e+00,6.021708e+00
1.899000e-04,5.661117e+00,6.026532e+00
1.899375e-04,5.661117e+00,6.021708e+00
1.899750e-04,5.661117e+00,6.026532e+00
1.900125e-04,5.661117e+00,6.026532e+00
1.900500e-04,5.661117e+00,6.026532e+00
1.900875e-04,5.667399e+00,6.026532e+00
1.901250e-04,5.667399e+00,6.026532e+00
1.901625e-04,5.667399e+00,6.026532e+00
1.902000e-04,5.667399e+00,6.026532e+00
1.902375e-04,5.667399e+00,6.026532e+00
1.902750e-04,5.673680e+00,6.031356e+00
1.903125e-04,5.673680e+00,6.031356e+00
1.903500e-04,5.673680e+00,6.031356e+00
1.903875e-04,5.673680e+00,6.031356e+00
1.904250e-04,5.679962e+00,6.031356e+00
1.904625e-04,5.679962e+00,6.031356e+00
1.905000e-04,5.679962e+00,6.031356e+00
1.905375e-04,5.679962e+00,6.031356e+00
1.905750e-04,5.686243e+00,6.031356e+00
1.906125e-04,5.686243e+00,6.036180e+00
1.906500e-04,5.686243e+00,6.036180e+00
1.906875e-04,5.686243e+00,6.036180e+00
1.907250e-04,5.686243e+00,6.036180e+00
1.907625e-04,5.692525e+00,6.036180e+00
1.908000e-04,5.692525e+00,6.036180e+00
1.908375e-04,5.692525e+00,6.036180e+00
1.908750e-04,5.698806e+00,6.036180e+00
1.909125e-04,5.698806e+00,6.041004e+00
1.909500e-04,5.692525e+00,6.041004e+00
1.909875e-04,5.698806e+00,6.041004e+00
1.910250e-04,5.698806e+00,6.041004e+00
1.910625e-04,5.698806e+00,6.041004e+00
1.911000e-04,5.698806e+00,6.045828e+00
1.911375e-04,5.698806e+00,6.045828e+00
1.911750e-04,5.698806e+00,6.045828e+00
1.912125e-04,5.698806e+00,6.045828e+00
1.912500e-04,5.705087e+00,6.045828e+00
1.912875e-04,5.705087e+00,6.045828e+00
1.913250e-04,5.705087e+00,6.050652e+00
1.913625e-04,5.705087e+00,6.045828e+00
1.914000e-04,5.705087e+00,6.050652e+00
1.914375e-04,5.705087e+00,6.050652e+00
1.914750e-04,5.705087e+00,6.050652e+00
1.915125e-04,5.705087e+00,6.050652e+00
1.915500e-04,5.705087e+00,6.050652e+00
1.915875e-04,5.711369e+00,6.050652e+00
1.916250e-04,5.711369e+00,6.050652e+00
1.916625e-04,5.711369e+00,6.055477e+00
1.917000e-04,5.711369e+00,6.055477e+00
1.917375e-04,5.711369e+00,6.055477e+00
1.917750e-04,5.711369e+00,6.055477e+00
1.918125e-04,5.711369e+00,6.055477e+00
1.918500e-04,5.711369e+00,6.055477e+00
1.918875e-04,5.711369e+00,6.060301e+00
1.919250e-04,5.711369e+00,6.055477e+00
1.919625e-04,5.711369e+00,6.055477e+00
1.920000e-04,5.711369e+00,6.055477e+00
1.920375e-04,5.711369e+00,6.060301e+00
1.920750e-04,5.711369e+00,6.060301e+00
1.921125e-04,5.711369e+00,6.060301e+00
1.921500e-04,5.711369e+00,6.060301e+00
1.921875e-04,5.711369e+00,6.060301e+00
1.922250e-04,5.711369e+00,6.060301e+00
1.922625e-04,5.717650e+00,6.065125e+00
1.923000e-04,5.717650e+00,6.065125e+00
1.923375e-04,5.717650e+00,6.065125e+00
1.923750e-04,5.717650e+00,6.065125e+00
1.924125e-04,5.717650e+00,6.065125e+00
1.924500e-04,5.717650e+00,6.065125e+00
1.924875e-04,5.717650e+00,6.065125e+00
1.925250e-04,5.717650e+00,6.069949e+00
1.925625e-04,5.717650e+00,6.065125e+00
1.926000e-04,5.717650e+00,6.069949e+00
1.926375e-04,5.717650e+00,6.069949e+00
1.926750e-04,5.723932e+00,6.069949e+00
1.927125e-04,5.723932e+00,6.069949e+00
1.927500e-04,5.723932e+00,6.069949e+00
1.927875e-04,5.723932e+00,6.069949e+00
1.928250e-04,5.723932e+00,6.069949e+00
1.928625e-04,5.723932e+00,6.069949e+00
1.929000e-04,5.723932e+00,6.069949e+00
1.929375e-04,5.723932e+00,6.074773e+00
1.929750e-04,5.723932e+00,6.074773e+00
1.930125e-04,5.723932e+00,6.074773e+00
1.930500e-04,5.730213e+00,6.074773e+00
1.930875e-04,5.730213e+00,6.074773e+00
1.931250e-04,5.730213e+00,6.074773e+00
1.931625e-04,5.730213e+00,6.074773e+00
1.932000e-04,5.730213e+00,6.074773e+00
1.932375e-04,5.730213e+00,6.074773e+00
1.932750e-04,5.736494e+00,6.079597e+00
1.933125e-04,5.736494e+00,6.074773e+00
1.933500e-04,5.736494e+00,6.079597e+00
1.933875e-04,5.736494e+00,6.079597e+00
1.934250e-04,5.742776e+00,6.079597e+00
1.934625e-04,5.742776e+00,6.079597e+00
1.935000e-04,5.742776e+00,6.079597e+00
1.935375e-04,5.742776e+00,6.079597e+00
1.935750e-04,5.742776e+00,6.079597e+00
1.936125e-04,5.749057e+00,6.079597e+00
1.936500e-04,5.749057e+00,6.079597e+00
1.936875e-04,5.749057e+00,6.079597e+00
1.937250e-04,5.755339e+00,6.079597e+00
1.937625e-04,5.755339e+00,6.084421e+00
1.938000e-04,5.755339e+00,6.084421e+00
1.938375e-04,5.755339e+00,6.084421e+00
1.938750e-04,5.761620e+00,6.084421e+00
1.939125e-04,5.761620e+00,6.084421e+00
1.939500e-04,5.761620e+00,6.084421e+00
1.939875e-04,5.767901e+00,6.084421e+00
1.940250e-04,5.767901e+00,6.084421e+00
1.940625e-04,5.767901e+00,6.084421e+00
1.941000e-04,5.767901e+00,6.084421e+00
1.941375e-04,5.767901e+00,6.084421e+00
1.941750e-04,5.774183e+00,6.084421e+00
1.942125e-04,5.774183e+00,6.084421e+00
1.942500e-04,5.774183e+00,6.084421e+00
1.942875e-04,5.774183e+00,6.089245e+00
1.943250e-04,5.774183e+00,6.089245e+00
1.943625e-04,5.780464e+00,6.089245e+00
1.944000e-04,5.780464e+00,6.089245e+00
1.944375e-04,5.786746e+00,6.089245e+00
1.944750e-04,5.786746e+00,6.089245e+00
1.945125e-04,5.786746e+00,6.089245e+00
1.945500e-04,5.786746e+00,6.089245e+00
1.945875e-04,5.786746e+00,6.089245e+00
1.946250e-04,5.786746e+00,6.089245e+00
1.946625e-04,5.793027e+00,6.094070e+00
1.947000e-04,5.793027e+00,6.094070e+00
1.947375e-04,5.793027e+00,6.094070e+00
1.947750e-04,5.793027e+00,6.094070e+00
1.948125e-04,5.793027e+00,6.094070e+00
1.948500e-04,5.793027e+00,6.094070e+00
1.948875e-04,5.799308e+00,6.094070e+00
1.949250e-04,5.799308e+00,6.094070e+00
1.949625e-04,5.799308e+00,6.094070e+00
1.950000e-04,5.799308e+00,6.094070e+00
1.950375e-04,5.799308e+00,6.094070e+00
1.950750e-04,5.799308e+00,6.098894e+00
1.951125e-04,5.799308e+00,6.098894e+00
1.951500e-04,5.805590e+00,6.098894e+00
1.951875e-04,5.805590e+00,6.098894e+00
1.952250e-04,5.805590e+00,6.098894e+00
1.952625e-04,5.805590e+00,6.098894e+00
1.953000e-04,5.805590e+00,6.098894e+00
1.953375e-04,5.805590e+00,6.098894e+00
1.953750e-04,5.805590e+00,6.098894e+00
1.954125e-04,5.805590e+00,6.103718e+00
1.954500e-04,5.811871e+00,6.098894e+00
1.954875e-04,5.805590e+00,6.103718e+00
1.955250e-04,5.811871e+00,6.103718e+00
1.955625e-04,5.811871e+00,6.103718e+00
1.956000e-04,5.811871e+00,6.103718e+00
1.956375e-04,5.811871e+00,6.103718e+00
1.956750e-04,5.811871e+00,6.103718e+00
1.957125e-04,5.811871e+00,6.103718e+00
1.957500e-04,5.811871e+00,6.103718e+00
1.957875e-04,5.811871e+00,6.103718e+00
1.958250e-04,5.811871e+00,6.108542e+00
1.958625e-04,5.811871e+00,6.108542e+00
1.959000e-04,5.811871e+00,6.108542e+00
1.959375e-04,5.811871e+00,6.108542e+00
1.959750e-04,5.811871e+00,6.108542e+00
1.960125e-04,5.818153e+00,6.108542e+00
1.960500e-04,5.818153e+00,6.113366e+00
1.960875e-04,5.818153e+00,6.113366e+00
1.961250e-04,5.818153e+00,6.108542e+00
1.961625e-04,5.818153e+00,6.113366e+00
1.962000e-04,5.818153e+00,6.113366e+00
1.962375e-04,5.818153e+00,6.113366e+00
1.962750e-04,5.818153e+00,6.113366e+00
1.963125e-04,5.818153e+00,6.113366e+00
1.963500e-04,5.818153e+00,6.118190e+00
1.963875e-04,5.818153e+00,6.118190e+00
1.964250e-04,5.818153e+00,6.118190e+00
1.964625e-04,5.818153e+00,6.118190e+00
1.965000e-04,5.824434e+00,6.118190e+00
1.965375e-04,5.818153e+00,6.118190e+00
1.965750e-04,5.824434e+00,6.118190e+00
1.966125e-04,5.824434e+00,6.118190e+00
1.966500e-04,5.824434e+00,6.118190e+00
1.966875e-04,5.824434e+00,6.118190e+00
1.967250e-04,5.824434e+00,6.123014e+00
1.967625e-04,5.830715e+00,6.123014e+00
1.968000e-04,5.830715e+00,6.123014e+00
1.968375e-04,5.830715e+00,6.123014e+00
1.968750e-04,5.830715e+00,6.127838e+00
1.969125e-04,5.830715e+00,6.127838e+00
1.969500e-04,5.830715e+00,6.127838e+00
1.969875e-04,5.836997e+00,6.127838e+00
1.970250e-04,5.836997e+00,6.127838e+00
1.970625e-04,5.836997e+00,6.127838e+00
1.971000e-04,5.836997e+00,6.132663e+00
1.971375e-04,5.836997e+00,6.132663e+00
1.971750e-04,5.836997e+00,6.132663e+00
1.972125e-04,5.836997e+00,6.132663e+00
1.972500e-04,5.843278e+00,6.132663e+00
1.972875e-04,5.843278e+00,6.132663e+00
1.973250e-04,5.843278e+00,6.132663e+00
1.973625e-04,5.843278e+00,6.132663e+00
1.974000e-04,5.849560e+00,6.137487e+00
1.974375e-04,5.849560e+00,6.137487e+00
1.974750e-04,5.849560e+00,6.137487e+00
1.975125e-04,5.849560e+00,6.137487e+00
1.975500e-04,5.855841e+00,6.137487e+00
1.975875e-04,5.855841e+00,6.132663e+00
1.976250e-04,5.855841e+00,6.137487e+00
1.976625e-04,5.862122e+00,6.137487e+00
1.977000e-04,5.862122e+00,6.137487e+00
1.977375e-04,5.862122e+00,6.137487e+00
1.977750e-04,5.862122e+00,6.137487e+00
1.978125e-04,5.862122e+00,6.142311e+00
1.978500e-04,5.868404e+00,6.142311e+00
1.978875e-04,5.868404e+00,6.142311e+00
1.979250e-04,5.868404e+00,6.142311e+00
1.979625e-04,5.868404e+00,6.142311e+00
1.980000e-04,5.874685e+00,6.142311e+00
1.980375e-04,5.874685e+00,6.142311e+00
1.980750e-04,5.874685e+00,6.147135e+00
1.981125e-04,5.880967e+00,6.142311e+00
1.981500e-04,5.880967e+00,6.147135e+00
1.981875e-04,5.880967e+00,6.147135e+00
1.982250e-04,5.880967e+00,6.147135e+00
1.982625e-04,5.880967e+00,6.147135e+00
1.983000e-04,5.887248e+00,6.147135e+00
1.983375e-04,5.887248e+00,6.147135e+00
1.983750e-04,5.887248e+00,6.147135e+00
1.984125e-04,5.887248e+00,6.151959e+00
1.984500e-04,5.887248e+00,6.151959e+00
1.984875e-04,5.887248e+00,6.151959e+00
1.985250e-04,5.893530e+00,6.151959e+00
1.985625e-04,5.893530e+00,6.151959e+00
1.986000e-04,5.893530e+00,6.151959e+00
1.986375e-04,5.893530e+00,6.151959e+00
1.986750e-04,5.893530e+00,6.151959e+00
1.987125e-04,5.893530e+00,6.151959e+00
1.987500e-04,5.899811e+00,6.151959e+00
1.987875e-04,5.899811e+00,6.151959e+00
1.988250e-04,5.899811e+00,6.156783e+00
1.988625e-04,5.899811e+00,6.151959e+00
1.989000e-04,5.906092e+00,6.151959e+00
1.989375e-04,5.899811e+00,6.151959e+00
1.989750e-04,5.899811e+00,6.156783e+00
1.990125e-04,5.906092e+00,6.156783e+00
1.990500e-04,5.906092e+00,6.156783e+00
1.990875e-04,5.906092e+00,6.156783e+00
1.991250e-04,5.906092e+00,6.156783e+00
1.991625e-04,5.906092e+00,6.156783e+00
1.992000e-04,5.906092e+00,6.156783e+00
1.992375e-04,5.906092e+00,6.156783e+00
1.992750e-04,5.906092e+00,6.156783e+00
1.993125e-04,5.906092e+00,6.156783e+00
1.993500e-04,5.912374e+00,6.161607e+00
1.993875e-04,5.912374e+00,6.161607e+00
1.994250e-04,5.912374e+00,6.161607e+00
1.994625e-04,5.912374e+00,6.161607e+00
1.995000e-04,5.912374e+00,6.161607e+00
1.995375e-04,5.912374e+00,6.161607e+00
1.995750e-04,5.912374e+00,6.161607e+00
1.996125e-04,5.912374e+00,6.161607e+00
1.996500e-04,5.912374e+00,6.161607e+00
1.996875e-04,5.912374e+00,6.161607e+00
1.997250e-04,5.912374e+00,6.161607e+00
1.997625e-04,5.912374e+00,6.161607e+00
1.998000e-04,5.912374e+00,6.161607e+00
1.998375e-04,5.912374e+00,6.161607e+00
1.998750e-04,5.912374e+00,6.161607e+00
1.999125e-04,5.918655e+00,6.161607e+00
1.999500e-04,5.918655e+00,6.166431e+00
1.999875e-04,5.918655e+00,6.166431e+00
2.000250e-04,5.918655e+00,6.166431e+00
2.000625e-04,5.918655e+00,6.166431e+00
2.001000e-04,5.918655e+00,6.166431e+00
2.001375e-04,5.918655e+00,6.166431e+00
2.001750e-04,5.918655e+00,6.166431e+00
2.002125e-04,5.918655e+00,6.166431e+00
2.002500e-04,5.918655e+00,6.166431e+00
2.002875e-04,5.918655e+00,6.166431e+00
2.003250e-04,5.918655e+00,6.166431e+00
2.003625e-04,5.918655e+00,6.166431e+00
2.004000e-04,5.924937e+00,6.171255e+00
2.004375e-04,5.924937e+00,6.171255e+00
2.004750e-04,5.924937e+00,6.171255e+00
2.005125e-04,5.924937e+00,6.171255e+00
2.005500e-04,5.924937e+00,6.171255e+00
2.005875e-04,5.924937e+00,6.171255e+00
2.006250e-04,5.924937e+00,6.171255e+00
2.006625e-04,5.924937e+00,6.171255e+00
2.007000e-04,5.931218e+00,6.171255e+00
2.007375e-04,5.931218e+00,6.176080e+00
2.007750e-04,5.931218e+00,6.176080e+00
2.008125e-04,5.931218e+00,6.176080e+00
2.008500e-04,5.931218e+00,6.176080e+00
2.008875e-04,5.931218e+00,6.176080e+00
2.009250e-04,5.937499e+00,6.176080e+00
2.009625e-04,5.937499e+00,6.176080e+00
2.010000e-04,5.937499e+00,6.176080e+00
2.010375e-04,5.937499e+00,6.176080e+00
2.010750e-04,5.937499e+00,6.180904e+00
2.011125e-04,5.943781e+00,6.176080e+00
2.011500e-04,5.943781e+00,6.176080e+00
2.011875e-04,5.943781e+00,6.176080e+00
2.012250e-04,5.943781e+00,6.180904e+00
2.012625e-04,5.943781e+00,6.176080e+00
2.013000e-04,5.950062e+00,6.180904e+00
2.013375e-04,5.950062e+00,6.180904e+00
2.013750e-04,5.950062e+00,6.180904e+00
2.014125e-04,5.950062e+00,6.180904e+00
2.014500e-04,5.956344e+00,6.180904e+00
2.014875e-04,5.956344e+00,6.180904e+00
2.015250e-04,5.956344e+00,6.185728e+00
2.015625e-04,5.956344e+00,6.185728e+00
2.016000e-04,5.962625e+00,6.185728e+00
2.016375e-04,5.962625e+00,6.185728e+00
2.016750e-04,5.962625e+00,6.185728e+00
2.017125e-04,5.962625e+00,6.185728e+00
2.017500e-04,5.968906e+00,6.185728e+00
2.017875e-04,5.968906e+00,6.185728e+00
2.018250e-04,5.968906e+00,6.185728e+00
2.018625e-04,5.975188e+00,6.185728e+00
2.019000e-04,5.968906e+00,6.190552e+00
2.019375e-04,5.975188e+00,6.190552e+00
2.019750e-04,5.975188e+00,6.190552e+00
2.020125e-04,5.975188e+00,6.190552e+00
2.020500e-04,5.975188e+00,6.190552e+00
2.020875e-04,5.981469e+00,6.190552e+00
2.021250e-04,5.981469e+00,6.190552e+00
2.021625e-04,5.981469e+00,6.190552e+00
2.022000e-04,5.981469e+00,6.195376e+00
2.022375e-04,5.987751e+00,6.195376e+00
2.022750e-04,5.987751e+00,6.195376e+00
2.023125e-04,5.987751e+00,6.200200e+00
2.023500e-04,5.987751e+00,6.200200e+00
2.023875e-04,5.994032e+00,6.195376e+00
2.024250e-04,5.994032e+00,6.195376e+00
2.024625e-04,5.994032e+00,6.200200e+00
2.025000e-04,5.994032e+00,6.200200e+00
2.025375e-04,5.994032e+00,6.200200e+00
2.025750e-04,5.994032e+00,6.195376e+00
2.026125e-04,5.994032e+00,6.200200e+00
2.026500e-04,6.000313e+00,6.200200e+00
2.026875e-04,6.000313e+00,6.200200e+00
2.027250e-04,6.000313e+00,6.200200e+00
2.027625e-04,6.000313e+00,6.205024e+00
2.028000e-04,6.000313e+00,6.205024e+00
2.028375e-04,6.006595e+00,6.205024e+00
2.028750e-04,6.006595e+00,6.209848e+00
2.029125e-04,6.006595e+00,6.205024e+00
2.029500e-04,6.006595e+00,6.205024e+00
2.029875e-04,6.006595e+00,6.205024e+00
2.030250e-04,6.006595e+00,6.205024e+00
2.030625e-04,6.006595e+00,6.209848e+00
2.031000e-04,6.006595e+00,6.209848e+00
2.031375e-04,6.006595e+00,6.209848e+00
2.031750e-04,6.006595e+00,6.209848e+00
2.032125e-04,6.012876e+00,6.214673e+00
2.032500e-04,6.012876e+00,6.214673e+00
2.032875e-04,6.012876e+00,6.214673e+00
2.033250e-04,6.012876e+00,6.209848e+00
2.033625e-04,6.012876e+00,6.214673e+00
2.034000e-04,6.012876e+00,6.214673e+00
2.034375e-04,6.012876e+00,6.214673e+00
2.034750e-04,6.012876e+00,6.219497e+00
2.035125e-04,6.012876e+00,6.214673e+00
2.035500e-04,6.012876e+00,6.214673e+00
2.035875e-04,6.012876e+00,6.219497e+00
2.036250e-04,6.012876e+00,6.219497e+00
2.036625e-04,6.012876e+00,6.219497e+00
2.037000e-04,6.012876e+00,6.219497e+00
2.037375e-04,6.012876e+00,6.219497e+00
2.037750e-04,6.012876e+00,6.219497e+00
2.038125e-04,6.012876e+00,6.219497e+00
2.038500e-04,6.019158e+00,6.224321e+00
2.038875e-04,6.019158e+00,6.224321e+00
2.039250e-04,6.019158e+00,6.224321e+00
2.039625e-04,6.019158e+00,6.224321e+00
2.040000e-04,6.019158e+00,6.224321e+00
2.040375e-04,6.019158e+00,6.224321e+00
2.040750e-04,6.019158e+00,6.224321e+00
2.041125e-04,6.019158e+00,6.224321e+00
2.041500e-04,6.019158e+00,6.229145e+00
2.041875e-04,6.019158e+00,6.224321e+00
2.042250e-04,6.019158e+00,6.229145e+00
2.042625e-04,6.019158e+00,6.229145e+00
2.043000e-04,6.019158e+00,6.229145e+00
2.043375e-04,6.025439e+00,6.229145e+00
2.043750e-04,6.019158e+00,6.229145e+00
2.044125e-04,6.025439e+00,6.229145e+00
2.044500e-04,6.025439e+00,6.229145e+00
2.044875e-04,6.025439e+00,6.229145e+00
2.045250e-04,6.025439e+00,6.229145e+00
2.045625e-04,6.025439e+00,6.233969e+00
2.046000e-04,6.025439e+00,6.229145e+00
2.046375e-04,6.031720e+00,6.233969e+00
2.046750e-04,6.031720e+00,6.233969e+00
2.047125e-04,6.031720e+00,6.233969e+00
2.047500e-04,6.031720e+00,6.233969e+00
2.047875e-04,6.031720e+00,6.233969e+00
2.048250e-04,6.031720e+00,6.233969e+00
2.048625e-04,6.038002e+00,6.233969e+00
2.049000e-04,6.038002e+00,6.233969e+00
2.049375e-04,6.038002e+00,6.233969e+00
2.049750e-04,6.038002e+00,6.233969e+00
2.050125e-04,6.038002e+00,6.233969e+00
2.050500e-04,6.038002e+00,6.233969e+00
2.050875e-04,6.038002e+00,6.233969e+00
2.051250e-04,6.044283e+00,6.238793e+00
2.051625e-04,6.044283e+00,6.238793e+00
2.052000e-04,6.044283e+00,6.238793e+00
2.052375e-04,6.044283e+00,6.238793e+00
2.052750e-04,6.050565e+00,6.238793e+00
2.053125e-04,6.050565e+00,6.238793e+00
2.053500e-04,6.050565e+00,6.238793e+00
2.053875e-04,6.050565e+00,6.238793e+00
2.054250e-04,6.056846e+00,6.243617e+00
2.054625e-04,6.056846e+00,6.238793e+00
2.055000e-04,6.056846e+00,6.243617e+00
2.055375e-04,6.056846e+00,6.243617e+00
2.055750e-04,6.063127e+00,6.243617e+00
2.056125e-04,6.063127e+00,6.243617e+00
2.056500e-04,6.063127e+00,6.243617e+00
2.056875e-04,6.063127e+00,6.243617e+00
2.057250e-04,6.069409e+00,6.243617e+00
2.057625e-04,6.069409e+00,6.243617e+00
2.058000e-04,6.069409e+00,6.243617e+00
2.058375e-04,6.069409e+00,6.243617e+00
2.058750e-04,6.075690e+00,6.243617e+00
2.059125e-04,6.075690e+00,6.243617e+00
2.059500e-04,6.075690e+00,6.243617e+00
2.059875e-04,6.075690e+00,6.243617e+00
2.060250e-04,6.081972e+00,6.248441e+00
2.060625e-04,6.081972e+00,6.248441e+00
2.061000e-04,6.081972e+00,6.248441e+00
2.061375e-04,6.081972e+00,6.248441e+00
2.061750e-04,6.081972e+00,6.248441e+00
2.062125e-04,6.088253e+00,6.248441e+00
2.062500e-04,6.088253e+00,6.248441e+00
2.062875e-04,6.088253e+00,6.248441e+00
2.063250e-04,6.088253e+00,6.248441e+00
2.063625e-04,6.088253e+00,6.248441e+00
2.064000e-04,6.094535e+00,6.248441e+00
2.064375e-04,6.088253e+00,6.253266e+00
2.064750e-04,6.094535e+00,6.253266e+00
2.065125e-04,6.094535e+00,6.253266e+00
2.065500e-04,6.094535e+00,6.253266e+00
2.065875e-04,6.094535e+00,6.253266e+00
2.066250e-04,6.100816e+00,6.253266e+00
2.066625e-04,6.100816e+00,6.253266e+00
2.067000e-04,6.100816e+00,6.258090e+00
2.067375e-04,6.100816e+00,6.258090e+00
2.067750e-04,6.100816e+00,6.258090e+00
2.068125e-04,6.100816e+00,6.258090e+00
2.068500e-04,6.107097e+00,6.258090e+00
2.068875e-04,6.107097e+00,6.258090e+00
2.069250e-04,6.107097e+00,6.258090e+00
2.069625e-04,6.107097e+00,6.258090e+00
2.070000e-04,6.107097e+00,6.258090e+00
2.070375e-04,6.107097e+00,6.258090e+00
2.070750e-04,6.107097e+00,6.262914e+00
2.071125e-04,6.107097e+00,6.262914e+00
2.071500e-04,6.107097e+00,6.262914e+00
2.071875e-04,6.107097e+00,6.262914e+00
2.072250e-04,6.113379e+00,6.262914e+00
2.072625e-04,6.113379e+00,6.262914e+00
2.073000e-04,6.113379e+00,6.262914e+00
2.073375e-04,6.113379e+00,6.262914e+00
2.073750e-04,6.113379e+00,6.262914e+00
2.074125e-04,6.113379e+00,6.267738e+00
2.074500e-04,6.113379e+00,6.267738e+00
2.074875e-04,6.113379e+00,6.267738e+00
2.075250e-04,6.113379e+00,6.267738e+00
2.075625e-04,6.113379e+00,6.267738e+00
2.076000e-04,6.113379e+00,6.267738e+00
2.076375e-04,6.113379e+00,6.267738e+00
2.076750e-04,6.113379e+00,6.272562e+00
2.077125e-04,6.113379e+00,6.272562e+00
2.077500e-04,6.119660e+00,6.272562e+00
2.077875e-04,6.119660e+00,6.272562e+00
2.078250e-04,6.119660e+00,6.272562e+00
2.078625e-04,6.119660e+00,6.272562e+00
2.079000e-04,6.119660e+00,6.277386e+00
2.079375e-04,6.119660e+00,6.277386e+00
2.079750e-04,6.119660e+00,6.277386e+00
2.080125e-04,6.119660e+00,6.277386e+00
2.080500e-04,6.125942e+00,6.277386e+00
2.080875e-04,6.119660e+00,6.277386e+00
2.081250e-04,6.125942e+00,6.277386e+00
2.081625e-04,6.125942e+00,6.277386e+00
2.082000e-04,6.125942e+00,6.277386e+00
2.082375e-04,6.125942e+00,6.277386e+00
2.082750e-04,6.125942e+00,6.282210e+00
2.083125e-04,6.132223e+00,6.282210e+00
2.083500e-04,6.132223e+00,6.282210e+00
2.083875e-04,6.132223e+00,6.282210e+00
2.084250e-04,6.132223e+00,6.282210e+00
2.084625e-04,6.132223e+00,6.282210e+00
2.085000e-04,6.132223e+00,6.287034e+00
2.085375e-04,6.138504e+00,6.287034e+00
2.085750e-04,6.138504e+00,6.287034e+00
2.086125e-04,6.138504e+00,6.287034e+00
2.086500e-04,6.138504e+00,6.287034e+00
2.086875e-04,6.138504e+00,6.287034e+00
2.087250e-04,6.138504e+00,6.287034e+00
2.087625e-04,6.144786e+00,6.287034e+00
2.088000e-04,6.144786e+00,6.291858e+00
2.088375e-04,6.144786e+00,6.291858e+00
2.088750e-04,6.151067e+00,6.291858e+00
2.089125e-04,6.151067e+00,6.291858e+00
2.089500e-04,6.151067e+00,6.296683e+00
2.089875e-04,6.151067e+00,6.291858e+00
2.090250e-04,6.151067e+00,6.291858e+00
2.090625e-04,6.157349e+00,6.296683e+00
2.091000e-04,6.157349e+00,6.296683e+00
2.091375e-04,6.157349e+00,6.296683e+00
2.091750e-04,6.157349e+00,6.296683e+00
2.092125e-04,6.163630e+00,6.296683e+00
2.092500e-04,6.163630e+00,6.296683e+00
2.092875e-04,6.163630e+00,6.296683e+00
2.093250e-04,6.169911e+00,6.296683e+00
2.093625e-04,6.169911e+00,6.296683e+00
2.094000e-04,6.169911e+00,6.301507e+00
2.094375e-04,6.169911e+00,6.301507e+00
2.094750e-04,6.176193e+00,6.301507e+00
2.095125e-04,6.176193e+00,6.301507e+00
2.095500e-04,6.176193e+00,6.301507e+00
2.095875e-04,6.176193e+00,6.301507e+00
2.096250e-04,6.182474e+00,6.306331e+00
2.096625e-04,6.182474e+00,6.301507e+00
2.097000e-04,6.182474e+00,6.301507e+00
2.097375e-04,6.182474e+00,6.301507e+00
2.097750e-04,6.188756e+00,6.306331e+00
2.098125e-04,6.188756e+00,6.306331e+00
2.098500e-04,6.188756e+00,6.306331e+00
2.098875e-04,6.188756e+00,6.306331e+00
2.099250e-04,6.195037e+00,6.306331e+00
2.099625e-04,6.195037e+00,6.306331e+00
2.100000e-04,6.195037e+00,6.306331e+00
2.100375e-04,6.195037e+00,6.311155e+00
2.100750e-04,6.195037e+00,6.311155e+00
2.101125e-04,6.195037e+00,6.311155e+00
2.101500e-04,6.201318e+00,6.311155e+00
2.101875e-04,6.201318e+00,6.306331e+00
2.102250e-04,6.201318e+00,6.311155e+00
2.102625e-04,6.201318e+00,6.311155e+00
2.103000e-04,6.201318e+00,6.311155e+00
2.103375e-04,6.201318e+00,6.311155e+00
2.103750e-04,6.207600e+00,6.311155e+00
2.104125e-04,6.207600e+00,6.311155e+00
2.104500e-04,6.207600e+00,6.311155e+00
2.104875e-04,6.207600e+00,6.311155e+00
2.105250e-04,6.207600e+00,6.315979e+00
2.105625e-04,6.207600e+00,6.315979e+00
2.106000e-04,6.207600e+00,6.315979e+00
2.106375e-04,6.207600e+00,6.315979e+00
2.106750e-04,6.207600e+00,6.315979e+00
2.107125e-04,6.207600e+00,6.315979e+00
2.107500e-04,6.213881e+00,6.315979e+00
2.107875e-04,6.213881e+00,6.315979e+00
2.108250e-04,6.213881e+00,6.315979e+00
2.108625e-04,6.213881e+00,6.315979e+00
2.109000e-04,6.213881e+00,6.315979e+00
2.109375e-04,6.213881e+00,6.315979e+00
2.109750e-04,6.213881e+00,6.315979e+00
2.110125e-04,6.213881e+00,6.315979e+00
2.110500e-04,6.213881e+00,6.315979e+00
2.110875e-04,6.213881e+00,6.320803e+00
2.111250e-04,6.213881e+00,6.320803e+00
2.111625e-04,6.213881e+00,6.320803e+00
2.112000e-04,6.213881e+00,6.320803e+00
2.112375e-04,6.220163e+00,6.320803e+00
2.112750e-04,6.220163e+00,6.320803e+00
2.113125e-04,6.220163e+00,6.320803e+00
2.113500e-04,6.220163e+00,6.320803e+00
2.113875e-04,6.220163e+00,6.320803e+00
2.114250e-04,6.220163e+00,6.320803e+00
2.114625e-04,6.220163e+00,6.320803e+00
2.115000e-04,6.220163e+00,6.320803e+00
2.115375e-04,6.220163e+00,6.325627e+00
2.115750e-04,6.220163e+00,6.325627e+00
2.116125e-04,6.220163e+00,6.325627e+00
2.116500e-04,6.220163e+00,6.325627e+00
2.116875e-04,6.220163e+00,6.325627e+00
2.117250e-04,6.226444e+00,6.325627e+00
2.117625e-04,6.226444e+00,6.325627e+00
2.118000e-04,6.226444e+00,6.325627e+00
2.118375e-04,6.226444e+00,6.325627e+00
2.118750e-04,6.226444e+00,6.325627e+00
2.119125e-04,6.226444e+00,6.325627e+00
2.119500e-04,6.226444e+00,6.325627e+00
2.119875e-04,6.226444e+00,6.325627e+00
2.120250e-04,6.232725e+00,6.330451e+00
2.120625e-04,6.232725e+00,6.330451e+00
2.121000e-04,6.232725e+00,6.330451e+00
2.121375e-04,6.232725e+00,6.330451e+00
2.121750e-04,6.232725e+00,6.330451e+00
2.122125e-04,6.232725e+00,6.330451e+00
2.122500e-04,6.239007e+00,6.330451e+00
2.122875e-04,6.239007e+00,6.330451e+00
2.123250e-04,6.239007e+00,6.330451e+00
2.123625e-04,6.239007e+00,6.335276e+00
2.124000e-04,6.239007e+00,6.335276e+00
2.124375e-04,6.245288e+00,6.335276e+00
2.124750e-04,6.245288e+00,6.335276e+00
2.125125e-04,6.245288e+00,6.335276e+00
2.125500e-04,6.245288e+00,6.335276e+00
2.125875e-04,6.245288e+00,6.335276e+00
2.126250e-04,6.251570e+00,6.335276e+00
2.126625e-04,6.245288e+00,6.335276e+00
2.127000e-04,6.251570e+00,6.340100e+00
2.127375e-04,6.251570e+00,6.340100e+00
2.127750e-04,6.251570e+00,6.340100e+00
2.128125e-04,6.251570e+00,6.340100e+00
2.128500e-04,6.257851e+00,6.340100e+00
2.128875e-04,6.257851e+00,6.340100e+00
2.129250e-04,6.257851e+00,6.344924e+00
2.129625e-04,6.264133e+00,6.344924e+00
2.130000e-04,6.264133e+00,6.340100e+00
2.130375e-04,6.264133e+00,6.344924e+00
2.130750e-04,6.264133e+00,6.344924e+00
2.131125e-04,6.270414e+00,6.344924e+00
2.131500e-04,6.270414e+00,6.344924e+00
2.131875e-04,6.270414e+00,6.344924e+00
2.132250e-04,6.270414e+00,6.349748e+00
2.132625e-04,6.270414e+00,6.349748e+00
2.133000e-04,6.276695e+00,6.349748e+00
2.133375e-04,6.276695e+00,6.349748e+00
2.133750e-04,6.276695e+00,6.349748e+00
2.134125e-04,6.276695e+00,6.349748e+00
2.134500e-04,6.282977e+00,6.349748e+00
2.134875e-04,6.282977e+00,6.349748e+00
2.135250e-04,6.282977e+00,6.354572e+00
2.135625e-04,6.282977e+00,6.349748e+00
2.136000e-04,6.282977e+00,6.354572e+00
2.136375e-04,6.289258e+00,6.354572e+00
2.136750e-04,6.289258e+00,6.354572e+00
2.137125e-04,6.289258e+00,6.354572e+00
2.137500e-04,6.289258e+00,6.354572e+00
2.137875e-04,6.295540e+00,6.354572e+00
2.138250e-04,6.289258e+00,6.354572e+00
2.138625e-04,6.295540e+00,6.359396e+00
2.139000e-04,6.295540e+00,6.359396e+00
2.139375e-04,6.295540e+00,6.359396e+00
2.139750e-04,6.295540e+00,6.359396e+00
2.140125e-04,6.301821e+00,6.359396e+00
2.140500e-04,6.301821e+00,6.359396e+00
2.140875e-04,6.301821e+00,6.364220e+00
2.141250e-04,6.301821e+00,6.364220e+00
2.141625e-04,6.301821e+00,6.364220e+00
2.142000e-04,6.301821e+00,6.364220e+00
2.142375e-04,6.301821e+00,6.364220e+00
2.142750e-04,6.301821e+00,6.364220e+00
2.143125e-04,6.301821e+00,6.364220e+00
2.143500e-04,6.301821e+00,6.369044e+00
2.143875e-04,6.308102e+00,6.369044e+00
2.144250e-04,6.308102e+00,6.369044e+00
2.144625e-04,6.308102e+00,6.369044e+00
2.145000e-04,6.308102e+00,6.369044e+00
2.145375e-04,6.308102e+00,6.369044e+00
2.145750e-04,6.308102e+00,6.369044e+00
2.146125e-04,6.308102e+00,6.369044e+00
2.146500e-04,6.308102e+00,6.369044e+00
2.146875e-04,6.308102e+00,6.373869e+00
2.147250e-04,6.314384e+00,6.373869e+00
2.147625e-04,6.314384e+00,6.373869e+00
2.148000e-04,6.314384e+00,6.373869e+00
2.148375e-04,6.314384e+00,6.373869e+00
2.148750e-04,6.314384e+00,6.373869e+00
2.149125e-04,6.314384e+00,6.373869e+00
2.149500e-04,6.314384e+00,6.373869e+00
2.149875e-04,6.314384e+00,6.373869e+00
2.150250e-04,6.314384e+00,6.378693e+00
2.150625e-04,6.314384e+00,6.378693e+00
2.151000e-04,6.314384e+00,6.378693e+00
2.151375e-04,6.314384e+00,6.378693e+00
2.151750e-04,6.314384e+00,6.378693e+00
2.152125e-04,6.320665e+00,6.378693e+00
2.152500e-04,6.320665e+00,6.378693e+00
2.152875e-04,6.320665e+00,6.378693e+00
2.153250e-04,6.320665e+00,6.378693e+00
2.153625e-04,6.320665e+00,6.378693e+00
2.154000e-04,6.320665e+00,6.378693e+00
2.154375e-04,6.320665e+00,6.383517e+00
2.154750e-04,6.320665e+00,6.383517e+00
2.155125e-04,6.320665e+00,6.383517e+00
2.155500e-04,6.320665e+00,6.383517e+00
2.155875e-04,6.320665e+00,6.383517e+00
2.156250e-04,6.320665e+00,6.383517e+00
2.156625e-04,6.320665e+00,6.383517e+00
2.157000e-04,6.326947e+00,6.383517e+00
2.157375e-04,6.326947e+00,6.388341e+00
2.157750e-04,6.326947e+00,6.388341e+00
2.158125e-04,6.326947e+00,6.388341e+00
2.158500e-04,6.326947e+00,6.388341e+00
2.158875e-04,6.326947e+00,6.388341e+00
2.159250e-04,6.326947e+00,6.388341e+00
2.159625e-04,6.333228e+00,6.388341e+00
2.160000e-04,6.333228e+00,6.388341e+00
2.160375e-04,6.333228e+00,6.388341e+00
2.160750e-04,6.333228e+00,6.388341e+00
2.161125e-04,6.333228e+00,6.388341e+00
2.161500e-04,6.333228e+00,6.388341e+00
2.161875e-04,6.339509e+00,6.393165e+00
2.162250e-04,6.339509e+00,6.393165e+00
2.162625e-04,6.339509e+00,6.393165e+00
2.163000e-04,6.339509e+00,6.393165e+00
2.163375e-04,6.339509e+00,6.393165e+00
2.163750e-04,6.339509e+00,6.393165e+00
2.164125e-04,6.345791e+00,6.393165e+00
2.164500e-04,6.345791e+00,6.393165e+00
2.164875e-04,6.345791e+00,6.393165e+00
2.165250e-04,6.345791e+00,6.393165e+00
2.165625e-04,6.352072e+00,6.397989e+00
2.166000e-04,6.352072e+00,6.397989e+00
2.166375e-04,6.352072e+00,6.393165e+00
2.166750e-04,6.352072e+00,6.393165e+00
2.167125e-04,6.352072e+00,6.397989e+00
2.167500e-04,6.352072e+00,6.397989e+00
2.167875e-04,6.358354e+00,6.397989e+00
2.168250e-04,6.358354e+00,6.397989e+00
2.168625e-04,6.358354e+00,6.397989e+00
2.169000e-04,6.358354e+00,6.397989e+00
2.169375e-04,6.364635e+00,6.397989e+00
2.169750e-04,6.364635e+00,6.397989e+00
2.170125e-04,6.364635e+00,6.397989e+00
2.170500e-04,6.370916e+00,6.397989e+00
2.170875e-04,6.370916e+00,6.402813e+00
2.171250e-04,6.370916e+00,6.402813e+00
2.171625e-04,6.370916e+00,6.402813e+00
2.172000e-04,6.370916e+00,6.397989e+00
2.172375e-04,6.377198e+00,6.402813e+00
2.172750e-04,6.377198e+00,6.402813e+00
2.173125e-04,6.377198e+00,6.402813e+00
2.173500e-04,6.383479e+00,6.402813e+00
2.173875e-04,6.383479e+00,6.402813e+00
2.174250e-04,6.383479e+00,6.407637e+00
2.174625e-04,6.383479e+00,6.402813e+00
2.175000e-04,6.383479e+00,6.407637e+00
2.175375e-04,6.389761e+00,6.407637e+00
2.175750e-04,6.389761e+00,6.407637e+00
2.176125e-04,6.389761e+00,6.407637e+00
2.176500e-04,6.389761e+00,6.407637e+00
2.176875e-04,6.389761e+00,6.407637e+00
2.177250e-04,6.389761e+00,6.407637e+00
2.177625e-04,6.396042e+00,6.407637e+00
2.178000e-04,6.396042e+00,6.407637e+00
2.178375e-04,6.396042e+00,6.407637e+00
2.178750e-04,6.396042e+00,6.412461e+00
2.179125e-04,6.396042e+00,6.412461e+00
2.179500e-04,6.402323e+00,6.412461e+00
2.179875e-04,6.402323e+00,6.412461e+00
2.180250e-04,6.402323e+00,6.417286e+00
2.180625e-04,6.402323e+00,6.417286e+00
2.181000e-04,6.402323e+00,6.412461e+00
2.181375e-04,6.402323e+00,6.412461e+00
2.181750e-04,6.402323e+00,6.412461e+00
2.182125e-04,6.408605e+00,6.417286e+00
2.182500e-04,6.408605e+00,6.417286e+00
2.182875e-04,6.408605e+00,6.417286e+00
2.183250e-04,6.408605e+00,6.422110e+00
2.183625e-04,6.408605e+00,6.417286e+00
2.184000e-04,6.408605e+00,6.422110e+00
2.184375e-04,6.408605e+00,6.422110e+00
2.184750e-04,6.408605e+00,6.422110e+00
2.185125e-04,6.414886e+00,6.422110e+00
2.185500e-04,6.408605e+00,6.422110e+00
2.185875e-04,6.414886e+00,6.422110e+00
2.186250e-04,6.414886e+00,6.422110e+00
2.186625e-04,6.414886e+00,6.422110e+00
2.187000e-04,6.414886e+00,6.422110e+00
2.187375e-04,6.414886e+00,6.422110e+00
2.187750e-04,6.414886e+00,6.426934e+00
2.188125e-04,6.414886e+00,6.426934e+00
2.188500e-04,6.414886e+00,6.426934e+00
2.188875e-04,6.414886e+00,6.426934e+00
2.189250e-04,6.414886e+00,6.426934e+00
2.189625e-04,6.414886e+00,6.431758e+00
2.190000e-04,6.414886e+00,6.426934e+00
2.190375e-04,6.414886e+00,6.431758e+00
2.190750e-04,6.414886e+00,6.431758e+00
2.191125e-04,6.414886e+00,6.431758e+00
2.191500e-04,6.421168e+00,6.431758e+00
2.191875e-04,6.421168e+00,6.436582e+00
2.192250e-04,6.421168e+00,6.431758e+00
2.192625e-04,6.421168e+00,6.431758e+00
2.193000e-04,6.421168e+00,6.436582e+00
2.193375e-04,6.421168e+00,6.436582e+00
2.193750e-04,6.421168e+00,6.436582e+00
2.194125e-04,6.421168e+00,6.436582e+00
2.194500e-04,6.421168e+00,6.436582e+00
2.194875e-04,6.421168e+00,6.436582e+00
2.195250e-04,6.421168e+00,6.436582e+00
2.195625e-04,6.421168e+00,6.441406e+00
2.196000e-04,6.421168e+00,6.441406e+00
2.196375e-04,6.421168e+00,6.441406e+00
2.196750e-04,6.427449e+00,6.441406e+00
2.197125e-04,6.427449e+00,6.441406e+00
2.197500e-04,6.427449e+00,6.441406e+00
2.197875e-04,6.427449e+00,6.441406e+00
2.198250e-04,6.427449e+00,6.441406e+00
2.198625e-04,6.427449e+00,6.441406e+00
2.199000e-04,6.427449e+00,6.446230e+00
2.199375e-04,6.433730e+00,6.446230e+00
2.199750e-04,6.433730e+00,6.446230e+00
2.200125e-04,6.433730e+00,6.446230e+00
2.200500e-04,6.433730e+00,6.446230e+00
2.200875e-04,6.433730e+00,6.446230e+00
2.201250e-04,6.433730e+00,6.446230e+00
2.201625e-04,6.433730e+00,6.446230e+00
2.202000e-04,6.440012e+00,6.446230e+00
2.202375e-04,6.440012e+00,6.451054e+00
2.202750e-04,6.440012e+00,6.451054e+00
2.203125e-04,6.440012e+00,6.451054e+00
2.203500e-04,6.440012e+00,6.451054e+00
2.203875e-04,6.446293e+00,6.455879e+00
2.204250e-04,6.446293e+00,6.455879e+00
2.204625e-04,6.446293e+00,6.455879e+00
2.205000e-04,6.446293e+00,6.455879e+00
2.205375e-04,6.452575e+00,6.455879e+00
2.205750e-04,6.452575e+00,6.455879e+00
2.206125e-04,6.452575e+00,6.455879e+00
2.206500e-04,6.452575e+00,6.455879e+00
2.206875e-04,6.452575e+00,6.455879e+00
2.207250e-04,6.458856e+00,6.455879e+00
2.207625e-04,6.458856e+00,6.455879e+00
2.208000e-04,6.458856e+00,6.455879e+00
2.208375e-04,6.458856e+00,6.460703e+00
2.208750e-04,6.465138e+00,6.460703e+00
2.209125e-04,6.465138e+00,6.460703e+00
2.209500e-04,6.465138e+00,6.460703e+00
2.209875e-04,6.465138e+00,6.460703e+00
2.210250e-04,6.471419e+00,6.460703e+00
2.210625e-04,6.471419e+00,6.460703e+00
2.211000e-04,6.471419e+00,6.460703e+00
2.211375e-04,6.471419e+00,6.460703e+00
2.211750e-04,6.471419e+00,6.465527e+00
2.212125e-04,6.477700e+00,6.465527e+00
2.212500e-04,6.477700e+00,6.465527e+00
2.212875e-04,6.477700e+00,6.465527e+00
2.213250e-04,6.477700e+00,6.465527e+00
2.213625e-04,6.483982e+00,6.465527e+00
2.214000e-04,6.483982e+00,6.465527e+00
2.214375e-04,6.483982e+00,6.465527e+00
2.214750e-04,6.490263e+00,6.465527e+00
2.215125e-04,6.490263e+00,6.465527e+00
2.215500e-04,6.490263e+00,6.465527e+00
2.215875e-04,6.490263e+00,6.465527e+00
2.216250e-04,6.490263e+00,6.465527e+00
2.216625e-04,6.490263e+00,6.465527e+00
2.217000e-04,6.496545e+00,6.470351e+00
2.217375e-04,6.496545e+00,6.470351e+00
2.217750e-04,6.496545e+00,6.470351e+00
2.218125e-04,6.496545e+00,6.470351e+00
2.218500e-04,6.496545e+00,6.470351e+00
2.218875e-04,6.502826e+00,6.470351e+00
2.219250e-04,6.502826e+00,6.470351e+00
2.219625e-04,6.502826e+00,6.470351e+00
2.220000e-04,6.502826e+00,6.470351e+00
2.220375e-04,6.502826e+00,6.470351e+00
2.220750e-04,6.502826e+00,6.470351e+00
2.221125e-04,6.502826e+00,6.470351e+00
2.221500e-04,6.502826e+00,6.470351e+00
2.221875e-04,6.509107e+00,6.470351e+00
2.222250e-04,6.509107e+00,6.475175e+00
2.222625e-04,6.509107e+00,6.475175e+00
2.223000e-04,6.509107e+00,6.475175e+00
2.223375e-04,6.509107e+00,6.475175e+00
2.223750e-04,6.509107e+00,6.475175e+00
2.224125e-04,6.509107e+00,6.475175e+00
2.224500e-04,6.509107e+00,6.475175e+00
2.224875e-04,6.509107e+00,6.475175e+00
2.225250e-04,6.509107e+00,6.475175e+00
2.225625e-04,6.515389e+00,6.475175e+00
2.226000e-04,6.515389e+00,6.475175e+00
2.226375e-04,6.515389e+00,6.479999e+00
2.226750e-04,6.515389e+00,6.479999e+00
2.227125e-04,6.515389e+00,6.479999e+00
2.227500e-04,6.515389e+00,6.479999e+00
2.227875e-04,6.515389e+00,6.479999e+00
2.228250e-04,6.515389e+00,6.479999e+00
2.228625e-04,6.515389e+00,6.479999e+00
2.229000e-04,6.515389e+00,6.479999e+00
2.229375e-04,6.515389e+00,6.479999e+00
2.229750e-04,6.515389e+00,6.479999e+00
2.230125e-04,6.515389e+00,6.479999e+00
2.230500e-04,6.521670e+00,6.479999e+00
2.230875e-04,6.515389e+00,6.484823e+00
2.231250e-04,6.521670e+00,6.484823e+00
2.231625e-04,6.521670e+00,6.484823e+00
2.232000e-04,6.521670e+00,6.484823e+00
2.232375e-04,6.521670e+00,6.484823e+00
2.232750e-04,6.521670e+00,6.484823e+00
2.233125e-04,6.521670e+00,6.484823e+00
2.233500e-04,6.521670e+00,6.484823e+00
2.233875e-04,6.521670e+00,6.484823e+00
2.234250e-04,6.521670e+00,6.489647e+00
2.234625e-04,6.527952e+00,6.489647e+00
2.235000e-04,6.527952e+00,6.489647e+00
2.235375e-04,6.527952e+00,6.489647e+00
2.235750e-04,6.527952e+00,6.489647e+00
2.236125e-04,6.527952e+00,6.489647e+00
2.236500e-04,6.527952e+00,6.489647e+00
2.236875e-04,6.527952e+00,6.489647e+00
2.237250e-04,6.527952e+00,6.489647e+00
2.237625e-04,6.534233e+00,6.489647e+00
2.238000e-04,6.534233e+00,6.494472e+00
2.238375e-04,6.534233e+00,6.494472e+00
2.238750e-04,6.534233e+00,6.494472e+00
2.239125e-04,6.534233e+00,6.494472e+00
2.239500e-04,6.534233e+00,6.494472e+00
2.239875e-04,6.534233e+00,6.494472e+00
2.240250e-04,6.540514e+00,6.494472e+00
2.240625e-04,6.540514e+00,6.494472e+00
2.241000e-04,6.540514e+00,6.499296e+00
2.241375e-04,6.540514e+00,6.499296e+00
2.241750e-04,6.540514e+00,6.499296e+00
2.242125e-04,6.546796e+00,6.499296e+00
2.242500e-04,6.546796e+00,6.499296e+00
2.242875e-04,6.546796e+00,6.499296e+00
2.243250e-04,6.546796e+00,6.499296e+00
2.243625e-04,6.553077e+00,6.504120e+00
2.244000e-04,6.553077e+00,6.504120e+00
2.244375e-04,6.553077e+00,6.504120e+00
2.244750e-04,6.553077e+00,6.504120e+00
2.245125e-04,6.559359e+00,6.504120e+00
2.245500e-04,6.559359e+00,6.504120e+00
2.245875e-04,6.559359e+00,6.508944e+00
2.246250e-04,6.559359e+00,6.508944e+00
2.246625e-04,6.559359e+00,6.508944e+00
2.247000e-04,6.565640e+00,6.508944e+00
2.247375e-04,6.565640e+00,6.508944e+00
2.247750e-04,6.565640e+00,6.508944e+00
2.248125e-04,6.571921e+00,6.508944e+00
2.248500e-04,6.571921e+00,6.508944e+00
2.248875e-04,6.571921e+00,6.508944e+00
2.249250e-04,6.571921e+00,6.508944e+00
2.249625e-04,6.571921e+00,6.513768e+00
2.250000e-04,6.578203e+00,6.513768e+00
2.250375e-04,6.578203e+00,6.513768e+00
2.250750e-04,6.584484e+00,6.513768e+00
2.251125e-04,6.584484e+00,6.513768e+00
2.251500e-04,6.584484e+00,6.513768e+00
2.251875e-04,6.584484e+00,6.518592e+00
2.252250e-04,6.590766e+00,6.518592e+00
2.252625e-04,6.590766e+00,6.518592e+00
2.253000e-04,6.590766e+00,6.518592e+00
2.253375e-04,6.590766e+00,6.518592e+00
2.253750e-04,6.590766e+00,6.518592e+00
2.254125e-04,6.590766e+00,6.518592e+00
2.254500e-04,6.590766e+00,6.518592e+00
2.254875e-04,6.597047e+00,6.518592e+00
2.255250e-04,6.597047e+00,6.523416e+00
2.255625e-04,6.597047e+00,6.523416e+00
2.256000e-04,6.597047e+00,6.523416e+00
2.256375e-04,6.597047e+00,6.523416e+00
2.256750e-04,6.603328e+00,6.523416e+00
2.257125e-04,6.603328e+00,6.523416e+00
2.257500e-04,6.603328e+00,6.523416e+00
2.257875e-04,6.603328e+00,6.528240e+00
2.258250e-04,6.603328e+00,6.528240e+00
2.258625e-04,6.603328e+00,6.528240e+00
2.259000e-04,6.609610e+00,6.528240e+00
2.259375e-04,6.609610e+00,6.528240e+00
2.259750e-04,6.609610e+00,6.528240e+00
2.260125e-04,6.609610e+00,6.528240e+00
2.260500e-04,6.609610e+00,6.528240e+00
2.260875e-04,6.609610e+00,6.533064e+00
2.261250e-04,6.609610e+00,6.533064e+00
2.261625e-04,6.609610e+00,6.533064e+00
2.262000e-04,6.609610e+00,6.533064e+00
2.262375e-04,6.609610e+00,6.533064e+00
2.262750e-04,6.609610e+00,6.533064e+00
2.263125e-04,6.615891e+00,6.533064e+00
2.263500e-04,6.615891e+00,6.533064e+00
2.263875e-04,6.615891e+00,6.533064e+00
2.264250e-04,6.615891e+00,6.533064e+00
2.264625e-04,6.615891e+00,6.537889e+00
2.265000e-04,6.615891e+00,6.537889e+00
2.265375e-04,6.615891e+00,6.537889e+00
2.265750e-04,6.615891e+00,6.537889e+00
2.266125e-04,6.615891e+00,6.537889e+00
2.266500e-04,6.615891e+00,6.537889e+00
2.266875e-04,6.615891e+00,6.537889e+00
2.267250e-04,6.615891e+00,6.537889e+00
2.267625e-04,6.615891e+00,6.537889e+00
2.268000e-04,6.615891e+00,6.537889e+00
2.268375e-04,6.615891e+00,6.542713e+00
2.268750e-04,6.615891e+00,6.537889e+00
2.269125e-04,6.615891e+00,6.537889e+00
2.269500e-04,6.615891e+00,6.542713e+00
2.269875e-04,6.622173e+00,6.542713e+00
2.270250e-04,6.622173e+00,6.542713e+00
2.270625e-04,6.622173e+00,6.542713e+00
2.271000e-04,6.622173e+00,6.542713e+00
2.271375e-04,6.622173e+00,6.542713e+00
2.271750e-04,6.622173e+00,6.542713e+00
2.272125e-04,6.622173e+00,6.542713e+00
2.272500e-04,6.622173e+00,6.542713e+00
2.272875e-04,6.622173e+00,6.547537e+00
2.273250e-04,6.622173e+00,6.547537e+00
2.273625e-04,6.622173e+00,6.547537e+00
2.274000e-04,6.622173e+00,6.547537e+00
2.274375e-04,6.622173e+00,6.547537e+00
2.274750e-04,6.628454e+00,6.547537e+00
2.275125e-04,6.628454e+00,6.547537e+00
2.275500e-04,6.628454e+00,6.547537e+00
2.275875e-04,6.628454e+00,6.547537e+00
2.276250e-04,6.628454e+00,6.547537e+00
2.276625e-04,6.628454e+00,6.547537e+00
2.277000e-04,6.628454e+00,6.547537e+00
2.277375e-04,6.628454e+00,6.547537e+00
2.277750e-04,6.628454e+00,6.547537e+00
2.278125e-04,6.634735e+00,6.547537e+00
2.278500e-04,6.634735e+00,6.547537e+00
2.278875e-04,6.634735e+00,6.547537e+00
2.279250e-04,6.634735e+00,6.552361e+00
2.279625e-04,6.641017e+00,6.552361e+00
2.280000e-04,6.634735e+00,6.552361e+00
2.280375e-04,6.634735e+00,6.552361e+00
2.280750e-04,6.641017e+00,6.552361e+00
2.281125e-04,6.641017e+00,6.552361e+00
2.281500e-04,6.641017e+00,6.552361e+00
2.281875e-04,6.641017e+00,6.552361e+00
2.282250e-04,6.641017e+00,6.552361e+00
2.282625e-04,6.647298e+00,6.557185e+00
2.283000e-04,6.647298e+00,6.552361e+00
2.283375e-04,6.647298e+00,6.557185e+00
2.283750e-04,6.647298e+00,6.552361e+00
2.284125e-04,6.647298e+00,6.557185e+00
2.284500e-04,6.653580e+00,6.557185e+00
2.284875e-04,6.653580e+00,6.552361e+00
2.285250e-04,6.653580e+00,6.557185e+00
2.285625e-04,6.659861e+00,6.557185e+00
2.286000e-04,6.659861e+00,6.557185e+00
2.286375e-04,6.659861e+00,6.557185e+00
2.286750e-04,6.659861e+00,6.557185e+00
2.287125e-04,6.666143e+00,6.557185e+00
2.287500e-04,6.666143e+00,6.557185e+00
2.287875e-04,6.666143e+00,6.557185e+00
2.288250e-04,6.672424e+00,6.562009e+00
2.288625e-04,6.666143e+00,6.562009e+00
2.289000e-04,6.672424e+00,6.562009e+00
2.289375e-04,6.672424e+00,6.562009e+00
2.289750e-04,6.672424e+00,6.562009e+00
2.290125e-04,6.672424e+00,6.562009e+00
2.290500e-04,6.678705e+00,6.562009e+00
2.290875e-04,6.678705e+00,6.562009e+00
2.291250e-04,6.678705e+00,6.562009e+00
2.291625e-04,6.684987e+00,6.562009e+00
2.292000e-04,6.684987e+00,6.566833e+00
2.292375e-04,6.684987e+00,6.566833e+00
2.292750e-04,6.684987e+00,6.566833e+00
2.293125e-04,6.691268e+00,6.566833e+00
2.293500e-04,6.691268e+00,6.566833e+00
2.293875e-04,6.691268e+00,6.566833e+00
2.294250e-04,6.691268e+00,6.566833e+00
2.294625e-04,6.691268e+00,6.566833e+00
2.295000e-04,6.691268e+00,6.566833e+00
2.295375e-04,6.697550e+00,6.566833e+00
2.295750e-04,6.697550e+00,6.571657e+00
2.296125e-04,6.697550e+00,6.571657e+00
2.296500e-04,6.697550e+00,6.571657e+00
2.296875e-04,6.697550e+00,6.571657e+00
2.297250e-04,6.703831e+00,6.571657e+00
2.297625e-04,6.703831e+00,6.571657e+00
2.298000e-04,6.703831e+00,6.571657e+00
2.298375e-04,6.703831e+00,6.576482e+00
2.298750e-04,6.703831e+00,6.576482e+00
2.299125e-04,6.703831e+00,6.576482e+00
2.299500e-04,6.703831e+00,6.576482e+00
2.299875e-04,6.703831e+00,6.576482e+00
2.300250e-04,6.710112e+00,6.576482e+00
2.300625e-04,6.710112e+00,6.576482e+00
2.301000e-04,6.710112e+00,6.581306e+00
2.301375e-04,6.710112e+00,6.576482e+00
2.301750e-04,6.710112e+00,6.581306e+00
2.302125e-04,6.710112e+00,6.581306e+00
2.302500e-04,6.710112e+00,6.581306e+00
2.302875e-04,6.710112e+00,6.581306e+00
2.303250e-04,6.710112e+00,6.581306e+00
2.303625e-04,6.716394e+00,6.581306e+00
2.304000e-04,6.716394e+00,6.586130e+00
2.304375e-04,6.716394e+00,6.586130e+00
2.304750e-04,6.716394e+00,6.586130e+00
2.305125e-04,6.716394e+00,6.586130e+00
2.305500e-04,6.716394e+00,6.586130e+00
2.305875e-04,6.716394e+00,6.586130e+00
2.306250e-04,6.716394e+00,6.590954e+00
2.306625e-04,6.716394e+00,6.590954e+00
2.307000e-04,6.716394e+00,6.590954e+00
2.307375e-04,6.716394e+00,6.590954e+00
2.307750e-04,6.716394e+00,6.590954e+00
2.308125e-04,6.716394e+00,6.590954e+00
2.308500e-04,6.716394e+00,6.590954e+00
2.308875e-04,6.716394e+00,6.590954e+00
2.309250e-04,6.722675e+00,6.590954e+00
2.309625e-04,6.722675e+00,6.590954e+00
2.310000e-04,6.722675e+00,6.595778e+00
2.310375e-04,6.722675e+00,6.595778e+00
2.310750e-04,6.722675e+00,6.595778e+00
2.311125e-04,6.722675e+00,6.595778e+00
2.311500e-04,6.722675e+00,6.595778e+00
2.311875e-04,6.722675e+00,6.595778e+00
2.312250e-04,6.722675e+00,6.595778e+00
2.312625e-04,6.722675e+00,6.600602e+00
2.313000e-04,6.722675e+00,6.595778e+00
2.313375e-04,6.722675e+00,6.600602e+00
2.313750e-04,6.728957e+00,6.600602e+00
2.314125e-04,6.728957e+00,6.600602e+00
2.314500e-04,6.728957e+00,6.600602e+00
2.314875e-04,6.728957e+00,6.605426e+00
2.315250e-04,6.728957e+00,6.600602e+00
2.315625e-04,6.728957e+00,6.605426e+00
2.316000e-04,6.728957e+00,6.605426e+00
2.316375e-04,6.728957e+00,6.605426e+00
2.316750e-04,6.728957e+00,6.605426e+00
2.317125e-04,6.735238e+00,6.605426e+00
2.317500e-04,6.735238e+00,6.605426e+00
2.317875e-04,6.735238e+00,6.605426e+00
2.318250e-04,6.735238e+00,6.605426e+00
2.318625e-04,6.735238e+00,6.610250e+00
2.319000e-04,6.741519e+00,6.610250e+00
2.319375e-04,6.741519e+00,6.610250e+00
2.319750e-04,6.741519e+00,6.610250e+00
2.320125e-04,6.741519e+00,6.610250e+00
2.320500e-04,6.741519e+00,6.610250e+00
2.320875e-04,6.741519e+00,6.610250e+00
2.321250e-04,6.741519e+00,6.610250e+00
2.321625e-04,6.747801e+00,6.610250e+00
2.322000e-04,6.747801e+00,6.610250e+00
2.322375e-04,6.747801e+00,6.615075e+00
2.322750e-04,6.747801e+00,6.615075e+00
2.323125e-04,6.754082e+00,6.615075e+00
2.323500e-04,6.754082e+00,6.615075e+00
2.323875e-04,6.754082e+00,6.615075e+00
2.324250e-04,6.754082e+00,6.615075e+00
2.324625e-04,6.754082e+00,6.615075e+00
2.325000e-04,6.760364e+00,6.615075e+00
2.325375e-04,6.760364e+00,6.615075e+00
2.325750e-04,6.760364e+00,6.615075e+00
2.326125e-04,6.760364e+00,6.615075e+00
2.326500e-04,6.766645e+00,6.615075e+00
2.326875e-04,6.766645e+00,6.619899e+00
2.327250e-04,6.766645e+00,6.619899e+00
2.327625e-04,6.766645e+00,6.619899e+00
2.328000e-04,6.766645e+00,6.619899e+00
2.328375e-04,6.772926e+00,6.619899e+00
2.328750e-04,6.772926e+00,6.619899e+00
2.329125e-04,6.772926e+00,6.619899e+00
2.329500e-04,6.779208e+00,6.619899e+00
2.329875e-04,6.779208e+00,6.619899e+00
2.330250e-04,6.779208e+00,6.619899e+00
2.330625e-04,6.779208e+00,6.619899e+00
2.331000e-04,6.779208e+00,6.619899e+00
2.331375e-04,6.785489e+00,6.624723e+00
2.331750e-04,6.785489e+00,6.619899e+00
2.332125e-04,6.785489e+00,6.624723e+00
2.332500e-04,6.785489e+00,6.624723e+00
2.332875e-04,6.791771e+00,6.624723e+00
2.333250e-04,6.791771e+00,6.624723e+00
2.333625e-04,6.791771e+00,6.624723e+00
2.334000e-04,6.791771e+00,6.624723e+00
2.334375e-04,6.791771e+00,6.624723e+00
2.334750e-04,6.791771e+00,6.624723e+00
2.335125e-04,6.791771e+00,6.624723e+00
2.335500e-04,6.791771e+00,6.624723e+00
2.335875e-04,6.798052e+00,6.629547e+00
2.336250e-04,6.798052e+00,6.629547e+00
2.336625e-04,6.798052e+00,6.629547e+00
2.337000e-04,6.804333e+00,6.629547e+00
2.337375e-04,6.798052e+00,6.629547e+00
2.337750e-04,6.804333e+00,6.629547e+00
2.338125e-04,6.804333e+00,6.629547e+00
2.338500e-04,6.804333e+00,6.629547e+00
2.338875e-04,6.804333e+00,6.629547e+00
2.339250e-04,6.804333e+00,6.629547e+00
2.339625e-04,6.810615e+00,6.629547e+00
2.340000e-04,6.810615e+00,6.629547e+00
2.340375e-04,6.810615e+00,6.629547e+00
2.340750e-04,6.810615e+00,6.629547e+00
2.341125e-04,6.810615e+00,6.634371e+00
2.341500e-04,6.810615e+00,6.629547e+00
2.341875e-04,6.810615e+00,6.634371e+00
2.342250e-04,6.810615e+00,6.634371e+00
2.342625e-04,6.810615e+00,6.634371e+00
2.343000e-04,6.816896e+00,6.634371e+00
2.343375e-04,6.810615e+00,6.634371e+00
2.343750e-04,6.816896e+00,6.634371e+00
2.344125e-04,6.816896e+00,6.634371e+00
2.344500e-04,6.816896e+00,6.634371e+00
2.344875e-04,6.816896e+00,6.634371e+00
2.345250e-04,6.816896e+00,6.634371e+00
2.345625e-04,6.816896e+00,6.634371e+00
2.346000e-04,6.816896e+00,6.634371e+00
2.346375e-04,6.816896e+00,6.639195e+00
2.346750e-04,6.816896e+00,6.639195e+00
2.347125e-04,6.816896e+00,6.639195e+00
2.347500e-04,6.816896e+00,6.639195e+00
2.347875e-04,6.816896e+00,6.639195e+00
2.348250e-04,6.816896e+00,6.639195e+00
2.348625e-04,6.816896e+00,6.639195e+00
2.349000e-04,6.823178e+00,6.639195e+00
2.349375e-04,6.823178e+00,6.644019e+00
2.349750e-04,6.823178e+00,6.644019e+00
2.350125e-04,6.823178e+00,6.644019e+00
2.350500e-04,6.823178e+00,6.644019e+00
2.350875e-04,6.823178e+00,6.644019e+00
2.351250e-04,6.823178e+00,6.648843e+00
2.351625e-04,6.823178e+00,6.644019e+00
2.352000e-04,6.823178e+00,6.644019e+00
2.352375e-04,6.823178e+00,6.644019e+00
2.352750e-04,6.823178e+00,6.648843e+00
2.353125e-04,6.829459e+00,6.648843e+00
2.353500e-04,6.829459e+00,6.648843e+00
2.353875e-04,6.829459e+00,6.648843e+00
2.354250e-04,6.829459e+00,6.648843e+00
2.354625e-04,6.829459e+00,6.648843e+00
2.355000e-04,6.829459e+00,6.653667e+00
2.355375e-04,6.829459e+00,6.653667e+00
2.355750e-04,6.835740e+00,6.653667e+00
2.356125e-04,6.835740e+00,6.648843e+00
2.356500e-04,6.835740e+00,6.653667e+00
2.356875e-04,6.835740e+00,6.653667e+00
2.357250e-04,6.835740e+00,6.653667e+00
2.357625e-04,6.835740e+00,6.653667e+00
2.358000e-04,6.835740e+00,6.658492e+00
2.358375e-04,6.835740e+00,6.653667e+00
2.358750e-04,6.842022e+00,6.658492e+00
2.359125e-04,6.842022e+00,6.658492e+00
2.359500e-04,6.842022e+00,6.658492e+00
2.359875e-04,6.842022e+00,6.658492e+00
2.360250e-04,6.848303e+00,6.658492e+00
2.360625e-04,6.848303e+00,6.658492e+00
2.361000e-04,6.848303e+00,6.658492e+00
2.361375e-04,6.848303e+00,6.658492e+00
2.361750e-04,6.848303e+00,6.663316e+00
2.362125e-04,6.854585e+00,6.663316e+00
2.362500e-04,6.854585e+00,6.663316e+00
2.362875e-04,6.854585e+00,6.663316e+00
2.363250e-04,6.854585e+00,6.663316e+00
2.363625e-04,6.860866e+00,6.663316e+00
2.364000e-04,6.860866e+00,6.668140e+00
2.364375e-04,6.860866e+00,6.668140e+00
2.364750e-04,6.867148e+00,6.668140e+00
2.365125e-04,6.867148e+00,6.668140e+00
2.365500e-04,6.867148e+00,6.668140e+00
2.365875e-04,6.867148e+00,6.672964e+00
2.366250e-04,6.867148e+00,6.668140e+00
2.366625e-04,6.873429e+00,6.672964e+00
2.367000e-04,6.873429e+00,6.672964e+00
2.367375e-04,6.873429e+00,6.672964e+00
2.367750e-04,6.873429e+00,6.672964e+00
2.368125e-04,6.879710e+00,6.672964e+00
2.368500e-04,6.879710e+00,6.672964e+00
2.368875e-04,6.885992e+00,6.672964e+00
2.369250e-04,6.885992e+00,6.677788e+00
2.369625e-04,6.885992e+00,6.677788e+00
2.370000e-04,6.885992e+00,6.672964e+00
2.370375e-04,6.885992e+00,6.677788e+00
2.370750e-04,6.885992e+00,6.677788e+00
2.371125e-04,6.892273e+00,6.677788e+00
2.371500e-04,6.892273e+00,6.677788e+00
2.371875e-04,6.892273e+00,6.677788e+00
2.372250e-04,6.892273e+00,6.677788e+00
2.372625e-04,6.898555e+00,6.682612e+00
2.373000e-04,6.898555e+00,6.682612e+00
2.373375e-04,6.898555e+00,6.682612e+00
2.373750e-04,6.898555e+00,6.682612e+00
2.374125e-04,6.898555e+00,6.682612e+00
2.374500e-04,6.898555e+00,6.682612e+00
2.374875e-04,6.898555e+00,6.687436e+00
2.375250e-04,6.904836e+00,6.682612e+00
2.375625e-04,6.904836e+00,6.687436e+00
2.376000e-04,6.904836e+00,6.687436e+00
2.376375e-04,6.904836e+00,6.687436e+00
2.376750e-04,6.904836e+00,6.687436e+00
2.377125e-04,6.904836e+00,6.687436e+00
2.377500e-04,6.911117e+00,6.687436e+00
2.377875e-04,6.911117e+00,6.687436e+00
2.378250e-04,6.911117e+00,6.692260e+00
2.378625e-04,6.911117e+00,6.687436e+00
2.379000e-04,6.911117e+00,6.692260e+00
2.379375e-04,6.911117e+00,6.692260e+00
2.379750e-04,6.911117e+00,6.692260e+00
2.380125e-04,6.911117e+00,6.692260e+00
2.380500e-04,6.911117e+00,6.692260e+00
2.380875e-04,6.911117e+00,6.692260e+00
2.381250e-04,6.917399e+00,6.692260e+00
2.381625e-04,6.917399e+00,6.692260e+00
2.382000e-04,6.917399e+00,6.697085e+00
2.382375e-04,6.917399e+00,6.692260e+00
2.382750e-04,6.917399e+00,6.697085e+00
2.383125e-04,6.917399e+00,6.697085e+00
2.383500e-04,6.917399e+00,6.697085e+00
2.383875e-04,6.917399e+00,6.697085e+00
2.384250e-04,6.917399e+00,6.697085e+00
2.384625e-04,6.917399e+00,6.697085e+00
2.385000e-04,6.917399e+00,6.697085e+00
2.385375e-04,6.917399e+00,6.697085e+00
2.385750e-04,6.917399e+00,6.697085e+00
2.386125e-04,6.917399e+00,6.697085e+00
2.386500e-04,6.917399e+00,6.701909e+00
2.386875e-04,6.923680e+00,6.701909e+00
2.387250e-04,6.923680e+00,6.701909e+00
2.387625e-04,6.923680e+00,6.701909e+00
2.388000e-04,6.923680e+00,6.701909e+00
2.388375e-04,6.923680e+00,6.701909e+00
2.388750e-04,6.923680e+00,6.701909e+00
2.389125e-04,6.923680e+00,6.701909e+00
2.389500e-04,6.923680e+00,6.701909e+00
2.389875e-04,6.923680e+00,6.701909e+00
2.390250e-04,6.923680e+00,6.701909e+00
2.390625e-04,6.923680e+00,6.706733e+00
2.391000e-04,6.929962e+00,6.706733e+00
2.391375e-04,6.929962e+00,6.706733e+00
2.391750e-04,6.929962e+00,6.706733e+00
2.392125e-04,6.929962e+00,6.706733e+00
2.392500e-04,6.929962e+00,6.706733e+00
2.392875e-04,6.929962e+00,6.706733e+00
2.393250e-04,6.929962e+00,6.706733e+00
2.393625e-04,6.936243e+00,6.706733e+00
2.394000e-04,6.929962e+00,6.706733e+00
2.394375e-04,6.936243e+00,6.706733e+00
2.394750e-04,6.936243e+00,6.711557e+00
2.395125e-04,6.936243e+00,6.711557e+00
2.395500e-04,6.936243e+00,6.711557e+00
2.395875e-04,6.936243e+00,6.711557e+00
2.396250e-04,6.936243e+00,6.711557e+00
2.396625e-04,6.942524e+00,6.711557e+00
2.397000e-04,6.942524e+00,6.711557e+00
2.397375e-04,6.942524e+00,6.711557e+00
2.397750e-04,6.942524e+00,6.711557e+00
2.398125e-04,6.942524e+00,6.711557e+00
2.398500e-04,6.948806e+00,6.711557e+00
2.398875e-04,6.948806e+00,6.711557e+00
2.399250e-04,6.948806e+00,6.716381e+00
2.399625e-04,6.948806e+00,6.716381e+00
2.400000e-04,6.955087e+00,6.716381e+00
2.400375e-04,6.955087e+00,6.716381e+00
2.400750e-04,6.955087e+00,6.716381e+00
2.401125e-04,6.961369e+00,6.716381e+00
2.401500e-04,6.961369e+00,6.716381e+00
2.401875e-04,6.961369e+00,6.716381e+00
2.402250e-04,6.961369e+00,6.721205e+00
2.402625e-04,6.961369e+00,6.721205e+00
2.403000e-04,6.967650e+00,6.721205e+00
2.403375e-04,6.967650e+00,6.721205e+00
2.403750e-04,6.967650e+00,6.721205e+00
2.404125e-04,6.967650e+00,6.721205e+00
2.404500e-04,6.973931e+00,6.721205e+00
2.404875e-04,6.973931e+00,6.721205e+00
2.405250e-04,6.973931e+00,6.721205e+00
2.405625e-04,6.973931e+00,6.721205e+00
2.406000e-04,6.973931e+00,6.726029e+00
2.406375e-04,6.980213e+00,6.726029e+00
2.406750e-04,6.980213e+00,6.726029e+00
2.407125e-04,6.980213e+00,6.726029e+00
2.407500e-04,6.986494e+00,6.726029e+00
2.407875e-04,6.986494e+00,6.726029e+00
2.408250e-04,6.986494e+00,6.726029e+00
2.408625e-04,6.992776e+00,6.726029e+00
2.409000e-04,6.992776e+00,6.726029e+00
2.409375e-04,6.992776e+00,6.730853e+00
2.409750e-04,6.992776e+00,6.730853e+00
2.410125e-04,6.992776e+00,6.730853e+00
2.410500e-04,6.992776e+00,6.735678e+00
2.410875e-04,6.992776e+00,6.735678e+00
2.411250e-04,6.999057e+00,6.730853e+00
2.411625e-04,6.999057e+00,6.730853e+00
2.412000e-04,6.999057e+00,6.735678e+00
2.412375e-04,6.999057e+00,6.735678e+00
2.412750e-04,6.999057e+00,6.735678e+00
2.413125e-04,7.005338e+00,6.735678e+00
2.413500e-04,7.005338e+00,6.735678e+00
2.413875e-04,7.005338e+00,6.740502e+00
2.414250e-04,7.005338e+00,6.740502e+00
2.414625e-04,7.005338e+00,6.740502e+00
2.415000e-04,7.005338e+00,6.740502e+00
2.415375e-04,7.005338e+00,6.740502e+00
2.415750e-04,7.011620e+00,6.740502e+00
2.416125e-04,7.011620e+00,6.745326e+00
2.416500e-04,7.011620e+00,6.745326e+00
2.416875e-04,7.011620e+00,6.745326e+00
2.417250e-04,7.011620e+00,6.745326e+00
2.417625e-04,7.011620e+00,6.745326e+00
2.418000e-04,7.011620e+00,6.745326e+00
2.418375e-04,7.011620e+00,6.745326e+00
2.418750e-04,7.011620e+00,6.745326e+00
2.419125e-04,7.011620e+00,6.745326e+00
2.419500e-04,7.011620e+00,6.750150e+00
2.419875e-04,7.011620e+00,6.750150e+00
2.420250e-04,7.017901e+00,6.750150e+00
2.420625e-04,7.017901e+00,6.750150e+00
2.421000e-04,7.017901e+00,6.750150e+00
2.421375e-04,7.017901e+00,6.750150e+00
2.421750e-04,7.017901e+00,6.750150e+00
2.422125e-04,7.017901e+00,6.750150e+00
2.422500e-04,7.017901e+00,6.754974e+00
2.422875e-04,7.017901e+00,6.754974e+00
2.423250e-04,7.017901e+00,6.754974e+00
2.423625e-04,7.017901e+00,6.754974e+00
2.424000e-04,7.017901e+00,6.754974e+00
2.424375e-04,7.017901e+00,6.754974e+00
2.424750e-04,7.017901e+00,6.754974e+00
2.425125e-04,7.017901e+00,6.759798e+00
2.425500e-04,7.017901e+00,6.759798e+00
2.425875e-04,7.017901e+00,6.759798e+00
2.426250e-04,7.017901e+00,6.759798e+00
2.426625e-04,7.017901e+00,6.759798e+00
2.427000e-04,7.024183e+00,6.759798e+00
2.427375e-04,7.024183e+00,6.759798e+00
2.427750e-04,7.024183e+00,6.764622e+00
2.428125e-04,7.024183e+00,6.759798e+00
2.428500e-04,7.024183e+00,6.759798e+00
2.428875e-04,7.024183e+00,6.764622e+00
2.429250e-04,7.024183e+00,6.764622e+00
2.429625e-04,7.024183e+00,6.764622e+00
2.430000e-04,7.024183e+00,6.764622e+00
2.430375e-04,7.024183e+00,6.764622e+00
2.430750e-04,7.024183e+00,6.764622e+00
2.431125e-04,7.024183e+00,6.769446e+00
2.431500e-04,7.030464e+00,6.764622e+00
2.431875e-04,7.030464e+00,6.769446e+00
2.432250e-04,7.030464e+00,6.764622e+00
2.432625e-04,7.030464e+00,6.764622e+00
2.433000e-04,7.030464e+00,6.769446e+00
2.433375e-04,7.030464e+00,6.769446e+00
2.433750e-04,7.030464e+00,6.769446e+00
2.434125e-04,7.030464e+00,6.769446e+00
2.434500e-04,7.030464e+00,6.769446e+00
2.434875e-04,7.036745e+00,6.769446e+00
2.435250e-04,7.036745e+00,6.769446e+00
2.435625e-04,7.036745e+00,6.769446e+00
2.436000e-04,7.036745e+00,6.769446e+00
2.436375e-04,7.036745e+00,6.774270e+00
2.436750e-04,7.036745e+00,6.774270e+00
2.437125e-04,7.043027e+00,6.774270e+00
2.437500e-04,7.043027e+00,6.774270e+00
2.437875e-04,7.043027e+00,6.774270e+00
2.438250e-04,7.043027e+00,6.774270e+00
2.438625e-04,7.049308e+00,6.774270e+00
2.439000e-04,7.049308e+00,6.774270e+00
2.439375e-04,7.049308e+00,6.774270e+00
2.439750e-04,7.049308e+00,6.774270e+00
2.440125e-04,7.049308e+00,6.779095e+00
2.440500e-04,7.049308e+00,6.779095e+00
2.440875e-04,7.055590e+00,6.779095e+00
2.441250e-04,7.055590e+00,6.779095e+00
2.441625e-04,7.055590e+00,6.779095e+00
2.442000e-04,7.055590e+00,6.779095e+00
2.442375e-04,7.055590e+00,6.779095e+00
2.442750e-04,7.061871e+00,6.779095e+00
2.443125e-04,7.061871e+00,6.779095e+00
2.443500e-04,7.061871e+00,6.779095e+00
2.443875e-04,7.068153e+00,6.779095e+00
2.444250e-04,7.068153e+00,6.779095e+00
2.444625e-04,7.068153e+00,6.779095e+00
2.445000e-04,7.068153e+00,6.779095e+00
2.445375e-04,7.074434e+00,6.779095e+00
2.445750e-04,7.074434e+00,6.779095e+00
2.446125e-04,7.074434e+00,6.783919e+00
2.446500e-04,7.074434e+00,6.783919e+00
2.446875e-04,7.080715e+00,6.783919e+00
2.447250e-04,7.080715e+00,6.783919e+00
2.447625e-04,7.080715e+00,6.783919e+00
2.448000e-04,7.080715e+00,6.783919e+00
2.448375e-04,7.086997e+00,6.783919e+00
2.448750e-04,7.086997e+00,6.783919e+00
2.449125e-04,7.086997e+00,6.783919e+00
2.449500e-04,7.093278e+00,6.783919e+00
2.449875e-04,7.093278e+00,6.783919e+00
2.450250e-04,7.093278e+00,6.783919e+00
2.450625e-04,7.093278e+00,6.788743e+00
2.451000e-04,7.093278e+00,6.788743e+00
2.451375e-04,7.099560e+00,6.788743e+00
2.451750e-04,7.099560e+00,6.788743e+00
2.452125e-04,7.099560e+00,6.788743e+00
2.452500e-04,7.099560e+00,6.788743e+00
2.452875e-04,7.099560e+00,6.788743e+00
2.453250e-04,7.099560e+00,6.788743e+00
2.453625e-04,7.105841e+00,6.788743e+00
2.454000e-04,7.105841e+00,6.788743e+00
2.454375e-04,7.105841e+00,6.788743e+00
2.454750e-04,7.105841e+00,6.788743e+00
2.455125e-04,7.105841e+00,6.788743e+00
2.455500e-04,7.105841e+00,6.793567e+00
2.455875e-04,7.105841e+00,6.793567e+00
2.456250e-04,7.112122e+00,6.793567e+00
2.456625e-04,7.112122e+00,6.793567e+00
2.457000e-04,7.112122e+00,6.793567e+00
2.457375e-04,7.112122e+00,6.793567e+00
2.457750e-04,7.112122e+00,6.793567e+00
2.458125e-04,7.112122e+00,6.793567e+00
2.458500e-04,7.112122e+00,6.793567e+00
2.458875e-04,7.112122e+00,6.793567e+00
2.459250e-04,7.112122e+00,6.798391e+00
2.459625e-04,7.112122e+00,6.798391e+00
2.460000e-04,7.112122e+00,6.798391e+00
2.460375e-04,7.118404e+00,6.798391e+00
2.460750e-04,7.118404e+00,6.798391e+00
2.461125e-04,7.118404e+00,6.798391e+00
2.461500e-04,7.118404e+00,6.798391e+00
2.461875e-04,7.118404e+00,6.798391e+00
2.462250e-04,7.118404e+00,6.803215e+00
2.462625e-04,7.118404e+00,6.798391e+00
2.463000e-04,7.118404e+00,6.803215e+00
2.463375e-04,7.118404e+00,6.803215e+00
2.463750e-04,7.118404e+00,6.803215e+00
2.464125e-04,7.118404e+00,6.803215e+00
2.464500e-04,7.118404e+00,6.803215e+00
2.464875e-04,7.118404e+00,6.808039e+00
2.465250e-04,7.118404e+00,6.803215e+00
2.465625e-04,7.118404e+00,6.803215e+00
2.466000e-04,7.118404e+00,6.808039e+00
2.466375e-04,7.124685e+00,6.808039e+00
2.466750e-04,7.124685e+00,6.808039e+00
2.467125e-04,7.124685e+00,6.812863e+00
2.467500e-04,7.124685e+00,6.808039e+00
2.467875e-04,7.124685e+00,6.808039e+00
2.468250e-04,7.124685e+00,6.808039e+00
2.468625e-04,7.124685e+00,6.808039e+00
2.469000e-04,7.124685e+00,6.812863e+00
2.469375e-04,7.124685e+00,6.817688e+00
2.469750e-04,7.124685e+00,6.812863e+00
2.470125e-04,7.124685e+00,6.812863e+00
2.470500e-04,7.124685e+00,6.817688e+00
2.470875e-04,7.130967e+00,6.812863e+00
2.471250e-04,7.130967e+00,6.817688e+00
2.471625e-04,7.130967e+00,6.817688e+00
2.472000e-04,7.130967e+00,6.817688e+00
2.472375e-04,7.130967e+00,6.817688e+00
2.472750e-04,7.130967e+00,6.817688e+00
2.473125e-04,7.130967e+00,6.817688e+00
2.473500e-04,7.130967e+00,6.817688e+00
2.473875e-04,7.130967e+00,6.822512e+00
2.474250e-04,7.130967e+00,6.822512e+00
2.474625e-04,7.137248e+00,6.817688e+00
2.475000e-04,7.137248e+00,6.822512e+00
2.475375e-04,7.137248e+00,6.822512e+00
2.475750e-04,7.137248e+00,6.822512e+00
2.476125e-04,7.137248e+00,6.827336e+00
2.476500e-04,7.137248e+00,6.822512e+00
2.476875e-04,7.143529e+00,6.827336e+00
2.477250e-04,7.143529e+00,6.827336e+00
2.477625e-04,7.143529e+00,6.827336e+00
2.478000e-04,7.143529e+00,6.827336e+00
2.478375e-04,7.143529e+00,6.827336e+00
2.478750e-04,7.149811e+00,6.832160e+00
2.479125e-04,7.149811e+00,6.832160e+00
2.479500e-04,7.149811e+00,6.832160e+00
2.479875e-04,7.149811e+00,6.832160e+00
2.480250e-04,7.149811e+00,6.832160e+00
2.480625e-04,7.156092e+00,6.832160e+00
2.481000e-04,7.156092e+00,6.832160e+00
2.481375e-04,7.156092e+00,6.832160e+00
2.481750e-04,7.162374e+00,6.832160e+00
2.482125e-04,7.162374e+00,6.836984e+00
2.482500e-04,7.162374e+00,6.836984e+00
2.482875e-04,7.162374e+00,6.836984e+00
2.483250e-04,7.162374e+00,6.836984e+00
2.483625e-04,7.168655e+00,6.836984e+00
2.484000e-04,7.168655e+00,6.836984e+00
2.484375e-04,7.168655e+00,6.836984e+00
2.484750e-04,7.168655e+00,6.841808e+00
2.485125e-04,7.174936e+00,6.841808e+00
2.485500e-04,7.174936e+00,6.841808e+00
2.485875e-04,7.174936e+00,6.836984e+00
2.486250e-04,7.174936e+00,6.841808e+00
2.486625e-04,7.174936e+00,6.841808e+00
2.487000e-04,7.174936e+00,6.841808e+00
2.487375e-04,7.181218e+00,6.841808e+00
2.487750e-04,7.181218e+00,6.841808e+00
2.488125e-04,7.181218e+00,6.841808e+00
2.488500e-04,7.187499e+00,6.846632e+00
2.488875e-04,7.187499e+00,6.846632e+00
2.489250e-04,7.187499e+00,6.846632e+00
2.489625e-04,7.187499e+00,6.846632e+00
2.490000e-04,7.187499e+00,6.846632e+00
2.490375e-04,7.193781e+00,6.846632e+00
2.490750e-04,7.193781e+00,6.846632e+00
2.491125e-04,7.193781e+00,6.846632e+00
2.491500e-04,7.193781e+00,6.846632e+00
2.491875e-04,7.193781e+00,6.846632e+00
2.492250e-04,7.200062e+00,6.846632e+00
2.492625e-04,7.200062e+00,6.846632e+00
2.493000e-04,7.200062e+00,6.851456e+00
2.493375e-04,7.200062e+00,6.851456e+00
2.493750e-04,7.200062e+00,6.851456e+00
2.494125e-04,7.206343e+00,6.851456e+00
2.494500e-04,7.206343e+00,6.851456e+00
2.494875e-04,7.206343e+00,6.851456e+00
2.495250e-04,7.206343e+00,6.851456e+00
2.495625e-04,7.206343e+00,6.851456e+00
2.496000e-04,7.206343e+00,6.851456e+00
2.496375e-04,7.206343e+00,6.851456e+00
2.496750e-04,7.212625e+00,6.851456e+00
2.497125e-04,7.212625e+00,6.851456e+00
2.497500e-04,7.212625e+00,6.856281e+00
2.497875e-04,7.212625e+00,6.851456e+00
2.498250e-04,7.212625e+00,6.856281e+00
2.498625e-04,7.212625e+00,6.856281e+00
2.499000e-04,7.212625e+00,6.856281e+00
2.499375e-04,7.212625e+00,6.856281e+00
2.499750e-04,7.212625e+00,6.856281e+00
2.500125e-04,7.212625e+00,6.856281e+00
2.500500e-04,7.218906e+00,6.856281e+00
2.500875e-04,7.212625e+00,6.856281e+00
2.501250e-04,7.218906e+00,6.856281e+00
2.501625e-04,7.218906e+00,6.856281e+00
2.502000e-04,7.218906e+00,6.856281e+00
2.502375e-04,7.218906e+00,6.856281e+00
2.502750e-04,7.218906e+00,6.856281e+00
2.503125e-04,7.218906e+00,6.856281e+00
2.503500e-04,7.218906e+00,6.856281e+00
2.503875e-04,7.218906e+00,6.861105e+00
2.504250e-04,7.218906e+00,6.861105e+00
2.504625e-04,7.218906e+00,6.861105e+00
2.505000e-04,7.218906e+00,6.861105e+00
2.505375e-04,7.218906e+00,6.861105e+00
2.505750e-04,7.218906e+00,6.861105e+00
2.506125e-04,7.218906e+00,6.861105e+00
2.506500e-04,7.218906e+00,6.861105e+00
2.506875e-04,7.225188e+00,6.861105e+00
2.507250e-04,7.225188e+00,6.861105e+00
2.507625e-04,7.225188e+00,6.865929e+00
2.508000e-04,7.225188e+00,6.861105e+00
2.508375e-04,7.225188e+00,6.865929e+00
2.508750e-04,7.225188e+00,6.865929e+00
2.509125e-04,7.225188e+00,6.865929e+00
2.509500e-04,7.225188e+00,6.865929e+00
2.509875e-04,7.225188e+00,6.865929e+00
2.510250e-04,7.225188e+00,6.865929e+00
2.510625e-04,7.225188e+00,6.865929e+00
2.511000e-04,7.225188e+00,6.865929e+00
2.511375e-04,7.225188e+00,6.870753e+00
2.511750e-04,7.231469e+00,6.865929e+00
2.512125e-04,7.231469e+00,6.870753e+00
2.512500e-04,7.231469e+00,6.870753e+00
2.512875e-04,7.231469e+00,6.870753e+00
2.513250e-04,7.231469e+00,6.870753e+00
2.513625e-04,7.231469e+00,6.870753e+00
2.514000e-04,7.231469e+00,6.870753e+00
2.514375e-04,7.231469e+00,6.870753e+00
2.514750e-04,7.231469e+00,6.870753e+00
2.515125e-04,7.231469e+00,6.870753e+00
2.515500e-04,7.237750e+00,6.870753e+00
2.515875e-04,7.237750e+00,6.875577e+00
2.516250e-04,7.237750e+00,6.875577e+00
2.516625e-04,7.237750e+00,6.875577e+00
2.517000e-04,7.244032e+00,6.875577e+00
2.517375e-04,7.244032e+00,6.875577e+00
2.517750e-04,7.244032e+00,6.875577e+00
2.518125e-04,7.244032e+00,6.875577e+00
2.518500e-04,7.244032e+00,6.875577e+00
2.518875e-04,7.244032e+00,6.880401e+00
2.519250e-04,7.250313e+00,6.880401e+00
2.519625e-04,7.250313e+00,6.880401e+00
2.520000e-04,7.250313e+00,6.880401e+00
2.520375e-04,7.250313e+00,6.880401e+00
2.520750e-04,7.256595e+00,6.880401e+00
2.521125e-04,7.256595e+00,6.880401e+00
2.521500e-04,7.256595e+00,6.880401e+00
2.521875e-04,7.256595e+00,6.885225e+00
2.522250e-04,7.256595e+00,6.880401e+00
2.522625e-04,7.262876e+00,6.885225e+00
2.523000e-04,7.262876e+00,6.885225e+00
2.523375e-04,7.262876e+00,6.885225e+00
2.523750e-04,7.262876e+00,6.885225e+00
2.524125e-04,7.269158e+00,6.885225e+00
2.524500e-04,7.269158e+00,6.885225e+00
2.524875e-04,7.275439e+00,6.890049e+00
2.525250e-04,7.275439e+00,6.890049e+00
2.525625e-04,7.275439e+00,6.890049e+00
2.526000e-04,7.275439e+00,6.890049e+00
2.526375e-04,7.275439e+00,6.890049e+00
2.526750e-04,7.281720e+00,6.890049e+00
2.527125e-04,7.281720e+00,6.894873e+00
2.527500e-04,7.281720e+00,6.890049e+00
2.527875e-04,7.281720e+00,6.894873e+00
2.528250e-04,7.288002e+00,6.894873e+00
2.528625e-04,7.288002e+00,6.894873e+00
2.529000e-04,7.288002e+00,6.894873e+00
2.529375e-04,7.288002e+00,6.894873e+00
2.529750e-04,7.294283e+00,6.899698e+00
2.530125e-04,7.294283e+00,6.899698e+00
2.530500e-04,7.294283e+00,6.894873e+00
2.530875e-04,7.294283e+00,6.899698e+00
2.531250e-04,7.300565e+00,6.899698e+00
2.531625e-04,7.294283e+00,6.899698e+00
2.532000e-04,7.300565e+00,6.899698e+00
2.532375e-04,7.300565e+00,6.899698e+00
2.532750e-04,7.300565e+00,6.899698e+00
2.533125e-04,7.300565e+00,6.904522e+00
2.533500e-04,7.300565e+00,6.904522e+00
2.533875e-04,7.306846e+00,6.904522e+00
2.534250e-04,7.306846e+00,6.904522e+00
2.534625e-04,7.306846e+00,6.904522e+00
2.535000e-04,7.306846e+00,6.904522e+00
2.535375e-04,7.313127e+00,6.904522e+00
2.535750e-04,7.306846e+00,6.904522e+00
2.536125e-04,7.313127e+00,6.909346e+00
2.536500e-04,7.313127e+00,6.909346e+00
2.536875e-04,7.313127e+00,6.909346e+00
2.537250e-04,7.313127e+00,6.909346e+00
2.537625e-04,7.313127e+00,6.909346e+00
2.538000e-04,7.313127e+00,6.909346e+00
2.538375e-04,7.313127e+00,6.914170e+00
2.538750e-04,7.313127e+00,6.914170e+00
2.539125e-04,7.313127e+00,6.914170e+00
2.539500e-04,7.313127e+00,6.914170e+00
2.539875e-04,7.313127e+00,6.914170e+00
2.540250e-04,7.319409e+00,6.914170e+00
2.540625e-04,7.319409e+00,6.914170e+00
2.541000e-04,7.319409e+00,6.914170e+00
2.541375e-04,7.319409e+00,6.918994e+00
2.541750e-04,7.319409e+00,6.918994e+00
2.542125e-04,7.319409e+00,6.918994e+00
2.542500e-04,7.319409e+00,6.918994e+00
2.542875e-04,7.319409e+00,6.918994e+00
2.543250e-04,7.319409e+00,6.918994e+00
2.543625e-04,7.319409e+00,6.918994e+00
2.544000e-04,7.319409e+00,6.918994e+00
2.544375e-04,7.319409e+00,6.918994e+00
2.544750e-04,7.319409e+00,6.923818e+00
2.545125e-04,7.319409e+00,6.923818e+00
2.545500e-04,7.319409e+00,6.923818e+00
2.545875e-04,7.319409e+00,6.923818e+00
2.546250e-04,7.325690e+00,6.923818e+00
2.546625e-04,7.325690e+00,6.923818e+00
2.547000e-04,7.325690e+00,6.923818e+00
2.547375e-04,7.325690e+00,6.923818e+00
2.547750e-04,7.325690e+00,6.923818e+00
2.548125e-04,7.325690e+00,6.928642e+00
2.548500e-04,7.325690e+00,6.928642e+00
2.548875e-04,7.325690e+00,6.928642e+00
2.549250e-04,7.325690e+00,6.928642e+00
2.549625e-04,7.325690e+00,6.928642e+00
2.550000e-04,7.325690e+00,6.928642e+00
2.550375e-04,7.325690e+00,6.928642e+00
2.550750e-04,7.331972e+00,6.928642e+00
2.551125e-04,7.331972e+00,6.928642e+00
2.551500e-04,7.331972e+00,6.928642e+00
2.551875e-04,7.331972e+00,6.928642e+00
2.552250e-04,7.331972e+00,6.933466e+00
2.552625e-04,7.331972e+00,6.933466e+00
2.553000e-04,7.331972e+00,6.933466e+00
2.553375e-04,7.331972e+00,6.933466e+00
2.553750e-04,7.338253e+00,6.933466e+00
2.554125e-04,7.338253e+00,6.933466e+00
2.554500e-04,7.338253e+00,6.933466e+00
2.554875e-04,7.338253e+00,6.933466e+00
2.555250e-04,7.338253e+00,6.933466e+00
2.555625e-04,7.338253e+00,6.933466e+00
2.556000e-04,7.338253e+00,6.938291e+00
2.556375e-04,7.344534e+00,6.933466e+00
2.556750e-04,7.344534e+00,6.938291e+00
2.557125e-04,7.344534e+00,6.938291e+00
2.557500e-04,7.344534e+00,6.938291e+00
2.557875e-04,7.350816e+00,6.938291e+00
2.558250e-04,7.344534e+00,6.938291e+00
2.558625e-04,7.350816e+00,6.938291e+00
2.559000e-04,7.350816e+00,6.938291e+00
2.559375e-04,7.350816e+00,6.938291e+00
2.559750e-04,7.350816e+00,6.938291e+00
2.560125e-04,7.357097e+00,6.943115e+00
2.560500e-04,7.357097e+00,6.943115e+00
2.560875e-04,7.357097e+00,6.943115e+00
2.561250e-04,7.357097e+00,6.943115e+00
2.561625e-04,7.357097e+00,6.943115e+00
2.562000e-04,7.363379e+00,6.943115e+00
2.562375e-04,7.363379e+00,6.943115e+00
2.562750e-04,7.369660e+00,6.943115e+00
2.563125e-04,7.369660e+00,6.943115e+00
2.563500e-04,7.369660e+00,6.943115e+00
2.563875e-04,7.369660e+00,6.943115e+00
2.564250e-04,7.369660e+00,6.947939e+00
2.564625e-04,7.375941e+00,6.947939e+00
2.565000e-04,7.375941e+00,6.947939e+00
2.565375e-04,7.375941e+00,6.947939e+00
2.565750e-04,7.375941e+00,6.947939e+00
2.566125e-04,7.375941e+00,6.947939e+00
2.566500e-04,7.382223e+00,6.947939e+00
2.566875e-04,7.382223e+00,6.947939e+00
2.567250e-04,7.382223e+00,6.952763e+00
2.567625e-04,7.388504e+00,6.952763e+00
2.568000e-04,7.388504e+00,6.952763e+00
2.568375e-04,7.388504e+00,6.952763e+00
2.568750e-04,7.388504e+00,6.952763e+00
2.569125e-04,7.388504e+00,6.952763e+00
2.569500e-04,7.394786e+00,6.952763e+00
2.569875e-04,7.394786e+00,6.952763e+00
2.570250e-04,7.394786e+00,6.957587e+00
2.570625e-04,7.394786e+00,6.957587e+00
2.571000e-04,7.401067e+00,6.957587e+00
2.571375e-04,7.401067e+00,6.957587e+00
2.571750e-04,7.401067e+00,6.957587e+00
2.572125e-04,7.401067e+00,6.957587e+00
2.572500e-04,7.401067e+00,6.957587e+00
2.572875e-04,7.401067e+00,6.962411e+00
2.573250e-04,7.407348e+00,6.957587e+00
2.573625e-04,7.407348e+00,6.962411e+00
2.574000e-04,7.407348e+00,6.962411e+00
2.574375e-04,7.407348e+00,6.962411e+00
2.574750e-04,7.407348e+00,6.962411e+00
2.575125e-04,7.407348e+00,6.962411e+00
2.575500e-04,7.407348e+00,6.962411e+00
2.575875e-04,7.413630e+00,6.967235e+00
2.576250e-04,7.413630e+00,6.967235e+00
2.576625e-04,7.413630e+00,6.967235e+00
2.577000e-04,7.413630e+00,6.967235e+00
2.577375e-04,7.413630e+00,6.967235e+00
2.577750e-04,7.413630e+00,6.967235e+00
2.578125e-04,7.413630e+00,6.972059e+00
2.578500e-04,7.413630e+00,6.972059e+00
2.578875e-04,7.413630e+00,6.972059e+00
2.579250e-04,7.413630e+00,6.972059e+00
2.579625e-04,7.419911e+00,6.972059e+00
2.580000e-04,7.419911e+00,6.972059e+00
2.580375e-04,7.419911e+00,6.972059e+00
2.580750e-04,7.419911e+00,6.976884e+00
2.581125e-04,7.419911e+00,6.976884e+00
2.581500e-04,7.419911e+00,6.976884e+00
2.581875e-04,7.419911e+00,6.976884e+00
2.582250e-04,7.419911e+00,6.981708e+00
2.582625e-04,7.419911e+00,6.976884e+00
2.583000e-04,7.419911e+00,6.981708e+00
2.583375e-04,7.419911e+00,6.976884e+00
2.583750e-04,7.419911e+00,6.976884e+00
2.584125e-04,7.426193e+00,6.981708e+00
2.584500e-04,7.426193e+00,6.981708e+00
2.584875e-04,7.426193e+00,6.981708e+00
2.585250e-04,7.426193e+00,6.981708e+00
2.585625e-04,7.426193e+00,6.981708e+00
2.586000e-04,7.426193e+00,6.981708e+00
2.586375e-04,7.426193e+00,6.986532e+00
2.586750e-04,7.426193e+00,6.986532e+00
2.587125e-04,7.426193e+00,6.986532e+00
2.587500e-04,7.426193e+00,6.986532e+00
2.587875e-04,7.426193e+00,6.991356e+00
2.588250e-04,7.426193e+00,6.986532e+00
2.588625e-04,7.426193e+00,6.986532e+00
2.589000e-04,7.426193e+00,6.986532e+00
2.589375e-04,7.432474e+00,6.991356e+00
2.589750e-04,7.432474e+00,6.991356e+00
2.590125e-04,7.432474e+00,6.991356e+00
2.590500e-04,7.432474e+00,6.991356e+00
2.590875e-04,7.432474e+00,6.991356e+00
2.591250e-04,7.432474e+00,6.991356e+00
2.591625e-04,7.438755e+00,6.996180e+00
2.592000e-04,7.438755e+00,6.996180e+00
2.592375e-04,7.438755e+00,6.996180e+00
2.592750e-04,7.438755e+00,6.996180e+00
2.593125e-04,7.438755e+00,6.996180e+00
2.593500e-04,7.438755e+00,6.996180e+00
2.593875e-04,7.438755e+00,6.996180e+00
2.594250e-04,7.445037e+00,6.996180e+00
2.594625e-04,7.445037e+00,6.996180e+00
2.595000e-04,7.445037e+00,6.996180e+00
2.595375e-04,7.445037e+00,7.001004e+00
2.595750e-04,7.445037e+00,7.001004e+00
2.596125e-04,7.451318e+00,7.001004e+00
2.596500e-04,7.451318e+00,7.001004e+00
2.596875e-04,7.451318e+00,7.001004e+00
2.597250e-04,7.451318e+00,7.001004e+00
2.597625e-04,7.451318e+00,7.005828e+00
2.598000e-04,7.451318e+00,7.001004e+00
2.598375e-04,7.457600e+00,7.001004e+00
2.598750e-04,7.457600e+00,7.001004e+00
2.599125e-04,7.457600e+00,7.005828e+00
2.599500e-04,7.463881e+00,7.001004e+00
2.599875e-04,7.463881e+00,7.005828e+00
2.600250e-04,7.463881e+00,7.005828e+00
2.600625e-04,7.463881e+00,7.005828e+00
2.601000e-04,7.470163e+00,7.005828e+00
2.601375e-04,7.470163e+00,7.005828e+00
2.601750e-04,7.470163e+00,7.005828e+00
2.602125e-04,7.470163e+00,7.005828e+00
2.602500e-04,7.470163e+00,7.005828e+00
2.602875e-04,7.476444e+00,7.005828e+00
2.603250e-04,7.476444e+00,7.005828e+00
2.603625e-04,7.476444e+00,7.010652e+00
2.604000e-04,7.482725e+00,7.010652e+00
2.604375e-04,7.482725e+00,7.010652e+00
2.604750e-04,7.482725e+00,7.010652e+00
2.605125e-04,7.489007e+00,7.010652e+00
2.605500e-04,7.489007e+00,7.010652e+00
2.605875e-04,7.489007e+00,7.010652e+00
2.606250e-04,7.489007e+00,7.010652e+00
2.606625e-04,7.489007e+00,7.010652e+00
2.607000e-04,7.489007e+00,7.010652e+00
2.607375e-04,7.495288e+00,7.010652e+00
2.607750e-04,7.495288e+00,7.010652e+00
2.608125e-04,7.495288e+00,7.015476e+00
2.608500e-04,7.495288e+00,7.015476e+00
2.608875e-04,7.495288e+00,7.015476e+00
2.609250e-04,7.501570e+00,7.015476e+00
2.609625e-04,7.501570e+00,7.015476e+00
2.610000e-04,7.501570e+00,7.015476e+00
2.610375e-04,7.501570e+00,7.015476e+00
2.610750e-04,7.501570e+00,7.015476e+00
2.611125e-04,7.507851e+00,7.015476e+00
2.611500e-04,7.507851e+00,7.015476e+00
2.611875e-04,7.507851e+00,7.015476e+00
2.612250e-04,7.507851e+00,7.015476e+00
2.612625e-04,7.507851e+00,7.020301e+00
2.613000e-04,7.507851e+00,7.020301e+00
2.613375e-04,7.507851e+00,7.020301e+00
2.613750e-04,7.507851e+00,7.020301e+00
2.614125e-04,7.514132e+00,7.020301e+00
2.614500e-04,7.514132e+00,7.020301e+00
2.614875e-04,7.514132e+00,7.020301e+00
2.615250e-04,7.514132e+00,7.020301e+00
2.615625e-04,7.514132e+00,7.020301e+00
2.616000e-04,7.514132e+00,7.020301e+00
2.616375e-04,7.514132e+00,7.025125e+00
2.616750e-04,7.514132e+00,7.025125e+00
2.617125e-04,7.514132e+00,7.025125e+00
2.617500e-04,7.514132e+00,7.025125e+00
2.617875e-04,7.520414e+00,7.025125e+00
2.618250e-04,7.520414e+00,7.025125e+00
2.618625e-04,7.520414e+00,7.025125e+00
2.619000e-04,7.520414e+00,7.025125e+00
2.619375e-04,7.520414e+00,7.025125e+00
2.619750e-04,7.520414e+00,7.025125e+00
2.620125e-04,7.520414e+00,7.029949e+00
2.620500e-04,7.520414e+00,7.029949e+00
2.620875e-04,7.520414e+00,7.029949e+00
2.621250e-04,7.520414e+00,7.029949e+00
2.621625e-04,7.520414e+00,7.029949e+00
2.622000e-04,7.520414e+00,7.034773e+00
2.622375e-04,7.520414e+00,7.034773e+00
2.622750e-04,7.520414e+00,7.034773e+00
2.623125e-04,7.520414e+00,7.034773e+00
2.623500e-04,7.520414e+00,7.034773e+00
2.623875e-04,7.526695e+00,7.034773e+00
2.624250e-04,7.526695e+00,7.034773e+00
2.624625e-04,7.526695e+00,7.034773e+00
2.625000e-04,7.526695e+00,7.034773e+00
2.625375e-04,7.526695e+00,7.034773e+00
2.625750e-04,7.526695e+00,7.039597e+00
2.626125e-04,7.526695e+00,7.039597e+00
2.626500e-04,7.526695e+00,7.039597e+00
2.626875e-04,7.526695e+00,7.039597e+00
2.627250e-04,7.526695e+00,7.039597e+00
2.627625e-04,7.526695e+00,7.039597e+00
2.628000e-04,7.526695e+00,7.044421e+00
2.628375e-04,7.526695e+00,7.044421e+00
2.628750e-04,7.532977e+00,7.044421e+00
2.629125e-04,7.532977e+00,7.044421e+00
2.629500e-04,7.532977e+00,7.044421e+00
2.629875e-04,7.532977e+00,7.044421e+00
2.630250e-04,7.532977e+00,7.044421e+00
2.630625e-04,7.532977e+00,7.044421e+00
2.631000e-04,7.532977e+00,7.049245e+00
2.631375e-04,7.532977e+00,7.049245e+00
2.631750e-04,7.539258e+00,7.049245e+00
2.632125e-04,7.539258e+00,7.049245e+00
2.632500e-04,7.539258e+00,7.049245e+00
2.632875e-04,7.539258e+00,7.049245e+00
2.633250e-04,7.539258e+00,7.054069e+00
2.633625e-04,7.545539e+00,7.054069e+00
2.634000e-04,7.545539e+00,7.054069e+00
2.634375e-04,7.545539e+00,7.054069e+00
2.634750e-04,7.545539e+00,7.054069e+00
2.635125e-04,7.545539e+00,7.058894e+00
2.635500e-04,7.545539e+00,7.058894e+00
2.635875e-04,7.551821e+00,7.058894e+00
2.636250e-04,7.551821e+00,7.058894e+00
2.636625e-04,7.551821e+00,7.058894e+00
2.637000e-04,7.551821e+00,7.058894e+00
2.637375e-04,7.558102e+00,7.058894e+00
2.637750e-04,7.558102e+00,7.063718e+00
2.638125e-04,7.558102e+00,7.063718e+00
2.638500e-04,7.564384e+00,7.063718e+00
2.638875e-04,7.564384e+00,7.063718e+00
2.639250e-04,7.564384e+00,7.063718e+00
2.639625e-04,7.564384e+00,7.063718e+00
2.640000e-04,7.564384e+00,7.068542e+00
2.640375e-04,7.570665e+00,7.063718e+00
2.640750e-04,7.570665e+00,7.068542e+00
2.641125e-04,7.570665e+00,7.068542e+00
2.641500e-04,7.576946e+00,7.068542e+00
2.641875e-04,7.576946e+00,7.068542e+00
2.642250e-04,7.576946e+00,7.068542e+00
2.642625e-04,7.576946e+00,7.068542e+00
2.643000e-04,7.583228e+00,7.073366e+00
2.643375e-04,7.583228e+00,7.073366e+00
2.643750e-04,7.583228e+00,7.073366e+00
2.644125e-04,7.583228e+00,7.073366e+00
2.644500e-04,7.589509e+00,7.073366e+00
2.644875e-04,7.589509e+00,7.073366e+00
2.645250e-04,7.589509e+00,7.073366e+00
2.645625e-04,7.589509e+00,7.073366e+00
2.646000e-04,7.589509e+00,7.073366e+00
2.646375e-04,7.595791e+00,7.073366e+00
2.646750e-04,7.595791e+00,7.078190e+00
2.647125e-04,7.595791e+00,7.073366e+00
2.647500e-04,7.595791e+00,7.078190e+00
2.647875e-04,7.595791e+00,7.078190e+00
2.648250e-04,7.602072e+00,7.078190e+00
2.648625e-04,7.602072e+00,7.078190e+00
2.649000e-04,7.602072e+00,7.078190e+00
2.649375e-04,7.602072e+00,7.078190e+00
2.649750e-04,7.602072e+00,7.078190e+00
2.650125e-04,7.608353e+00,7.083014e+00
2.650500e-04,7.608353e+00,7.078190e+00
2.650875e-04,7.608353e+00,7.083014e+00
2.651250e-04,7.608353e+00,7.083014e+00
2.651625e-04,7.608353e+00,7.083014e+00
2.652000e-04,7.608353e+00,7.083014e+00
2.652375e-04,7.608353e+00,7.083014e+00
2.652750e-04,7.614635e+00,7.083014e+00
2.653125e-04,7.614635e+00,7.083014e+00
2.653500e-04,7.614635e+00,7.083014e+00
2.653875e-04,7.614635e+00,7.083014e+00
2.654250e-04,7.614635e+00,7.087838e+00
2.654625e-04,7.614635e+00,7.083014e+00
2.655000e-04,7.614635e+00,7.083014e+00
2.655375e-04,7.614635e+00,7.087838e+00
2.655750e-04,7.614635e+00,7.087838e+00
2.656125e-04,7.620916e+00,7.087838e+00
2.656500e-04,7.620916e+00,7.087838e+00
2.656875e-04,7.620916e+00,7.087838e+00
2.657250e-04,7.620916e+00,7.087838e+00
2.657625e-04,7.620916e+00,7.087838e+00
2.658000e-04,7.620916e+00,7.087838e+00
2.658375e-04,7.620916e+00,7.087838e+00
2.658750e-04,7.620916e+00,7.087838e+00
2.659125e-04,7.620916e+00,7.087838e+00
2.659500e-04,7.620916e+00,7.092662e+00
2.659875e-04,7.620916e+00,7.092662e+00
2.660250e-04,7.620916e+00,7.092662e+00
2.660625e-04,7.620916e+00,7.092662e+00
2.661000e-04,7.620916e+00,7.092662e+00
2.661375e-04,7.627198e+00,7.092662e+00
2.661750e-04,7.627198e+00,7.092662e+00
2.662125e-04,7.627198e+00,7.092662e+00
2.662500e-04,7.627198e+00,7.092662e+00
2.662875e-04,7.627198e+00,7.092662e+00
2.663250e-04,7.627198e+00,7.097487e+00
2.663625e-04,7.627198e+00,7.097487e+00
2.664000e-04,7.627198e+00,7.097487e+00
2.664375e-04,7.627198e+00,7.097487e+00
2.664750e-04,7.627198e+00,7.097487e+00
2.665125e-04,7.633479e+00,7.097487e+00
2.665500e-04,7.633479e+00,7.097487e+00
2.665875e-04,7.633479e+00,7.097487e+00
2.666250e-04,7.633479e+00,7.097487e+00
2.666625e-04,7.633479e+00,7.097487e+00
2.667000e-04,7.633479e+00,7.102311e+00
2.667375e-04,7.633479e+00,7.102311e+00
2.667750e-04,7.633479e+00,7.102311e+00
2.668125e-04,7.639761e+00,7.102311e+00
2.668500e-04,7.639761e+00,7.102311e+00
2.668875e-04,7.639761e+00,7.102311e+00
2.669250e-04,7.639761e+00,7.102311e+00
2.669625e-04,7.639761e+00,7.102311e+00
2.670000e-04,7.639761e+00,7.102311e+00
2.670375e-04,7.639761e+00,7.107135e+00
2.670750e-04,7.646042e+00,7.107135e+00
2.671125e-04,7.646042e+00,7.107135e+00
2.671500e-04,7.646042e+00,7.107135e+00
2.671875e-04,7.646042e+00,7.107135e+00
2.672250e-04,7.646042e+00,7.107135e+00
2.672625e-04,7.646042e+00,7.111959e+00
2.673000e-04,7.652323e+00,7.111959e+00
2.673375e-04,7.652323e+00,7.111959e+00
2.673750e-04,7.652323e+00,7.111959e+00
2.674125e-04,7.658605e+00,7.111959e+00
2.674500e-04,7.658605e+00,7.111959e+00
2.674875e-04,7.658605e+00,7.111959e+00
2.675250e-04,7.658605e+00,7.116783e+00
2.675625e-04,7.664886e+00,7.111959e+00
2.676000e-04,7.658605e+00,7.111959e+00
2.676375e-04,7.664886e+00,7.116783e+00
2.676750e-04,7.664886e+00,7.116783e+00
2.677125e-04,7.664886e+00,7.116783e+00
2.677500e-04,7.671168e+00,7.121607e+00
2.677875e-04,7.671168e+00,7.116783e+00
2.678250e-04,7.671168e+00,7.121607e+00
2.678625e-04,7.671168e+00,7.121607e+00
2.679000e-04,7.671168e+00,7.121607e+00
2.679375e-04,7.677449e+00,7.121607e+00
2.679750e-04,7.677449e+00,7.121607e+00
2.680125e-04,7.677449e+00,7.121607e+00
2.680500e-04,7.683730e+00,7.126431e+00
2.680875e-04,7.683730e+00,7.126431e+00
2.681250e-04,7.683730e+00,7.126431e+00
2.681625e-04,7.683730e+00,7.131255e+00
2.682000e-04,7.683730e+00,7.126431e+00
2.682375e-04,7.690012e+00,7.126431e+00
2.682750e-04,7.690012e+00,7.126431e+00
2.683125e-04,7.690012e+00,7.131255e+00
2.683500e-04,7.696293e+00,7.131255e+00
2.683875e-04,7.696293e+00,7.136079e+00
2.684250e-04,7.696293e+00,7.136079e+00
2.684625e-04,7.696293e+00,7.136079e+00
2.685000e-04,7.696293e+00,7.136079e+00
2.685375e-04,7.696293e+00,7.136079e+00
2.685750e-04,7.696293e+00,7.136079e+00
2.686125e-04,7.702575e+00,7.140904e+00
2.686500e-04,7.702575e+00,7.140904e+00
2.686875e-04,7.702575e+00,7.140904e+00
2.687250e-04,7.702575e+00,7.140904e+00
2.687625e-04,7.708856e+00,7.140904e+00
2.688000e-04,7.708856e+00,7.140904e+00
2.688375e-04,7.708856e+00,7.145728e+00
2.688750e-04,7.708856e+00,7.145728e+00
2.689125e-04,7.708856e+00,7.145728e+00
2.689500e-04,7.708856e+00,7.145728e+00
2.689875e-04,7.708856e+00,7.145728e+00
2.690250e-04,7.715137e+00,7.145728e+00
2.690625e-04,7.715137e+00,7.150552e+00
2.691000e-04,7.715137e+00,7.150552e+00
2.691375e-04,7.715137e+00,7.150552e+00
2.691750e-04,7.715137e+00,7.150552e+00
2.692125e-04,7.715137e+00,7.150552e+00
2.692500e-04,7.715137e+00,7.150552e+00
2.692875e-04,7.715137e+00,7.155376e+00
2.693250e-04,7.715137e+00,7.155376e+00
2.693625e-04,7.715137e+00,7.155376e+00
2.694000e-04,7.715137e+00,7.155376e+00
2.694375e-04,7.721419e+00,7.155376e+00
2.694750e-04,7.721419e+00,7.155376e+00
2.695125e-04,7.721419e+00,7.155376e+00
2.695500e-04,7.721419e+00,7.155376e+00
2.695875e-04,7.721419e+00,7.155376e+00
2.696250e-04,7.721419e+00,7.160200e+00
2.696625e-04,7.721419e+00,7.160200e+00
2.697000e-04,7.721419e+00,7.160200e+00
2.697375e-04,7.721419e+00,7.160200e+00
2.697750e-04,7.721419e+00,7.160200e+00
2.698125e-04,7.721419e+00,7.160200e+00
2.698500e-04,7.727700e+00,7.160200e+00
2.698875e-04,7.721419e+00,7.160200e+00
2.699250e-04,7.721419e+00,7.165024e+00
2.699625e-04,7.727700e+00,7.165024e+00
2.700000e-04,7.727700e+00,7.165024e+00
2.700375e-04,7.727700e+00,7.165024e+00
2.700750e-04,7.727700e+00,7.165024e+00
2.701125e-04,7.727700e+00,7.165024e+00
2.701500e-04,7.727700e+00,7.165024e+00
2.701875e-04,7.727700e+00,7.165024e+00
2.702250e-04,7.727700e+00,7.165024e+00
2.702625e-04,7.727700e+00,7.165024e+00
2.703000e-04,7.727700e+00,7.169848e+00
2.703375e-04,7.727700e+00,7.169848e+00
2.703750e-04,7.727700e+00,7.169848e+00
2.704125e-04,7.727700e+00,7.169848e+00
2.704500e-04,7.733982e+00,7.169848e+00
2.704875e-04,7.733982e+00,7.169848e+00
2.705250e-04,7.733982e+00,7.169848e+00
2.705625e-04,7.733982e+00,7.169848e+00
2.706000e-04,7.733982e+00,7.174672e+00
2.706375e-04,7.733982e+00,7.174672e+00
2.706750e-04,7.733982e+00,7.174672e+00
2.707125e-04,7.733982e+00,7.174672e+00
2.707500e-04,7.740263e+00,7.174672e+00
2.707875e-04,7.740263e+00,7.174672e+00
2.708250e-04,7.740263e+00,7.174672e+00
2.708625e-04,7.740263e+00,7.174672e+00
2.709000e-04,7.740263e+00,7.179497e+00
2.709375e-04,7.740263e+00,7.179497e+00
2.709750e-04,7.740263e+00,7.179497e+00
2.710125e-04,7.746544e+00,7.179497e+00
2.710500e-04,7.746544e+00,7.179497e+00
2.710875e-04,7.746544e+00,7.179497e+00
2.711250e-04,7.746544e+00,7.179497e+00
2.711625e-04,7.746544e+00,7.179497e+00
2.712000e-04,7.746544e+00,7.179497e+00
2.712375e-04,7.746544e+00,7.179497e+00
2.712750e-04,7.746544e+00,7.184321e+00
2.713125e-04,7.746544e+00,7.179497e+00
2.713500e-04,7.746544e+00,7.179497e+00
2.713875e-04,7.746544e+00,7.179497e+00
2.714250e-04,7.746544e+00,7.179497e+00
2.714625e-04,7.746544e+00,7.179497e+00
2.715000e-04,7.740263e+00,7.179497e+00
2.715375e-04,7.740263e+00,7.174672e+00
2.715750e-04,7.740263e+00,7.174672e+00
2.716125e-04,7.740263e+00,7.174672e+00
2.716500e-04,7.733982e+00,7.174672e+00
2.716875e-04,7.740263e+00,7.174672e+00
2.717250e-04,7.740263e+00,7.174672e+00
2.717625e-04,7.733982e+00,7.174672e+00
2.718000e-04,7.733982e+00,7.169848e+00
2.718375e-04,7.727700e+00,7.169848e+00
2.718750e-04,7.727700e+00,7.169848e+00
2.719125e-04,7.727700e+00,7.165024e+00
2.719500e-04,7.727700e+00,7.165024e+00
2.719875e-04,7.727700e+00,7.165024e+00
2.720250e-04,7.727700e+00,7.165024e+00
2.720625e-04,7.721419e+00,7.160200e+00
2.721000e-04,7.721419e+00,7.160200e+00
2.721375e-04,7.721419e+00,7.160200e+00
2.721750e-04,7.721419e+00,7.160200e+00
2.722125e-04,7.721419e+00,7.155376e+00
2.722500e-04,7.715137e+00,7.155376e+00
2.722875e-04,7.715137e+00,7.155376e+00
2.723250e-04,7.715137e+00,7.155376e+00
2.723625e-04,7.715137e+00,7.150552e+00
2.724000e-04,7.715137e+00,7.150552e+00
2.724375e-04,7.715137e+00,7.150552e+00
2.724750e-04,7.715137e+00,7.150552e+00
2.725125e-04,7.708856e+00,7.150552e+00
2.725500e-04,7.715137e+00,7.145728e+00
2.725875e-04,7.708856e+00,7.150552e+00
2.726250e-04,7.708856e+00,7.145728e+00
2.726625e-04,7.708856e+00,7.145728e+00
2.727000e-04,7.708856e+00,7.145728e+00
2.727375e-04,7.702575e+00,7.145728e+00
2.727750e-04,7.702575e+00,7.145728e+00
2.728125e-04,7.702575e+00,7.140904e+00
2.728500e-04,7.702575e+00,7.140904e+00
2.728875e-04,7.702575e+00,7.136079e+00
2.729250e-04,7.702575e+00,7.136079e+00
2.729625e-04,7.696293e+00,7.136079e+00
2.730000e-04,7.696293e+00,7.136079e+00
2.730375e-04,7.696293e+00,7.136079e+00
2.730750e-04,7.696293e+00,7.131255e+00
2.731125e-04,7.696293e+00,7.136079e+00
2.731500e-04,7.690012e+00,7.131255e+00
2.731875e-04,7.690012e+00,7.131255e+00
2.732250e-04,7.690012e+00,7.131255e+00
2.732625e-04,7.683730e+00,7.131255e+00
2.733000e-04,7.683730e+00,7.131255e+00
2.733375e-04,7.683730e+00,7.131255e+00
2.733750e-04,7.683730e+00,7.126431e+00
2.734125e-04,7.683730e+00,7.126431e+00
2.734500e-04,7.677449e+00,7.126431e+00
2.734875e-04,7.677449e+00,7.126431e+00
2.735250e-04,7.677449e+00,7.126431e+00
2.735625e-04,7.677449e+00,7.121607e+00
2.736000e-04,7.671168e+00,7.121607e+00
2.736375e-04,7.671168e+00,7.121607e+00
2.736750e-04,7.671168e+00,7.121607e+00
2.737125e-04,7.671168e+00,7.121607e+00
2.737500e-04,7.671168e+00,7.116783e+00
2.737875e-04,7.664886e+00,7.121607e+00
2.738250e-04,7.664886e+00,7.116783e+00
2.738625e-04,7.664886e+00,7.116783e+00
2.739000e-04,7.658605e+00,7.116783e+00
2.739375e-04,7.658605e+00,7.116783e+00
2.739750e-04,7.658605e+00,7.116783e+00
2.740125e-04,7.658605e+00,7.111959e+00
2.740500e-04,7.652323e+00,7.116783e+00
2.740875e-04,7.652323e+00,7.111959e+00
2.741250e-04,7.652323e+00,7.111959e+00
2.741625e-04,7.652323e+00,7.111959e+00
2.742000e-04,7.652323e+00,7.111959e+00
2.742375e-04,7.646042e+00,7.111959e+00
2.742750e-04,7.646042e+00,7.107135e+00
2.743125e-04,7.646042e+00,7.111959e+00
2.743500e-04,7.646042e+00,7.107135e+00
2.743875e-04,7.646042e+00,7.107135e+00
2.744250e-04,7.639761e+00,7.107135e+00
2.744625e-04,7.639761e+00,7.107135e+00
2.745000e-04,7.639761e+00,7.107135e+00
2.745375e-04,7.639761e+00,7.102311e+00
2.745750e-04,7.639761e+00,7.102311e+00
2.746125e-04,7.633479e+00,7.102311e+00
2.746500e-04,7.633479e+00,7.102311e+00
2.746875e-04,7.633479e+00,7.102311e+00
2.747250e-04,7.633479e+00,7.102311e+00
2.747625e-04,7.633479e+00,7.102311e+00
2.748000e-04,7.633479e+00,7.097487e+00
2.748375e-04,7.633479e+00,7.102311e+00
2.748750e-04,7.633479e+00,7.102311e+00
2.749125e-04,7.633479e+00,7.097487e+00
2.749500e-04,7.627198e+00,7.097487e+00
2.749875e-04,7.627198e+00,7.097487e+00
2.750250e-04,7.627198e+00,7.097487e+00
2.750625e-04,7.627198e+00,7.097487e+00
2.751000e-04,7.627198e+00,7.092662e+00
2.751375e-04,7.627198e+00,7.097487e+00
2.751750e-04,7.627198e+00,7.097487e+00
2.752125e-04,7.627198e+00,7.092662e+00
2.752500e-04,7.627198e+00,7.092662e+00
2.752875e-04,7.627198e+00,7.092662e+00
2.753250e-04,7.627198e+00,7.092662e+00
2.753625e-04,7.627198e+00,7.092662e+00
2.754000e-04,7.620916e+00,7.092662e+00
2.754375e-04,7.620916e+00,7.092662e+00
2.754750e-04,7.620916e+00,7.092662e+00
2.755125e-04,7.620916e+00,7.092662e+00
2.755500e-04,7.620916e+00,7.092662e+00
2.755875e-04,7.620916e+00,7.092662e+00
2.756250e-04,7.620916e+00,7.087838e+00
2.756625e-04,7.620916e+00,7.087838e+00
2.757000e-04,7.620916e+00,7.087838e+00
2.757375e-04,7.620916e+00,7.087838e+00
2.757750e-04,7.620916e+00,7.087838e+00
2.758125e-04,7.620916e+00,7.087838e+00
2.758500e-04,7.620916e+00,7.087838e+00
2.758875e-04,7.620916e+00,7.087838e+00
2.759250e-04,7.614635e+00,7.087838e+00
2.759625e-04,7.614635e+00,7.087838e+00
2.760000e-04,7.614635e+00,7.087838e+00
2.760375e-04,7.614635e+00,7.083014e+00
2.760750e-04,7.614635e+00,7.083014e+00
2.761125e-04,7.614635e+00,7.083014e+00
2.761500e-04,7.614635e+00,7.083014e+00
2.761875e-04,7.608353e+00,7.083014e+00
2.762250e-04,7.608353e+00,7.083014e+00
2.762625e-04,7.608353e+00,7.083014e+00
2.763000e-04,7.608353e+00,7.083014e+00
2.763375e-04,7.608353e+00,7.083014e+00
2.763750e-04,7.608353e+00,7.083014e+00
2.764125e-04,7.608353e+00,7.083014e+00
2.764500e-04,7.608353e+00,7.078190e+00
2.764875e-04,7.602072e+00,7.078190e+00
2.765250e-04,7.602072e+00,7.078190e+00
2.765625e-04,7.602072e+00,7.078190e+00
2.766000e-04,7.602072e+00,7.078190e+00
2.766375e-04,7.595791e+00,7.078190e+00
2.766750e-04,7.595791e+00,7.078190e+00
2.767125e-04,7.595791e+00,7.078190e+00
2.767500e-04,7.595791e+00,7.078190e+00
2.767875e-04,7.589509e+00,7.078190e+00
2.768250e-04,7.589509e+00,7.073366e+00
2.768625e-04,7.589509e+00,7.073366e+00
2.769000e-04,7.589509e+00,7.073366e+00
2.769375e-04,7.583228e+00,7.073366e+00
2.769750e-04,7.583228e+00,7.073366e+00
2.770125e-04,7.583228e+00,7.073366e+00
2.770500e-04,7.583228e+00,7.073366e+00
2.770875e-04,7.576946e+00,7.073366e+00
2.771250e-04,7.576946e+00,7.068542e+00
2.771625e-04,7.576946e+00,7.068542e+00
2.772000e-04,7.576946e+00,7.068542e+00
2.772375e-04,7.570665e+00,7.068542e+00
2.772750e-04,7.570665e+00,7.068542e+00
2.773125e-04,7.570665e+00,7.068542e+00
2.773500e-04,7.570665e+00,7.068542e+00
2.773875e-04,7.564384e+00,7.068542e+00
2.774250e-04,7.564384e+00,7.063718e+00
2.774625e-04,7.564384e+00,7.063718e+00
2.775000e-04,7.564384e+00,7.063718e+00
2.775375e-04,7.558102e+00,7.063718e+00
2.775750e-04,7.558102e+00,7.058894e+00
2.776125e-04,7.558102e+00,7.063718e+00
2.776500e-04,7.558102e+00,7.058894e+00
2.776875e-04,7.551821e+00,7.058894e+00
2.777250e-04,7.551821e+00,7.058894e+00
2.777625e-04,7.545539e+00,7.058894e+00
2.778000e-04,7.545539e+00,7.058894e+00
2.778375e-04,7.545539e+00,7.058894e+00
2.778750e-04,7.545539e+00,7.054069e+00
2.779125e-04,7.545539e+00,7.054069e+00
2.779500e-04,7.545539e+00,7.054069e+00
2.779875e-04,7.539258e+00,7.054069e+00
2.780250e-04,7.539258e+00,7.054069e+00
2.780625e-04,7.539258e+00,7.054069e+00
2.781000e-04,7.539258e+00,7.049245e+00
2.781375e-04,7.539258e+00,7.054069e+00
2.781750e-04,7.539258e+00,7.049245e+00
2.782125e-04,7.539258e+00,7.049245e+00
2.782500e-04,7.532977e+00,7.049245e+00
2.782875e-04,7.532977e+00,7.049245e+00
2.783250e-04,7.532977e+00,7.049245e+00
2.783625e-04,7.532977e+00,7.049245e+00
2.784000e-04,7.532977e+00,7.044421e+00
2.784375e-04,7.532977e+00,7.044421e+00
2.784750e-04,7.532977e+00,7.044421e+00
2.785125e-04,7.532977e+00,7.044421e+00
2.785500e-04,7.526695e+00,7.044421e+00
2.785875e-04,7.526695e+00,7.044421e+00
2.786250e-04,7.526695e+00,7.039597e+00
2.786625e-04,7.526695e+00,7.039597e+00
2.787000e-04,7.526695e+00,7.039597e+00
2.787375e-04,7.526695e+00,7.039597e+00
2.787750e-04,7.526695e+00,7.034773e+00
2.788125e-04,7.526695e+00,7.039597e+00
2.788500e-04,7.526695e+00,7.039597e+00
2.788875e-04,7.526695e+00,7.034773e+00
2.789250e-04,7.526695e+00,7.034773e+00
2.789625e-04,7.526695e+00,7.034773e+00
2.790000e-04,7.520414e+00,7.034773e+00
2.790375e-04,7.520414e+00,7.034773e+00
2.790750e-04,7.520414e+00,7.034773e+00
2.791125e-04,7.520414e+00,7.034773e+00
2.791500e-04,7.520414e+00,7.029949e+00
2.791875e-04,7.520414e+00,7.029949e+00
2.792250e-04,7.520414e+00,7.029949e+00
2.792625e-04,7.520414e+00,7.029949e+00
2.793000e-04,7.520414e+00,7.029949e+00
2.793375e-04,7.520414e+00,7.029949e+00
2.793750e-04,7.520414e+00,7.029949e+00
2.794125e-04,7.520414e+00,7.029949e+00
2.794500e-04,7.520414e+00,7.029949e+00
2.794875e-04,7.520414e+00,7.025125e+00
2.795250e-04,7.520414e+00,7.025125e+00
2.795625e-04,7.520414e+00,7.025125e+00
2.796000e-04,7.514132e+00,7.025125e+00
2.796375e-04,7.514132e+00,7.025125e+00
2.796750e-04,7.514132e+00,7.025125e+00
2.797125e-04,7.514132e+00,7.025125e+00
2.797500e-04,7.514132e+00,7.025125e+00
2.797875e-04,7.514132e+00,7.020301e+00
2.798250e-04,7.514132e+00,7.020301e+00
2.798625e-04,7.514132e+00,7.020301e+00
2.799000e-04,7.514132e+00,7.020301e+00
2.799375e-04,7.507851e+00,7.020301e+00
2.799750e-04,7.507851e+00,7.020301e+00
2.800125e-04,7.507851e+00,7.020301e+00
2.800500e-04,7.507851e+00,7.020301e+00
2.800875e-04,7.507851e+00,7.020301e+00
2.801250e-04,7.507851e+00,7.015476e+00
2.801625e-04,7.507851e+00,7.020301e+00
2.802000e-04,7.507851e+00,7.015476e+00
2.802375e-04,7.501570e+00,7.015476e+00
2.802750e-04,7.501570e+00,7.015476e+00
2.803125e-04,7.501570e+00,7.015476e+00
2.803500e-04,7.501570e+00,7.015476e+00
2.803875e-04,7.495288e+00,7.015476e+00
2.804250e-04,7.495288e+00,7.015476e+00
2.804625e-04,7.495288e+00,7.015476e+00
2.805000e-04,7.495288e+00,7.015476e+00
2.805375e-04,7.495288e+00,7.015476e+00
2.805750e-04,7.495288e+00,7.010652e+00
2.806125e-04,7.495288e+00,7.010652e+00
2.806500e-04,7.489007e+00,7.010652e+00
2.806875e-04,7.489007e+00,7.010652e+00
2.807250e-04,7.489007e+00,7.010652e+00
2.807625e-04,7.482725e+00,7.010652e+00
2.808000e-04,7.482725e+00,7.010652e+00
2.808375e-04,7.482725e+00,7.010652e+00
2.808750e-04,7.476444e+00,7.010652e+00
2.809125e-04,7.476444e+00,7.010652e+00
2.809500e-04,7.476444e+00,7.010652e+00
2.809875e-04,7.476444e+00,7.005828e+00
2.810250e-04,7.476444e+00,7.010652e+00
2.810625e-04,7.470163e+00,7.005828e+00
2.811000e-04,7.470163e+00,7.005828e+00
2.811375e-04,7.470163e+00,7.005828e+00
2.811750e-04,7.470163e+00,7.005828e+00
2.812125e-04,7.463881e+00,7.005828e+00
2.812500e-04,7.463881e+00,7.005828e+00
2.812875e-04,7.463881e+00,7.005828e+00
2.813250e-04,7.463881e+00,7.005828e+00
2.813625e-04,7.457600e+00,7.005828e+00
2.814000e-04,7.457600e+00,7.005828e+00
2.814375e-04,7.457600e+00,7.005828e+00
2.814750e-04,7.451318e+00,7.001004e+00
2.815125e-04,7.451318e+00,7.001004e+00
2.815500e-04,7.451318e+00,7.001004e+00
2.815875e-04,7.451318e+00,7.001004e+00
2.816250e-04,7.451318e+00,7.001004e+00
2.816625e-04,7.451318e+00,7.001004e+00
2.817000e-04,7.445037e+00,7.001004e+00
2.817375e-04,7.445037e+00,6.996180e+00
2.817750e-04,7.445037e+00,7.001004e+00
2.818125e-04,7.445037e+00,6.996180e+00
2.818500e-04,7.438755e+00,6.996180e+00
2.818875e-04,7.438755e+00,6.996180e+00
2.819250e-04,7.438755e+00,6.996180e+00
2.819625e-04,7.438755e+00,6.996180e+00
2.820000e-04,7.438755e+00,6.996180e+00
2.820375e-04,7.438755e+00,6.996180e+00
2.820750e-04,7.438755e+00,6.996180e+00
2.821125e-04,7.432474e+00,6.996180e+00
2.821500e-04,7.432474e+00,6.991356e+00
2.821875e-04,7.432474e+00,6.991356e+00
2.822250e-04,7.432474e+00,6.991356e+00
2.822625e-04,7.432474e+00,6.991356e+00
2.823000e-04,7.432474e+00,6.991356e+00
2.823375e-04,7.432474e+00,6.991356e+00
2.823750e-04,7.432474e+00,6.991356e+00
2.824125e-04,7.426193e+00,6.991356e+00
2.824500e-04,7.426193e+00,6.991356e+00
2.824875e-04,7.426193e+00,6.986532e+00
2.825250e-04,7.426193e+00,6.986532e+00
2.825625e-04,7.426193e+00,6.986532e+00
2.826000e-04,7.426193e+00,6.986532e+00
2.826375e-04,7.426193e+00,6.981708e+00
2.826750e-04,7.426193e+00,6.986532e+00
2.827125e-04,7.426193e+00,6.986532e+00
2.827500e-04,7.426193e+00,6.981708e+00
2.827875e-04,7.426193e+00,6.981708e+00
2.828250e-04,7.426193e+00,6.981708e+00
2.828625e-04,7.419911e+00,6.981708e+00
2.829000e-04,7.419911e+00,6.981708e+00
2.829375e-04,7.419911e+00,6.981708e+00
2.829750e-04,7.419911e+00,6.976884e+00
2.830125e-04,7.419911e+00,6.976884e+00
2.830500e-04,7.419911e+00,6.976884e+00
2.830875e-04,7.419911e+00,6.976884e+00
2.831250e-04,7.419911e+00,6.976884e+00
2.831625e-04,7.419911e+00,6.976884e+00
2.832000e-04,7.419911e+00,6.972059e+00
2.832375e-04,7.419911e+00,6.976884e+00
2.832750e-04,7.419911e+00,6.976884e+00
2.833125e-04,7.413630e+00,6.972059e+00
2.833500e-04,7.413630e+00,6.972059e+00
2.833875e-04,7.413630e+00,6.972059e+00
2.834250e-04,7.413630e+00,6.967235e+00
2.834625e-04,7.413630e+00,6.967235e+00
2.835000e-04,7.413630e+00,6.967235e+00
2.835375e-04,7.413630e+00,6.967235e+00
2.835750e-04,7.413630e+00,6.967235e+00
2.836125e-04,7.413630e+00,6.967235e+00
2.836500e-04,7.407348e+00,6.967235e+00
2.836875e-04,7.407348e+00,6.967235e+00
2.837250e-04,7.407348e+00,6.962411e+00
2.837625e-04,7.407348e+00,6.962411e+00
2.838000e-04,7.407348e+00,6.962411e+00
2.838375e-04,7.407348e+00,6.962411e+00
2.838750e-04,7.407348e+00,6.962411e+00
2.839125e-04,7.401067e+00,6.962411e+00
2.839500e-04,7.401067e+00,6.962411e+00
2.839875e-04,7.401067e+00,6.957587e+00
2.840250e-04,7.401067e+00,6.957587e+00
2.840625e-04,7.401067e+00,6.957587e+00
2.841000e-04,7.401067e+00,6.957587e+00
2.841375e-04,7.394786e+00,6.957587e+00
2.841750e-04,7.394786e+00,6.957587e+00
2.842125e-04,7.394786e+00,6.957587e+00
2.842500e-04,7.394786e+00,6.957587e+00
2.842875e-04,7.388504e+00,6.952763e+00
2.843250e-04,7.388504e+00,6.952763e+00
2.843625e-04,7.388504e+00,6.952763e+00
2.844000e-04,7.388504e+00,6.952763e+00
2.844375e-04,7.388504e+00,6.952763e+00
2.844750e-04,7.382223e+00,6.952763e+00
2.845125e-04,7.382223e+00,6.952763e+00
2.845500e-04,7.382223e+00,6.952763e+00
2.845875e-04,7.382223e+00,6.947939e+00
2.846250e-04,7.375941e+00,6.947939e+00
2.846625e-04,7.375941e+00,6.952763e+00
2.847000e-04,7.375941e+00,6.947939e+00
2.847375e-04,7.375941e+00,6.947939e+00
2.847750e-04,7.369660e+00,6.947939e+00
2.848125e-04,7.369660e+00,6.947939e+00
2.848500e-04,7.369660e+00,6.947939e+00
2.848875e-04,7.369660e+00,6.943115e+00
2.849250e-04,7.369660e+00,6.943115e+00
2.849625e-04,7.363379e+00,6.947939e+00
2.850000e-04,7.363379e+00,6.943115e+00
2.850375e-04,7.357097e+00,6.943115e+00
2.850750e-04,7.357097e+00,6.943115e+00
2.851125e-04,7.357097e+00,6.943115e+00
2.851500e-04,7.357097e+00,6.943115e+00
2.851875e-04,7.350816e+00,6.938291e+00
2.852250e-04,7.350816e+00,6.938291e+00
2.852625e-04,7.350816e+00,6.938291e+00
2.853000e-04,7.350816e+00,6.938291e+00
2.853375e-04,7.350816e+00,6.938291e+00
2.853750e-04,7.350816e+00,6.938291e+00
2.854125e-04,7.344534e+00,6.938291e+00
2.854500e-04,7.344534e+00,6.938291e+00
2.854875e-04,7.344534e+00,6.938291e+00
2.855250e-04,7.344534e+00,6.938291e+00
2.855625e-04,7.344534e+00,6.938291e+00
2.856000e-04,7.338253e+00,6.933466e+00
2.856375e-04,7.338253e+00,6.933466e+00
2.856750e-04,7.338253e+00,6.938291e+00
2.857125e-04,7.338253e+00,6.933466e+00
2.857500e-04,7.338253e+00,6.933466e+00
2.857875e-04,7.338253e+00,6.933466e+00
2.858250e-04,7.331972e+00,6.933466e+00
2.858625e-04,7.331972e+00,6.933466e+00
2.859000e-04,7.331972e+00,6.933466e+00
2.859375e-04,7.331972e+00,6.933466e+00
2.859750e-04,7.331972e+00,6.933466e+00
2.860125e-04,7.331972e+00,6.928642e+00
2.860500e-04,7.331972e+00,6.928642e+00
2.860875e-04,7.331972e+00,6.928642e+00
2.861250e-04,7.325690e+00,6.928642e+00
2.861625e-04,7.325690e+00,6.928642e+00
2.862000e-04,7.325690e+00,6.928642e+00
2.862375e-04,7.325690e+00,6.928642e+00
2.862750e-04,7.325690e+00,6.928642e+00
2.863125e-04,7.325690e+00,6.928642e+00
2.863500e-04,7.325690e+00,6.928642e+00
2.863875e-04,7.325690e+00,6.923818e+00
2.864250e-04,7.325690e+00,6.928642e+00
2.864625e-04,7.325690e+00,6.923818e+00
2.865000e-04,7.325690e+00,6.923818e+00
2.865375e-04,7.325690e+00,6.923818e+00
2.865750e-04,7.325690e+00,6.923818e+00
2.866125e-04,7.319409e+00,6.923818e+00
2.866500e-04,7.319409e+00,6.923818e+00
2.866875e-04,7.319409e+00,6.923818e+00
2.867250e-04,7.319409e+00,6.923818e+00
2.867625e-04,7.319409e+00,6.923818e+00
2.868000e-04,7.319409e+00,6.918994e+00
2.868375e-04,7.319409e+00,6.918994e+00
2.868750e-04,7.319409e+00,6.918994e+00
2.869125e-04,7.319409e+00,6.918994e+00
2.869500e-04,7.319409e+00,6.918994e+00
2.869875e-04,7.319409e+00,6.918994e+00
2.870250e-04,7.319409e+00,6.914170e+00
2.870625e-04,7.319409e+00,6.918994e+00
2.871000e-04,7.319409e+00,6.914170e+00
2.871375e-04,7.319409e+00,6.914170e+00
2.871750e-04,7.319409e+00,6.914170e+00
2.872125e-04,7.313127e+00,6.914170e+00
2.872500e-04,7.313127e+00,6.914170e+00
2.872875e-04,7.313127e+00,6.914170e+00
2.873250e-04,7.313127e+00,6.914170e+00
2.873625e-04,7.313127e+00,6.909346e+00
2.874000e-04,7.313127e+00,6.914170e+00
2.874375e-04,7.313127e+00,6.909346e+00
2.874750e-04,7.313127e+00,6.909346e+00
2.875125e-04,7.313127e+00,6.909346e+00
2.875500e-04,7.306846e+00,6.909346e+00
2.875875e-04,7.306846e+00,6.909346e+00
2.876250e-04,7.306846e+00,6.909346e+00
2.876625e-04,7.306846e+00,6.904522e+00
2.877000e-04,7.306846e+00,6.904522e+00
2.877375e-04,7.306846e+00,6.904522e+00
2.877750e-04,7.306846e+00,6.904522e+00
2.878125e-04,7.300565e+00,6.904522e+00
2.878500e-04,7.300565e+00,6.904522e+00
2.878875e-04,7.300565e+00,6.899698e+00
2.879250e-04,7.300565e+00,6.899698e+00
2.879625e-04,7.294283e+00,6.899698e+00
2.880000e-04,7.300565e+00,6.899698e+00
2.880375e-04,7.294283e+00,6.899698e+00
2.880750e-04,7.294283e+00,6.899698e+00
2.881125e-04,7.294283e+00,6.899698e+00
2.881500e-04,7.288002e+00,6.899698e+00
2.881875e-04,7.288002e+00,6.899698e+00
2.882250e-04,7.288002e+00,6.894873e+00
2.882625e-04,7.288002e+00,6.894873e+00
2.883000e-04,7.288002e+00,6.894873e+00
2.883375e-04,7.281720e+00,6.894873e+00
2.883750e-04,7.281720e+00,6.894873e+00
2.884125e-04,7.281720e+00,6.894873e+00
2.884500e-04,7.281720e+00,6.890049e+00
2.884875e-04,7.275439e+00,6.890049e+00
2.885250e-04,7.275439e+00,6.890049e+00
2.885625e-04,7.275439e+00,6.890049e+00
2.886000e-04,7.269158e+00,6.885225e+00
2.886375e-04,7.269158e+00,6.890049e+00
2.886750e-04,7.269158e+00,6.885225e+00
2.887125e-04,7.269158e+00,6.885225e+00
2.887500e-04,7.269158e+00,6.885225e+00
2.887875e-04,7.262876e+00,6.885225e+00
2.888250e-04,7.262876e+00,6.885225e+00
2.888625e-04,7.262876e+00,6.885225e+00
2.889000e-04,7.256595e+00,6.885225e+00
2.889375e-04,7.256595e+00,6.885225e+00
2.889750e-04,7.256595e+00,6.880401e+00
2.890125e-04,7.256595e+00,6.880401e+00
2.890500e-04,7.256595e+00,6.880401e+00
2.890875e-04,7.250313e+00,6.880401e+00
2.891250e-04,7.250313e+00,6.880401e+00
2.891625e-04,7.250313e+00,6.880401e+00
2.892000e-04,7.250313e+00,6.875577e+00
2.892375e-04,7.250313e+00,6.875577e+00
2.892750e-04,7.244032e+00,6.880401e+00
2.893125e-04,7.244032e+00,6.880401e+00
2.893500e-04,7.244032e+00,6.875577e+00
2.893875e-04,7.244032e+00,6.875577e+00
2.894250e-04,7.237750e+00,6.875577e+00
2.894625e-04,7.237750e+00,6.875577e+00
2.895000e-04,7.237750e+00,6.875577e+00
2.895375e-04,7.237750e+00,6.870753e+00
2.895750e-04,7.237750e+00,6.870753e+00
2.896125e-04,7.237750e+00,6.870753e+00
2.896500e-04,7.231469e+00,6.870753e+00
2.896875e-04,7.231469e+00,6.870753e+00
2.897250e-04,7.231469e+00,6.870753e+00
2.897625e-04,7.231469e+00,6.870753e+00
2.898000e-04,7.231469e+00,6.870753e+00
2.898375e-04,7.231469e+00,6.870753e+00
2.898750e-04,7.231469e+00,6.870753e+00
2.899125e-04,7.231469e+00,6.865929e+00
2.899500e-04,7.225188e+00,6.865929e+00
2.899875e-04,7.225188e+00,6.865929e+00
2.900250e-04,7.225188e+00,6.865929e+00
2.900625e-04,7.225188e+00,6.865929e+00
2.901000e-04,7.225188e+00,6.865929e+00
2.901375e-04,7.225188e+00,6.865929e+00
2.901750e-04,7.225188e+00,6.865929e+00
2.902125e-04,7.225188e+00,6.865929e+00
2.902500e-04,7.225188e+00,6.865929e+00
2.902875e-04,7.225188e+00,6.865929e+00
2.903250e-04,7.225188e+00,6.865929e+00
2.903625e-04,7.225188e+00,6.865929e+00
2.904000e-04,7.225188e+00,6.861105e+00
2.904375e-04,7.225188e+00,6.865929e+00
2.904750e-04,7.225188e+00,6.861105e+00
2.905125e-04,7.218906e+00,6.861105e+00
2.905500e-04,7.218906e+00,6.861105e+00
2.905875e-04,7.218906e+00,6.861105e+00
2.906250e-04,7.218906e+00,6.861105e+00
2.906625e-04,7.218906e+00,6.861105e+00
2.907000e-04,7.218906e+00,6.861105e+00
2.907375e-04,7.218906e+00,6.861105e+00
2.907750e-04,7.218906e+00,6.861105e+00
2.908125e-04,7.218906e+00,6.861105e+00
2.908500e-04,7.218906e+00,6.861105e+00
2.908875e-04,7.218906e+00,6.856281e+00
2.909250e-04,7.218906e+00,6.856281e+00
2.909625e-04,7.218906e+00,6.856281e+00
2.910000e-04,7.218906e+00,6.856281e+00
2.910375e-04,7.212625e+00,6.856281e+00
2.910750e-04,7.212625e+00,6.856281e+00
2.911125e-04,7.212625e+00,6.856281e+00
2.911500e-04,7.212625e+00,6.856281e+00
2.911875e-04,7.212625e+00,6.856281e+00
2.912250e-04,7.212625e+00,6.856281e+00
2.912625e-04,7.212625e+00,6.856281e+00
2.913000e-04,7.212625e+00,6.856281e+00
2.913375e-04,7.212625e+00,6.856281e+00
2.913750e-04,7.212625e+00,6.851456e+00
2.914125e-04,7.212625e+00,6.851456e+00
2.914500e-04,7.206343e+00,6.851456e+00
2.914875e-04,7.206343e+00,6.851456e+00
2.915250e-04,7.206343e+00,6.851456e+00
2.915625e-04,7.206343e+00,6.851456e+00
2.916000e-04,7.206343e+00,6.851456e+00
2.916375e-04,7.200062e+00,6.851456e+00
2.916750e-04,7.200062e+00,6.851456e+00
2.917125e-04,7.200062e+00,6.851456e+00
2.917500e-04,7.200062e+00,6.851456e+00
2.917875e-04,7.200062e+00,6.846632e+00
2.918250e-04,7.200062e+00,6.846632e+00
2.918625e-04,7.200062e+00,6.846632e+00
2.919000e-04,7.193781e+00,6.846632e+00
2.919375e-04,7.193781e+00,6.851456e+00
2.919750e-04,7.193781e+00,6.846632e+00
2.920125e-04,7.193781e+00,6.846632e+00
2.920500e-04,7.187499e+00,6.846632e+00
2.920875e-04,7.187499e+00,6.846632e+00
2.921250e-04,7.187499e+00,6.846632e+00
2.921625e-04,7.187499e+00,6.846632e+00
2.922000e-04,7.181218e+00,6.846632e+00
2.922375e-04,7.187499e+00,6.846632e+00
2.922750e-04,7.181218e+00,6.841808e+00
2.923125e-04,7.181218e+00,6.841808e+00
2.923500e-04,7.181218e+00,6.841808e+00
2.923875e-04,7.174936e+00,6.841808e+00
2.924250e-04,7.174936e+00,6.841808e+00
2.924625e-04,7.174936e+00,6.841808e+00
2.925000e-04,7.174936e+00,6.841808e+00
2.925375e-04,7.174936e+00,6.841808e+00
2.925750e-04,7.168655e+00,6.836984e+00
2.926125e-04,7.168655e+00,6.841808e+00
2.926500e-04,7.168655e+00,6.841808e+00
2.926875e-04,7.168655e+00,6.841808e+00
2.927250e-04,7.162374e+00,6.836984e+00
2.927625e-04,7.162374e+00,6.836984e+00
2.928000e-04,7.162374e+00,6.836984e+00
2.928375e-04,7.156092e+00,6.836984e+00
2.928750e-04,7.156092e+00,6.836984e+00
2.929125e-04,7.156092e+00,6.836984e+00
2.929500e-04,7.156092e+00,6.832160e+00
2.929875e-04,7.156092e+00,6.832160e+00
2.930250e-04,7.149811e+00,6.832160e+00
2.930625e-04,7.149811e+00,6.832160e+00
2.931000e-04,7.149811e+00,6.832160e+00
2.931375e-04,7.149811e+00,6.832160e+00
2.931750e-04,7.149811e+00,6.827336e+00
2.932125e-04,7.143529e+00,6.827336e+00
2.932500e-04,7.143529e+00,6.827336e+00
2.932875e-04,7.143529e+00,6.827336e+00
2.933250e-04,7.143529e+00,6.827336e+00
2.933625e-04,7.143529e+00,6.827336e+00
2.934000e-04,7.143529e+00,6.827336e+00
2.934375e-04,7.137248e+00,6.827336e+00
2.934750e-04,7.137248e+00,6.822512e+00
2.935125e-04,7.137248e+00,6.827336e+00
2.935500e-04,7.137248e+00,6.822512e+00
2.935875e-04,7.137248e+00,6.822512e+00
2.936250e-04,7.137248e+00,6.822512e+00
2.936625e-04,7.130967e+00,6.822512e+00
2.937000e-04,7.130967e+00,6.822512e+00
2.937375e-04,7.130967e+00,6.817688e+00
2.937750e-04,7.130967e+00,6.822512e+00
2.938125e-04,7.130967e+00,6.817688e+00
2.938500e-04,7.130967e+00,6.817688e+00
2.938875e-04,7.130967e+00,6.817688e+00
2.939250e-04,7.130967e+00,6.817688e+00
2.939625e-04,7.124685e+00,6.817688e+00
2.940000e-04,7.124685e+00,6.817688e+00
2.940375e-04,7.124685e+00,6.817688e+00
2.940750e-04,7.124685e+00,6.817688e+00
2.941125e-04,7.124685e+00,6.812863e+00
2.941500e-04,7.124685e+00,6.812863e+00
2.941875e-04,7.124685e+00,6.808039e+00
2.942250e-04,7.124685e+00,6.812863e+00
2.942625e-04,7.124685e+00,6.812863e+00
2.943000e-04,7.124685e+00,6.808039e+00
2.943375e-04,7.124685e+00,6.812863e+00
2.943750e-04,7.124685e+00,6.808039e+00
2.944125e-04,7.124685e+00,6.808039e+00
2.944500e-04,7.124685e+00,6.808039e+00
2.944875e-04,7.124685e+00,6.808039e+00
2.945250e-04,7.118404e+00,6.808039e+00
2.945625e-04,7.118404e+00,6.808039e+00
2.946000e-04,7.118404e+00,6.803215e+00
2.946375e-04,7.118404e+00,6.803215e+00
2.946750e-04,7.118404e+00,6.803215e+00
2.947125e-04,7.118404e+00,6.803215e+00
2.947500e-04,7.118404e+00,6.803215e+00
2.947875e-04,7.118404e+00,6.803215e+00
2.948250e-04,7.118404e+00,6.803215e+00
2.948625e-04,7.118404e+00,6.803215e+00
2.949000e-04,7.118404e+00,6.798391e+00
2.949375e-04,7.118404e+00,6.803215e+00
2.949750e-04,7.118404e+00,6.798391e+00
2.950125e-04,7.118404e+00,6.798391e+00
2.950500e-04,7.118404e+00,6.798391e+00
2.950875e-04,7.112122e+00,6.798391e+00
2.951250e-04,7.112122e+00,6.798391e+00
2.951625e-04,7.112122e+00,6.798391e+00
2.952000e-04,7.112122e+00,6.793567e+00
2.952375e-04,7.112122e+00,6.793567e+00
2.952750e-04,7.112122e+00,6.793567e+00
2.953125e-04,7.112122e+00,6.793567e+00
2.953500e-04,7.112122e+00,6.793567e+00
2.953875e-04,7.112122e+00,6.793567e+00
2.954250e-04,7.105841e+00,6.793567e+00
2.954625e-04,7.105841e+00,6.793567e+00
2.955000e-04,7.105841e+00,6.793567e+00
2.955375e-04,7.105841e+00,6.793567e+00
2.955750e-04,7.105841e+00,6.793567e+00
2.956125e-04,7.105841e+00,6.793567e+00
2.956500e-04,7.105841e+00,6.788743e+00
2.956875e-04,7.099560e+00,6.788743e+00
2.957250e-04,7.099560e+00,6.788743e+00
2.957625e-04,7.099560e+00,6.788743e+00
2.958000e-04,7.099560e+00,6.788743e+00
2.958375e-04,7.099560e+00,6.788743e+00
2.958750e-04,7.099560e+00,6.788743e+00
2.959125e-04,7.099560e+00,6.788743e+00
2.959500e-04,7.093278e+00,6.788743e+00
2.959875e-04,7.093278e+00,6.788743e+00
2.960250e-04,7.093278e+00,6.783919e+00
2.960625e-04,7.086997e+00,6.783919e+00
2.961000e-04,7.086997e+00,6.783919e+00
2.961375e-04,7.086997e+00,6.783919e+00
2.961750e-04,7.086997e+00,6.783919e+00
2.962125e-04,7.080715e+00,6.783919e+00
2.962500e-04,7.080715e+00,6.783919e+00
2.962875e-04,7.080715e+00,6.783919e+00
2.963250e-04,7.080715e+00,6.783919e+00
2.963625e-04,7.080715e+00,6.783919e+00
2.964000e-04,7.074434e+00,6.783919e+00
2.964375e-04,7.074434e+00,6.779095e+00
2.964750e-04,7.074434e+00,6.779095e+00
2.965125e-04,7.068153e+00,6.779095e+00
2.965500e-04,7.068153e+00,6.783919e+00
2.965875e-04,7.068153e+00,6.779095e+00
2.966250e-04,7.068153e+00,6.779095e+00
2.966625e-04,7.061871e+00,6.779095e+00
2.967000e-04,7.061871e+00,6.779095e+00
2.967375e-04,7.061871e+00,6.779095e+00
2.967750e-04,7.061871e+00,6.779095e+00
2.968125e-04,7.055590e+00,6.779095e+00
2.968500e-04,7.055590e+00,6.779095e+00
2.968875e-04,7.055590e+00,6.779095e+00
2.969250e-04,7.055590e+00,6.774270e+00
2.969625e-04,7.049308e+00,6.779095e+00
2.970000e-04,7.049308e+00,6.774270e+00
2.970375e-04,7.049308e+00,6.774270e+00
2.970750e-04,7.049308e+00,6.774270e+00
2.971125e-04,7.043027e+00,6.774270e+00
2.971500e-04,7.043027e+00,6.774270e+00
2.971875e-04,7.043027e+00,6.774270e+00
2.972250e-04,7.043027e+00,6.774270e+00
2.972625e-04,7.043027e+00,6.774270e+00
2.973000e-04,7.043027e+00,6.774270e+00
2.973375e-04,7.036745e+00,6.774270e+00
2.973750e-04,7.036745e+00,6.774270e+00
2.974125e-04,7.036745e+00,6.774270e+00
2.974500e-04,7.036745e+00,6.774270e+00
2.974875e-04,7.036745e+00,6.769446e+00
2.975250e-04,7.030464e+00,6.769446e+00
2.975625e-04,7.030464e+00,6.769446e+00
2.976000e-04,7.030464e+00,6.769446e+00
2.976375e-04,7.030464e+00,6.769446e+00
2.976750e-04,7.030464e+00,6.769446e+00
2.977125e-04,7.030464e+00,6.769446e+00
2.977500e-04,7.030464e+00,6.769446e+00
2.977875e-04,7.024183e+00,6.769446e+00
2.978250e-04,7.030464e+00,6.769446e+00
2.978625e-04,7.024183e+00,6.764622e+00
2.979000e-04,7.024183e+00,6.764622e+00
2.979375e-04,7.024183e+00,6.764622e+00
2.979750e-04,7.024183e+00,6.764622e+00
2.980125e-04,7.024183e+00,6.764622e+00
2.980500e-04,7.024183e+00,6.764622e+00
2.980875e-04,7.024183e+00,6.764622e+00
2.981250e-04,7.024183e+00,6.759798e+00
2.981625e-04,7.024183e+00,6.764622e+00
2.982000e-04,7.024183e+00,6.759798e+00
2.982375e-04,7.024183e+00,6.759798e+00
2.982750e-04,7.024183e+00,6.759798e+00
2.983125e-04,7.024183e+00,6.759798e+00
2.983500e-04,7.024183e+00,6.759798e+00
2.983875e-04,7.017901e+00,6.759798e+00
2.984250e-04,7.017901e+00,6.759798e+00
2.984625e-04,7.017901e+00,6.759798e+00
2.985000e-04,7.017901e+00,6.754974e+00
2.985375e-04,7.017901e+00,6.754974e+00
2.985750e-04,7.017901e+00,6.754974e+00
2.986125e-04,7.017901e+00,6.754974e+00
2.986500e-04,7.017901e+00,6.754974e+00
2.986875e-04,7.017901e+00,6.750150e+00
2.987250e-04,7.017901e+00,6.754974e+00
2.987625e-04,7.017901e+00,6.754974e+00
2.988000e-04,7.017901e+00,6.754974e+00
2.988375e-04,7.017901e+00,6.750150e+00
2.988750e-04,7.017901e+00,6.750150e+00
2.989125e-04,7.017901e+00,6.745326e+00
2.989500e-04,7.017901e+00,6.750150e+00
2.989875e-04,7.011620e+00,6.750150e+00
2.990250e-04,7.011620e+00,6.750150e+00
2.990625e-04,7.011620e+00,6.750150e+00
2.991000e-04,7.011620e+00,6.745326e+00
2.991375e-04,7.011620e+00,6.745326e+00
2.991750e-04,7.011620e+00,6.745326e+00
2.992125e-04,7.011620e+00,6.745326e+00
2.992500e-04,7.011620e+00,6.745326e+00
2.992875e-04,7.011620e+00,6.745326e+00
2.993250e-04,7.005338e+00,6.740502e+00
2.993625e-04,7.011620e+00,6.740502e+00
2.994000e-04,7.005338e+00,6.740502e+00
2.994375e-04,7.005338e+00,6.740502e+00
2.994750e-04,7.005338e+00,6.740502e+00
2.995125e-04,7.005338e+00,6.740502e+00
2.995500e-04,7.005338e+00,6.740502e+00
2.995875e-04,7.005338e+00,6.735678e+00
2.996250e-04,7.005338e+00,6.740502e+00
2.996625e-04,6.999057e+00,6.735678e+00
2.997000e-04,6.999057e+00,6.735678e+00
2.997375e-04,6.999057e+00,6.735678e+00
2.997750e-04,6.999057e+00,6.735678e+00
2.998125e-04,6.999057e+00,6.735678e+00
2.998500e-04,6.999057e+00,6.735678e+00
2.998875e-04,6.992776e+00,6.730853e+00
2.999250e-04,6.992776e+00,6.730853e+00
2.999625e-04,6.992776e+00,6.730853e+00
